pair,rre,rte,rmse,time
0,1.138515109450177,0.012764462239074684,0.013652239274397428,3.342489646282047
1,0.3694673928879166,0.011565969298351169,0.011663222326785827,3.0031541911885142
2,1.6804909237513392,0.0908842016185374,0.09389262290155502,3.049988288898021
3,0.2199082764798974,0.009086327159268697,0.01029455471707859,3.016764611005783
4,0.14173085924645448,0.0011976886909690694,0.0017163795097371807,3.0561239970847964
5,1.9862692467806635,0.04359028044941564,0.04011190920467582,2.993122679181397
6,0.5353117858250148,0.008239750647588888,0.005173690832646872,3.054804523009807
7,0.09022616652839402,0.0021194765809581595,0.00206214267288126,3.0061282673850656
8,91.90943652243915,0.3904985725265316,0.7115773585026908,3.044881955254823
9,1.6149270754277314,0.11443406081224904,0.10460191359917524,3.004772410262376
10,0.27489855434651295,0.043814836133537566,0.04332709028574698,3.062891432084143
11,0.39924535115762566,0.029356151337455293,0.030321927729728967,3.0144335348159075
12,0.1257431633372669,0.0011154093216762977,0.001947067086575656,3.0599255599081516
13,0.09128796398262298,0.001370629936287682,0.00155362647179263,3.008428298868239
14,0.251729261336593,0.004060381275269878,0.0036926655851935134,3.0651014209724963
15,0.2707744635869993,0.0020867290104012465,0.0019464459567715543,2.9942631698213518
16,5.894891763560752,0.14343708047208212,0.12194857954402921,3.0520741059444845
17,2.546293445000759,0.03015600104814909,0.04760306423723198,2.9890353977680206
18,1.8566355568704318,0.032958220501358056,0.0388227266637231,3.0483310441486537
19,0.14145645855008865,0.010173279455474624,0.009969053535284619,3.023474399931729
20,2.1670563326714603,0.15348210720308342,0.14212236420235622,3.0615735738538206
21,0.06867088924985483,0.0017510389816798072,0.0016365877482322714,3.0099112479947507
22,0.2221203112505683,0.0018734800539328032,0.0018422030820437496,2.9611703571863472
23,1.1319143069969924,0.014964068331175459,0.010282971675944292,3.0170698617585003
24,0.8956338955924634,0.015058108767078283,0.015368044116366275,3.077340144198388
25,0.23680453017692865,0.0014461299158851993,0.003261541745658107,3.017567503731698
26,0.38948999257022804,0.004089708293142671,0.004854534629883469,3.07254555914551
27,2.9707616335262013,0.03462637185552854,0.03928684417813672,3.0240994882769883
28,0.9649676114570779,0.009768411801073023,0.01371942922571389,3.069239328149706
29,0.14615495355894983,0.0005984087339595146,0.0013109716607761308,3.026147864293307
30,0.5038192311191465,0.0021143402597872314,0.00579056077203265,3.071198431774974
31,0.7667333122666277,0.09655727744931629,0.0934534072315643,3.0128678153268993
32,0.20987275030004343,0.0029832023428025354,0.0024560959040754228,3.069300082977861
33,1.6947575454007155,0.003967443355686666,0.01921157593750968,3.0216678981669247
34,14.986733745435602,0.22844740914914516,0.2021492579300169,3.055290293879807
35,0.05699373265939898,0.0018796380263695184,0.0018792849643488106,3.0144452890381217
36,0.20400824787921515,0.0025387063041995305,0.0025922023060067543,3.0705537009052932
37,1.014365225577999,0.009763121076081228,0.012090620339737991,3.013328995089978
38,0.21911463417843768,0.0023166485585826625,0.0028714865003606625,3.078817796893418
39,0.13727830300269303,0.0039041080340539423,0.004575602889308337,3.013416400179267
40,0.37163234518185917,0.0008786498004140809,0.0038467200069392713,3.0621882770210505
41,0.24358079252325668,0.006086430992964211,0.004279061599698168,3.013240766245872
42,3.646658300108804,0.03824628476431798,0.04079454410789316,3.057128863874823
43,0.09845198845939468,0.0015755176710541834,0.0017374143472673814,3.0123167471028864
44,0.04918212626350531,0.0014942268251899027,0.0015592531625754245,3.0648448769934475
45,1.1025403137336742,0.0072315147572045374,0.012068038904610948,3.019968136679381
46,2.01277671979782,0.018880456143894192,0.0322476651958924,3.0734948138706386
47,0.3440346704457945,0.002302236690993116,0.0042150965792720355,3.018387416843325
48,0.2054166150431157,0.001231784231632848,0.0026117879089467607,3.0725974990054965
49,0.7766785362429753,0.007519489630727788,0.010638247832967523,3.0215440997853875
50,3.2826770096683204,0.06414251557695971,0.044508637704818686,3.0711419940926135
51,0.058381185095269496,0.001954587242130018,0.002008302776888789,3.014388551004231
52,1.8363261068839571,0.034892721407860705,0.028410219609113198,3.0677133058197796
53,0.07247393032881562,0.00018873850928191764,0.000735528086968819,3.0122523428872228
54,0.9674953837993407,0.00931443051101951,0.014077062456259472,3.0741679198108613
55,0.1201337284022875,0.0017670324780056082,0.0017177815429013621,3.010695015080273
56,1.8351598495264807,0.02314941766826205,0.035043201345964975,3.0735816727392375
57,0.29848165182903214,0.003645619699237251,0.003763493842909611,3.0121335592120886
58,0.20110339562237692,0.004509702596210993,0.003726231151285767,3.0674404348246753
59,0.13062585316505881,0.0011495688110873619,0.0015304189944819774,3.022931457962841
60,0.0675119568304896,0.0006545446959940654,0.0008007009633189866,2.9544118898920715
61,1.9059381611288089,0.010522898783087467,0.017129548332559676,3.0164182111620903
62,1.0809885754826187,0.09434634621074067,0.09602919708912433,3.0711647579446435
63,5.5576959853906605,0.051978120645968184,0.0970782908247711,3.0069245011545718
64,2.6853439069845924,0.008744657223895447,0.024862194963570613,3.06283837556839
65,10.066529870972692,0.04679282044460977,0.09330451758067046,3.0033524301834404
66,0.45880219116158477,0.006361072654097063,0.004410141840138743,3.076881682034582
67,0.2883029585516888,0.16947655110625615,0.16882681240571584,3.0232330658473074
68,2.2516621224578546,0.06545862911734569,0.06496305995425919,3.068366900086403
69,0.2585217463907053,0.0050330430356374965,0.003802656872471657,3.0137978941202164
70,0.29986468250802506,0.004798325844331576,0.006708137553935052,3.0620101941749454
71,1.5880365994444932,0.029236112248374965,0.01848937349511805,3.009252138901502
72,0.9383013841158935,0.00828530756440737,0.010480950005040311,3.0716391187161207
73,1.7806696142449752,0.027094246106266002,0.024255097810954775,3.012564045842737
74,0.19381830788404594,0.0038561769089389716,0.0031784024325575014,3.0731445639394224
75,0.987076922831226,0.012451824979736372,0.009128591514148424,3.022501611150801
76,0.6950704656437675,0.03847651277321374,0.03732591003523346,3.058084550779313
77,0.33698520495662215,0.0030679477573448168,0.0032634911820230436,3.0204230579547584
78,0.14551153607138798,0.006616753877441245,0.0063828804314840955,3.0794609230943024
79,0.18353670390145327,0.004065699649443354,0.0033990551643924348,3.0134703028015792
80,0.3554012227443062,0.00435757121611341,0.004189722814383542,3.077630738262087
81,0.6372706770531764,0.00694686286710545,0.004808532907760042,3.013332293368876
82,8.77568132087019,0.0855427601929523,0.1276111639560346,3.0634781708940864
83,0.6031847726954495,0.04004979308345568,0.03703581744381329,3.017384727951139
84,0.15475930007464578,0.0020591685437606985,0.0011433881896250624,3.0693779811263084
85,0.1485041802373277,0.0020375779772396664,0.0020520412321585464,3.019667511805892
86,1.0546752340884886,0.012096449740072806,0.009336282280744465,3.0658273329026997
87,1.375639449248408,0.020247631374036318,0.0178946172205652,3.003941379021853
88,2.714484240537984,0.014646042656069847,0.02166191112115079,3.0780435358174145
89,0.2739744587723296,0.004264432816598544,0.0022137216325429777,3.013560224790126
90,0.17810284199084447,0.0026387593518817174,0.002061976896770685,3.067968798801303
91,0.5799434196875252,0.005096092373326105,0.005149969000900089,3.0159296826459467
92,0.7412647178084677,0.01251714164221424,0.009176535885381856,3.0712925349362195
93,8.120296538662727,0.08871199035647542,0.07630313397361653,3.0037967497482896
94,2.265502658794635,0.020709366287863268,0.02723168355433761,3.0589357931166887
95,0.42316468190417705,0.014483149167735469,0.013951506889715009,3.0211603618226945
96,1.989876027180656,0.007388784810097966,0.013358673550853586,3.0655032680369914
97,0.25737425526341123,0.004629090889589396,0.004812837602261763,3.0139124491252005
98,0.16190391216766012,0.002167151742735578,0.0033873954296743465,3.0706176729872823
99,0.4700984957552948,0.0040349112164468955,0.004777668363260133,3.021031050942838
100,0.7975742865310197,0.05185605021742361,0.045569818840554804,3.0554226827807724
101,0.3580961356861445,0.00915260029621353,0.008903963576596502,3.0100544849410653
102,0.17813237771683402,0.0022440152701271544,0.003076141507523874,3.0688894940540195
103,1.4058065554008545,0.012957332253928127,0.013674903889932925,3.018212198279798
104,0.3158099682293569,0.004934084023706427,0.004494938854544778,3.0693840282037854
105,3.5891023511509363,0.15545056892928702,0.14603155851065225,2.9980937452055514
106,0.07934952643841962,0.0015885525740469597,0.0014304186421389966,3.078627457842231
107,0.07892084690850168,0.0015904532080451745,0.0018973139476509836,3.02377235237509
108,0.12368622965217792,0.0017523593526963179,0.0015808583841537833,3.0742401811294258
109,3.0553592694896907,0.03535699096384144,0.03158692576224267,3.0028183697722852
110,10.587246064902196,0.08164821576193226,0.13025158752618343,3.0582233276218176
111,0.05074329809107643,0.003522433169917678,0.0034193084196661697,3.014018257148564
112,0.2791115929397563,0.008872301978884263,0.008329226885301062,3.0823103082366288
113,0.34898456466885475,0.046797834279877173,0.04540114422369247,3.014299179892987
114,5.226784831457394,0.04840480022271893,0.06432366494208844,3.0582275297492743
115,0.09539477640921096,0.0012115971879921486,0.0012949490749177058,3.024585171137005
116,0.33461021620610115,0.011261458205835323,0.009357008639223082,3.0643053259700537
117,1.5447732725261327,0.02430172126365761,0.03084815829477688,3.014817197807133
118,1.7423580252903286,0.022758282553111787,0.0224253956706291,3.076009200885892
119,0.3803440191283128,0.04267562149200738,0.04161446944488783,3.022710917983204
120,1.0535014788687156,0.018682528762490373,0.014312712008956972,3.0741917551495135
121,0.4499365829843731,0.003104303526622466,0.004443633804736315,3.028281956911087
122,0.11284889826149239,0.0021761166399117634,0.002461336389271761,3.075176928192377
123,9.607702748429546,0.1393819771005597,0.1336039468343342,3.026216105092317
124,3.251840637478448,0.08815246634305367,0.08864160106359323,3.0630243117921054
125,1.0446057457944462,0.012876380840373375,0.0075795745991038875,3.0214970628730953
126,1.827407641372301,0.02211256385634082,0.023555478325514006,3.0640952112153172
127,0.030984529607807825,0.0008445267460192804,0.0008617406003770804,3.0110375052317977
128,5.1329158367373555,0.09967227032978411,0.07754729481127125,3.0758702298626304
129,0.16170544882342766,0.004424837231531782,0.00446711284807485,3.0195983950980008
130,13.327261169876943,0.1385027323701885,0.15799349813716124,3.081071089953184
131,3.8858808765081676,0.0316834618166754,0.045771170926530255,3.005286267027259
132,2.464523015581242,0.021485417843545927,0.0383628894104286,3.065424636937678
133,2.705907956283847,0.005637278651908174,0.03334687709319223,3.009379412047565
134,4.199447306044726,0.05861155855807352,0.05650563141492029,3.0657259048894048
135,0.10262874014029272,0.001540992200691188,0.0014936967905683786,3.014634215272963
136,0.8587413910733257,0.0012897553960230645,0.007404673330980698,3.072501953225583
137,0.21017409170564774,0.0019849983337415084,0.002248176309615273,3.0156178837642074
138,0.06817798483367067,0.0028597423604787902,0.002573863070634652,3.0649106111377478
139,3.125933417701755,0.00795832646694051,0.038596116095784394,3.011772152967751
140,0.07487569446708549,0.0008537522598316629,0.0009427025892744434,3.0661375890485942
141,2.219606365996923,0.041566518336652876,0.03339004648371278,3.0137828146107495
142,1.1504323930516058,0.019641045947582567,0.029917753844458092,3.067891715094447
143,0.23374662077011193,0.0012667810467103479,0.0018161968104240072,3.015492766164243
144,0.7972405005283146,0.02665637416997502,0.03107453843934404,3.0776678463444114
145,4.674629776854338,0.06492046231230389,0.06271119655892315,3.005443629808724
146,0.261441606300907,0.0028906263590826892,0.0035107101285163705,3.072972278110683
147,0.7421241564255158,0.004155633685922752,0.009209994913458842,3.014673066791147
148,0.10298836231785655,0.00040863097071026683,0.0012249451686391188,2.718227044213563
149,3.911527689342859,0.12364800713907265,0.15690297070204612,3.062223456799984
150,0.15301025132371313,0.0022366758674857235,0.0021270513045241655,3.0035723890177906
151,2.185900679599793,0.09534826528523434,0.0880461434089946,3.064172004815191
152,0.03613000798419546,0.0004372687876582705,0.0006319795108126354,2.9981807130388916
153,3.071906177480046,0.04760246737801054,0.04578329562751605,3.0429080757312477
154,1.4633449677942723,0.009305284760895604,0.027080426189339556,3.000942210201174
155,0.03722005226130593,0.0008725409060842671,0.001185212834836708,3.052450022660196
156,3.68295029135326,0.040583461183752695,0.032757421590986685,3.002959519159049
157,2.559990470748529,0.016410298632584915,0.01918286080026976,3.0587089718319476
158,0.27188855497405245,0.0028484871443126133,0.0036925664844495287,2.9999896050430834
159,27.881107518361063,0.10728414295954349,0.3599598951075642,3.046428455039859
160,0.12157605337950389,0.0007535584722392243,0.0012171395810824,2.998253989033401
161,2.1403855737612414,0.01222685990666274,0.01326885141591496,3.053774592000991
162,0.3105896176056318,0.0036816083689875864,0.006350213068453677,3.000983718317002
163,1.8345982904616431,0.02582023019926106,0.034849744757432154,3.0501080262474716
164,0.8117134775353392,0.19381646000088845,0.19111403989751785,3.005461717955768
165,0.09592515763311321,0.0023610662451056326,0.001904856495127189,3.0644096340984106
166,0.13662906569412478,0.001681769128662092,0.0016309409095812914,3.0022202022373676
167,0.525425101526284,0.007424119501543872,0.009289330561897128,3.0603967090137303
168,2.4907865869269155,0.024407205997868168,0.028201102963400934,3.011035665869713
169,0.14643628247373908,0.0005737256110799452,0.0014923578106116472,3.061480118893087
170,1.2632144115126824,0.01402628840435981,0.018789679896848092,3.0080099240876734
171,0.08844988770138915,0.003490141809468639,0.0037343403029343374,3.0700090741738677
172,0.10834534060666356,0.0011554521357652237,0.0015376796621383703,2.8361761532723904
173,1.6885969159041412,0.024993408188181812,0.023390287221044276,3.0599869452416897
174,3.813036558842844,0.048183708041370114,0.03521390907424547,3.005970893893391
175,0.18020901152488367,0.0072216646501951,0.005771823294732235,3.059738151729107
176,0.1635502891426044,0.002582221564046146,0.001963155873462203,3.0037362459115684
177,0.22432449362914667,0.01324100472612431,0.012081375705031245,3.064112605061382
178,9.068222342458464,0.23156775303379898,0.17038257216796981,2.993298622779548
179,0.36940879030885104,0.0034445703391601397,0.003426569262143163,3.068089935928583
180,0.5517104733157947,0.022584481741067374,0.019942823085989346,2.989227119833231
181,0.22825774838300827,0.0021119946918958937,0.0024005419720461445,3.0619554822333157
182,4.927163614317025,0.027946808640733817,0.06115568378733307,2.9904247890226543
183,0.7484085571261061,0.07968591744522974,0.08276083747356637,3.066816615872085
184,3.0660820214544984,0.04651042189147481,0.0384248941567155,2.999014896340668
185,0.13666054972680083,0.0016106826478798266,0.001641301061664303,3.060978136025369
186,1.8558791419359835,0.023382717872974076,0.019746757009129035,3.0040751500055194
187,0.22116376020552908,0.055811860344249224,0.05528727918985447,3.0649770321324468
188,0.14525517333742,0.0017386093975087808,0.0025172354033689555,2.997179424855858
189,0.03461795162268223,0.0009350694821184253,0.0009878577152541892,3.0585669581778347
190,0.10818830047878701,0.0017984143114063485,0.0016402635179146874,2.831752947997302
191,2.0730472405814457,0.03997903700823702,0.03334239089039355,3.061945082154125
192,1.7723982088928596,0.061840519144455354,0.07357641595200902,3.0012589362449944
193,12.213320903733424,0.07115421537885867,0.1064336653674201,2.990071855019778
194,5.93851678104477,0.08370212137656466,0.07900292007977994,3.0483920369297266
195,2.0643638517814056,0.009927483487641067,0.01681443304361675,3.0039726276881993
196,0.8413887295306491,0.039561570442347316,0.04159282087649147,3.066341018304229
197,0.1391919466409936,0.0024909311425357133,0.0019637308476765673,3.0582399498671293
198,1.4061749100159506,0.06495207446028599,0.0690711845672224,2.9906043210066855
199,0.1167671592030663,0.0016196120802027243,0.0015464026556512745,3.0606447029858828
200,0.048356064505614235,0.0008643691205794603,0.0008753214077924676,2.5431643039919436
201,0.22181056062962548,0.0018609013653961787,0.0024838021159527563,3.006969688925892
202,10.081135687997135,0.24558917906637584,0.16348552929158086,3.0669813049025834
203,0.11777126157815868,0.003250666354205004,0.0027290443860238,3.003396503161639
204,2.4328280055401965,0.04955495947301361,0.06562903128526422,3.062266214750707
205,0.12663489668227235,0.006715267164782525,0.007520136665585718,2.999128974042833
206,3.7598087131359352,0.04524528864218807,0.05177844300922403,3.043715863954276
207,0.1302763793090309,0.0013564915817559607,0.001554674483434875,2.839636425022036
208,0.20676819922309916,0.007064862927526331,0.009290309447691547,3.0117101473733783
209,0.06664216666368197,0.0010441191025430188,0.0012640206068807698,3.0542004029266536
210,0.433856442508013,0.002196477595889737,0.0034360360924104594,3.005302146077156
211,0.6751744845246729,0.005410172861506602,0.005694173162261884,3.06453994801268
212,0.5202925530773631,0.031344521524689584,0.031542477410548254,3.0657414849847555
213,1.4447645852171587,0.09152130400918083,0.0893347160061116,3.0051528532058
214,3.1819924643750888,0.09240347195134806,0.09953178846906013,2.9900260511785746
215,0.1972992152164478,0.0034428523334151598,0.0031379059408171922,3.0610317811369896
216,3.4030938629174217,0.06918802137626641,0.06175394807027643,2.9874717979691923
217,2.061233091028693,0.02628352499519622,0.024403474400940813,3.044635634869337
218,1.7654583545828373,0.040783406641772754,0.037151248276150205,3.0020580762065947
219,0.14326663804714782,0.003168494947288895,0.002600425558425511,3.059807067271322
220,1.9483980423272178,0.030042574159511712,0.030260587672871573,3.0562316491268575
221,1.3433759378983032,0.02586087027835841,0.031907221287202095,3.0055431039072573
222,0.37000740150096817,0.0026265800380222575,0.0028033779013379445,3.007331100758165
223,4.156716736088708,0.07407804630047564,0.06248067619567001,3.0443546562455595
224,0.13719262423790626,0.0010032435609697238,0.001908156930366853,3.006075907032937
225,2.1377294066054984,0.01137682789106723,0.018790657631446116,3.0608730292879045
226,0.10417115471354293,0.00104761330651077,0.0010630331326006283,3.001502520404756
227,0.3011218517709297,0.004552599832613996,0.0039168977090663065,3.0615927916951478
228,2.8259308709998465,0.02776467653475426,0.03456154853679233,3.0471885791048408
229,0.12309627714874925,0.0009154220591894948,0.0014961862180379747,3.0100360861979425
230,3.07227244535971,0.03976301246226299,0.02676998148866613,3.0089823910966516
231,0.880824307190661,0.008374631748917916,0.007199123839903261,3.0686750449240208
232,1.0018044878007222,0.031075203642634656,0.02877087272800409,3.0142504000104964
233,4.867291361536182,0.03696328049169735,0.03623406723115159,3.0628876239061356
234,3.646532102599704,0.03557865382836395,0.05769639184479513,3.0054422202520072
235,1.3075770898773598,0.06692339248115461,0.05745369334996542,3.054621821269393
236,0.9607139269673481,0.026551274000029518,0.03219176589812912,3.0501556540839374
237,0.5011949271520683,0.007896197947285431,0.003929685974963568,3.012896941974759
238,1.0859431414704257,0.019617603054001367,0.018867467256649707,3.005681194830686
239,2.717572084545741,0.02368398030762508,0.029035298653417974,3.0554551668465137
240,57.21234889271923,0.39246551977780997,0.2386626859577031,3.0055767530575395
241,1.9070827496321094,0.03311111811671903,0.04596942073741677,3.0481832521036267
242,2.4149913364596824,0.02115686195199833,0.03172021798664631,3.0093063632957637
243,0.08163376378916373,0.0015040421056179529,0.0014742626912082582,3.052033120766282
244,0.1176356299111914,0.0015062565412646831,0.0018674502026365298,3.0622576931491494
245,0.08736983597122877,0.00241206685239504,0.0017661030320096434,3.008789830841124
246,2.538080801085355,0.01653632316750516,0.03083486652089399,2.9976119059138
247,0.10394818304512932,0.0008610554279582284,0.0011949664963219332,2.8347941106185317
248,1.3160689559932135,0.020330917628837233,0.010935439147800033,3.009907227009535
249,2.8680727229636167,0.02735550964241267,0.028728202910005878,3.050322679337114
250,0.07584864458684702,0.0018833361722353783,0.002111670391246679,3.0009076269343495
251,2.901864573657638,0.021520787186408416,0.01812629067490006,3.0613345969468355
252,2.0594299439508092,0.023588691882720975,0.019904935256761912,2.9972698553465307
253,0.04311332428080882,0.0011487823418594434,0.001117888645716076,2.716122704092413
254,0.5787796610875827,0.0032071798635926406,0.005223318597654459,3.0574396289885044
255,0.10498995960766355,0.0015922304993229498,0.0011008234895541523,3.061584347859025
256,1.3990866588877464,0.022561641325076,0.02022692852642605,3.008017985150218
257,0.7363034833357567,0.004666622926955892,0.006147836666843641,3.0671003689058125
258,3.2308315475105878,0.013443762560630167,0.036549898496600106,3.0084682339802384
259,0.18031504560268788,0.003449220302355125,0.002810668541776356,3.00613794894889
260,0.9843963749667867,0.02374177235474528,0.02062457408789906,3.051305123139173
261,1.07529140167252,0.04694020772689992,0.051035930539383725,2.998013756237924
262,0.09156951812682984,0.002452661840809843,0.0030548738163387,3.0667077121324837
263,0.1769706148330458,0.0015876343315240806,0.0016578623204036706,3.0630410867743194
264,0.11284108520715389,0.002744282643381048,0.0022124865882274594,3.000400723423809
265,0.1266888595461841,0.00033650650123891293,0.001206941043475371,2.715515448246151
266,1.226040187492457,0.013842835413966576,0.020899730621498597,3.0587281296029687
267,0.8039304420634747,0.010318579495672438,0.005732964171699861,3.0079272221773863
268,0.4689959232818042,0.006718921328104464,0.005216831048098335,3.063481852877885
269,5.5507401480655725,0.05625783802230458,0.04215443804810919,2.998104935977608
270,0.0752104679861145,0.0010036939866883436,0.001061387525183395,3.060433166567236
271,1.4890367625526217,0.02664575087262929,0.0269421917528522,3.0075720632448792
272,0.07779172799245414,0.0030910785411395808,0.002975222519801679,3.053462526295334
273,3.373400540424479,0.07317642273250285,0.054167045354711174,3.000570578034967
274,0.1432730741658742,0.0014789782541543952,0.0009618835588695242,3.064042163081467
275,0.23416346715157593,0.0020794928863260083,0.0016481523020560728,3.0068772109225392
276,1.7543077965575835,0.02148744002928701,0.014106350733966863,3.0674338340759277
277,0.08083971118355443,0.0005277581359710242,0.000989979333252252,2.991849227808416
278,0.9658332495844141,0.007766307716338227,0.008972178227674947,3.0642093727365136
279,1.0901696944582338,0.01988631242879004,0.01734882788199839,3.000433257315308
280,4.111532080483112,0.08945351308242985,0.1074891294871291,3.0520154857076705
281,0.3064313010518272,0.0039723562367274656,0.004923615207601998,3.005196332000196
282,2.2010078573302847,0.04029510262899189,0.024526439839579008,3.0684318500570953
283,0.036240329180469856,0.0012022508390104386,0.0012075689445918078,2.9973665941506624
284,0.8250670490746123,0.007033988135720095,0.00991522270556082,3.0636000307276845
285,0.19154238311361457,0.0032514302724867225,0.003733270914553993,3.007773807272315
286,0.19761514496183863,0.0009937052849733378,0.0014965620895255102,3.0657477360218763
287,0.8999776070893309,0.1098461309384705,0.11247897571112832,3.007474992889911
288,3.2267396058275213,0.059601459781893566,0.04008850544056307,3.0414254129864275
289,5.369940651956867,0.04633899031138266,0.0350663580872158,2.99611053802073
290,0.2980988972672813,0.003813802249761826,0.0033090670749943364,3.068387693259865
291,0.09575909415994383,0.0015172528476768267,0.0014034757630201156,3.00382650597021
292,1.5914131771005553,0.06798432791129128,0.07010111841979065,3.0490105086937547
293,0.17897332008213945,0.0035548687816716676,0.003320747357068266,3.007345160935074
294,1.4264528657270303,0.009505281966232518,0.020480484534891274,3.0579842710867524
295,3.8824074339238934,0.04571103107756912,0.06896769663746247,2.991700856015086
296,0.4310912497255783,0.009890486545388476,0.007105320841092565,3.0665419548749924
297,0.17597838182750597,0.0017167501699468573,0.0017666848315612464,3.0078835748136044
298,0.3993299178043285,0.0015319417222350732,0.0038263681463414595,3.05847838986665
299,0.16868319466574141,0.002490594333882538,0.0036871767342559697,2.9989063339307904
300,0.3552274705110325,0.021060014487739122,0.022602593451557063,3.0636462438851595
301,0.3469671873080695,0.003758013968272555,0.00347839476219944,3.008285236079246
302,0.4735205273662256,0.003521728099375606,0.004622886587075688,3.065415543038398
303,0.36767299888472105,0.0021218336410454204,0.0032395729645476007,3.0139841861091554
304,3.5503317411373674,0.11777848399895019,0.11547997728120188,3.0507474672049284
305,0.31546991503660604,0.002514923267700269,0.002947577544125806,3.0080021084286273
306,1.2351622552884998,0.0861862542813256,0.08679882570754503,3.0523126437328756
307,1.1906589195089323,0.01736555694150107,0.019639401460114402,3.0057789841666818
308,0.1388563423644063,0.0010082895722232541,0.0019734345928486044,3.0597921358421445
309,1.0829746011532677,0.0038879963176689596,0.0024824810570503305,3.0009695957414806
310,0.8229552067810436,0.023420932553734702,0.019689991092427306,3.066246335860342
311,0.3331606133035201,0.013444451313396357,0.01243561425639495,2.9950377671048045
312,0.5351898721694193,0.004187932375833214,0.005697182896784433,3.063011017162353
313,7.8886115980113924,0.051589501873581835,0.09090759522619093,3.007587270345539
314,2.004043414016382,0.09569907146981478,0.08555471529534583,3.06654008384794
315,1.4640137561243207,0.0062161179682678714,0.01075045417767671,3.0091038779355586
316,0.5365754607576961,0.011032410654226379,0.010625490148548829,3.059969416819513
317,3.0771667709224904,0.026255271601579554,0.03992546702458837,2.989268088247627
318,1.651095029429718,0.029768780152270455,0.0240161660304682,3.0544890351593494
319,5.616582943420454,0.11655784346494207,0.08104872742026004,3.003667312208563
320,0.5040401220148735,0.002808512061923556,0.003622185381639219,3.063625399954617
321,0.17934830252533687,0.0023286154149138928,0.0022496060445337494,3.0009322888217866
322,0.056917718554815706,0.0012150434968237862,0.0008955826184900693,2.8891799729317427
323,1.9840436290504515,0.004247476648254126,0.020511333141500485,2.9892659671604633
324,0.10180278440799234,0.0011231241937228037,0.0012186506307076857,3.001766324043274
325,0.11041429114362411,0.0012668187828270452,0.0011852035862673588,3.005498052109033
326,0.3417090396777415,0.0028601003308610816,0.0030637201225739096,3.0562776308506727
327,1.1100723205641176,0.0037483889391474166,0.010690994903156536,3.0067569348029792
328,0.20103096730505382,0.0591009443723128,0.05891300121490449,3.0557253761217
329,0.0847374945905104,0.0008631206498671195,0.0014567980716388336,2.949522971175611
330,0.7469220358029739,0.004009773201701226,0.010451046202816063,2.9973883228376508
331,1.779143266126301,0.06306947015478859,0.062120509688788565,3.06866648606956
332,2.110484080143991,0.014086983517745047,0.025904954540186577,3.0493179908953607
333,0.41593559599375063,0.0036277671373485085,0.00578229709146311,3.005568230058998
334,3.4087206363263225,0.08039953280973751,0.08062271438869355,3.054935084655881
335,1.0823985447475923,0.027503392929545567,0.02743401352429649,3.010068444069475
336,0.18333950359006593,0.002751434025744398,0.002442004551990068,3.005286317318678
337,0.2720450008263609,0.003394666747107598,0.0023552149697897862,3.058486932888627
338,0.005966286187652722,0.0012559992346060937,0.0012160114027082532,2.9944243342615664
339,0.9186167849554214,0.04637843189756145,0.051084251734362804,3.051599277649075
340,0.296987535895006,0.003997712204509034,0.003385494021406966,3.062354675028473
341,0.5774741789600957,0.0057144078831258775,0.005833330686954656,3.000218111090362
342,0.5318046213926387,0.019222829633799062,0.017864339871434598,3.064870418049395
343,0.41469494140986607,0.0028422734617677917,0.0029598967831564967,3.01110908575356
344,3.8693149682097756,0.11898015217083968,0.10908757415629718,3.0039099231362343
345,1.5379637344662505,0.01664770037144993,0.02277967123417247,3.058748002164066
346,2.2009814546112567,0.13035238021604126,0.12416749153918899,3.0050238030962646
347,0.39397737959785806,0.003213707339991472,0.003656276536499892,3.0604025260545313
348,0.2940296783275151,0.003136222389103837,0.0023852571635995276,3.0674208933487535
349,0.10564186897962119,0.002272009819117415,0.002044570272147143,3.006809371057898
350,0.049890249859988293,0.00024010355260242,0.0005040674444986702,2.6616827324032784
351,0.08298214381907894,0.0012401499052263954,0.0012238286724852443,3.0597582049667835
352,0.1267452059204166,0.0008668937840749725,0.0012537782997091706,2.996662139892578
353,0.27192363515714735,0.0018384789623557894,0.003882920143752361,3.0654587289318442
354,5.846805199272091,0.048337354941618185,0.056257228729462504,2.986968074925244
355,0.1232065037281464,0.0018925786966968224,0.0023417774530558166,3.0573526746593416
356,1.057508182515833,0.01893057555012811,0.022747411583900923,2.998835063073784
357,0.12384020818838479,0.0015282819668890001,0.001623926911806985,3.062566882930696
358,0.5187722565320547,0.09054890307838499,0.09286928065534376,3.0118589028716087
359,1.1618155323853112,0.01309649726459739,0.018693988969382697,3.056775609962642
360,1.0520781446431753,0.012860872729154982,0.00929597123838437,3.0095349298790097
361,0.13578533418951746,0.0021760117789166766,0.0025902458467330987,3.0576002378948033
362,2.2160409371814183,0.12216845709099623,0.11861453958652743,2.9973666118457913
363,0.42091988387295687,0.04588661409051578,0.04539200233116486,3.0578146148473024
364,0.30508878868901007,0.0793984663476896,0.07789132249055872,3.0080135660246015
365,0.09680212981888396,0.002118153065148229,0.002302776348693789,3.0622150632552803
366,0.26348020102694425,0.01375459997155029,0.015847509246896922,3.0050292047671974
367,2.001488233969464,0.057897743293412685,0.0651307707485766,3.0523816612549126
368,1.7334594832438177,0.09378868276557209,0.09902536728433636,2.9987200247123837
369,0.18985778078641743,0.0014379547461197456,0.0025944480963512443,3.056506635155529
370,4.340725626954644,0.06696987375280194,0.03933481010589252,2.992383192293346
371,0.8650206244353077,0.08912660030379775,0.08360669575582971,3.04659204185009
372,0.1386653136788446,0.0013640932753686433,0.0012139407400636655,3.000507421325892
373,0.32246868682619767,0.001255992571322529,0.0024045856919597064,3.060885068960488
374,0.04498938571153932,0.0003691322369912546,0.0006604553413312221,3.0076274457387626
375,1.8472653273616115,0.03746630046284794,0.04203379065569332,3.0636142469011247
376,0.2366107818036424,0.0020737156118625366,0.001569937321082535,3.0083202668465674
377,0.16250622432133244,0.0019757141620868356,0.001694130255389566,3.0633707949891686
378,25.562755727393817,0.2279263140736803,0.21436991953353798,2.9875900452025235
379,2.4262758391627894,0.013180983787646932,0.021532791925616274,3.0669068060815334
380,0.04479303882106108,0.0008422313335701716,0.0009696060041119536,2.7165086222812533
381,1.3535662375077195,0.00664635397906217,0.0070246626792514226,3.0063058882951736
382,0.7551537322258387,0.029906746398200307,0.029335091461935695,3.066891511902213
383,0.7412278879845108,0.011537391062914116,0.011115364951548254,3.006421461235732
384,2.239570134360214,0.01914299015420333,0.014813526250744977,3.0676896069198847
385,0.08722446317511634,0.0010550144322075748,0.001471330075389306,3.0112628769129515
386,0.19928262208674494,0.004789146483584375,0.006448107332676938,3.060759383253753
387,0.042093225769408014,0.0005147869256206715,0.0007827989526174535,3.060199437662959
388,0.14822260559723488,0.0064206572932315464,0.005849752934340128,3.0093862139619887
389,4.954607896349102,0.07070187415919434,0.07422854349252332,2.988888177089393
390,0.04396003544905818,0.0008175635096156154,0.0006734350827476425,3.0514377700164914
391,1.995184866470409,0.054350296926317127,0.05544838334939564,2.9942784109152853
392,0.29634016177994643,0.003098850854200768,0.0027656093624205814,3.0694641042500734
393,0.3780929052533364,0.01124159823090603,0.011405181401339047,3.0093829529359937
394,0.5289085815857716,0.04121661844547165,0.04307462054349929,3.05742300208658
395,4.2893405073707305,0.10563052349899237,0.10712860936344884,3.0593899530358613
396,3.853239140027574,0.05196197876744341,0.09161392930824276,2.9998752139508724
397,0.15922945427835494,0.0015594484671365046,0.0018114894721193912,3.0043248082511127
398,0.08232574633150755,0.0011630425103082455,0.0012143766196766079,3.0646403171122074
399,1.6613997675609848,0.06163167137895398,0.05198103233986128,2.9993364326655865
400,0.09819708107788236,0.0014728666090941327,0.0016693493465712197,3.0593494749628007
401,0.6586584874101482,0.005994969651511249,0.005275887896647739,3.010000417008996
402,2.175481610689864,0.05829974625931641,0.04924648285444996,3.046274919062853
403,3.2364003901081637,0.0647104798103876,0.05834371439559375,3.060897279996425
404,1.6577169525331017,0.026005424833400282,0.022800345557360133,3.005032578948885
405,0.19211738568196154,0.0015908362105804422,0.0016968547645448166,3.0055111898109317
406,0.2238558579112276,0.018716633645809,0.017607150058141494,3.0634926171042025
407,0.40785298211082816,0.019732899073958334,0.020288785723028974,3.008148222230375
408,0.10098571652290082,0.0019128871877533346,0.0021012461484860743,3.0558736827224493
409,0.33558274781740827,0.002539238291540247,0.0037193602583294287,3.0038079572841525
410,0.9289295703241769,0.019345767273214038,0.013356343421350753,3.0536825517192483
411,0.44721858860508346,0.023192874476109675,0.02448105589127727,3.0577541310340166
412,0.14640526260861603,0.0009558056838001075,0.0014844001660943452,3.011325345374644
413,1.1512122987964861,0.007645303354484392,0.006463333062783467,3.0072274319827557
414,0.3989923766843772,0.058592749013516465,0.05560092973020452,3.0466133318841457
415,0.27029420458576525,0.009898136608692255,0.008747138526301256,2.9919929332099855
416,0.06820541307993865,0.0010391660891864549,0.0015986322231606085,3.06605576723814
417,0.10937071313165035,0.0012611857597562331,0.0011996781742705954,3.0112653910182416
418,0.05525444177590015,0.0016303184616790968,0.001441036863830201,3.0003342111594975
419,5.396412924878174,0.036229933192661615,0.04445398513152785,2.992053928319365
420,1.3336043481972943,0.017368607876105127,0.01715254138618489,3.0519282137975097
421,0.6123536871706421,0.008043686460610915,0.006172876073372456,2.997428904287517
422,0.032497080804464985,0.0017616670483830029,0.0015637097765623467,3.060402206145227
423,3.1721224827787076,0.026284580948161506,0.03238224133169511,2.9935650997795165
424,0.20869969507001546,0.05693640328442544,0.05763796280445363,3.06246434757486
425,0.16966492411980036,0.001762542136730936,0.001774363610188712,3.011168679688126
426,4.118798504500214,0.046374018184241174,0.04653458762354695,3.0425018472597003
427,0.1275615951533064,0.001440672149089262,0.0013092705522186128,3.0120359458960593
428,2.8381304223968753,0.024198894616023096,0.024091031876138497,3.0652657076716423
429,6.056938195882074,0.07537920136923494,0.07242900255560929,2.9878716808743775
430,0.049968096778894154,0.0018081439322889508,0.0017132905591502176,3.0604167408309877
431,0.5044096662420593,0.005916839695189983,0.006596019239308317,3.0015662661753595
432,12.941715888907908,0.21142844762386934,0.12949580124425275,3.05043042358011
433,1.5722019573470762,0.03416798195978943,0.027777578172342134,3.0047125723212957
434,0.8258220229379033,0.004112680327298652,0.0071051825663442595,3.075333491899073
435,0.5142931799247032,0.010449127018158921,0.009735648121134692,3.004926870111376
436,0.1195399651892929,0.0017458699804659146,0.0019897975412761226,2.9473108327947557
437,1.4193311331837608,0.057378576056308764,0.06457139255609935,3.0055728149600327
438,1.9829333521204087,0.0067265555415742025,0.015055987348874143,3.0613774289377034
439,0.5142965656664413,0.005887180383739466,0.005556734510777692,3.00534506700933
440,0.2416978152137048,0.017737013628459284,0.01777257382153339,3.0687570930458605
441,1.322433862460102,0.012950505051976244,0.00755683218340887,3.0100617739371955
442,0.9423265178680507,0.18072339842988946,0.17553104667129285,3.0657433569431305
443,0.1606998493056298,0.0023415681928090786,0.0023911796700005843,3.0090934517793357
444,0.6596197500254439,0.04041981851282913,0.042685147850513284,3.063811066094786
445,3.1791894349123666,0.0764647705496349,0.06744488593700262,2.990419854875654
446,0.2864470088999652,0.0021284900113016352,0.0043262522373431955,3.063703276682645
447,0.1281292461844858,0.0021734391115987473,0.0018273715535857644,2.774364127777517
448,1.0214214878599779,0.025077842939391755,0.03194166896754988,3.0498873949982226
449,1.3057488536568287,0.04160927516258226,0.04163971938404107,3.0036952709779143
450,0.046742377317733855,0.0034043245276922083,0.0035277424538890235,3.0533815966919065
451,0.41295936651144877,0.04629689490746925,0.04520709143958904,3.005541900638491
452,1.1292700590051057,0.021336268407145934,0.014219471724785474,3.058493470773101
453,1.0888302381299662,0.0065323109480061045,0.008298041938231485,3.005613461136818
454,1.8550128852736674,0.16838550243802033,0.16600936610827235,3.0506739863194525
455,2.020188437331343,0.019529956988571653,0.03327064240106069,2.999993328936398
456,0.6657966318688432,0.0045679460967356315,0.00811835403928093,3.0669616358354688
457,0.16456424987513704,0.0015824695727875103,0.0015709133776235994,3.012742318212986
458,1.0689237611455047,0.0151009588037055,0.01612213538404381,3.0454197824001312
459,7.2613681313092435,0.18287784296402043,0.13803219842605072,2.9920753687620163
460,0.8874164953701097,0.08530280637399792,0.08108880241793795,3.0514867161400616
461,0.0825276031794207,0.0024371287563916258,0.0020162628598623784,3.0026665311306715
462,7.216040159547471,0.14055829261797506,0.12322093356570428,3.05481858830899
463,0.20976545091935525,0.004048704082588598,0.004110189613371184,3.010094781871885
464,0.0795807481541406,0.0009780854225159166,0.001534046320963802,3.062132130842656
465,0.1774634289048012,0.0023782024632842827,0.001921916622638937,3.003412102814764
466,2.2349655535617368,0.02069740947781777,0.016674844710836797,3.0518164369277656
467,6.6293086785635165,0.14211816639004216,0.10945539343630238,2.9937870679423213
468,3.803772457705497,0.026962226355793376,0.013219606052249939,3.065425989218056
469,0.14105174157283426,0.000407202288657344,0.0016613810600356823,2.998660102020949
470,2.515950545892021,0.010713987895381517,0.023778712173235322,3.06580624403432
471,0.12329565290299849,0.0014698984116524936,0.002139836981709717,3.0054278220050037
472,5.331865407361466,0.1296693655752793,0.13659527260090065,3.0485831080004573
473,0.07165868785421052,0.0008562931753255918,0.0009362859196088197,3.0007671220228076
474,0.158794411965974,0.0015773478944060748,0.0024754432625682626,3.059122703038156
475,0.6682798668276951,0.015320971764892609,0.013707577610662124,3.0022762147709727
476,1.4955920650367736,0.13259797770362766,0.11861505414526217,3.064085622318089
477,1.8570389750692688,0.01510394024954096,0.016682623577687013,3.0018025869503617
478,0.1594526600307899,0.003318511891562413,0.002958641009488535,3.0651691327802837
479,0.6389737304301792,0.029373547166737384,0.030334823240257623,3.009588221088052
480,0.33927427281949274,0.0005072692056338771,0.0030466193842841826,3.0591911682859063
481,1.6367706796989687,0.03381741238304939,0.029834332831334624,3.0007716342806816
482,0.562609738750363,0.001955334522082418,0.005714852380189124,3.060063269920647
483,1.708620556316244,0.032091801670093456,0.043109687143745135,2.993323827162385
484,1.3140030849881006,0.053386331095322544,0.0489805417661162,3.0688598873093724
485,0.1640607621918572,0.0006671484655601997,0.0020491802076831518,3.007355622947216
486,0.3701972215834457,0.003608985286855143,0.004888930310611055,3.065333427861333
487,0.2494908618870527,0.0017919236129643765,0.002805515087202373,3.0047466550022364
488,0.27260950833468023,0.005913804234997076,0.004787317606770648,3.058474357239902
489,0.4958887213635048,0.002883874726356875,0.00731483071775701,2.999516671989113
490,0.10291980120235325,0.0005051397491897025,0.001170093946740918,2.6573875970207155
491,2.917686475059312,0.12832943172957836,0.11025402270241692,3.0656282007694244
492,0.5746446309365933,0.03247377868009752,0.03349817527301364,3.007850256282836
493,0.6627835789588954,0.0017865987806247286,0.005155729615491676,3.0565266432240605
494,0.13155925098456445,0.012806376201898156,0.012837725485093519,2.995920732151717
495,0.15657875494113824,0.0020350360621337795,0.0022655426855915884,3.0589465028606355
496,0.6894816142900786,0.014125522329188093,0.014906241938598986,3.012185855768621
497,0.7385007916956108,0.035955923176315324,0.03489251434902523,3.0574454138986766
498,0.13432311899358906,0.0018153976411806225,0.002592828817813481,3.0024845069274306
499,4.982774599710866,0.03469078698533937,0.0740912277630577,3.0607653092592955
500,0.3257555668219169,0.0031570848597448115,0.0024592854859480794,3.008599545340985
501,1.1041151683087134,0.02410401868160643,0.018342004565300177,3.0651261513121426
502,8.290631111733589,0.1021250563117357,0.13789628743219154,2.991070545744151
503,3.7503923679856674,0.059178360193248576,0.060014360471070866,3.0466517359018326
504,0.6636405840075258,0.006556450893456031,0.006676534282094419,3.014955778606236
505,0.21840710374175062,0.0014601747187159787,0.002463772605842637,3.061390815768391
506,0.8725075445805824,0.012409762182352978,0.011691862560734375,2.997504428960383
507,0.5910469766631395,0.015839901637228752,0.016876792546018676,3.0648050070740283
508,0.3064805705154539,0.005920341290174188,0.008652952571203066,2.992646005935967
509,0.11863053266808522,0.001705252726986259,0.0018063541512450634,3.0661749811843038
510,0.15752184290574844,0.0019063308251964638,0.0019398504700348222,3.013860617764294
511,1.8374084029797917,0.02207019877343958,0.01887061220791512,3.0510002532973886
512,1.1972743069922462,0.010935395347325282,0.017593987342498875,3.012507897336036
513,0.6411960509326998,0.0045033490342188095,0.010939958499879786,3.0579891176894307
514,0.3448320286185515,0.004163691231890281,0.006762772674655164,3.001047084107995
515,3.009421245984716,0.03303826211382074,0.0520154511200252,3.046887897886336
516,0.5568017996210977,0.008205785631796893,0.006168044353151324,3.0101029314100742
517,0.8020549108245153,0.036232819543168426,0.03920478691676695,3.054286599624902
518,1.0869551522328784,0.026427344650918207,0.018569870620627583,3.003892159089446
519,0.27934588181012476,0.049783202722052576,0.04998423261738008,3.0546355610713363
520,0.13014028827229943,0.0006894001973884339,0.0014844922201484704,3.0142635758966208
521,0.3098969937620985,0.0035364706693050817,0.0018967015809019706,3.063771510962397
522,0.14943702306458792,0.0009809935914640352,0.0017709903845502,3.000540602952242
523,0.1094245532840651,0.0022598509622190955,0.001698249281613457,3.063048598356545
524,0.7498387384438511,0.04536442641537795,0.04129056192286173,2.999903955962509
525,3.1853821606148878,0.11493313285441462,0.13191936092783962,3.066168447956443
526,0.2111114245438319,0.004528347415693286,0.0030345262754065353,3.0035340329632163
527,0.10631262015227697,0.003071223794118197,0.002583883689559316,3.0569695038720965
528,11.714084770649864,0.16976861322828007,0.1099397992898505,2.992997480556369
529,4.6179291487022285,0.06780089023478339,0.058481595673990895,3.047179856803268
530,11.887572744117117,0.04487854291042178,0.13125038656380286,3.0107208718545735
531,0.20012377108128634,0.0024119202565526083,0.0027710821821360482,3.064843222964555
532,0.30052624767397496,0.001875551003183432,0.0022352131587427436,3.008927371352911
533,0.5491839523934144,0.1706135990742825,0.17410486454338975,3.0453453199006617
534,0.18767909305204622,0.0019511174992954475,0.0016666121086757377,3.003574243746698
535,2.5269558327268506,0.06040506297274606,0.06572208532557552,3.0450418130494654
536,0.05171967812829082,0.016076292241226954,0.015997773153787496,3.013194628059864
537,0.21575617439944503,0.024097057675057654,0.023862566163555955,3.0665841000154614
538,1.6594268974064283,0.014457729669969393,0.013233707460429964,2.993447999935597
539,1.0386136639237726,0.023594334086074524,0.022143365897736713,3.0613475502468646
540,0.12404901786739464,0.0012690130603102753,0.001284605650188724,2.7128420867957175
541,9.865169415044738,0.11896929953222346,0.17241983432511224,3.0556502961553633
542,0.5571825764252017,0.007515863802149567,0.007131297148538842,3.0034258640371263
543,0.6415519412269166,0.004216157789895991,0.011031194709146819,3.0504386760294437
544,0.1731336947304236,0.0014169534275680822,0.0016314955472435152,3.005195597652346
545,0.03918492072340529,0.0011154541281991341,0.0009544025779217464,3.060895962174982
546,6.388361003670909,0.07431824648085235,0.06972696396134581,2.988360185176134
547,0.18991016248039438,0.008722884669144362,0.009235785792543702,3.0611172448843718
548,3.6471104820634603,0.026712921284898432,0.04385207345082213,3.0012819399125874
549,2.3841747370780824,0.020598182601205096,0.02523008400349315,3.0607678750529885
550,1.4044469285939327,0.021790795643532767,0.018031562892259892,2.9966992349363863
551,0.10097495266607019,0.0014616831913425734,0.001468066362770403,3.0518046640791
552,1.2623310944487247,0.028984411901669203,0.02140645828614828,2.9966079271398485
553,0.05001816483196829,0.0015940359427621354,0.0019752367834438003,3.062878107186407
554,1.804826764777517,0.08296921941512415,0.08431935980152609,2.992258745711297
555,0.39359384217812887,0.0016200762114732356,0.003550004549547605,3.052046145312488
556,1.4656385353050259,0.03194360087417158,0.02866055166244523,2.995747424196452
557,1.4228794480379345,0.1994437672758847,0.19528368291236162,3.0591216827742755
558,9.159631748467723,0.08519342481835933,0.12153944252044196,2.9978167191147804
559,0.42193632217450944,0.007129183034968511,0.004778236757950049,3.055647731758654
560,1.4471828819085224,0.027645427550810273,0.023062222355789936,2.9968065111897886
561,1.4741484653171333,0.01519543481933708,0.02168888786386296,3.0484313839115202
562,0.17984862542690142,0.0035570862238104204,0.002399571337715357,3.001152723096311
563,1.7164599051752458,0.012406025350326262,0.013299643252245657,3.0466744997538626
564,0.7543519577189166,0.10677078831123797,0.11105349621825462,2.990296366158873
565,0.810464014238068,0.005275025104564398,0.006907562927286526,3.054907013196498
566,4.516598922987825,0.029555089521354855,0.0595822322066069,2.994134779088199
567,0.2643017528619131,0.0012584264175389648,0.0026074684861498503,3.0618577101267874
568,2.519847705083489,0.05847136448535713,0.058813129265298594,2.9954101620242
569,1.8034185305068002,0.015006190975582107,0.025232685351689193,3.051347780972719
570,3.372830309874655,0.05527616511300965,0.04042523215251534,2.9929016958922148
571,1.8151358185809647,0.01749783702680788,0.015098502483812136,3.0571726760827005
572,1.6040292195730503,0.1577498540894256,0.14992973545606111,3.008067629300058
573,1.3280260474633045,0.013543947238398198,0.013038170974523127,3.059959555976093
574,3.452117538880296,0.047168176396231415,0.03833701336762841,2.991250087041408
575,3.4584928184982946,0.04886477544490117,0.03776101584871877,3.043013843242079
576,23.675628636743312,0.2815734279903933,0.28822173129324674,2.9917459818534553
577,0.07377883692955083,0.000648457639936601,0.0008969130438909552,2.9451283370144665
578,1.4920485938564112,0.02840113610778395,0.025229029222305334,3.064935937989503
579,0.5835545319888932,0.016764519822353576,0.019103127962249188,3.051116397138685
580,2.232035827991563,0.017492199646004264,0.035914763235610214,2.99419794883579
581,0.7961343224358978,0.019113568411308787,0.01925099727482251,3.0563916550017893
582,10.11320885676254,0.06036450573660407,0.09818511625595473,2.99169378913939
583,0.11292171839635674,0.002067216666776462,0.0014870813936109554,2.9960539899766445
584,5.835702959011926,0.06688380572315755,0.0688387075318539,3.049106436315924
585,1.8881442363924106,0.02845221720779606,0.02601936551254844,3.004366644192487
586,1.0730736897983455,0.011137638096019576,0.013297031806882928,3.057907871901989
587,1.6867461349973516,0.040664408794776,0.04950157738565571,3.0688128480687737
588,0.15528863346301086,0.001194093271523946,0.0019032681149683947,3.0055816718377173
589,0.26248139995028685,0.0014518739265907787,0.0030446733681258028,3.062051296699792
590,1.2056800109107957,0.038302582851210513,0.03968983351911921,3.011096813250333
591,0.0705250710897739,0.0010056953721988594,0.0007972558312565476,2.601081703789532
592,2.422577475466884,0.045510779588543326,0.037041243778463344,3.060350264888257
593,6.127086946390947,0.07314217514367964,0.12974292547656538,2.987356766592711
594,0.25849386775550887,0.003436521085441742,0.0027530905620502958,3.066644499078393
595,0.12388980036723501,0.0008828169310710349,0.0012558774218042236,3.001096019987017
596,0.07143560491317918,0.0011569280625070156,0.001321229200001987,2.943539052736014
597,1.944971875107657,0.012908723805767934,0.020540045475501395,3.0037101157940924
598,44.16037707141738,0.4420897590640976,0.25845030991119916,3.046447995118797
599,0.17971058666073714,0.0032992915676489615,0.003442199526922008,3.000792203936726
600,0.2370686611809885,0.0028563792863417425,0.0018280568204800693,3.0636943955905735
601,2.005077112443231,0.003222870620348815,0.02812426474300411,3.009495824109763
602,0.12225346666994925,0.001037096467383432,0.0017583060997273202,3.0684828190132976
603,0.850009828016639,0.04138067669688798,0.04537805964429004,2.9988077781163156
604,0.05306027524894938,0.0005658223484321393,0.0006726401875296521,3.054998573847115
605,0.13928910828628266,0.0008027587330877608,0.0016814092610190927,3.000188454054296
606,0.38635258379529186,0.003726925739711935,0.005439115380680605,3.0556077752262354
607,6.538045193590276,0.11736363291551159,0.10149150760939815,3.008179393131286
608,2.306134434980151,0.024804945669574634,0.026467072263258763,3.055403617210686
609,0.8131598965642993,0.16119167240099222,0.16388709047309516,2.9991366947069764
610,0.44517847466351285,0.01884333232148199,0.018157198202021076,3.0607989486306906
611,2.125391539244699,0.02025666196196719,0.017415689119853216,2.995455661788583
612,0.8330796899872301,0.010081283519078412,0.01630699919289259,3.0637731910683215
613,0.08049617910934459,0.0010399510749508447,0.0010760243408918565,3.009346309117973
614,0.41870667070511586,0.006895260174601515,0.00530871434588497,3.061442520003766
615,0.4273504144079164,0.004722000589955749,0.004170887832311237,3.0090930368751287
616,0.7422613486925133,0.002582702583728273,0.007727059757510132,3.063558134716004
617,2.9613679920865943,0.19593634598169554,0.17407620217454817,3.0052544730715454
618,0.08746005554589058,0.0014227835856154155,0.0017106392673776304,3.0677855098620057
619,0.1508802357375899,0.007433925250974129,0.0070885774777241515,3.0077469679526985
620,0.14499206670663162,0.0015352297901198204,0.0014125190218649986,3.0545333581976593
621,0.025093090818743,0.0006676934506137926,0.0006110588822748994,3.0039882413111627
622,0.9058324426835044,0.0026427467428995007,0.008556375135392138,3.0556815271265805
623,4.242506977534854,0.05112870971951219,0.07137945340095032,2.997997964732349
624,0.7790023178248621,0.03690662659783872,0.03844801679172765,3.0769574367441237
625,5.619848238660478,0.05683343505188685,0.02803077015782385,3.000326619949192
626,0.7852366261633876,0.027207607133243147,0.03032460045609923,3.0632190508767962
627,4.1540219661561695,0.07897678627454699,0.05016732073147639,3.0089303920976818
628,0.5846363162923592,0.012326679723913733,0.009861857809372213,3.0603174436837435
629,1.0852298042343471,0.03793827323315078,0.03337311127908765,3.008335943799466
630,0.44346235202886425,0.004152752613610608,0.005060563320490841,3.0615131920203567
631,15.46412769527173,0.21950157251979027,0.18751311758768008,2.9954046718776226
632,0.20442281307650145,0.002198471247869817,0.0026622154036781186,3.0675784018822014
633,1.1732029074220485,0.028540520800805148,0.02693692138445902,3.0336659899912775
634,0.4795302371645955,0.004411374738174293,0.006097690867250726,3.0717018959112465
635,0.901234863549934,0.010852358271357214,0.008642531899456352,3.022036316804588
636,32.620255560122764,0.3382681799789989,0.3267660525443878,3.0612040674313903
637,0.6646097326688835,0.01298444986933096,0.013742626557672149,3.0144464927725494
638,0.3693553165320941,0.005204335717447784,0.004055388280087571,3.0821609012782574
639,0.08807203700750753,0.0029249501649378845,0.002447990488796188,3.028456559870392
640,0.48341512821036414,0.011036818247957898,0.010997259540948002,3.0945791811682284
641,2.746955717289227,0.028921486910228014,0.032885831955519786,2.9953731279820204
642,1.2514129451463496,0.03095637708240913,0.03458654209145644,3.0655003981664777
643,1.464767743447177,0.0370819693583406,0.03617689254774428,2.9996738410554826
644,0.1565773037658456,0.0053872738238351335,0.00511276094683126,3.061434521805495
645,11.757539012456741,0.12801980972640556,0.1422402482721742,2.9963983609341085
646,0.14897910941642242,0.0010379142217441135,0.0017443811194286514,3.059213215019554
647,0.3481352174581669,0.00474805113377095,0.004831452888728668,3.0110480221919715
648,0.09638462217763658,0.0019417903144905767,0.0019620844338010153,3.064423892647028
649,21.57235921217761,0.18578639578933143,0.2574229051017897,2.9997204318642616
650,2.739932145048617,0.03391143394201119,0.03716182910129036,3.0522789927199483
651,0.1740000545408401,0.0020184459805832776,0.0023921663120088582,3.0100749330595136
652,6.786506931355963,0.0591352211692817,0.060782340852161165,3.061255748383701
653,0.47804516261885527,0.0018164047550378053,0.005688200750615707,3.01483140187338
654,0.22988009042044497,0.002821680656424269,0.002932909319194601,3.0730990217998624
655,7.119384667519489,0.0625247833203503,0.10526439367990253,2.9996182108297944
656,0.18316844790701967,0.004360577541724494,0.005221277939549746,3.063014453742653
657,7.568950991992944,0.05447654828601147,0.06439147479335787,2.9894012357108295
658,0.07813996610434215,0.0020095652223981945,0.001961134750927575,3.0669253361411393
659,2.298512171043871,0.02937225698389496,0.053550615238322496,3.018375793006271
660,0.6915141851099648,0.024519820674118266,0.024098874612405445,3.084539372008294
661,0.1510184318566336,0.0015247773666256514,0.0014958532810086238,3.0058259023353457
662,3.339153088524877,0.060279055315727866,0.08231158652167009,3.0499574718996882
663,2.862657788023193,0.021719430535012296,0.024488617036975285,2.995548666920513
664,2.8307240545386287,0.02158940832145958,0.013364994030850477,3.059974600095302
665,1.2136055945621553,0.02153169618722879,0.02189056578382815,3.00003911415115
666,1.4997977156697897,0.024308945558280604,0.014733183712915198,3.068155793938786
667,0.16960970283651203,0.0011530346824281084,0.0015972473224886872,3.01220866991207
668,2.268515663548701,0.010593961247339542,0.015312615357443615,3.059153052046895
669,0.6038927496942742,0.00764589110958383,0.005403644924918926,3.0114076952449977
670,0.25369710363684755,0.003791688401224428,0.0043667361578209355,3.076221711933613
671,0.5749410891467486,0.003034565369923157,0.004405714594539258,3.0084448638372123
672,0.3873351830289064,0.013917408307327244,0.013032153400084272,3.052636596839875
673,0.13693794253717947,0.001831353068348361,0.0032097971525331267,2.9962398260831833
674,2.551251010252754,0.034306125242938544,0.038470698747296916,3.0621146680787206
675,0.8346143453718256,0.023806905956798807,0.01639393479763679,2.9996417621150613
676,4.541566285620916,0.062209527018339365,0.04616957960712654,3.04534551827237
677,0.5822608863123288,0.0012473497608332094,0.00517816839001623,3.006216699257493
678,1.839929634051374,0.03836303230948314,0.03812670208993605,3.050216720905155
679,0.051693669571674414,0.002577248698774113,0.0023177732656916228,3.0106340562924743
680,3.674659982248611,0.03436493001335418,0.03790091894032992,3.0519980466924608
681,3.8187847178437924,0.05817371222039274,0.03900158083056382,3.0183734740130603
682,0.11686606918990851,0.0028072387675623332,0.002324469828084049,3.078081717249006
683,0.06732460001140084,0.0017179113137605426,0.001956416865737687,3.006714670918882
684,3.8291863729743696,0.0315071378582911,0.04182275647945106,3.052863416261971
685,0.2099254025320972,0.0003081076735121817,0.0028576026206917045,3.007918489165604
686,0.2818452360925327,0.0015037146703905985,0.003264501792270706,3.063072601798922
687,7.850161678270171,0.06254188355618368,0.09837753016156688,2.9905762430280447
688,0.25911669960887096,0.0035154258672189295,0.002221472091911354,3.085757368709892
689,0.13046817901666558,0.00147664902405482,0.0016053412237469187,3.0402287300676107
690,0.9354960632248189,0.008302558152882082,0.010305482505468531,3.080065244808793
691,0.6807825166109264,0.007914926110717377,0.004423314738013535,3.0146520491689444
692,0.9585606434456195,0.016879694028449403,0.01450587382461013,3.062277020420879
693,0.5040025549320829,0.0035013432903643143,0.003607212081529173,3.012124191969633
694,5.980173269545851,0.15105974694869773,0.09469114864593652,3.048210988752544
695,0.05886821414964446,0.002569191922974854,0.0025732607018858367,2.996925959829241
696,2.3080689451167316,0.07877237261089103,0.06101619815090656,3.0500911152921617
697,0.42778827705037326,0.011888767288910253,0.012204603099061389,3.0101847779005766
698,8.349057482429625,0.08108917566999244,0.05710999990948826,3.0488195749931037
699,1.5709468098208934,0.02375932289913363,0.01618663158663561,3.002512122038752
700,0.7835786653450386,0.004555837005141497,0.010466785037917944,3.0469567039981484
701,0.11360602690610865,0.0019258391153748632,0.0015535308481498238,3.010218218434602
702,0.25821748809358425,0.0090349755787731,0.009491928899375321,3.06275655888021
703,0.029516122777935236,0.0017934398190048708,0.0015820656826087361,3.005687173921615
704,1.298107386928668,0.10634084358223095,0.09718576329841361,3.0538775268942118
705,0.12303107540776992,0.001562706352885155,0.0014353934479045003,3.0189685779623687
706,2.8100861365119045,0.042259061548755694,0.04558613560690942,3.076094535179436
707,0.07829606447268365,0.0009750168985820413,0.0008958340195429746,3.0036068242043257
708,2.219947765250922,0.011437643382571595,0.027419001730853102,3.060498016886413
709,6.172072017114923,0.08341458530831125,0.05892881394103386,2.9952920442447066
710,1.942924332904554,0.018176971239322375,0.019558374130010988,3.049428720958531
711,0.8274333899958375,0.007840839375261302,0.00598619512459877,3.0104920379817486
712,5.654742630907298,0.04943890686133355,0.08098595009865611,3.0476385480724275
713,0.1139781832145666,0.0008802903986447379,0.0013167345235967224,3.003860922064632
714,0.08635128816239422,0.010796745875908507,0.010469265285948957,3.060135913081467
715,1.7434883778926147,0.0047347333219415165,0.01965880948141502,3.011577508877963
716,0.16454712545678163,0.0018890110070415179,0.0022737572864617744,3.063302797265351
717,2.6758090225626843,0.01097899842853068,0.014429052281088876,3.0087491078302264
718,0.2534910931506221,0.0006389039493414136,0.003234366343079008,3.0828008828684688
719,0.11732248442146985,0.002144316505943126,0.0018886031991368767,3.0131566799245775
720,0.13794958611162897,0.000899225487773001,0.0010368494688525057,3.064063733909279
721,0.5445793426064989,0.005528012042784373,0.010491818490355062,2.997478730045259
722,0.20654049651732026,0.0019773991938237924,0.002297044134402127,3.0650434819981456
723,1.784519171601225,0.025776554566099823,0.014443220696339255,3.0029969890601933
724,0.3480842274498961,0.0026323073855629405,0.0036163549939715683,3.065615087747574
725,0.27341191363311795,0.0014423853131614254,0.0021169463774443455,3.006410652305931
726,1.4180052725423105,0.03793272520613771,0.04638757847761757,3.066234642639756
727,1.068396988858715,0.002427610989835326,0.01143324955220233,3.0084555661305785
728,0.9179136271998001,0.02170283658241367,0.020482306292895214,3.075125397183001
729,8.670227638794625,0.025140911733219428,0.09282919738022276,2.9934887969866395
730,0.2531769930112192,0.0010268988476106239,0.003126033790542156,3.067214005161077
731,0.3087009621793239,0.004817853735677405,0.005153723661046525,3.0116223082877696
732,0.3977094459630457,0.005530774522709784,0.0037854775699951155,3.0625154180452228
733,0.25421150833273354,0.003431622151173185,0.0054363237383280106,3.001683092676103
734,0.1548885944695513,0.004224292893020682,0.0037084314589478193,3.0627846107818186
735,2.862535157174242,0.05843046530953882,0.05379418599013528,3.003513745032251
736,0.14661187229872405,0.004703820339593738,0.0050205155135622185,3.064426798839122
737,0.0889791094115621,0.0008425789464857045,0.001042073570448269,3.0015268879942596
738,2.471999578337171,0.02862518394747674,0.03070824130180793,3.051473322324455
739,0.46112676426304205,0.0015744876837594489,0.004576103375884053,3.0052689840085804
740,3.275778950444891,0.027654532117653893,0.04272783745719713,3.0560604077763855
741,2.786864032356236,0.12434192460341703,0.14014278765594115,2.996081762947142
742,0.15669674303657652,0.0011707031843480632,0.0017505228483688255,2.776384613942355
743,2.1724606071143953,0.009991429969751005,0.02223421245166305,3.052272144239396
744,0.1233283042697445,0.003037945157392593,0.0032233091756623143,3.0116083659231663
745,0.1467616920415398,0.001975929195615532,0.002908646932313123,3.062559613958001
746,0.4987133463006782,0.004610987491259343,0.005211066696023819,3.0201273770071566
747,4.370288932596611,0.027558761975468398,0.049198137883084476,3.05177556630224
748,0.22756472384349846,0.005631400051667854,0.004824063815731228,3.0114384167827666
749,0.2988240992560342,0.022452701741984094,0.021013321501181383,3.06665419973433
750,0.22037006065637785,0.0010950725133897273,0.0019723193498150065,3.0031832568347454
751,2.316948028306743,0.062443203388810736,0.06848371176489429,3.0561857167631388
752,19.57045829160131,0.18387509439428934,0.12125740590622783,2.9937414592131972
753,1.2590166209416416,0.02654773186110523,0.02089208820040314,3.048436651006341
754,2.7834663353329585,0.023705707527870712,0.03958150556523717,2.9933040998876095
755,0.938122240075019,0.02519785347572198,0.020635861308654472,3.0591718587093055
756,0.7233516241158092,0.004912539634190548,0.007876332871270517,3.005475395359099
757,0.9873796770368635,0.007312065792683465,0.012284462610531587,3.0771549637429416
758,1.086688476216069,0.03875403477741227,0.04090783801510523,3.0079389503225684
759,0.6047812972753319,0.16119695962762995,0.161081932454286,3.0599313830025494
760,4.497153105767672,0.02976308432665912,0.045543624266427774,3.0115292817354202
761,0.5734456552127641,0.005241781812113632,0.00856670129591821,3.0744710909202695
762,0.4431643565862575,0.0022842982687133894,0.005075819648776833,3.0115699148736894
763,0.523920152978416,0.008181786956180936,0.0072942816948144305,3.0667054797522724
764,0.06843579566866825,0.0008775774556415574,0.0008085145467004617,2.887980463914573
765,2.295298479121529,0.02298175264614676,0.02796101811898232,3.050508080981672
766,0.2827726053701606,0.02316027063360076,0.02615644929557423,2.994154636748135
767,2.4106898967083157,0.06790258293718758,0.05575614888708115,3.0510039906948805
768,0.047102081986983894,0.00205958453638018,0.002204128992020675,3.0161278783343732
769,4.126141749756729,0.0813536192626283,0.07952681427066798,3.0469551291316748
770,0.5965221196553974,0.010095037666739469,0.008535111600446246,3.014451378956437
771,0.09795140980174254,0.0004996858501949532,0.0013082144349228905,3.052752804942429
772,4.417322468888323,0.009236830105054784,0.049284376459253036,3.0129978698678315
773,0.23140439423054082,0.001868581688425215,0.0016935070984038592,3.070260071195662
774,2.086662708603496,0.01750816170308426,0.027370747369053025,3.007595068309456
775,0.3356475137956772,0.007022244902998821,0.006680179373135578,3.068384967278689
776,0.3099893472048724,0.004879474776351559,0.00837737582802776,3.011751828249544
777,0.31133144544045493,0.0048273935383197145,0.004283520244906666,3.0591231361031532
778,0.41221814931047773,0.06391607094306934,0.06289729879985506,3.008171339984983
779,0.2539223796874557,0.004156338143790733,0.0047084128472909765,3.062614819034934
780,1.219800192368454,0.15535905520425947,0.1563803448684887,3.005623287986964
781,1.586955625300907,0.03321201410167623,0.02352551485946767,3.0615399018861353
782,0.07811748040723043,0.0008254053823300398,0.0009006129469134365,2.9992271759547293
783,5.866263270210769,0.24569979990133878,0.20018956820058986,3.064943121280521
784,0.5252419243307777,0.03312729092471974,0.03315170771489247,3.0013149362057447
785,2.7799868068386155,0.023173392295060564,0.048349105649156725,3.0590881118550897
786,5.329525695868385,0.03215841597310736,0.07417339739122324,2.994102006778121
787,1.3082297901166586,0.020814008603088,0.019597818452405723,3.0653103440999985
788,0.1391646214317705,0.003840538617242044,0.0035098707617919394,3.001883360091597
789,0.8492998778685117,0.08216817743144322,0.07716137062947812,3.070625984109938
790,3.3492504909832355,0.007505671710060469,0.03735325834118308,3.0001554070040584
791,1.8613368882403116,0.05819011769608903,0.06362856692180395,3.0468333289027214
792,1.6320518887879878,0.02313750879715185,0.0255340169088706,2.999559862073511
793,0.22025653646282725,0.0033921775504614365,0.003380741112473277,3.0631755399517715
794,1.060692412003131,0.0540239516321,0.054684722343746925,3.004300336353481
795,0.09033016650318149,0.0034707650282322965,0.0034527949832249506,3.0574321933090687
796,1.2925714093018021,0.016601796704288095,0.016347343471530735,2.99840119574219
797,0.4906311918453293,0.007370938923707376,0.007720730977755491,3.0666608810424805
798,0.0760414486507283,0.0014090306361502793,0.0010513345213999054,3.007510486058891
799,0.49035334584750984,0.07945337600722549,0.07607931784138265,3.0830750167369843
800,2.974490396827672,0.007977436712943594,0.024201176476359006,3.019281313288957
801,0.8267519558874774,0.015957438993439297,0.010980326868335936,3.075626031961292
802,3.2360521735720607,0.049114028837517414,0.02634594658143502,3.015967928338796
803,2.7076410076473865,0.07788311708480668,0.06808958225333617,3.056873877067119
804,1.9069323397523692,0.03445243447365072,0.04578305372922611,3.0083932746201754
805,0.14305097277293186,0.005728596079700874,0.005693008282442615,3.0635995347984135
806,0.05130247831643519,0.001454064347597367,0.0016286919503209927,3.0036003049463034
807,0.48074055375782926,0.007082981268157999,0.005150633496490552,3.0650347052142024
808,0.178892295473751,0.0020786024467838358,0.002279021178313987,3.0156232700683177
809,3.0928209523011327,0.011087967380889215,0.021156858792524748,3.0658272658474743
810,2.803819881671157,0.044894163472876114,0.058193187347228684,3.002320877276361
811,0.44569475753307947,0.007017297188595218,0.004040568195577822,3.0707651670090854
812,0.41163932676794085,0.004074591797230077,0.003790852418514024,3.0071644210256636
813,1.0128831088096026,0.1121609837298022,0.10539423298245094,3.0487347319722176
814,0.2772256393475848,0.0033363300028468176,0.0035552641796878517,3.0026317671872675
815,0.16172555125690186,0.001166281449834081,0.0013965444922589799,3.06326587125659
816,0.4420506353740759,0.0017936861757083234,0.00444851013428507,3.010399281978607
817,0.6708962645633947,0.01664944831901779,0.019075531824557703,3.0482341730967164
818,12.612496787436847,0.20545794732242667,0.15932306452396305,2.990479450672865
819,0.5623928372047923,0.017034315045932384,0.017322019314006804,3.066012804862112
820,2.5801325260860692,0.07068276208731814,0.07391858950074945,3.0045602624304593
821,0.3719104828035563,0.004726333176621971,0.004428237768177823,3.0635968851856887
822,0.1955003115272855,0.05028960864671322,0.04972808824298822,3.008970762602985
823,1.0248240804226507,0.009673191133963996,0.015634891617275815,3.056404502131045
824,2.6768232814893667,0.04271959758457369,0.04492880311869967,2.996647489722818
825,7.121802703421518,0.11146345345617642,0.0762217797828382,3.061614555772394
826,0.07666932796336502,0.002722627667170423,0.002764511495161675,3.0066838753409684
827,0.1181444433576253,0.0013052848846298174,0.001723559605335007,3.0635660919360816
828,2.5860230031169253,0.006072939157601514,0.026730541910613116,2.9943706118501723
829,0.3435044990873295,0.0014146753203187902,0.0037027136422318595,3.0667296033352613
830,0.32725011331496645,0.0007362154990335366,0.0047168309854510645,3.0043922080658376
831,0.6940941835115679,0.013234728761265512,0.015675420021268493,3.0557003039866686
832,0.07153354910087584,0.000870483260047152,0.0011170945995083363,3.007120932918042
833,1.5666193422040062,0.016466527693234655,0.015816227550513158,3.0555104822851717
834,0.4942650261890355,0.008319172823473185,0.006475904572685247,3.0013319752179086
835,0.2160473456253214,0.007399064623237384,0.008067806762617421,3.064644522033632
836,2.337912300333553,0.004629053060134262,0.028767454470614667,3.002906451933086
837,1.1339045849585936,0.004997454235019594,0.009212718651320369,3.0638686162419617
838,0.18563879698397698,0.0015272893766669921,0.0015639764278562985,2.8339063031598926
839,0.04403035825065639,0.0014023823783250882,0.0014922205072488062,2.943707110825926
840,3.460699303859969,0.01314606799005703,0.037483516844240956,2.9943746929056942
841,0.13295342387068576,0.00045681424510773196,0.0013514966087127822,3.0011236211284995
842,1.7497393721326757,0.009051340658968116,0.01405734455656484,3.0597940268926322
843,0.19277050150022124,0.00179991084400205,0.0029741012037997347,3.0054838438518345
844,0.06160466982132543,0.0009997474988686483,0.0008554196173560459,3.057332367170602
845,0.06224779399202725,0.000870948935726565,0.001276082239299835,3.056947606150061
846,0.15387026520545258,0.0013645225492614206,0.0027861236738855283,3.006492632906884
847,1.7368675080874603,0.002836173207581422,0.01806955046958235,3.0586731960065663
848,0.1103545420457832,0.001974828111098485,0.002141660981921122,3.0145171508193016
849,0.6026828958850184,0.0035802052798482482,0.004891814509680137,3.0071314428932965
850,3.785227838041397,0.02082909989183129,0.039087996450129725,3.050040331669152
851,0.4838629984523708,0.004584958547743029,0.0034665740648856126,3.006383302155882
852,0.19381766640922832,0.0018659390088290575,0.0017659810564971778,3.0682802200317383
853,0.6291419680824835,0.005307129368651641,0.005376102797691616,3.069184483960271
854,0.5058951288601492,0.006551454337234295,0.007211968484916219,3.0048720161430538
855,30.319998208310423,0.23905027913531351,0.341910188003414,3.0507338400930166
856,1.1553928558884816,0.015525173525400742,0.012567952808340643,3.0094453962519765
857,0.2550025810967059,0.0030744915975409156,0.002340580875318328,3.007240383885801
858,4.348644427710873,0.08315653032813665,0.07256139275660925,3.0460388669744134
859,0.5028828395520707,0.0073664590805917985,0.006273974932278255,3.0089367255568504
860,1.2190406080064746,0.03580607330970915,0.04398548837298181,3.0471111610531807
861,0.6681670311107363,0.007192494884620569,0.005055657664567953,3.066195588093251
862,1.2350936305931604,0.007113232011303536,0.011276209737521671,2.9934922056272626
863,0.37100058192958585,0.0033917299792676544,0.004507259414871339,3.0632526078261435
864,0.06595521782805763,0.0012455700374609919,0.0008505750882863772,3.004948460031301
865,0.11638894041644991,0.0005513906872437093,0.001131519243079383,3.0053935423493385
866,1.2110242266019091,0.02678921581606229,0.028131283685452327,3.0673317019827664
867,0.07956708649336335,0.0014997844812629937,0.00158786649378443,3.004204890690744
868,0.44161093576796145,0.00627672574225818,0.005032717316007016,3.065642506349832
869,3.1063769504147034,0.035417722971228055,0.028448569580317513,3.0468508591875434
870,0.1426015222658192,0.0016756019716639738,0.0014985381390403014,3.007027870975435
871,2.1655142204093276,0.029829860274843016,0.023239787471658436,3.048276592977345
872,1.8766600170363978,0.022132109527346375,0.021240335478110668,2.998629728797823
873,3.576089216276418,0.06979288532065797,0.05395277675792681,3.000067902728915
874,0.06288301748953726,0.002236832586336005,0.0019141673414350435,3.062539638020098
875,1.9764475070517618,0.018349508022474145,0.026076720013871155,2.988518707919866
876,0.09803523991657484,0.0008441304521989029,0.0009402098873314468,3.061037609819323
877,0.39445110609173967,0.018829520729919634,0.021334630798474585,3.0621327999979258
878,0.37110105181314124,0.004394894086164072,0.005214747494621266,2.9967980827204883
879,0.15663688049216654,0.0018385329712603963,0.00145518285946145,3.057417069096118
880,0.41524566511916633,0.0035485521926036673,0.005768453087097795,3.0025994880124927
881,0.8594173854288742,0.007870569621774282,0.007632009035425412,3.003685554023832
882,5.003979224252986,0.0884570514961227,0.12387115688595107,3.0673103420995176
883,0.7136512092347695,0.03478961349121016,0.03317328457007298,2.993804390076548
884,2.4731236539078445,0.03650331266875577,0.0362295973162564,3.0474395668134093
885,0.2713582954751576,0.003961159001265482,0.004104720095475458,3.0696910335682333
886,0.1011540833438081,0.0011253700948179453,0.0016000764133627728,3.004197272937745
887,0.05928141669630909,0.0014114624714656621,0.0014572479349768774,3.0601874692365527
888,1.7040796933542623,0.007211343489057339,0.01987891544871572,3.007181186694652
889,1.581909766822302,0.03995629692843178,0.04705236896406813,2.99833797570318
890,5.19942850148537,0.029916626882607957,0.05913907765707802,3.0508789978921413
891,0.27693487668449757,0.006614590329901294,0.0043700843432307465,3.003270879853517
892,0.03545517909943999,0.0007621190822025728,0.0009989475332616243,3.0610123449005187
893,2.5793604431504082,0.03885496844715883,0.04416292157742851,3.0581967937760055
894,0.16170466357761054,0.002619413316005076,0.001938188946973484,3.0050938851200044
895,0.4610751673650722,0.00468232159316281,0.0046805360767218215,3.066972780972719
896,0.5090690560924107,0.010962437389300868,0.008898622618349873,3.0046419738791883
897,0.022189076892344107,0.0009367735007519229,0.0009486035305723611,2.8283797982148826
898,1.2912468362054428,0.0125265187214521,0.01578031789451818,3.056753627024591
899,0.19269051587180253,0.0019630896947716078,0.0021119473324735408,2.995356163010001
900,0.08100365471574467,0.0013255065595313726,0.0010562631558158166,2.77579437661916
901,0.46833161377434734,0.19445357841148675,0.19402201029034127,3.013669590000063
902,2.1674597087806053,0.14251393565841272,0.15843659485733574,3.0436833347193897
903,0.09103147198609929,0.0018982417822887463,0.0018447805203351984,2.6588314566761255
904,6.543295585275542,0.09243814374453836,0.06661464354556629,2.9883226677775383
905,1.526622657507842,0.10339597978620269,0.10847753694041733,3.0616547693498433
906,1.2505800431946812,0.04407155604496932,0.04059180358428891,3.005405442789197
907,0.4225426991197157,0.007645436414807995,0.0060676187224926155,3.054687441792339
908,0.5479261873635172,0.005389558938297267,0.005975320453791169,3.0124874389730394
909,0.10624347082348239,0.0025861396087095527,0.0025622796136774632,3.0557880578562617
910,0.11866707114123275,0.0021416608215831428,0.0023953243597830813,2.9989470280706882
911,2.194140505401576,0.03257449361791264,0.027362892614797917,3.065562456846237
912,2.892308677085816,0.023848235805843068,0.031261779764318015,2.9994987579993904
913,3.73753223930028,0.05886859349793281,0.04598912990459733,3.0557501171715558
914,0.13228310116826647,0.001421746140604774,0.0026420807335499827,3.003236258868128
915,1.5601565084403661,0.023688307734159263,0.022465367048786822,3.043946987017989
916,0.2399079369144995,0.0006100784505988065,0.00301014253590982,3.003410038072616
917,0.1252283876154547,0.004863617855007467,0.004504878763759599,3.0602252590470016
918,0.1056492459978275,0.0025454886720969604,0.002277532050413217,3.0106415660120547
919,0.03282668178709851,0.002988801593763752,0.003125908624767264,3.053234342020005
920,0.4839060619838995,0.04154518757846402,0.0395710070291518,2.9984412817284465
921,0.1440132025887265,0.0015583001350325365,0.0019774130699299185,3.0598947680555284
922,1.6247345868386056,0.09469132999495111,0.08557011416376911,2.9945244938135147
923,1.4963680354638054,0.18873734589666322,0.1932983901547441,3.047582398634404
924,2.9002421087338535,0.047252553237780354,0.03782066342506257,2.998536148108542
925,1.0086968789894115,0.04249004922360796,0.04874384070561465,3.0641807061620057
926,0.12261067062555166,0.0016866428426933087,0.0024181660812898115,2.9967560172080994
927,0.06001759250303396,0.0007270215189380006,0.0010362302303111475,2.712757240049541
928,0.12389940204693425,0.001205489510100027,0.001371021946435052,3.003827498294413
929,2.917327451612487,0.026767071193126202,0.02219385710844076,3.0582665959373116
930,0.06982689242370156,0.00037928208539504286,0.0005986205192171545,3.002507030032575
931,0.05340452707718293,0.0009594083293111155,0.0008437331104693378,2.8264825139194727
932,2.1949562784623753,0.019464747941580707,0.023592515894602817,3.0495478068478405
933,0.4384882639908278,0.01574753246401253,0.015271147063925194,3.0088496953248978
934,1.4750333241620057,0.08246391449532238,0.07058530836300266,3.05524675315246
935,5.557664023291245,0.03098482727674023,0.04903022302554409,2.9920935351401567
936,0.4113874557997295,0.01623026873477321,0.014130682292107418,3.0642679957672954
937,0.8512724394376533,0.004857313117914103,0.009273505611075447,3.010031376965344
938,0.268225085757954,0.011257244124577116,0.012637539176637642,3.0674699461087584
939,0.0597625321200666,0.0011810157242048312,0.0010209922100185194,3.0069170030765235
940,0.05132392520766785,0.0009581381804027348,0.0011185290095756595,3.053270815871656
941,0.055890800447175974,0.0009162579808008292,0.0012715924157810472,3.0026668370701373
942,0.5158132707404345,0.006595538941989777,0.004069622724195845,3.0626738821156323
943,4.243887574123772,0.020428340499851566,0.06298450117312464,2.9940468249842525
944,0.06309704897043386,0.0009940814664465341,0.0006623958705642043,2.710927511099726
945,0.7449411454901024,0.03141014054510703,0.02548925930668179,3.011649718042463
946,14.952205083159132,0.03287224659234571,0.12378791195891958,3.0517820050008595
947,0.5541896943818823,0.014972735177198203,0.015768366959935255,3.00433234218508
948,0.12517326074764074,0.0025816877924836417,0.0027952832320281965,3.0589367346838117
949,2.8503040478520854,0.04556021136831698,0.023138942549489994,3.0001034401357174
950,1.715677091541113,0.011111731235701765,0.015457921980326023,3.06525418208912
951,0.1201258493671898,0.001186977301679009,0.0016575262791790842,3.0052154599688947
952,0.44254567835946795,0.011571908238057559,0.010770409716520712,3.065266646910459
953,0.38358694377717245,0.014100868228054269,0.014065586925733977,2.9930028300732374
954,2.9384699218977506,0.008024655220964742,0.025748929883169475,3.046763470862061
955,6.443807453718578,0.08664398512071562,0.07649786877614968,2.9888525642454624
956,1.0496180370741734,0.025642415781101328,0.024019034050826317,3.0542611409910023
957,3.821260738300711,0.027364212565034744,0.020023585602612,2.993461315985769
958,0.2505782966791852,0.018397313619413463,0.017542290312978423,3.0567158171907067
959,1.4524418885200219,0.010864728146746199,0.011516228569926392,3.0100572709925473
960,0.3508121806693274,0.0184307881586299,0.018052562444852174,3.065201611723751
961,3.840032959034619,0.04573719634338009,0.03589160857123055,3.0047754999250174
962,6.054195771443526,0.13338654153024898,0.09881776428924438,3.0464483369141817
963,0.07332751297107674,0.0015452421175346381,0.0013009566874060575,2.656906400807202
964,1.5099594130717964,0.010063388032556029,0.013693099954939699,3.0061172959394753
965,0.05710692475061635,0.0006851725052546419,0.0007433200056811487,3.0621039955876768
966,0.35162222355810224,0.0030333983467941464,0.0055725524501157855,3.0051143928430974
967,0.7367539213686255,0.0455594942092977,0.04462312127512848,3.0559176048263907
968,1.9222977601300602,0.0417732843818315,0.04241822052013373,2.997595415916294
969,0.07487852018129305,0.001914605531080483,0.0017901658242609807,3.058197438251227
970,0.816756532117258,0.042181927966125896,0.04546548248356726,3.00772567326203
971,18.474270425068568,0.12457132051185377,0.2079529528672076,3.047019565012306
972,0.27933137151805404,0.004946994050277072,0.005280945145732345,3.0102254399098456
973,0.29885227038972556,0.0011559005415646617,0.004270550749548737,3.053996677044779
974,0.09373562277487121,0.0027736825109727567,0.00215720849337811,2.9997774166986346
975,0.16823802550765363,0.0027696559240907048,0.0024539534389697425,3.055829682853073
976,0.6867425431094489,0.026635516672557667,0.030794201582087295,3.0069397296756506
977,1.0002562296677908,0.013480453104408355,0.012197599658169519,3.0638729007914662
978,0.2771695201177507,0.0721078005458191,0.07304086412196008,3.0030537308193743
979,0.4220404573531501,0.022573247657918363,0.019453208830843234,3.0515906270593405
980,0.11641273486057105,0.0021127038075035645,0.0018108687150162903,2.8369725099764764
981,1.592655641012046,0.01610076391450652,0.009751932607037599,3.0644951267167926
982,0.10917473387397879,0.0027419929126776114,0.0022280793385860156,3.00231053866446
983,6.061986600300076,0.037026789410890916,0.05841079769441316,3.0561335240490735
984,1.0506943105639368,0.011845330932767786,0.01329447553472943,3.006834038067609
985,2.2329095220916413,0.03009844007498125,0.03193357110195517,3.0476981857791543
986,1.9589036776758753,0.027374641686941568,0.027417286645346033,2.9915311373770237
987,4.57656819860204,0.08932439348285798,0.06948385537388975,3.0616229115985334
988,5.474217816065307,0.06538545362784977,0.05593931504184346,2.9939854787662625
989,3.899054856361419,0.02965003444373457,0.014224692200039845,3.045781604014337
990,4.632228406117189,0.04739846013277944,0.06163045142753277,2.993773696012795
991,1.733445235878006,0.04512510925255634,0.03697728242760446,3.0648278198204935
992,0.13959871991003142,0.0005987923940291238,0.0017951142112859694,3.0020739738829434
993,0.19976610089578362,0.00130359829653747,0.002048454702544015,3.0595885161310434
994,0.899048716772503,0.04020991409804498,0.038489288615414535,2.992809573188424
995,0.07592955532587918,0.006840648085309678,0.006644203113827841,3.0586940916255116
996,1.2640109011844645,0.020691718468056508,0.017790875086576976,3.000503384973854
997,0.05088775046653877,0.002603145448363621,0.0024529303804675644,3.0551070529036224
998,0.1865236793176529,0.0008498972887143675,0.0027299729322865667,3.010082599706948
999,0.18428756620157535,0.009382125954150541,0.010708893394349965,3.06489978171885
1000,0.6563019076524924,0.008903645402380502,0.007349292029119661,3.0066317268647254
1001,0.07680241129429019,0.0020758113310222082,0.0017491176084813655,3.054794370662421
1002,0.09461108295399426,0.0013270820240265581,0.0015511370111095518,2.997506760060787
1003,4.446827371037491,0.018623651602254102,0.0486119285011728,3.051971117965877
1004,1.4875566235904634,0.21541223950279123,0.22012156827202436,2.997670667245984
1005,0.5721323434132463,0.038652589607194546,0.036744203133082964,3.0622290377505124
1006,0.16939227610084756,0.0007443703704525103,0.0012091679140964235,3.0095951217226684
1007,0.18217042148722848,0.0023510938147282318,0.0017201716938644576,3.0637238966301084
1008,3.681713690667899,0.08526342338026698,0.09634607309017021,2.9966983841732144
1009,1.249935498612521,0.04604277759701164,0.04743690916248999,3.059404449071735
1010,0.8106003819545199,0.009449014675480105,0.011214317771231679,2.99561587581411
1011,7.4833714696513125,0.09833799774931126,0.09598170457573062,3.0565834469161928
1012,0.16891879632488957,0.013102848169740644,0.013856960177942142,3.0108233452774584
1013,2.39562891023232,0.0481635759771902,0.04049844370403582,3.0433574081398547
1014,0.20497557470452557,0.002103757008256492,0.0011696032802673562,3.0117782750166953
1015,1.1450861658170022,0.03157029683113711,0.024092470297443616,3.0661775111220777
1016,1.7688649299456851,0.028314775334128867,0.03162175666524651,2.9987088087946177
1017,2.8515049227646965,0.043434177662040156,0.03396518710026389,3.045928763691336
1018,2.538908661060227,0.00477752558852219,0.024546990931209562,3.004078112076968
1019,0.05708518663336777,0.0033762788299133762,0.003046197815115197,3.066017546225339
1020,3.413183962820036,0.026896735240101,0.035662646814574636,2.9931142032146454
1021,0.5215336610028328,0.006763491629210464,0.006698911856940995,3.051619333215058
1022,0.058053776056746255,0.0016147405936726787,0.0016100015729085288,3.0053809457458556
1023,0.321194147191593,0.004702701019583904,0.003095680494161351,3.063446218147874
1024,1.9512751764497314,0.01837661210931631,0.013746009231048639,3.0065988143905997
1025,3.6737612246721345,0.04842510653418743,0.045540155102798505,3.065203335136175
1026,3.096784622027908,0.024434448637957396,0.04608590182909815,2.9893465009517968
1027,4.922523827707974,0.09137868374464372,0.07332821543841943,3.0554578127339482
1028,0.5847683405463723,0.012857478195366636,0.015775137328624705,3.004860854241997
1029,0.049697801833437937,0.0011046496277257658,0.0012542872774245427,3.0526553499512374
1030,0.08682134577633051,0.003642166099445536,0.0034957314991338343,3.0205428916960955
1031,0.39416329426282826,0.04311635508094603,0.04359493223635116,3.069093738682568
1032,2.9438230349530072,0.03132301457813055,0.04263537045174663,2.996349001303315
1033,0.42205567963306784,0.0017698470312856448,0.003710927283584207,3.0598268723115325
1034,2.4312485780816506,0.0475036340555834,0.05453479121300174,2.9860974280163646
1035,0.3069547720778711,0.006726775202094002,0.006001627632941961,3.059264055918902
1036,0.535016117984702,0.005036968818322204,0.005457917504836315,3.0076136249117553
1037,0.23387191835999172,0.04911939759867551,0.05018322381984573,3.0633933767676353
1038,2.6497285871487524,0.037224065002815984,0.02439048446364279,2.9922198951244354
1039,0.3518609017996583,0.011238642634122695,0.011388559907279446,3.05524639505893
1040,3.832143903171947,0.031916138143827925,0.050139831494086816,2.990112222265452
1041,0.3240626826356814,0.005050154899702982,0.0034294428418326366,3.0521609797142446
1042,0.3835239892777045,0.005142053735199078,0.0036505102722581197,3.0084066740237176
1043,4.969313687367326,0.07925797180281732,0.04159704240773904,3.0474386839196086
1044,1.706807983865025,0.008604338458856421,0.025344457649081515,3.0126385972835124
1045,0.9382369085704463,0.0846679327958676,0.08307499412678392,3.054056093096733
1046,0.09713755089674679,0.0011254676628005694,0.001788370483402642,3.0108482907526195
1047,0.14693184622023367,0.0018576127349006844,0.0012658420334180742,3.05788809992373
1048,0.12949553405252773,0.002281247777571702,0.0015576115234289497,3.0027895690873265
1049,0.08766790768066668,0.0009659400743115133,0.0009956549991444455,3.0612624399363995
1050,0.20782152009514857,0.0007839917672485911,0.002519407233085293,3.0084242089651525
1051,0.10030741309266178,0.0007104769885189435,0.0012463410424750558,3.062991396058351
1052,2.195341331292058,0.02395205889841806,0.03021072134580262,2.9925470710732043
1053,0.9124444131901412,0.0849626202166714,0.08526349866005303,3.0485051926225424
1054,0.18813617450796458,0.0052032010334628126,0.004381436391920618,3.0041447482071817
1055,0.08662526791474333,0.003338641338439045,0.0033016215204583845,3.065620413981378
1056,0.09934846159775512,0.000600179347703656,0.0008481613965150964,3.007450243923813
1057,1.184296322301762,0.033569806600812824,0.04522559512834235,3.0600666208192706
1058,0.264891721347162,0.0018926196972946024,0.0025433209064953505,3.007362441159785
1059,0.18198770588136237,0.011725683626718759,0.011451989500978766,3.0647896877489984
1060,1.349492344290604,0.0048873802831332245,0.018872795362917742,3.0019261320121586
1061,4.808868158894797,0.13674193203549612,0.11469640622645799,3.057461737189442
1062,0.12345733173993091,0.0022749415931691943,0.0016962240679143316,3.012537679169327
1063,0.8680975453767512,0.018910058455928795,0.015318620691902849,3.0504485708661377
1064,2.827261296296233,0.024167913877188356,0.028732943693696732,3.005044607911259
1065,5.052078933571809,0.03550105016342006,0.04945095368117852,3.0477381572127342
1066,0.2009768710878309,0.0041300238715788334,0.004773469390956443,2.9934924650005996
1067,1.8321171831549024,0.01894347509094919,0.017823014116427154,3.0675638229586184
1068,1.7938020416779061,0.016862346035778217,0.014938647918855626,2.994014742784202
1069,0.11678365462890154,0.0014031473710640766,0.0018584677196697367,3.05977713316679
1070,87.46810491243225,0.3978998305122552,0.5038375410076485,2.994303013663739
1071,0.22033096107732522,0.008711957796755208,0.00785824396187488,3.0600213231518865
1072,0.1345394286858152,0.0019348922626860501,0.0014963624806153021,3.0053356527350843
1073,1.1600840310910987,0.01985608453406111,0.02210135923428232,3.068350641988218
1074,1.5718586322514876,0.007101689280591198,0.012431909153209334,3.010478581301868
1075,2.8626305419140836,0.008088820226479826,0.025765720062367388,3.0521642919629812
1076,0.16611864667537735,0.003814362886497019,0.003082425418260882,3.0051628816872835
1077,0.16355797839100567,0.002079876326872473,0.0022998140770046404,3.0575229888781905
1078,0.28986650283498416,0.008453858231337675,0.010510094228357624,3.0076995259150863
1079,0.14842830566729537,0.0015357337552423583,0.0016130224357804156,3.059966705739498
1080,1.5626310240618722,0.1358472381581341,0.13343810376412898,2.999523533973843
1081,0.2082853376769394,0.001747925721852257,0.002398376857488834,3.0797554808668792
1082,0.25261080762249377,0.0012621139389194964,0.0029415277573053068,3.0090631768107414
1083,1.1929082233571586,0.03419982028046629,0.027520571255944593,3.0622632447630167
1084,0.1860158601343144,0.001131863570768994,0.002212863774946446,3.007946530357003
1085,4.229936848572969,0.04141932137512921,0.04855781402610401,3.0644650110043585
1086,0.09152885441734701,0.0006162668324203194,0.001137196909743003,3.006775683257729
1087,0.4535899615616442,0.008221869976230636,0.005113967445467986,3.061651566065848
1088,0.08960289517684451,0.0020461821953318324,0.0019109533749401505,3.00767428195104
1089,1.281979066100217,0.08487779175885114,0.07601676945891342,3.045458336826414
1090,1.3995576238010121,0.037201902137462224,0.04162771824405241,2.997723933774978
1091,0.795769136616623,0.010446713438294673,0.012581448949836068,3.0581936328671873
1092,0.38475927751759015,0.06412534349331477,0.06336035268510867,3.010597364977002
1093,1.8653831412334603,0.030204505695482574,0.027343352500482674,3.0571383233182132
1094,2.488368963132749,0.011431687684665594,0.0207550816088696,3.0022931727580726
1095,0.13354559635255045,0.0011195030362358685,0.0014409915013265683,2.655252463184297
1096,4.17151729917172,0.055838807428229116,0.06545724661965364,3.066850137896836
1097,1.2390496760103573,0.025890956870406746,0.026599734026547285,3.0011243727058172
1098,2.2913101646228906,0.020554819377553196,0.015321292510816794,3.053894257172942
1099,0.4674504580224506,0.0076947366970254545,0.005108102061969158,3.0113103119656444
1100,0.25552788310618685,0.008254214296327876,0.008887280243671091,3.06051632668823
1101,0.14191296071052978,0.0010696600423825804,0.0012616710826963064,3.0024458449333906
1102,0.35435398962000747,0.005011837801125775,0.004862027828288805,3.055148840881884
1103,0.13932360637966934,0.0009591309660938043,0.001558730412049436,3.001518321223557
1104,7.3806640781010415,0.09279252156181973,0.10590492086466205,3.0468573020771146
1105,0.24348606945384843,0.002341160983348429,0.002971898095388729,3.0076258941553533
1106,6.302585861414501,0.10528951517110013,0.08002705051223259,3.041356578003615
1107,0.11508541086780966,0.00099271808571962,0.001475824677495293,3.0081194597296417
1108,1.564774717788572,0.02356924154318155,0.018423837015347142,3.0589783070608974
1109,0.03644323956677095,0.0025745524364103925,0.0024396068284187693,3.002280002925545
1110,0.1368036038213122,0.002320802656331935,0.0031827875898087646,3.0570030296221375
1111,0.2409293089639482,0.006232224272817888,0.00438783954498842,3.0072212060913444
1112,0.0625062234782706,0.000847008586616046,0.0013155023052656997,3.0566363791003823
1113,0.19321809491258352,0.0012207905700972637,0.0019201561556612852,3.0007031420245767
1114,0.17282306083773769,0.0014263427181469544,0.0016968664827577084,3.0567025090567768
1115,0.4163777062425624,0.010694143896362989,0.010122624167512907,2.998528097756207
1116,0.8620453270432181,0.007912613984871801,0.007732599460276592,3.054618409834802
1117,0.19942156868303654,0.0029777089979372133,0.002777163660259065,3.0048757730983198
1118,0.09672684756565493,0.0019062779107379111,0.0020445898435040803,3.060250827111304
1119,0.18354467904985414,0.0034012727141838465,0.0032938171385650814,3.002183960750699
1120,1.1918568590728258,0.021093429123709786,0.015596465051086552,3.053106652572751
1121,0.27489078198563266,0.0038476806120397618,0.001885608187175234,3.0107097350992262
1122,5.283120769669277,0.07332117150477216,0.07381213999310195,3.053263023030013
1123,0.49421783080953086,0.07366417176293098,0.0732847363092523,3.0011726641096175
1124,0.41905799771127583,0.003744296814610436,0.004137088290915561,3.060849920846522
1125,0.4504044681365971,0.0073227146873125265,0.006072789625473831,2.9990643141791224
1126,0.15610781302803334,0.0011052120629945121,0.0021058296648603647,3.0616558268666267
1127,0.8574633733706906,0.013932800377754321,0.00767923547080622,2.9969709110446274
1128,3.1409878574154986,0.028048643143580288,0.029942943171443352,3.0488828541710973
1129,0.6275667924192363,0.0049574983328418264,0.006103110527452717,3.0032538291998208
1130,0.1497585409147893,0.002357347161512344,0.0021314904903400227,3.059478361159563
1131,0.4193256242915548,0.0008999503848155071,0.0032101239704676507,3.010653248988092
1132,0.026133575025095418,0.0015128777214052764,0.0016002843988385867,3.059904261957854
1133,0.32450881059957265,0.0016398799568249191,0.002812153292108987,3.0040504168719053
1134,0.1526114405314072,0.00276584324672036,0.0029382862903755465,3.0511260950006545
1135,1.7614637765858818,0.021543705487780784,0.021684453431880614,3.0069250520318747
1136,4.830800879022282,0.14045958503732406,0.14751338054344842,3.0654993471689522
1137,9.704823042329467,0.04036750730976517,0.11737105824894384,3.0034191319718957
1138,0.15050502011567593,0.0015010811566337498,0.0016027597384422442,3.0590317519381642
1139,1.7997006231509964,0.1038526313744763,0.10638438813567178,3.0146964811719954
1140,0.0748250665336265,0.002395286988702691,0.002278341107098417,3.0591285028494895
1141,0.28205580155785215,0.007974415548391135,0.008389048882210674,3.002086339984089
1142,1.5646998072113045,0.08887292007737944,0.09469914199957166,3.0446633864194155
1143,0.10398898587080822,0.00176786632715977,0.0016885053223038347,2.539708641823381
1144,1.8709727472612148,0.031153689784488035,0.020030182169849767,3.010444773826748
1145,0.12125942148592019,0.0008059143352621564,0.0010694439148870734,3.0597163569182158
1146,0.21417948442854243,0.0047141293275405165,0.005026334866249726,3.0038276449777186
1147,1.0089233048828108,0.016715979339852558,0.017293178243159932,3.0599686871282756
1148,0.08259461057324147,0.0009436319696602548,0.0014220524478789768,3.001877495087683
1149,0.5022139970962836,0.010434285322409568,0.00835419226333067,3.053412076085806
1150,0.886441769484648,0.207126467465487,0.20452604070345026,3.0110477758571506
1151,4.590708758115841,0.008213400063766932,0.053480382484125184,3.043410371057689
1152,0.06484840485640557,0.0027311239463462104,0.0028190917015502334,3.0038699749857187
1153,1.8104186494955943,0.13162252748137568,0.13167453132790408,3.06015762174502
1154,0.0,0.0038697330902417383,0.003883748166869675,2.9987952280789614
1155,1.228797293121613,0.01623792799911618,0.014270954857123905,3.066403253003955
1156,2.3010653101964587,0.05863944632506595,0.053943293718779,2.9918518853373826
1157,0.11543500185556936,0.0020668170472748866,0.0015865134233879394,2.8299938961863518
1158,0.28711894127100407,0.00564233618519642,0.005092092502701906,3.00352347176522
1159,0.905706561550733,0.012857072390860475,0.02018601226109146,3.057143645826727
1160,0.12964920385409404,0.0920433392230777,0.09204764747544104,3.0028229020535946
1161,3.83199427519435,0.10203362408077002,0.07134479029634748,3.0504340366460383
1162,0.8777490687012552,0.008894763804369167,0.008407304757260838,3.0055629848502576
1163,2.4177608341109638,0.02168852275787066,0.03261475996396269,3.056394296232611
1164,18.76805189464972,0.1925343431457321,0.19458316415603388,2.987827491015196
1165,0.14168657494043244,0.004658691996572779,0.005097641907258262,3.0609933990053833
1166,1.4319789459794487,0.029076465279425496,0.03267507275688574,3.002891695126891
1167,0.7326972431504009,0.007417651188676019,0.00927821560385449,3.0501173809170723
1168,0.3018440379615615,0.001872727715476996,0.0022089959716873778,3.0115684838965535
1169,0.3243144464372338,0.007110847285031782,0.008335963320578748,3.0580567410215735
1170,0.3479190982862055,0.005042459362354064,0.004991515761972098,2.9952395418658853
1171,0.24829428349261765,0.004359911815457463,0.002966585852556569,3.0617042910307646
1172,0.07367095050076457,0.0015994341701558222,0.0011776289766884003,2.6545178308151662
1173,7.272033690964375,0.06446984347640147,0.09215975242140947,2.9910170952789485
1174,1.0641302813799531,0.006425303792252131,0.007849152266926772,3.047789602074772
1175,0.11228623303005214,0.0015973925774868541,0.0017453768102514413,3.002115343231708
1176,0.3965733845426351,0.006193651140944141,0.004902343152371973,3.0647354181855917
1177,1.7634381913685204,0.03033099572741429,0.037610701099567864,2.9953079828992486
1178,0.1195581552171627,0.0011428577801253182,0.0013241801696581975,3.053159393835813
1179,0.7916763538672099,0.014173348993023591,0.011560012956083934,3.0034840367734432
1180,2.6272575127299014,0.018959852065652386,0.0297526435828823,3.04774974565953
1181,0.8462233402318472,0.018408149052339437,0.012502126718767503,3.0045244698412716
1182,0.26215077592708136,0.0034827287609738014,0.0038520414296374468,3.059269302058965
1183,0.1329628515315005,0.002591820783994462,0.002321871868659143,3.008337401319295
1184,0.05531660907286023,0.0012046588425524325,0.0014181220870968948,3.0589963323436677
1185,0.792924901417942,0.005281186614453555,0.008834217823893247,2.998959355056286
1186,0.1843284601290503,0.0022852540216648193,0.0030456849371655937,3.0587264178320765
1187,0.9707701665867201,0.00522515023440116,0.00766900984012039,3.002988550812006
1188,1.3120235326144325,0.003258619194256187,0.015330706766525991,3.058787113055587
1189,2.8100364185252324,0.050160793748920504,0.03584512915789007,2.994091595057398
1190,0.24435271144993037,0.001728335642859211,0.002494578139493674,3.06637217476964
1191,0.12702492604201504,0.002582123530093858,0.0024475705716081233,2.998599492944777
1192,0.10791348296280664,0.001425312438670378,0.0015984555218230823,3.0651513608172536
1193,5.34562035907715,0.05645365082317337,0.023721714323487218,2.987574187107384
1194,1.5052758849295118,0.030927890634271975,0.020052243428581182,3.062907323241234
1195,0.36829108359323715,0.054546918221616815,0.05408430049983927,2.995615230873227
1196,3.3929163453137834,0.02144190353450126,0.03220372424209752,3.046394012402743
1197,0.6935199164213793,0.052237745518239016,0.04977103414537385,3.0075038950890303
1198,0.23417603885601945,0.08712446711181099,0.0872558573286902,3.0674992608837783
1199,0.31818793577427124,0.0019281184903019966,0.003252344975883775,3.004182077012956
1200,1.1661964403556495,0.01936990540069187,0.02657743903810506,3.0635736072435975
1201,1.5571548235938593,0.05980984251053949,0.06693330280385774,3.003054292872548
1202,0.9879499777606969,0.0673989466923736,0.06544434881282207,3.045333315152675
1203,1.1985528972335449,0.13675276655156896,0.13495751958127025,2.9964342918246984
1204,0.11620350291375933,0.002248976935183357,0.0016998876381451528,3.054095265455544
1205,2.307995073891901,0.03604584380376276,0.04007849863510647,3.0082730120047927
1206,0.45395917972724564,0.10886232409243957,0.10769129590953826,3.0451767276972532
1207,1.5447938796846616,0.023396543167333948,0.022746485049526477,2.9994024131447077
1208,1.823582618942455,0.03499721601194589,0.029095822784091518,3.0490266969427466
1209,2.6202477859491853,0.03417246748968233,0.03230251183723799,2.989257502835244
1210,3.393201901928409,0.06369000357884375,0.05489788634828866,3.047833716031164
1211,0.11888757596864293,0.0011947204536022953,0.0010801760132888964,3.006704214029014
1212,1.675481856907117,0.02644556129761657,0.027162817219152174,3.0510336621664464
1213,2.3796284357098685,0.029488661421672408,0.016696741464930217,3.0080406609922647
1214,0.08268311107298879,0.0015289108253532732,0.0014609936467580896,3.0576024344190955
1215,0.25349909147029315,0.006152049595505169,0.0037255117683419278,2.9964878843165934
1216,0.11136313606762899,0.0010592074148551476,0.0018558826246035227,3.061293268110603
1217,2.3062206150321884,0.009493473533348508,0.018463788907764733,3.001805871259421
1218,3.635072265854537,0.0339009201129104,0.02991531249313839,3.0495630279183388
1219,0.5497373431598526,0.19177985118234192,0.19335134803179133,3.0157878887839615
1220,0.8172944118553704,0.030313131727247207,0.02512313403244784,3.050467104651034
1221,1.1514718430593303,0.0027087886265166144,0.010120656489715867,3.0078386580571532
1222,0.19983989494130536,0.003882107636662498,0.0031437981642609097,3.062137408182025
1223,4.565245316840181,0.05224397852879206,0.04573502148314171,3.006250782869756
1224,4.508952785942474,0.05345934008850694,0.034675355709530654,3.0528921941295266
1225,0.2476389090329829,0.006049259896832276,0.0048605094328215475,2.999008883256465
1226,1.3603341444424797,0.02310421829756874,0.024248293060519763,3.065980752930045
1227,4.761521082410906,0.0918042706066477,0.09244331326617891,3.0027907388284802
1228,5.243978708200362,0.1544096183862023,0.17341012599046243,3.0637039309367537
1229,0.19143956563928838,0.004376104691315973,0.004395451562385787,3.0093606463633478
1230,1.1801103573256135,0.017247973303184786,0.016655088831851288,3.0503406110219657
1231,0.012699489698054948,0.00019754810915740398,0.00023573999822896054,2.99943058565259
1232,2.090580593293427,0.023846339123748034,0.01642197716340076,3.0612854370847344
1233,9.792986012588509,0.15901885935243232,0.167271298352195,2.9895624108612537
1234,0.8210867730010942,0.0034162460372157803,0.007100696521057721,3.067101518623531
1235,5.553411278471362,0.06568573843342083,0.08090920197268717,2.9959858916699886
1236,0.18304642878135313,0.00449809235305091,0.0042051888256234,3.0621352228336036
1237,11.151150824033223,0.08891318334562973,0.11485786516261548,2.9933116012252867
1238,0.4061323636602341,0.008003658086590343,0.007029354521074162,3.0600850507616997
1239,0.36996535367293737,0.006294280619356069,0.005320165537748342,3.0046185827814043
1240,3.168040635382731,0.05400810946791892,0.04728413834056444,3.046540195122361
1241,0.23770551718564556,0.004284663585527398,0.0041690608698419975,3.010027295909822
1242,3.747480881488302,0.052828611552322643,0.04541053670442383,3.049476059153676
1243,3.6221006270119487,0.05566421756689473,0.05409472421944495,3.001410386059433
1244,0.8394386163985056,0.003553900621732985,0.005692191726115976,3.0616291048936546
1245,0.4376595345014622,0.011902548819193367,0.008708023207491913,3.003764595836401
1246,0.4298869809441868,0.009514292638280249,0.008885884148309047,3.0661114118993282
1247,0.8529575251062324,0.022206469989750593,0.021276511723945044,3.0067425067536533
1248,0.5863966722821428,0.0041949758855515384,0.007131178705890083,3.064868927001953
1249,5.43011131152985,0.04709956795924826,0.06127321129477665,2.989348719827831
1250,1.5195475065729058,0.032599508939336885,0.03201321796825301,3.051387447863817
1251,2.436284990584015,0.034499895508186454,0.044263883533646776,3.0108842216432095
1252,0.18338958219698334,0.0022767005219787332,0.0026540889998521084,3.0614378820173442
1253,0.12928535880049866,0.0032277117517017844,0.0022717811445998005,3.0040952651761472
1254,0.1814933399434276,0.003683438969615513,0.0035294422244324807,3.053053723182529
1255,0.6697299590581087,0.015839047374140082,0.013216018451217627,2.9994341591373086
1256,1.5629548211835598,0.032249590676559525,0.020197469890081657,3.0530676040798426
1257,6.9002523961336255,0.13079878692685187,0.10137465963042823,2.986670753918588
1258,0.08752080985895747,0.0019161221639502062,0.0014955029053878932,2.9476229893043637
1259,2.2063719371180617,0.025624027231268016,0.017461222919523643,3.012008812278509
1260,0.47622182971505495,0.012186156720896688,0.01240386369624467,3.060016206931323
1261,0.2727851075769611,0.004467277280410001,0.004399333094503094,3.0084546809084713
1262,0.09961590724416308,0.0004721206718891312,0.0012362743669656286,3.057337655685842
1263,0.16733297770602146,0.00087855169089743,0.0017695266329296618,2.8913004407659173
1264,4.157961261002268,0.034462371562590154,0.06074412400925513,3.0465799616649747
1265,1.36828823519515,0.07448893815872384,0.07250913338773954,2.998841105028987
1266,3.1917759612649146,0.11396977219465201,0.09899865512323841,3.065155241638422
1267,0.8717922222715522,0.018927052465245803,0.02260592900253781,3.0121382088400424
1268,10.332823757409672,0.12231609355841966,0.09850937767585889,3.0423618871718645
1269,2.1882929825470905,0.0956469491764506,0.0810732072024658,2.993505691178143
1270,0.9584266818803155,0.009183012592171544,0.01356316847029861,3.061180609278381
1271,5.344232581433049,0.10501717239654741,0.06486327675020113,2.989512881729752
1272,2.913893007245048,0.018472233519829847,0.024726017835354618,3.062476838938892
1273,0.807699420181274,0.014306518819977871,0.011125532070680864,3.000642384868115
1274,0.42744368620920115,0.0021082008636189847,0.004084919460109079,3.061779197771102
1275,1.0562233119079976,0.02706726070780687,0.026703005280050627,3.0071868067607284
1276,0.31869235567086984,0.00570065311279115,0.005367012882167292,3.0591652616858482
1277,0.0596955999377312,0.001454405879922257,0.0016845957879429029,3.001530851703137
1278,0.1803497384939526,0.0016314575877490543,0.0018685011975318492,3.0638550990261137
1279,0.05435634659248216,0.0009737025372466198,0.0014250054764084583,2.996293772943318
1280,1.0305010107700847,0.03315152887462619,0.03225088875213748,3.04926211386919
1281,0.4574794826857191,0.0023829841313381716,0.005289877930757169,3.009828221052885
1282,0.4307932409804188,0.06833839385253589,0.07009317697061714,3.0656737331300974
1283,0.07089702190908531,0.0013098417466485108,0.0009950334813268096,3.0062310341745615
1284,0.12626886118736136,0.03218512226436175,0.032186165616035364,3.0483106458559632
1285,0.363724875819091,0.0012645106036178121,0.0031383338577366106,3.010786614846438
1286,0.41593395000179717,0.01704188887126908,0.015678037450745596,3.0710242288187146
1287,0.15823642437972962,0.00209006270216126,0.003381415638353295,2.9964667670428753
1288,0.4591085661023687,0.004606868870606015,0.006517184282947935,3.064020399004221
1289,0.094438503747785,0.0034676864840870246,0.002914399559123933,3.0066852350719273
1290,0.19407386532827392,0.00011247027958516077,0.002120243276177996,3.061684084124863
1291,5.367123145626808,0.09245180526266127,0.06825935724872993,2.9944886011071503
1292,4.566709879709322,0.14187032555132376,0.14356612635447716,3.0428541000001132
1293,0.5899715435674452,0.050423881097168624,0.0484418779884093,2.9937923727557063
1294,3.4371052548956875,0.04293558472839869,0.034622330907525714,3.049387219827622
1295,1.799148399069439,0.013041893684076461,0.017219258906717032,3.0085230008699
1296,4.124586532277013,0.04852358869294349,0.03898500702624054,3.045350087340921
1297,0.8729493763943484,0.044761206753587225,0.04715473820524166,3.0068762097507715
1298,0.574938889624104,0.009814427662259293,0.010218732492242772,3.0656281812116504
1299,12.0238975817577,0.04788200860090343,0.13565732905713349,2.993302831891924
1300,0.13199552755072078,0.0008603655258212188,0.0014297231999616327,3.0010487819090486
1301,1.416803878386692,0.03868141353421442,0.04518128225729541,2.996842486318201
1302,4.26565804610199,0.04142890977358379,0.05056440580220127,3.045648389030248
1303,2.18263476960574,0.18838837868755604,0.20106360437464182,3.005733722820878
1304,0.32409152546346714,0.004713375724841129,0.003074693100735452,3.05973073001951
1305,0.09531775935760273,0.000993471494221704,0.001167608536623188,2.999656307976693
1306,0.13562166350024774,0.000775793353500361,0.0017317745464899908,3.0602765060029924
1307,0.5190316946179466,0.011823799787365717,0.010406050913280352,2.9995639720000327
1308,0.8387131049763359,0.005590119149504387,0.012646807076570982,3.060254433657974
1309,0.13525384382079966,0.003239896705977818,0.004224612658004286,3.0091360951773822
1310,3.2299767574876634,0.03330968513402039,0.03717722327068634,3.0552909369580448
1311,0.13859963093492436,0.0037442309608222723,0.0036528177784512137,2.9999641817994416
1312,0.9607328365285139,0.031450444530868434,0.029517904043764396,3.054461356252432
1313,2.8842975811717597,0.011487818488639128,0.02055490945156751,2.997543573845178
1314,0.6200830460432843,0.004454220786217235,0.007426799182559479,3.055101514328271
1315,90.54734902301705,0.6141853959939925,0.3417026810886369,3.007576448842883
1316,3.775895824613014,0.015549020549792755,0.04032720696655822,3.0529133193194866
1317,0.11110648786069151,0.0011638341515327057,0.0009240206253622084,2.7155094449408352
1318,4.241121683777557,0.0340085245875654,0.04969612271689384,2.9884410789236426
1319,2.6103731443083964,0.050915526678734974,0.05856319937537381,3.0469812559895217
1320,0.20356040018383975,0.007451536618506181,0.006768259530473764,3.007998096756637
1321,0.5831005630274448,0.012938669070572497,0.01424726381923797,3.0448672398924828
1322,3.3091351488912983,0.05572643658763688,0.04864154730864084,3.0056232740171254
1323,0.1193159292144411,0.0043599354135511964,0.004088715164821806,3.0590744968503714
1324,0.17000407581062335,0.0025420045446119376,0.003004361834539491,3.001919373869896
1325,3.265017039391105,0.04045440157311146,0.045116251501293336,3.050618477165699
1326,0.04027833833740084,0.001146483991247318,0.000930745479653175,2.995690287090838
1327,3.188693360805267,0.020421793383724317,0.01890216312368746,3.054794075898826
1328,0.1229556042501944,0.002785260702262623,0.0027138341661425967,3.01436699507758
1329,0.3665369368443525,0.033269348341989406,0.03314646179963265,3.064010280650109
1330,1.522962331416865,0.0099818061030104,0.014624635975080525,3.007177344057709
1331,0.5629850438057378,0.008347852599117833,0.007070728063015553,3.062826977111399
1332,0.09186047454735591,0.0007789543984368268,0.001050779586531633,3.006039767060429
1333,0.11904771644749514,0.0013645946186810636,0.0009906888517992004,3.0685100560076535
1334,0.33921065206459033,0.005732111525708121,0.005413283232728303,2.998677904251963
1335,1.502700542906042,0.021240381431504408,0.017284384722508234,3.0508480281569064
1336,0.28483799914920044,0.0016321641892939112,0.0034974410856692664,2.9996619070880115
1337,0.4414940273967999,0.02311562642845597,0.022429603018779967,3.054003348108381
1338,0.3769764044395196,0.002716949329708212,0.004273102126606663,3.0027155647985637
1339,0.12130578632750172,0.0017988307502809823,0.0015764558874863759,3.0550407767295837
1340,1.1989811449643786,0.019262899465040263,0.01805879771786983,3.005277952644974
1341,0.25675067995956175,0.0020277474889230183,0.0032057396526321627,3.0555688361637294
1342,1.3926356047817374,0.016686258329437723,0.018615757098704076,3.002393455710262
1343,0.12713801083679105,0.0012705670749768854,0.0008735494718171736,3.0660296361893415
1344,0.06558742379675758,0.0005925312912119479,0.0010418405970068108,3.0095345098525286
1345,1.391449205885629,0.007868383720935845,0.009317790762538018,3.060563209000975
1346,0.13928810360438837,0.0003026781443292219,0.001134275074004846,2.7163004353642464
1347,1.724522165493186,0.012647798765340515,0.02537165437039391,3.065014881081879
1348,0.46259327250323723,0.009223626173545687,0.007260711624379052,3.000059365760535
1349,2.8482740451320714,0.044801603892808364,0.045283506034077624,3.0711069079115987
1350,0.20813887518872082,0.00500855468565155,0.0036564284634700277,3.0042374888435006
1351,1.2721771680615095,0.05662630092552737,0.05992424893133242,3.050091744866222
1352,0.925090877823742,0.005461339249088395,0.008246233243799054,3.010621501598507
1353,0.6138584682909335,0.008815937339765647,0.007448001032183589,3.047612113878131
1354,2.0162438979441912,0.07518130045580768,0.08452622856466019,3.0031786747276783
1355,0.8685790998348564,0.007501172925171754,0.007622976280526687,3.0561736882664263
1356,6.642505371090216,0.14983578242017373,0.11211667686668925,2.9881831421516836
1357,1.4687656339576638,0.09777260398634433,0.10669006078681945,3.047259565908462
1358,1.7110721275240959,0.0058692721780132994,0.023088612174185136,2.9979517636820674
1359,1.6794642542859473,0.029039490030100222,0.021639658330719038,3.054730804171413
1360,0.2306655032440012,0.0017522568767389878,0.0015300921758720591,3.008713194169104
1361,0.49015519616049275,0.006770701922631705,0.004600787188694615,3.060063235927373
1362,0.43897861596610344,0.001649083276497941,0.00541335388439484,3.0126562919467688
1363,0.6755229018514459,0.004071008453321529,0.011682705538284025,3.0603421512059867
1364,1.6339900516725017,0.08963184570325328,0.09159602638052326,3.001203076913953
1365,0.4275735254614266,0.01665030263968667,0.01785740825574409,3.0649029361084104
1366,0.3194619364053515,0.0024768496984266235,0.0033301657715849612,3.008938842918724
1367,1.3306097294890764,0.048593209076023214,0.050711168273693145,3.0520129590295255
1368,0.4770826912588961,0.04752421740222739,0.04755007051201117,3.0103581361472607
1369,0.2825618352196459,0.04367914617762251,0.043204309439275765,3.062440170906484
1370,3.58660057845591,0.0776175144101958,0.07296785368514008,3.0089378119446337
1371,6.635216547081925,0.07751032788943875,0.05485643744560089,3.060996828135103
1372,0.09739923836467561,0.0018718767107225546,0.001206163258634693,3.0041162450797856
1373,0.5507574392521205,0.004188881842643955,0.005941129101588379,3.0639266315847635
1374,0.21060470025342032,0.002302501736204923,0.0021993500820313436,3.0012161736376584
1375,0.1524566055065889,0.0029127318812673126,0.0035194783160216072,3.0650405660271645
1376,0.09632734966391907,0.0011215798235965733,0.0013140566725598414,3.0050746537745
1377,0.9570675212398131,0.12618249220108166,0.12837997862449507,3.0639057508669794
1378,0.1324515177949314,0.003355464313212845,0.003598881397268073,3.006710944697261
1379,0.09194151998802322,0.0014148495977139865,0.0009835489487745115,3.059632569551468
1380,0.43511235460069814,0.03739546895208161,0.03976661067177896,2.9961318890564144
1381,0.389513010362181,0.004959962310511983,0.0029499319912028674,3.066167568322271
1382,0.8448070733266777,0.045766546922994686,0.04567463717156847,2.99920248799026
1383,5.291613913432921,0.07274891069778983,0.08503104838295937,3.0458240979351103
1384,0.7006198642465974,0.004293393230636852,0.007600623408682976,3.0052985353395343
1385,0.9513850555510053,0.02022316784214924,0.01522851256913225,3.055544642265886
1386,0.1602899975270903,0.000848943358919847,0.001578501032662234,3.0101218433119357
1387,3.6606231314758926,0.012379328013121098,0.050819136027564805,3.0512137939222157
1388,2.0869303591265598,0.03504030547467188,0.03518132692699909,2.997274522203952
1389,1.889256287455559,0.1712973022442008,0.16521341029030012,3.0653503760695457
1390,0.9394451658087233,0.0042955882084045344,0.009123412025836221,3.0052446089684963
1391,0.20324113427489587,0.003261743448130389,0.003281071163127842,3.0630695978179574
1392,1.3143735734779916,0.05794977356665616,0.060618118060965155,2.9983461908996105
1393,0.18358783142756205,0.0007728419264226149,0.0013952627496649928,3.058100723195821
1394,0.2797386698432885,0.0026117973228570648,0.004047015086098345,2.998154552653432
1395,1.869800535705492,0.04170845110313439,0.03791141974867611,3.046147313900292
1396,4.612939629763685,0.0368468113997928,0.06474893556047537,2.9868184560909867
1397,0.06341671975443323,0.0010360600547259823,0.0009253855674189849,3.058418374042958
1398,0.12667972829806318,0.00198893400527824,0.0018971208584289355,2.8897338337264955
1399,0.18630881582652373,0.0027445533692714032,0.0037396534030649646,3.0668333037756383
1400,0.8482825595293252,0.04226216817368831,0.04311344845780549,2.990956391207874
1401,2.9735697468236246,0.06459778390567403,0.08084440176441147,3.044977829325944
1402,0.4067224838408129,0.01658890497556156,0.019094696301606724,3.0083527718670666
1403,0.6844091851805165,0.1071679126960969,0.10857851556642763,3.066875300835818
1404,3.1131762737027198,0.04505303699639701,0.06420674078454505,2.989906328730285
1405,0.6334779635402341,0.08746322644155327,0.0828161589275688,3.063762756064534
1406,0.17195614363347564,0.005070865918580038,0.005289730673138821,3.0053751138038933
1407,0.3615385513793444,0.005005528485558535,0.004108285702512568,3.0674786758609116
1408,0.28438451283974847,0.010846895355733587,0.010031091781214948,3.0062483679503202
1409,2.506889193619636,0.006457544638818208,0.019927030348409685,3.0471949158236384
1410,2.0698530090269496,0.031062479426855864,0.028100459498302175,3.004999781958759
1411,0.2462516972034381,0.00490569474443984,0.005434126442049973,3.0554776871576905
1412,0.43284658741901255,0.003435145368780103,0.0057075999486812965,3.0024727322161198
1413,3.3708464118593735,0.05937193894322624,0.04120205335020897,3.0609467420727015
1414,21.419607043479623,0.2447462419978096,0.27265149558077384,3.008554134052247
1415,1.19505042164896,0.02495371218607301,0.022919775477922552,3.0618124748580158
1416,0.5930508606497864,0.061498891349037486,0.062104722769851316,3.0069514480419457
1417,0.6637977601309052,0.014476521417894706,0.016370951505555797,3.0542313251644373
1418,24.389808001344274,0.19686526015046588,0.15763542270808728,3.0018104650080204
1419,3.396126937104813,0.060125838370765766,0.05164555534955776,3.0568970548920333
1420,0.13772197856338445,0.001984718392855773,0.0019456110600328078,2.99655455397442
1421,2.4467293030556405,0.040940533747508175,0.02569966891000641,3.060369404964149
1422,0.12488594951153255,0.000648589192341032,0.0012690212661531051,2.9454075968824327
1423,0.480445968705499,0.011264320355326206,0.011299847197022126,3.0641501508653164
1424,0.1827842866861537,0.0011125318687671974,0.0016119570913991949,3.0143778109923005
1425,0.6037027343891969,0.01554232518960991,0.01802207478056212,3.0048356698825955
1426,0.6259140800737378,0.0030252422255924423,0.004299355287793623,3.060450519900769
1427,0.2583232566523547,0.01094949499708916,0.010754365996778469,3.0048547852784395
1428,0.13542275192014344,0.0007201287030361356,0.0018215350698490634,3.0548272849991918
1429,0.843793667095188,0.0013559269429675388,0.009402151766128141,3.05829960713163
1430,2.036431307106737,0.13922940426938904,0.15475450879373942,2.9867003117688
1431,0.4341938790279976,0.0049632175151255705,0.006177243468025947,3.0606778860092163
1432,4.391825970697653,0.09973596586035556,0.10764175878438885,2.9915064168162644
1433,0.08161150870929257,0.0017673859271142448,0.0016356999913057716,2.942882397212088
1434,0.10815397386953404,0.0011746016967761428,0.0013234081199509564,3.0662728757597506
1435,2.8668496622137236,0.04766617197150745,0.04068028431410301,2.9896545689553022
1436,4.894430183943594,0.15439940599592866,0.16729238949421596,3.061166820116341
1437,2.531701597607933,0.01275417756204799,0.017868501746038472,3.005802514962852
1438,1.1873013743961753,0.016216599109356637,0.014636949522150866,3.0620093210600317
1439,0.9075273656470872,0.004228719208319184,0.009482637552631217,3.0550681441091
1440,0.5701452830613171,0.002934383796343517,0.008086863761182617,3.0083814398385584
1441,0.08750565632722404,0.001656547714648889,0.0017063640246437553,2.9995298231951892
1442,0.20998967032236998,0.005052473650036569,0.0031982351639576094,3.0542156561277807
1443,0.607001694014597,0.0065139306305162055,0.004997769992123921,3.006053986027837
1444,10.933043805299677,0.09205327923088441,0.057522266044251355,3.0598836271092296
1445,0.12304321507541667,0.0015096304414573475,0.0011307630266799576,3.0082531119696796
1446,0.17280453144311866,0.002612484372297261,0.0022816726342897594,3.0580433402210474
1447,5.444874969097755,0.04365326436078616,0.059102832911901076,3.0475892373360693
1448,0.2140361795556667,0.0039259605252780945,0.003307025980365379,3.004952429793775
1449,0.09659532407780398,0.0018068541763884075,0.0016540212512426646,2.998232264071703
1450,6.442459404902957,0.0581614852018257,0.09410145138718093,3.0462335916236043
1451,0.03273759556140458,0.0012069749679350665,0.0012734246919797383,3.0015885289758444
1452,0.09970499365682378,0.0008947026299172571,0.0009247478440873526,3.0657765408977866
1453,1.935889765556887,0.07324695451680346,0.07869030388749389,2.9957030871883035
1454,1.9148663125889847,0.04110458132009863,0.03934754046532937,3.043423494324088
1455,2.6404017571031693,0.01064480000141449,0.032042176732411214,3.0621883519925177
1456,4.342829287574784,0.05578130661737771,0.03145155254013884,2.9933789651840925
1457,0.8862429844326832,0.015833211339814694,0.011474142860780481,3.0080439220182598
1458,0.15218662132243285,0.0021371223064330816,0.0022450636721608208,3.0572336250916123
1459,0.33655020928592677,0.00480678952659923,0.0041910826673843705,3.005141389090568
1460,0.2882141180640356,0.004333804904988978,0.0043811713925252455,3.0671902978792787
1461,0.09699200826116898,0.0011884493543606,0.0013052127479238394,2.660214866977185
1462,3.7595514028045587,0.03785610158311928,0.0527916101941867,3.0413869419135153
1463,0.2111727191513963,0.011246499646412288,0.010815813270794722,3.007872357033193
1464,0.3902737095088887,0.13651391615199007,0.138238246660367,3.058456740807742
1465,0.1560987371624862,0.0026166342044687857,0.002488291085962029,2.992516869213432
1466,4.091564247176662,0.059990563084903394,0.07895410300995294,3.0465724649839103
1467,0.7534569016260184,0.0026806536371207232,0.005021409281765009,3.0120779150165617
1468,2.19995672731569,0.011871698092355408,0.01623815071597567,3.054600046016276
1469,0.5192241317624289,0.05092000495743918,0.04987557415568854,3.0047432193532586
1470,0.2517089216802705,0.006254043012262454,0.004266835333803587,3.0633198833093047
1471,1.779666359515226,0.05214329949793476,0.05021871368137136,2.994807014707476
1472,0.0412525430399158,0.0004919371034785169,0.0005415932559502734,3.0585456071421504
1473,0.06240688258598661,0.0003184370737214416,0.0006959824260826873,3.0029838737100363
1474,0.37966114508000787,0.010456355032331843,0.012615893391398075,3.0680592912249267
1475,0.02543980479348551,0.0007759529217874838,0.0007291546007901359,2.6543031348846853
1476,1.029060829332194,0.07146884870944292,0.0670496955244404,3.013479869812727
1477,0.40401263443353413,0.00282491105404177,0.0037706804511549357,3.0585172157734632
1478,0.2463586800280691,0.014342864401773152,0.012581400519150061,3.0032765096984804
1479,4.093447432401402,0.08306922144153524,0.06009574746634127,3.060998377855867
1480,2.0730259330530623,0.009822674184528292,0.02497138180360973,2.9930917457677424
1481,2.2188547981558386,0.04446923363801905,0.03892212240918393,3.052219723816961
1482,0.07561661460366921,0.0013888305237024774,0.0014590661623841241,3.0144314961507916
1483,0.05812935997175399,0.0005933637313697863,0.0008362030270449946,3.056683089118451
1484,0.8826468701816467,0.0074153965034413575,0.00938717345974486,3.007961601950228
1485,0.5144499580415114,0.00791517806135923,0.007190043124006112,3.063383312895894
1486,0.18643065162208894,0.0037279432977575314,0.004387840190146632,3.003278844989836
1487,3.5367831297869685,0.09590215089932559,0.10023841275963677,3.057881602086127
1488,0.09557176434508421,0.0006565526262760391,0.0010235370228805225,2.9954884932376444
1489,0.30741317516332256,0.004063756366924371,0.003535078684392369,3.0649509211070836
1490,2.555661615055353,0.029137105898318593,0.03507344154599098,3.0006303167901933
1491,6.719394311216609,0.17184244555519346,0.1426331106690198,3.0596545417793095
1492,2.243523069435797,0.021748374553950397,0.021531604967477053,3.004496925044805
1493,0.8892758589126275,0.007880893864327384,0.0119743941530781,3.056929349899292
1494,2.2442073552300523,0.03150779626383478,0.030772682857814825,3.0026948070153594
1495,0.12857001689438197,0.0005126684390655932,0.0014445990491462576,3.0601178840734065
1496,1.8417992464742245,0.02159186857690298,0.013145131892786566,2.9920261683873832
1497,4.176475068483125,0.03733730978098472,0.05738923370164534,3.0474018920212984
1498,2.301370359941413,0.11734179441414098,0.10267008833243171,3.0053843623027205
1499,0.2038312156771324,0.0015532213125390804,0.0018888238590858706,3.052045062649995
1500,0.05908157750725193,0.0012274106473596118,0.0013048145854332822,3.0052132881246507
1501,1.3058908803813831,0.05911724445413441,0.06452172482363115,3.050307034049183
1502,0.9358175120092841,0.06703450863457713,0.06903260142392191,2.9958471939899027
1503,3.5861573379041776,0.056332616314728426,0.045208912980988704,3.0651263841427863
1504,1.6921760238152357,0.01628451271603177,0.028067629156307058,2.9875793661922216
1505,0.19110576383217684,0.0023925922530690065,0.0015373640610934745,3.0620371610857546
1506,0.10471666663786319,0.001045817111738092,0.0010184770433947785,2.7711695451289415
1507,0.12017432341823109,0.0016037806881047422,0.0018179287665378732,3.0528124351985753
1508,0.19254765371883886,0.012871852988015249,0.01270767503881738,3.008942768909037
1509,0.21995018037858904,0.002610518725111296,0.0017387319984558838,3.0614073001779616
1510,1.7737434129283072,0.056591252823519074,0.06796857954838059,2.9957442567683756
1511,0.13349841570684157,0.0009310612416233024,0.0016554328681262576,3.0647486723028123
1512,0.07746493284813866,0.0011597437704054482,0.0013655516129317644,3.008804277982563
1513,0.4130545330426709,0.16952723495652555,0.16869001615168855,3.068190135061741
1514,2.5958708371626162,0.012266457209883863,0.014702589825785907,3.0074971127323806
1515,0.39949177349291043,0.001895130280654769,0.0024240926754806958,3.064223989844322
1516,1.851851159041417,0.013470575325070625,0.027860261825060417,2.9933641771785915
1517,0.19659504601861522,0.001105818923350618,0.0014987131005201129,3.0527911609970033
1518,0.03716217715129041,0.0015129179994689296,0.0016538399038650295,3.0010644369758666
1519,0.9953790563361591,0.019480908147669413,0.016412058864636148,3.049099079798907
1520,0.5318979218593775,0.009660658154937106,0.007815532415559689,3.0008439142256975
1521,0.5166950888123713,0.014254411560861779,0.012862924012159684,3.064957192633301
1522,0.28939595574873483,0.004289907993447851,0.0027962509968896183,3.00550795532763
1523,0.13984021558030646,0.002172226990149067,0.002655936345036067,3.0627692420966923
1524,2.469288352107273,0.04926532341926541,0.04259429630341186,2.99148673703894
1525,0.3257343591270521,0.010442641016705527,0.010098885494248241,3.064871364273131
1526,1.290594068674432,0.02033920386558252,0.016480357642983872,3.006324131973088
1527,0.163436191949613,0.001985570174191306,0.0016715451918139315,3.0597507311031222
1528,4.097991610153979,0.07159108562557659,0.08359020209026498,2.9875098196789622
1529,0.11533459821513171,0.0017382148231994065,0.00130121210061343,2.999498125165701
1530,0.0669223332808167,0.002477430454386426,0.0026210948949189888,3.0063865268602967
1531,0.43854132780578625,0.005442403676982299,0.005787802404312332,3.0563698410987854
1532,3.08015254067526,0.01598959850505223,0.022472981127792238,3.009007533080876
1533,0.3109994255190017,0.007756530727390841,0.006760575094066346,3.067851094994694
1534,0.23816257072029517,0.0011501953210940467,0.0018772255381063762,2.947350016795099
1535,1.148243412591601,0.009746869621626334,0.010667650706485848,3.0627611386589706
1536,0.11653325451647745,0.0015018875719003063,0.0011583722723218733,3.0025804243050516
1537,6.770488606819732,0.06471208790421319,0.06485806930359879,3.049016648903489
1538,0.24534670990891017,0.0011948289113306548,0.0018452459536681572,3.0124485827982426
1539,4.193873622249729,0.05826182111064604,0.04379028162038,3.047782958019525
1540,0.10689710100142713,0.002025009889485774,0.0016423296314553085,3.0128228231333196
1541,7.504344074076641,0.10930928381099501,0.1319518482744103,3.059753353241831
1542,2.2641408768363447,0.04027752502730556,0.032789509296068435,3.0020504128187895
1543,1.5027763354177652,0.01986459343307062,0.016369073940067362,3.064540207851678
1544,0.8951227017415758,0.039676916340218416,0.04302522483480301,2.9885929762385786
1545,0.23114078865703228,0.004333151263968141,0.004270444459084057,3.062024259008467
1546,0.19800272842350056,0.0016715733855702406,0.002763914563911833,3.000458377879113
1547,0.8362876322632241,0.007444539702694543,0.010768676466263765,3.0637643579393625
1548,0.10030287302297639,0.0013919028134221339,0.0019104905188455507,3.003526932094246
1549,2.2628392904800254,0.014789565572187314,0.02218875418773575,3.0474365022964776
1550,1.4368212709212227,0.022853358501511378,0.016757305428824785,3.0021560839377344
1551,2.43378430240593,0.01921293364259363,0.029971556180107006,3.062868919223547
1552,0.02622044983162231,0.001282000288879761,0.0013236475337506247,3.0048742233775556
1553,0.26684151811906154,0.023146952086106835,0.021620535297526056,3.0575828701257706
1554,0.17583894226763594,0.0022906800613463237,0.003174128074090194,3.0143974968232214
1555,2.9778752272632203,0.22515409033974507,0.20436710921502477,3.042802386917174
1556,0.14146409160290532,0.0010848105050854273,0.0016086187558973118,3.01272907294333
1557,0.15315082553881465,0.002201164590773492,0.003587916307783938,3.052890112157911
1558,2.8249715923266723,0.12209579918477403,0.13450845193389038,2.9964160663075745
1559,0.5897945906656843,0.011056496973928989,0.006543346085605056,3.0647913948632777
1560,2.344345884981994,0.05343348808793322,0.0571861836888369,3.0014000860974193
1561,0.03977618414668469,0.0019057018406762318,0.0015638779125494587,3.0504045807756484
1562,0.02652851789616082,0.0012037003762881409,0.0011639617000799728,3.0011517270468175
1563,2.1679629822964093,0.014694833377955782,0.010444929574622093,3.054011506959796
1564,0.08454155905087628,0.0044930899376438085,0.0051185248212519035,3.006373459007591
1565,1.3943633442697483,0.014761456657801398,0.018533037176261254,3.0580422282218933
1566,0.5709223956238194,0.002490329255621569,0.005016756108959343,3.0031721368432045
1567,0.23151944798000287,0.002442295320705338,0.002883874826796169,3.0592415649443865
1568,0.7899965923579028,0.013396858369543532,0.015705926914270286,2.9961946508847177
1569,2.1163234344427426,0.02330764316002902,0.02014628830620265,3.0619285251013935
1570,2.2462343720424705,0.020291050761898015,0.02206455351479366,3.0027330750599504
1571,0.1335393132696356,0.0007944747166711897,0.0014390476053863545,3.053569308016449
1572,15.309413015565545,0.19511538876559503,0.19434474240157898,2.9927556519396603
1573,0.15892144876704253,0.004191110548933278,0.004630843475171822,3.065506733953953
1574,5.7900427920243445,0.05378098578055498,0.05818023264349182,2.992202516645193
1575,0.32435726133126624,0.00287947561339529,0.0053698214098747725,3.0582923712208867
1576,5.4004274879964145,0.1785940920520748,0.19262743573538774,3.008079754188657
1577,6.691471999843395,0.05861026074346083,0.08461039439474947,3.0463130809366703
1578,0.41087387699866207,0.08099432980922142,0.07933799501450477,3.0122878891415894
1579,1.7024507973958651,0.018268187523301775,0.015439721533116724,3.0569713078439236
1580,1.2795768982871467,0.010942377601937772,0.01308841303891223,3.012125739827752
1581,0.05236270628093922,0.00045977652873040626,0.0007737518595743827,3.053028299007565
1582,0.232609635979725,0.002919292298153151,0.0034746051103088376,3.003238799981773
1583,0.22621648260399058,0.0022368264829264314,0.0027383616902567944,3.0662490762770176
1584,0.17022075348024984,0.0021657830740399813,0.0012202866744339212,2.8299995181150734
1585,0.10956998965650382,0.0010109421073797751,0.0014624111713034554,2.8339915247634053
1586,0.3019212049879775,0.04638747655645106,0.04720979360069755,3.054475880227983
1587,0.23092036638728197,0.0020427063607264657,0.0036072098368173868,3.0030566793866456
1588,0.21148704174566352,0.001362196615993362,0.0028207351620345702,3.057254229206592
1589,0.10394674417474556,0.002568967332743867,0.002285861652801144,3.0102851716801524
1590,0.11356733031277404,0.0009189255975976824,0.0013363894580556079,3.0034660389646888
1591,1.5149566082127623,0.018032067023835772,0.0256222906982397,3.012082037050277
1592,3.685022745762717,0.01368096532933568,0.030594538082878816,3.061549139674753
1593,0.13993991535925293,0.0010084064370223694,0.0012096164768373033,3.0080952029675245
1594,0.24988275067519067,0.00391573796545779,0.0034060491314566823,3.063130264170468
1595,0.5062281735215052,0.10446066345300069,0.10739552735790911,3.0059269056655467
1596,0.2660043336506056,0.0013514251231386083,0.0016176510149352344,3.0587431942112744
1597,1.6397747086392696,0.09173784444102577,0.09922131023588254,2.9890311150811613
1598,0.34081671068845926,0.0052019321264693665,0.004597030822009562,3.0701031452044845
1599,0.13456574774647942,0.0011669050719380451,0.0013447383757636492,3.0057695917785168
1600,4.2110808133480955,0.05366202130184929,0.04540657823447631,3.0533360419794917
1601,6.070822696097388,0.07762187209896898,0.07758238228517109,2.990884038619697
1602,4.946213143518231,0.18234598662777543,0.1883706433194559,3.0561141008511186
1603,9.331463703312213,0.07142034162856545,0.09455046326634926,2.988235394936055
1604,0.16711182273820152,0.003366696054508482,0.0024966597151280666,3.059893677942455
1605,0.7173314040578604,0.022694036703151416,0.017069057933037757,2.994625688996166
1606,0.7079872890038711,0.018543217613367278,0.01774285604128594,3.0620242012664676
1607,0.19166713146231906,0.006589549595956526,0.006507951842158707,3.0038697021082044
1608,0.1429809217224363,0.0037400535561321635,0.002824711678452955,3.057518250774592
1609,0.2814880108720746,0.006220113106675904,0.00566693425213612,3.0070921261794865
1610,2.6002076582436624,0.011859970405277268,0.03189073177724925,3.0643133567646146
1611,0.3640677882432691,0.0020143725347357335,0.003641062070843793,3.0081513109616935
1612,1.6883868248621023,0.025651872931763738,0.028298099794881282,3.063739863689989
1613,0.8051712422648517,0.009216553859001445,0.010516146296802588,3.001160155981779
1614,0.19464476961755312,0.0003424618466503492,0.0021314847125952384,3.061784345190972
1615,4.380987858869417,0.05778551509140003,0.0423413603107669,2.9932943959720433
1616,0.2374321032776868,0.0033500972182549864,0.0021130228244430767,3.065612426958978
1617,1.4412856878121847,0.013314648802657838,0.019858969584222074,2.9988212161697447
1618,0.10091301264873712,0.0011249045695647037,0.0014921897713003596,3.0603073723614216
1619,1.61568633720671,0.05846966112444493,0.06163698851299939,2.9882071339525282
1620,0.20174775692191624,0.003770090757059973,0.0041979415486600126,3.0654013827443123
1621,0.7534450197498311,0.023505827558397623,0.019077237885398828,2.994407581165433
1622,0.2311414084444694,0.0040343889044065235,0.0040277270588284135,3.063091334886849
1623,0.15816595311493514,0.0024009725123195235,0.002492168855383215,3.004706201143563
1624,0.3419318837727388,0.00246026075693814,0.00225836673308143,3.064607020933181
1625,1.7223335229568772,0.030472630212080253,0.022568204983041656,3.0054587330669165
1626,5.3310577864388575,0.07127085405404172,0.08932848602046395,3.0565250152722
1627,0.5770972776871329,0.008578647741522472,0.00575363894908098,2.997453943826258
1628,0.49147795194878596,0.0060971089516243466,0.006474583221787476,3.063845486845821
1629,0.9069404899664503,0.0034073665926918984,0.006824724886511058,3.0036204899661243
1630,0.15228797720103623,0.0020835955898720377,0.0028590708275307622,3.0612523960880935
1631,2.0708296506379322,0.030338679609048635,0.02890684113374795,2.9962578150443733
1632,0.0600731503713595,0.0020723102122495425,0.002148014007207791,3.055960785597563
1633,0.20255833833009285,0.002757003056372956,0.0024224804501003223,3.0055386032909155
1634,0.05842625734287199,0.0013729236099187072,0.001702146777334845,3.004711166024208
1635,1.6286595526053478,0.023093210332308278,0.021924465107357998,2.992494073230773
1636,0.20307989471571025,0.002421726219672434,0.001881496014223296,3.0692277159541845
1637,0.9079197845803916,0.00462306313834913,0.006792782467420488,3.0058158421888947
1638,1.638471138053524,0.05124601438260852,0.04557171438876056,3.068067070096731
1639,0.29970052564196215,0.004438777854558279,0.0029067844460619005,3.0063258851878345
1640,0.16672081705807673,0.004669212851435732,0.005043397017886866,3.052170384209603
1641,1.0621192193276012,0.04885046519982662,0.047246189383380634,2.9969924418255687
1642,1.4104310578266537,0.034921294400849845,0.029929800589549166,3.064652240369469
1643,0.25272590812140167,0.00251265577678268,0.0027816162649940664,3.0077633508481085
1644,10.89546893389802,0.13946336592414535,0.129710362515202,3.05124898487702
1645,0.3279800334611914,0.0009809993132582828,0.0033612618635169805,3.006209736689925
1646,0.6462056081321873,0.006629260858588297,0.012203612903272735,3.054503641091287
1647,0.3307196025286029,0.0062963499914469295,0.005871575480635474,3.006119550205767
1648,0.09089899671642365,0.0011022133627052366,0.0011757716456104368,3.0564155471511185
1649,0.25379522478121075,0.014054672469268682,0.013656609096790177,3.0119061591103673
1650,0.8872505013549974,0.04286559523571942,0.04350944641003334,3.0652238079346716
1651,0.7454744021740631,0.018555840801010682,0.016055821192811265,2.987398336175829
1652,0.6147876329264873,0.00847194514226801,0.008969896355626686,3.0603971970267594
1653,0.5790925812782696,0.013137431958028719,0.009845270805852901,2.9941260311752558
1654,1.7878155858902496,0.012044852220068897,0.012911467347834134,3.066828195936978
1655,0.06680059941906494,0.003741952738990265,0.003929974871555883,3.0112021770328283
1656,0.05758498856761083,0.0007558418885152634,0.0008328623884329326,3.0612128409557045
1657,0.16892828400309357,0.0004923716252670364,0.0014257038749576555,2.9537978912703693
1658,0.5041668514118962,0.012507155917155847,0.012018331792963714,3.0590650350786746
1659,0.13095454587021677,0.0006019623207833804,0.0014124965244190235,3.003138076979667
1660,0.21114721661171457,0.007417113684120047,0.006525006385909639,3.0665168752893806
1661,0.07379921362221804,0.0016883219524272042,0.0015164920068716176,3.004134406801313
1662,1.9215276206975553,0.019553364829201947,0.02405481807752922,3.0583502748049796
1663,1.4272075567182214,0.019824594095664953,0.02014784409826659,3.0040046949870884
1664,0.06142924053878555,0.0012575454192319542,0.0012405336956558476,3.0528803868219256
1665,1.0411663349451659,0.01026277857897003,0.01631655442470375,3.0113544720225036
1666,0.2252557107227465,0.0016816589012349525,0.0026681236412524983,3.063619718886912
1667,0.21268202488778926,0.001593484218294028,0.0018520744436711608,3.0048125525936484
1668,2.8838634932650726,0.04567844932571978,0.059791123300816096,3.0571333416737616
1669,0.11264029616347074,0.0034937893973839024,0.003638267124662254,3.0079159531742334
1670,0.648312534142409,0.058322422717844755,0.05871967172975425,3.06362943071872
1671,0.9472335449478074,0.06734689236211384,0.06353656554282976,3.0040896241553128
1672,0.6765106490604043,0.007386231144583455,0.008145221610415108,3.060322486795485
1673,0.09833618389715569,0.0017251975009789024,0.0021243015278816927,3.0074564232490957
1674,1.6732207648371362,0.03979097847665217,0.031425785185103736,3.046957387123257
1675,0.10684824322142991,0.002254386810673113,0.001434039890309986,3.0037374841049314
1676,0.2082721662851118,0.003143191142449875,0.003114472542099262,3.0678044692613184
1677,0.7233139293810367,0.012747966332371553,0.012406238598078805,3.0092477770522237
1678,0.3882740841804081,0.007016341663678221,0.004617553396236948,3.0687375371344388
1679,3.454674416967376,0.06589927591988355,0.05989910690786414,2.9922888628207147
1680,3.9752664533753,0.06316142988475089,0.09705627021019068,3.054920548107475
1681,5.1206287983075685,0.0883598069181664,0.07330509568074922,3.0102377641014755
1682,0.6388378829727988,0.004598317079257981,0.0044444329102056365,3.0698815477080643
1683,0.6690094240577064,0.010758229906786083,0.012323471055199386,3.0013805120252073
1684,0.106724464076636,0.0006601603004337665,0.0011164114071603329,3.0597086320631206
1685,0.29184595008178404,0.0033864315625830796,0.0045648568383033885,3.0075158630497754
1686,1.0629384384693548,0.010622179052585981,0.013660242569741302,3.069151373580098
1687,0.7037240826275436,0.009196338158574546,0.0068506515891274735,3.0106000658124685
1688,0.05594031118649835,0.0005755833528782968,0.0006568403696562745,3.0606894087977707
1689,0.41323634521440755,0.004433204027404047,0.005943612747050799,3.010822858195752
1690,1.8273647209727086,0.018090484434691037,0.024758110545441636,3.0625817379914224
1691,2.1124535179841706,0.015182942200643795,0.026701341993105226,2.9988859901204705
1692,0.7698204508609451,0.010889075602873272,0.010452886445625972,3.064116527326405
1693,3.565200507746824,0.044075590075962685,0.0409386624818955,2.987338064238429
1694,5.196650245427419,0.06105675586104343,0.06758121426948668,3.0605484950356185
1695,0.5351240292950955,0.11018018084781835,0.11317791981387856,2.996040982194245
1696,1.2001083242709452,0.011692231745317494,0.011544258318373066,3.054101850837469
1697,0.4034392737167552,0.005596936301882519,0.00341115875943764,3.011543777771294
1698,2.7823486095573324,0.03066833110523118,0.028190478049458956,3.048596812877804
1699,1.1582746158253765,0.01404007251098487,0.01176259824067529,2.997238120995462
1700,0.10061616764529284,0.002276501483978911,0.0022487741865004148,3.05278685875237
1701,3.66198121278937,0.05450222090841567,0.05578779609291891,3.0026440862566233
1702,0.07142399484711627,0.0014214007111981264,0.0011628893298169995,3.0617274618707597
1703,4.093098299286293,0.16191406814141984,0.17743245442359062,3.0129365557804704
1704,0.17621937352758166,0.0009856276547125138,0.0012559890419710955,3.0581497298553586
1705,0.6554861942370653,0.011036094295311228,0.008394093630989977,3.0099724950268865
1706,1.9185311114578956,0.03723681864448179,0.045400274099007876,3.062677813693881
1707,1.9586904997738386,0.012554094831269881,0.025092046148442276,3.002165083773434
1708,0.3977835709175927,0.0032429730463410327,0.0046710272824411194,3.05757317179814
1709,0.06353344429572427,0.0013039552385720066,0.0010718464631018763,3.0063467412255704
1710,1.5467618143723094,0.016081420515109565,0.022028757453123368,3.052589443977922
1711,0.48528782378140245,0.014949831688299373,0.01527649506332635,2.9962332509458065
1712,0.4777410186485034,0.10896548107675907,0.10868090551151001,3.065970065072179
1713,1.4746764858839698,0.04212956409230494,0.046037642036700535,2.992483329027891
1714,1.141443479991397,0.04803124435379772,0.054799193816283204,3.052202283870429
1715,0.21824575676755517,0.003106323256748756,0.0023036982244691085,3.010863211005926
1716,0.0660796652758114,0.0007833229471170095,0.0009466155994073723,3.061638574115932
1717,0.05893657517456618,0.0012466265750733937,0.0010036426324187245,3.0057776388712227
1718,7.385107562412238,0.0343947547581381,0.05903073811721799,3.0467722970061004
1719,0.3102954517224299,0.007296864315411656,0.0056669035859841605,3.008593730162829
1720,0.17010230524315614,0.001264905352755901,0.0018564447909348025,2.768772620242089
1721,8.51875612049762,0.12383038757063922,0.10155082083892575,3.0478398627601564
1722,0.07508985944260016,0.00350023875812467,0.0036252467054325712,3.0112788141705096
1723,0.2729257286256226,0.0009749739286350477,0.0026044408630970313,3.059588498901576
1724,0.24988909794849895,0.0023599216070012215,0.0037528058811774996,3.0050995661877096
1725,0.639015704007831,0.01058272837821061,0.006778266869532588,3.059082895051688
1726,4.864064475366765,0.058960955837812,0.049894515451482956,3.0091415238566697
1727,0.14552067101086444,0.0053262244459286855,0.004985748618992957,3.0515195499174297
1728,0.8417559607343315,0.13258030134572574,0.12731023902013472,2.9913707338273525
1729,1.9630622587542481,0.0553327873425731,0.0580566260847856,3.055731119122356
1730,0.10626437778343834,0.0013541146044002371,0.0010063140930702435,3.0039183530025184
1731,1.0911070470837159,0.026656933248099108,0.02386182396170647,3.064403893891722
1732,0.11251558762519193,0.004973682199374605,0.005048490393221742,3.004051670897752
1733,1.2027739011693157,0.0074290925754299545,0.013760699448734807,3.055694457143545
1734,0.07007518926200543,0.007599143387948372,0.007557696381270323,3.0033820918761194
1735,0.4341691707456938,0.1427689703158457,0.14280390894890505,3.0697729783132672
1736,0.037216096135508615,0.0005071473427212177,0.0005717808404294125,2.994691544678062
1737,0.1807964574393599,0.000989623752850526,0.0020769338892599816,3.062850037124008
1738,0.3570990796432323,0.0014917603359889098,0.003371298762510082,3.009766143746674
1739,0.05022372777593097,0.0015566132220105424,0.00199149674288774,3.051648396998644
1740,2.087521691132021,0.06401327271448115,0.06886328750711392,3.0116199608892202
1741,0.4258876826397871,0.04179905688006433,0.042865365379502744,3.061293806415051
1742,0.09916465801552038,0.0020210501888744945,0.0017797416909883638,3.002256950363517
1743,2.121088634834868,0.017170557514718486,0.02395071172139825,3.0615545068867505
1744,0.1648475157059025,0.0013095195023819107,0.001989507377570093,3.0023609758354723
1745,4.784479413074226,0.0401246237443451,0.07316937053784367,3.0620235269889235
1746,0.09415017348804026,0.0011612121922788916,0.001102417655515344,3.002416713628918
1747,4.890953915534921,0.031796818598870784,0.06776979328993268,3.047387237660587
1748,0.4366300328830524,0.0070939010866167655,0.005405591157778152,3.0100453216582537
1749,0.31264251650642005,0.022382541875817775,0.022840671645847806,3.0593913830816746
1750,0.22982708282064032,0.004256622300131669,0.0051186903734678785,3.0059870979748666
1751,2.7698612322894274,0.03281410931562103,0.03540022590800327,3.061546546872705
1752,2.0096689126942153,0.017468045712544275,0.029216314169877394,2.994159118272364
1753,2.3335948346234234,0.009700272982845133,0.016809320028152098,3.0590196889825165
1754,1.0050590981819665,0.008374681294539263,0.011826871802508104,3.0003458042629063
1755,0.05150632421560029,0.0017008815999589105,0.0017021120436231918,3.0604840079322457
1756,1.4857290821479094,0.18900499971382415,0.19703251527819676,3.011066542007029
1757,0.942652551307569,0.009955851406241407,0.013163110190032688,3.0577176241204143
1758,4.222024436106578,0.11668160280938861,0.11336308055630308,3.003608942963183
1759,2.34877106779982,0.06169076771817531,0.07176532276429234,3.0647540311329067
1760,15.346503840135355,0.09447457863016961,0.06853650497609551,2.9919603099115193
1761,0.07877183734213916,0.001874938826022163,0.002428468926523087,3.053949894849211
1762,0.18326183936446774,0.0027844470287029122,0.0030893015352641932,3.000775011256337
1763,0.09827647739500553,0.0018130199710177475,0.0012555596552604755,3.0621786727569997
1764,0.4442439031911208,0.004263824658219492,0.004155294467745535,3.0005311793647707
1765,2.825766602054667,0.06859348551231081,0.07224063231297807,3.0594719303771853
1766,1.6659400644550133,0.010668465309968034,0.022101685519619402,3.0109364511445165
1767,0.11284866878658638,0.001971216495169794,0.002406885815233307,3.0598292108625174
1768,0.6522434344717329,0.0036919591739870083,0.006765037810127438,3.0043370751664042
1769,2.67165840847907,0.11258403301499528,0.09762147972648605,3.046303621958941
1770,0.3211619389007929,0.007518252123585136,0.010236817377569915,3.004328670911491
1771,0.2789274702882695,0.0033494828058796794,0.002180035319101008,3.0596414799802005
1772,0.6580188728677434,0.0055092489048867415,0.005749427698418787,3.0077191502787173
1773,0.5479407674921579,0.0594511472730537,0.055437596676544416,3.0549389547668397
1774,0.22667094901404522,0.005435281118787603,0.0046685618378177925,3.001435616053641
1775,1.4015287712683016,0.016801469367837905,0.013266077907465274,3.049747304059565
1776,5.4164302095928445,0.05853103437512022,0.06914088748703077,2.9912009122781456
1777,2.377919795285028,0.021497398112460406,0.024420669777603776,3.049353325739503
1778,4.384733215369158,0.02057753541199793,0.04301867543831849,2.9873961503617465
1779,3.0908266535558666,0.027717565871727582,0.017576764336912902,3.0523996488191187
1780,1.8194206976648375,0.03932729800553866,0.036477898013809754,3.001912242267281
1781,3.8214267539567435,0.02183109864373587,0.050229728334028,3.0507928682491183
1782,0.07837530689692283,0.0019430839962153448,0.00206155587093214,3.0077564609237015
1783,0.22060163725017182,0.0019459270553251324,0.002001859469244336,3.058132062200457
1784,6.957068515229395,0.14774147396928167,0.14472415665642535,3.002297750674188
1785,1.529579695651533,0.06755337667241428,0.06214526774047538,3.063776749186218
1786,1.0878635004592987,0.009992030444485364,0.009313184235286221,3.0074515589512885
1787,0.24616321439829134,0.004265734420039221,0.0030397707946405116,3.0604153340682387
1788,1.3798005263454527,0.01739408091265055,0.022450352950387997,3.011535805184394
1789,0.7360447851525853,0.05858992625539254,0.05503009783444583,3.0578472008928657
1790,0.1570418358912944,0.0013715645931045403,0.0016831014758221785,3.002956659067422
1791,0.9353739897026617,0.006398922350107894,0.0056643673595033,3.069824875332415
1792,0.06721607065998479,0.0017116677557539159,0.0021032467577711193,3.0051633310504258
1793,4.080080752254829,0.1417054564484955,0.16257337275591446,3.06683964561671
1794,1.045848407902029,0.022737374804348922,0.014804393868281751,2.9957851083017886
1795,0.18507910875376535,0.012728657594111792,0.012837859748704302,3.0658621629700065
1796,0.311240323558906,0.0054898797387994865,0.0030895211728418494,3.011467703152448
1797,2.3345836720596314,0.03900106896538902,0.026242046960334647,3.0590670499950647
1798,1.4502859462448319,0.01133483456558284,0.011254316875546998,3.0055583962239325
1799,1.2915545588429787,0.026747522582415344,0.018038693255918305,3.062505589798093
1800,1.5694240794885943,0.013953050632025716,0.019708295425800017,2.996751056984067
1801,0.831625555895942,0.0029730646287908394,0.009146671860303896,3.062724659219384
1802,0.143587906037821,0.003247529101760481,0.0029380539244706016,3.0015902211889625
1803,0.23542890363091815,0.002181290812321136,0.0023834545372866407,3.065531881991774
1804,0.22712564451762288,0.006660788914575805,0.006187704253074017,3.007342943921685
1805,0.4285912350037102,0.02391117723352781,0.01990666064615907,3.053757093846798
1806,0.15627497130112122,0.0018646478385517713,0.001981087480439289,3.0123367491178215
1807,2.1407176001264223,0.02697440952858984,0.0238723969471407,3.060364807024598
1808,3.214355218424967,0.12890737532927102,0.10752587833971715,3.003708615899086
1809,0.926702682658847,0.024477065476983393,0.01814159011020101,3.0589215885847807
1810,0.34774244812147076,0.032605083216045945,0.030562364264656756,3.0037128780968487
1811,3.1948089946501828,0.016123081563673355,0.03726015603296925,3.0503871790133417
1812,1.275617523942618,0.017672627770480304,0.010082460873694573,3.003262687008828
1813,1.679826594950822,0.01788428340842056,0.021273427815700442,3.062081177253276
1814,0.278970810910887,0.004237595180680731,0.004532557435190731,2.9996373779140413
1815,3.350840334626164,0.0635114813000994,0.053592500056353,3.050337049178779
1816,3.424392789140424,0.037957989713926284,0.02808304754941221,2.9993471819907427
1817,1.0776739794042227,0.03675552486600527,0.04331829744466433,3.0575523721054196
1818,0.29768679859412506,0.047401962509751365,0.04823135694734103,3.004848536103964
1819,3.0810635813309952,0.18656760453294946,0.20457184144918883,3.0500537483021617
1820,0.3674178117801956,0.005660619214563865,0.007110312009417315,3.005033751949668
1821,1.375375742735884,0.02977687197005716,0.029095136702984192,3.046726199798286
1822,0.3061691182396347,0.0028320390575997958,0.005683686844212685,3.015559544786811
1823,0.8830334885883625,0.06683702091319091,0.06303063280939415,3.0551201491616666
1824,1.5178968500342476,0.01822279268483221,0.022322606730001335,3.009193919133395
1825,2.643112952045324,0.09927677913176618,0.09310297978490112,3.0553646818734705
1826,1.7449209099156957,0.016966061733067625,0.01130935110821666,3.0073738018982112
1827,0.2678481170861104,0.005369353740038562,0.00405575903723046,3.0637892186641693
1828,0.6631689775557663,0.004411716965736178,0.007510326660153205,2.9992285426706076
1829,3.3328632398610383,0.03705075130142704,0.0433055396260554,3.0631417338736355
1830,0.0701015241337801,0.0011841123266386636,0.0010158893436591919,3.0002654478885233
1831,0.21830449112013417,0.008484868151117021,0.007765978840254482,3.0594711862504482
1832,0.19723212854746705,0.0036714222531023287,0.0023944842069108596,3.0020595169626176
1833,2.530272157631251,0.05271863000758195,0.060408373419233954,3.0560303777456284
1834,2.419008618853114,0.09338679807422394,0.07944971163403765,2.9901100019924343
1835,2.2248790696695515,0.03178981535532884,0.036877275682866695,3.053562650922686
1836,0.6541159064909985,0.023339362108373736,0.02209319910320487,3.013119513168931
1837,2.6182631120498305,0.023188447689217673,0.03305138326206228,3.057993654627353
1838,0.7013278016964375,0.003749027909345297,0.005124276606693437,3.0130833969451487
1839,2.360367171482924,0.12406760146709178,0.12472852742988125,3.044993950985372
1840,0.06861162662737312,0.0017657653854412107,0.001788506748755406,3.001015082001686
1841,0.13072422145655235,0.0011372856824055208,0.001865575804727926,3.0686980108730495
1842,0.7394100969725602,0.024401043186704635,0.02597422438616279,3.005166829098016
1843,0.6753893491227999,0.01181300249898898,0.015909225970344183,3.068164828233421
1844,19.45953658091229,0.13329755189119202,0.2115707056490887,2.9932976658456028
1845,0.9466308239531039,0.05942665248660567,0.05605639219137688,3.054466758854687
1846,2.729166107429856,0.06482415822992847,0.08344419994660401,2.991762642748654
1847,1.6281443297771503,0.013081262839474243,0.02474887226092645,3.0509934299625456
1848,0.1650225668667731,0.0005278927891629319,0.0016720291181241893,3.0004318789578974
1849,0.08282057967247737,0.002228663323953413,0.0020034220725826833,3.0562559640966356
1850,0.13453664747402996,0.002081039333485762,0.001768263722947354,3.006789163220674
1851,0.9600548378885784,0.03440846866399259,0.03109435994163708,3.066310961265117
1852,0.3132570224852069,0.0031610696042091682,0.0032515910688047612,3.0114386058412492
1853,1.6913368766824866,0.16941005235668602,0.1817981061061825,3.0627986462786794
1854,0.6437294800132743,0.0043348850782682895,0.007750447684002218,3.0047839861363173
1855,2.3473005332502077,0.06997811160208903,0.07634043919594437,3.0487515167333186
1856,0.05625207037078783,0.0030473751900880553,0.002909412512631453,3.0000259652733803
1857,0.24323789151675415,0.0066483485245080725,0.005819947341593863,3.0676115099340677
1858,0.8677030093740019,0.020035312560628526,0.016344696789339398,3.0065033519640565
1859,0.3862796793912918,0.004306298212772689,0.005148514704963785,3.0650278530083597
1860,9.269731318820188,0.12276654720638454,0.10714009676394756,2.9920808509923518
1861,0.354543866976255,0.049254299067131496,0.04814705708969208,3.065213806927204
1862,0.061678003017172585,0.0016780681202018105,0.0013041612527951664,3.0128742130473256
1863,1.5863462154002594,0.10266226302442685,0.10277490039229344,3.0701406579464674
1864,0.2608761878010729,0.0038408525725450483,0.004282100542018617,3.008912928868085
1865,0.14687607983759685,0.002537576258554289,0.0017857133338482056,3.0602033492177725
1866,0.12124336055017013,0.010213760264895224,0.010239371207091345,3.0060471040196717
1867,0.1003032016709788,0.0029209912291724947,0.0028319027837944506,3.065270855091512
1868,2.055060164618261,0.012278310703467417,0.018883134535798932,3.012772941030562
1869,1.1129260632432136,0.009595136551243538,0.01243815464866464,3.0676618684083223
1870,0.13061620435431145,0.0015840573619015411,0.0013597075915841544,2.8964447770267725
1871,2.160582813274256,0.016413665669322865,0.02269589337297538,3.0509379897266626
1872,2.076005795259716,0.03803581329033324,0.04907206758589762,3.001230396796018
1873,0.11485628347289711,0.0010554209295609645,0.0018197522855598943,3.060182861983776
1874,0.7437603786770158,0.05367926820724713,0.05930034529213449,3.000335613731295
1875,0.06234372179512383,0.0010239911787871519,0.001192569650403011,3.072918924037367
1876,0.11063919393800938,0.001439568798413017,0.0019205020177459472,3.0062342640012503
1877,1.5910588230611296,0.02091850471975498,0.022335284243663756,3.051119903102517
1878,0.1629080928428648,0.002259621092912365,0.002615752327135404,3.0040648537687957
1879,1.007557608279692,0.03690411425237752,0.03578581297318689,3.0654908949509263
1880,3.822500981776748,0.05409403251067758,0.0718959483615859,2.9970798562280834
1881,0.20402929516447899,0.0022257281132669784,0.0022160108759786447,3.0727119189687073
1882,4.506528072275334,0.05746770332062039,0.06367662758417007,2.9973914599977434
1883,0.07456110666232818,0.00104178008542633,0.001376433064062775,3.0651660370640457
1884,0.10423521993660334,0.0016301873489624032,0.0012783615209875825,3.014339225832373
1885,0.2291726623212083,0.003939868913546362,0.0034812505217686864,3.059522029943764
1886,0.17398320984218602,0.0060366689664606114,0.00520576824740399,3.000882398802787
1887,2.8578748246238574,0.06613030193350398,0.06869717300970582,3.053910124115646
1888,2.777254753472971,0.04477289814916818,0.03977211120742921,2.9944914267398417
1889,0.1698220923439063,0.005012811619747085,0.004916823147216934,3.069155565928668
1890,2.556109607774711,0.09575182875678565,0.1111078720078181,3.008252845145762
1891,0.5693713311391179,0.009150597019929832,0.006321368391993998,3.0625571911223233
1892,0.05729136652588648,0.001479142714008623,0.0014715851423599874,3.001572968903929
1893,0.13769981518212954,0.0016822404707108626,0.001332867479403126,3.063159510027617
1894,0.2348062220825786,0.0035970025788480964,0.005186361533248269,3.013631367124617
1895,0.4573329079792857,0.003956200315579144,0.007130713448173521,3.0567937986925244
1896,0.24422978447971375,0.008885350712550566,0.00876113833813193,3.012805371079594
1897,5.192827783491456,0.03687992096583728,0.02052531470522602,3.0634455820545554
1898,0.15612157020238154,0.0016623731113454966,0.0012437016267733783,3.0059183430857956
1899,3.014328758731596,0.06998517161891665,0.06195456047750291,3.0680516422726214
1900,0.4448464823754761,0.005053192269498815,0.005955697811037277,3.013714332599193
1901,0.11799638370647418,0.0012141194797483268,0.0014535642611334366,3.0583325582556427
1902,0.11605003618938071,0.00349562662733823,0.004091098334077267,2.9976817867718637
1903,7.882289202157121,0.05816060150621436,0.08864562643391925,3.048864956945181
1904,0.0337406540017698,0.0014193257491546473,0.0012030621374170844,3.003555055707693
1905,0.09005064713187175,0.0015209729621178034,0.0012392870930556517,3.05884469114244
1906,0.4501619437764843,0.017881037825023788,0.016933347415486657,3.003933895844966
1907,0.597520498465068,0.005058391363182644,0.005650666118059434,3.070980027783662
1908,1.4342459778903092,0.02734983294711725,0.02171649763985467,3.008005782030523
1909,1.1630207954639562,0.026005033863293957,0.02874974856038713,3.051965187303722
1910,0.36084387605754803,0.004388430460746326,0.0054574876011481335,3.0106188198551536
1911,2.5796930009717833,0.03138332155230023,0.031424057180887775,3.0520844608545303
1912,0.4101524066600448,0.01433449284826839,0.015708362285171692,3.003587866201997
1913,2.418093419438099,0.05934618126007841,0.06787398713802394,3.069604387972504
1914,0.3728321429763878,0.03411021524329442,0.033876484804016734,3.0106630008667707
1915,0.18974621703664146,0.003898888915554584,0.003646995149573054,3.0677462592720985
1916,0.231711952860438,0.0030771782037513572,0.002368266248056731,3.006706372834742
1917,1.0013377809618997,0.10871442547658226,0.1038392728702773,3.0440404913388193
1918,2.619667039979791,0.02550221571194858,0.024236424324530905,3.008267214987427
1919,0.48303120553205575,0.0065631166083748435,0.007034887468963874,3.0754836280830204
1920,1.344870538810165,0.02108796057925532,0.02055502964025728,2.996349492110312
1921,1.4043294993663646,0.007051665183463668,0.014695069426332622,3.0637811683118343
1922,0.09627970525831875,0.0009722757030730135,0.0011545769884258516,3.0047314479015768
1923,0.39852813286194216,0.00330740537760564,0.0026802853602243154,3.0621316167525947
1924,0.9429649785062149,0.005987701597621121,0.011020898344065225,3.0000200159847736
1925,0.12309720167083346,0.0046336216342158796,0.004656017750733757,3.0559406438842416
1926,0.09719706737038768,0.0013777363567956875,0.0009431371977286827,3.0071741114370525
1927,5.580833556857569,0.049095051119401545,0.0377467072161112,3.0498976507224143
1928,0.8748708090786098,0.0231171737483399,0.028757272883496245,3.011176560074091
1929,0.6545414359273413,0.02555709375741478,0.029515665769811072,3.0630448586307466
1930,6.11650917537735,0.042694927334158826,0.06553205328857596,2.995272777043283
1931,0.1830343285730456,0.038393871777960456,0.038371587741284935,3.060771606862545
1932,0.8455982302569846,0.13855861930147112,0.13863265055003765,3.01557835098356
1933,0.08494560432752306,0.00109883672060182,0.0012040836602684349,3.0606958409771323
1934,0.056274430929939896,0.0006329836407093756,0.0009446223304085666,2.6606366988271475
1935,1.661928987508515,0.013895215196330893,0.02037905920093372,2.99911520909518
1936,0.09572918503712129,0.002415744045828161,0.0020815322352250405,3.066589614842087
1937,1.8787710467719676,0.017706825052443885,0.024150450139345324,3.0666930973529816
1938,0.233956808076836,0.003817342890288137,0.0027351078805512123,3.0043141529895365
1939,0.6976089549392184,0.10563306530256543,0.10466738012344147,3.054703932721168
1940,0.16919278358822368,0.0034671665496685505,0.0031593271678507936,3.0148390009999275
1941,0.11738541392265554,0.002372206017060548,0.0022446895048768814,3.011628575157374
1942,0.1495294031104142,0.0019487551651394786,0.0022883738010714204,3.060839330777526
1943,0.8178828164219155,0.006991592230891969,0.01622927206073328,3.0100590689107776
1944,1.4362123825506081,0.011324626796947892,0.01632776510909422,3.061224569566548
1945,0.08261307502999905,0.0015071744437968556,0.0018712010958468956,3.0656848517246544
1946,1.084954466427214,0.01964224249174927,0.015685804808917674,3.009674698114395
1947,0.3309582215485086,0.011536491494013233,0.011263728402616028,3.071876422036439
1948,1.5086170710487965,0.023222072836340778,0.022660050707136583,3.0061008278280497
1949,0.10473889364366529,0.002225904827526064,0.001617068379919714,3.0048314509913325
1950,2.560401068634065,0.03439102355872376,0.052383175794467246,3.050792166031897
1951,0.03766534528703169,0.0010727695008552617,0.0011224198606328767,2.997100572101772
1952,0.4546554565753592,0.008577896036132179,0.005244198325715436,3.0625840118154883
1953,0.08098751429783847,0.0014245523401200306,0.001309076316480215,3.057251116260886
1954,0.15112248954840238,0.0011283300137928814,0.0013579037962863898,3.0102769881486893
1955,0.11160519892970579,0.0014091832305057215,0.0013635948066268093,3.0623970828019083
1956,0.07860019437553134,0.0016772755410887738,0.0015665254892067377,3.0012162728235126
1957,1.4696377568053534,0.02796188106744554,0.027682228381017207,2.997765600681305
1958,3.1268678573207485,0.14349417713463877,0.14095666839056037,3.0493790609762073
1959,6.708096921397887,0.11291933542257898,0.09213292648735148,3.0075301649048924
1960,31.09087346363087,0.11941588388573691,0.30290533577358136,3.0461064521223307
1961,1.771306390816796,0.12153278747948461,0.13126243298591359,3.046190120279789
1962,0.8903196582272088,0.11420500264931491,0.11258202581707498,3.008146238978952
1963,0.06429450365445279,0.0012851837016624851,0.0019152529131016077,3.056593492627144
1964,0.0359080112822037,0.000747787253340152,0.0007231638549046243,2.7716424581594765
1965,0.34324650944279766,0.007902893795119598,0.006118200895265967,3.008917436003685
1966,0.9830647054709173,0.049009122103388675,0.05440920111892206,3.0536717367358506
1967,0.2703698432476444,0.010958334898756713,0.010324703064839484,2.9994436716660857
1968,1.5111350828561951,0.01974230049958275,0.018322264626355545,3.0639162217266858
1969,9.573399026604847,0.12538024780891563,0.13314034561666152,2.9910983969457448
1970,0.17600425349636192,0.0025851004857202274,0.0030553804782992374,3.059045498725027
1971,3.7975660763410786,0.03227190422188476,0.03965891359603569,2.99079519091174
1972,3.045305280017602,0.04761082249563359,0.033929495869795614,3.055331012699753
1973,0.07317537750054622,0.0011450878608547353,0.0014325318850831597,2.9953984837047756
1974,0.3360878833426217,0.005531353553246102,0.003752088797380978,3.0667139408178627
1975,6.68920613594451,0.13850992744848734,0.11428706610415446,2.9947506240569055
1976,1.1394461884044096,0.017399717466993505,0.021565804704314295,3.052017535082996
1977,1.7837954536863636,0.15703891379280144,0.14596965140346224,3.012126624584198
1978,61.62753800333524,0.07413871535888529,0.3674995662073772,3.0431988588534296
1979,6.210765769045439,0.029207193032868693,0.06759751574923067,2.9942473648115993
1980,4.236901986998381,0.05814207934678304,0.09045436375281907,3.0611367439851165
1981,0.3603485898620713,0.0030117094467660525,0.004864883717177901,3.0108566149137914
1982,0.16478744485115665,0.0032463732973161494,0.00227816629452018,3.0634609670378268
1983,5.176128596939572,0.05520664225630161,0.048929588166522084,2.997645856346935
1984,0.1616645262881069,0.00196379241115386,0.0016502738231782587,3.0655181650072336
1985,0.18614129911994542,0.0026253074232230464,0.0019386436662756352,3.011325558181852
1986,0.4083512900277328,0.008638187936831104,0.010069889839397635,3.058907449711114
1987,0.15509693748466447,0.007611089056416302,0.007265164762442863,2.9994327160529792
1988,1.347550576822283,0.01782215140570531,0.024462382883982572,3.056348799262196
1989,0.8669051438357623,0.05325643312551429,0.05814406261845413,3.0081289769150317
1990,0.47668870039485356,0.0030602269147815536,0.003617142150851214,3.0675891041755676
1991,1.7466825236328647,0.055925262987352696,0.06139800074375388,2.996067591011524
1992,0.9806937254351588,0.013968943350510316,0.017970597428380416,3.061498260125518
1993,2.311718691180476,0.21032538696636965,0.22172696072336132,3.000138791743666
1994,0.16743378304893128,0.0025713318985956636,0.0017312885065485573,3.06090987380594
1995,0.3300741422240345,0.010133838125530781,0.010034411009426168,3.00542568275705
1996,0.11595360369008534,0.0017255004026083748,0.0018978233122692557,3.0601582881063223
1997,0.12511079137301415,0.022366759491233738,0.021707849579964238,3.011148993857205
1998,0.11764974336183186,0.0013321317675105537,0.0019575064980023858,3.0588639066554606
1999,0.11343292326841896,0.0020924005993541986,0.002419268500001454,3.005946171004325
2000,0.6088057170886271,0.0919724676703378,0.0923697331709325,3.0629970459267497
2001,0.059706253218479,0.001044932760276102,0.0009381832280508628,3.0082315243780613
2002,0.12238721322419939,0.0011803340996028085,0.0012695390333996536,3.0619854340329766
2003,0.3853543883445668,0.004682062614913324,0.0055952007486028184,3.0050694751553237
2004,11.111077837332981,0.2101139302087988,0.17664814757687242,3.0560023626312613
2005,0.20594678654023094,0.0025884328468120696,0.004164787642393242,3.004927257075906
2006,0.11805996800220794,0.002569049747994943,0.0025737648455108906,3.052709602750838
2007,0.09489424341651566,0.002204848548848744,0.002713848098235266,3.0062328511849046
2008,0.1646173932316911,0.00396769269865134,0.004180796277264829,3.0646840622648597
2009,0.03729731424013094,0.0015734670669618619,0.0015114810833461551,2.946565246209502
2010,0.14056527751938094,0.0061929837605239025,0.005384696786391331,3.0526047027669847
2011,0.05758140987168085,0.0013819669981128505,0.0012707303072038503,3.0047009703703225
2012,0.6338219925886759,0.007371918464379652,0.005208959529223722,3.061269396916032
2013,0.1326253199992383,0.0014844093574067252,0.0015364920512408922,2.999277454800904
2014,0.35262693787035004,0.006037156258976383,0.004351652833116346,3.0613526911474764
2015,0.5701559854418328,0.011699513539037918,0.01680743232983571,2.988835956901312
2016,0.22141547982266285,0.00435765360905937,0.003967725655979811,3.0582544449716806
2017,0.0983289259672562,0.0013771525777873529,0.001118962542589812,2.8366199620068073
2018,2.01023251103526,0.0587111122580147,0.06301678318366569,3.0514630270190537
2019,0.2830844269041132,0.01660326920772213,0.016971283757629213,3.0100158201530576
2020,0.16728998855514554,0.004975613132900613,0.004519309376678604,3.0624558571726084
2021,4.79962485114714,0.19074014271292164,0.15291694292583688,2.9885278437286615
2022,0.039417203539642155,0.001609190720255709,0.0015323121528246252,3.0709129399619997
2023,0.26723455938332574,0.01817623982358025,0.016862099846295945,2.9959310479462147
2024,0.0526255192946352,0.002032602900713832,0.0015543487842848431,3.0624066339805722
2025,1.98249667283488,0.018682490678436667,0.03024516319776809,3.0020471340976655
2026,0.27282899681247036,0.012636296587674579,0.012591787654437326,3.062915564980358
2027,0.24167405893076815,0.0018821993686493387,0.0027745429665324566,3.006664236076176
2028,5.396661421817841,0.04505129274468244,0.07835525304057826,3.0612703543156385
2029,0.22620041298804613,0.0029930958309045456,0.0033485000050137437,3.00234993128106
2030,0.34025889961670497,0.019174103640796004,0.01720993681969778,3.0665239142253995
2031,0.3196964582813796,0.007446465085445716,0.006403165564249192,2.9972674679011106
2032,3.361584911474648,0.094105151160804,0.08133173798472511,3.0492131989449263
2033,1.076839683210831,0.00803294946609519,0.014587281178050263,3.0060920268297195
2034,4.440510529861008,0.018652956180605414,0.03920907954647161,3.049435226712376
2035,0.44005362061182807,0.017912557017802762,0.01975670009999208,3.000109358690679
2036,0.10969626062267866,0.002899048754136405,0.0027060878426978198,3.0658937082625926
2037,0.1118767980279883,0.0013885618453726536,0.0018328179772819178,3.0024478812702
2038,2.787255952849566,0.028473729005011352,0.03446547739303201,3.055205538868904
2039,0.3098137186689312,0.0013222389927553158,0.002308152354212254,3.0092405057512224
2040,0.10584361688056741,0.001493764071613057,0.0010259067093782905,3.0590804470703006
2041,0.29263386864861196,0.019908340514842356,0.020217064204237595,3.0018464201129973
2042,2.6523282579681893,0.020793015754879685,0.030193582917307716,3.048628345131874
2043,1.003573263948119,0.01581806068901749,0.014741022087372149,2.995293094776571
2044,0.5533700167475146,0.0799763433864039,0.07989807446002417,3.057097066193819
2045,0.5933167104118177,0.014964742570554431,0.011013262454530751,2.9971208358183503
2046,1.6376223337724476,0.018615514277424406,0.021033193087070245,3.064033296890557
2047,0.2490258023995822,0.006463087699078297,0.006371884519527681,3.009286851156503
2048,13.304955823205978,0.17576070015469045,0.11810485708548264,3.064983423333615
2049,0.915897567044792,0.030559196355330245,0.03037419057910917,2.9972287081182003
2050,0.6251351729924924,0.009161471913099148,0.012749483199252993,3.0545323290862143
2051,2.3220831724132185,0.04169480869127348,0.02338451428969692,3.013626128900796
2052,2.5852458992010754,0.055002482343014865,0.040903851715657975,3.0660838107578456
2053,0.10076585444596459,0.0011406642314310213,0.0013657062903805455,3.001653761137277
2054,0.11030163962337004,0.0007253713504795467,0.0015048321894869988,3.0634720898233354
2055,0.04223837882915865,0.0015105959744717808,0.0015809270567756046,3.0023734238930047
2056,2.075154471006425,0.029297423615259503,0.0337719154377215,3.0522553329356015
2057,0.09131396673952548,0.0007458086745711913,0.0014251477397564545,3.002954721916467
2058,0.10134685663262634,0.0015548337646703048,0.0011749807537321376,3.0618425542488694
2059,0.3106412499414471,0.0019073770297536262,0.002750358456282386,3.0131083549931645
2060,2.572304880218694,0.01644929967000825,0.019571711415051055,3.060462759807706
2061,0.53409023178192,0.018485076433486614,0.016406756664836503,3.002123975660652
2062,0.06184812652655397,0.0009783880162015722,0.001091083044665794,3.0561884893104434
2063,0.2164769568268087,0.0021909515228345573,0.0022272128916630248,3.0053557748906314
2064,0.14207963952432737,0.0026989977864565707,0.0027503296757587733,3.0599923371337354
2065,0.10626788768750756,0.002603621420137242,0.002197315457450153,3.004309049807489
2066,0.904490571342909,0.02369599107134156,0.01850789332959784,3.054454182740301
2067,3.499118874748446,0.01368579071533332,0.026632376118340045,3.012902991846204
2068,2.7417950203927948,0.023179555857137338,0.021746398334348372,3.0524474172852933
2069,0.45716047949779265,0.004575415255161613,0.005734240399428217,3.0052991746924818
2070,0.17730048925249667,0.0021358433828784994,0.0017376334357057683,3.0588280339725316
2071,0.21950769609344006,0.0019294502180633303,0.0026226422141849047,2.9999001873657107
2072,0.42476923525301674,0.004851156647557278,0.004178495226406824,3.0693932990543544
2073,0.8701597860541853,0.012123080735313634,0.011769232809854311,3.0001903139054775
2074,13.015817917610844,0.257155016710447,0.2542424059336066,3.0418270458467305
2075,0.08588515908458126,0.0021369515654858823,0.002192631615354759,3.003664620220661
2076,0.43026167381740194,0.14217048911582542,0.1424002248951554,3.055666755884886
2077,0.41900899553183446,0.004226310726094983,0.004752471126882515,3.0102626187726855
2078,1.2009142750570054,0.029909092396491047,0.03013469002597777,3.061444776132703
2079,2.002965305727341,0.04990714716258207,0.055833053089951075,3.008938463870436
2080,1.6141172180395822,0.01052750049009394,0.015188660388947074,3.066842700820416
2081,0.3921495654000775,0.003206042547655528,0.0050015974981638955,3.0110703031532466
2082,1.2548236784902638,0.026986367547593485,0.0249491726747772,3.054419802967459
2083,0.20341991933747128,0.001088278150820042,0.00143471175546758,3.009305460844189
2084,0.9410390234419759,0.01719026389848377,0.015308218816247264,3.064893424976617
2085,0.1723022882861032,0.0030521434004059686,0.0023812601945745675,3.006635272875428
2086,0.12364412502024066,0.0011912574966265778,0.001976218485520753,3.059566903859377
2087,0.213206204628678,0.0005625238213875898,0.0017969058664482425,3.0051198448054492
2088,0.12154613407700754,0.0023596241647267026,0.0024504782740126987,3.061803311109543
2089,0.48271756648784625,0.0027169603204994855,0.0038095658405032273,3.0147398579865694
2090,4.02482509892193,0.09144337988192534,0.10338118729881324,3.0424587139859796
2091,0.3553744333094529,0.006030147814565198,0.00450623664585767,3.0016002859920263
2092,0.9077894585271246,0.003621415844985078,0.00797850103157163,3.0603937399573624
2093,0.12481565637841646,0.0016241527287691189,0.0017525333571165925,3.0003725541755557
2094,0.13574962812235578,0.0015743013168835883,0.0011742165955012174,3.0651496700011194
2095,0.02937397634885276,0.0007367078125811021,0.0008156666833654428,2.5402230760082603
2096,0.3869390743213387,0.015801299789103395,0.016814252632966615,3.0294649158604443
2097,0.4574344518839583,0.007629574074760186,0.009092469165823921,3.0661888560280204
2098,8.907246204263535,0.038918730049097405,0.06340655856457973,2.9899408062919974
2099,0.15050074437004887,0.004553902119931254,0.004865924548439896,3.067475595045835
2100,0.8697437816374751,0.12252040923690687,0.12497757224266898,2.9884300399571657
2101,0.1996607846878625,0.00533124271775449,0.00409832759707406,3.0520020532421768
2102,0.18371136645653283,0.0015904310336942484,0.001235098458275307,3.0070824599824846
2103,3.390481976857155,0.09723123440497752,0.10990141880079668,3.0429608882404864
2104,0.0708285895453716,0.0030260612649250333,0.0027795507334902087,2.999869527295232
2105,0.1966027568859793,0.005718978066476679,0.006320444657953767,3.067367718089372
2106,2.413950943778145,0.050385585251015816,0.046479988149285216,2.993847724981606
2107,0.13144285729939717,0.001604971491485467,0.0014904824842825058,3.0653096293099225
2108,0.10480470641774431,0.0027467847422008025,0.002604740068241534,3.0039428491145372
2109,0.13610886215433168,0.0012097961274630357,0.0016908172505239387,3.0617673830129206
2110,0.10076485444154547,0.0026138523241450162,0.002549068618040877,3.0033391108736396
2111,2.3830225483621637,0.023569874425370545,0.020748189886594343,3.0563177932053804
2112,0.3721710862639353,0.002789630983013855,0.004610216238017762,3.0118310623802245
2113,2.3912214598731913,0.05516901542408549,0.05457737426379079,3.057182415854186
2114,0.17550841119649052,0.006192051720258799,0.006572086752439358,3.002281821332872
2115,2.268540320192901,0.02184394325578669,0.01790788350927234,3.0695813670754433
2116,0.27238505921812256,0.0051124505824622305,0.006288378440717708,3.008782203309238
2117,0.43434700947060007,0.0017964492683528713,0.005767630173062793,3.0561187602579594
2118,0.23540495627813976,0.010627936205990993,0.010596262681090127,3.0075730332173407
2119,8.682250551039116,0.06187717631695049,0.07629647446985915,3.047388950828463
2120,5.0396621088497175,0.06378140102146089,0.07935209000608753,2.9966558888554573
2121,0.14792027250789258,0.000996109592890521,0.0018738850978359401,3.066808653064072
2122,0.06647752805131109,0.0006100792365679555,0.001063276871315346,3.0030231960117817
2123,2.5462772774548648,0.026773564244746997,0.033992825994892166,3.0517163020558655
2124,2.53351280486546,0.028152183597715003,0.025256753128569138,3.0011007632128894
2125,0.3460673127399641,0.0018799697608551055,0.004327933222055504,3.0590986306779087
2126,0.9375794216302701,0.10358935459831964,0.09874132062733669,3.0039870059117675
2127,0.8514695016748622,0.1809412772969786,0.17633323049908348,3.0615828912705183
2128,1.2573317983534151,0.019102719554092103,0.0155565644281859,2.9995511560700834
2129,0.33056195924454795,0.003916610753364844,0.0058601621651353745,3.067299604881555
2130,0.12378087649540077,0.002090957588906153,0.0017056689853158216,3.0020263390615582
2131,2.983515595480489,0.0781817626034832,0.10099944900181776,3.0515822893939912
2132,4.930267966613584,0.1589568825796276,0.14315904617450817,3.0022460180334747
2133,0.15402036958188883,0.002006630910261493,0.003568401337889414,3.0562508031725883
2134,2.029546290106461,0.05464558740515729,0.07421902948247508,3.011079484131187
2135,0.14173415983818968,0.0014069002862058173,0.0020170823097936637,3.050818304065615
2136,0.19366373640037834,0.0005335691963638213,0.001911110933249379,3.0055599119514227
2137,1.7922462401709067,0.006614188150260141,0.020494843027988402,3.052765474189073
2138,0.2034894079719256,0.0018897007403983043,0.002732591374927874,3.0087347901426256
2139,0.6030652899203752,0.02732472348561328,0.025298711741238582,3.0630720020271838
2140,0.07272086716244189,0.0010854767412130295,0.001314847774505027,2.9965923130512238
2141,0.07975442983932343,0.0010115479609234558,0.000869517963739668,3.0546294851228595
2142,0.21891063042414888,0.000817809912679764,0.0019103677704310612,3.0059137297794223
2143,0.34407167364554986,0.1874021720943447,0.186268440940337,3.061505116056651
2144,1.702665001421489,0.03647539557067284,0.03016990620171121,2.9964762050658464
2145,0.029643359344187915,0.0006409187019398858,0.0007995084210539724,3.0592657839879394
2146,3.6164457282814597,0.05908190276730507,0.08210405136576601,2.990595100913197
2147,0.700008360046803,0.010698410086563815,0.009551252064317754,3.0605759299360216
