pair,rre,rte,rmse,time
0,0.8977987526122256,0.006987089846674491,0.009120252501750335,0.10148787219077349
1,1.249727946330185,0.01746488961278515,0.014342626917177652,0.08810950303450227
2,1.8414275220424674,0.07655399470962769,0.07764411021238833,0.08480362920090556
3,9.885822510456816,0.025286257318249124,0.04696826014241088,0.048992594704031944
4,1.7570200525256603,0.013244126834915484,0.022650488681887036,0.06252469820901752
5,2.3678235748385332,0.022081047879628186,0.017724286096368235,0.08981294790282845
6,0.5881339532188884,0.012341863895694152,0.009887890764607863,0.096107617020607
7,1.4184217513270445,0.003799272012047977,0.01909918335067405,0.09709529997780919
8,4.735226061749743,0.08737385660238892,0.07075493654006636,0.07942987093701959
9,16.24846632253855,0.21946879244287662,0.14565240985060593,0.048125017900019884
10,0.7666186182478072,0.012359616968693914,0.010750735320315615,0.06856592185795307
11,2.809792328111288,0.02273210720699086,0.028177089519753704,0.05324653210118413
12,2.901270287983706,0.024458963810572693,0.01730902891506757,0.09157200902700424
13,0.579640551326837,0.005958812912346993,0.00719550020664604,0.06572821317240596
14,3.0827123002794856,0.04492313544357668,0.03230106310456115,0.08678693184629083
15,5.789724275532571,0.019015207000794187,0.044204090671652874,0.08092569094151258
16,12.215044526102032,0.019710637769169526,0.12384109889467337,0.05041930265724659
17,11.527880161528538,0.06133111539768229,0.1173362623198759,0.09531926084309816
18,2.007424700531244,0.011025451229242873,0.018462687644431878,0.08657253859564662
19,12.129030222733844,0.09701241627418718,0.03169517203173914,0.09475158294662833
20,1.1604034732191986,0.007592829546031279,0.009840379351969231,0.08296094182878733
21,3.624100114425488,0.04438405908550122,0.05389471710754788,0.06773908575996757
22,1.308984023300495,0.010258320679915951,0.009919304754394736,0.0880994969047606
23,2.5694474899371422,0.009374884284070639,0.019541673011979583,0.06328624673187733
24,3.292300886599312,0.0386077842711886,0.0287167081238162,0.07941526034846902
25,0.8116913164867674,0.0044352064556332695,0.011209524343504234,0.08181452611461282
26,0.8638139291170972,0.01095808754776731,0.011015434254958807,0.07809527777135372
27,175.34412150059424,0.982777270809183,0.22092819487259144,0.07398449210450053
28,1.28551658875576,0.01696987372786599,0.014436876247315204,0.07358405599370599
29,0.7153048806044048,0.009420339495512433,0.01122015283909831,0.07630830630660057
30,0.6155828220098604,0.00795294789785713,0.009046332073355996,0.07936939178034663
31,0.3642143500862435,0.04731499972463284,0.044567460743432714,0.054001324344426394
32,1.372262493669067,0.0047463985770659295,0.012381333377481402,0.08534321887418628
33,5.9061882853691055,0.04273119970978228,0.07956291377399352,0.059109737165272236
34,9.399208543737016,0.08228753846212294,0.09521994790588098,0.06829260289669037
35,0.8915566816867204,0.006656144597229835,0.008477025867195448,0.09517601411789656
36,1.5645252676696988,0.014617541741959197,0.016056165360130284,0.08724205894395709
37,1.3801555313150131,0.013384653965087595,0.015722260560378926,0.07395646627992392
38,0.2957608969330498,0.011457946026018878,0.012370326219485544,0.08156048599630594
39,1.5363433560681177,0.0065519216009156875,0.013226341906478256,0.06260514399036765
40,1.0281165929802007,0.009069949096760564,0.013195695312577669,0.09953095717355609
41,0.879540533804256,0.010061329116556694,0.010114580257042255,0.07521813688799739
42,1.1882557687622763,0.021525084017909746,0.01826588073886905,0.08053849125280976
43,7.597975246336317,0.04081805898368045,0.08962285395699489,0.051830691285431385
44,3.848931593920253,0.015721239335158697,0.043644018563848495,0.052579107228666544
45,1.170833022266432,0.019825082603868893,0.01683310898853278,0.06704396707937121
46,5.294560098324105,0.08264185467815151,0.06439569506988688,0.08256015367805958
47,1.5795983877308228,0.0076465203229153875,0.017964284682867388,0.07520276959985495
48,1.86847052555538,0.018889298121623037,0.023899733800885666,0.08009924367070198
49,5.639764750497209,0.060822072416462404,0.06598435747467646,0.05073102284222841
50,1.4459997954554786,0.033478566821390894,0.025862352660226774,0.06302464660257101
51,3.7171555557992644,0.027006834148200064,0.06329115614032031,0.05027523823082447
52,2.86975896964649,0.026876237302340757,0.030480919776050483,0.056758583057671785
53,1.5160137842486041,0.009441035632518127,0.01840504462569246,0.07983848871663213
54,4.22309987654975,0.020528728855426014,0.07016507936469284,0.04662330914288759
55,2.2214488439385462,0.01080702746444678,0.020646323432072174,0.07518600206822157
56,1.2654536153430889,0.017283043869238325,0.026825804418001555,0.06735768262296915
57,0.6203535288285477,0.015038450171684151,0.016446580777319968,0.0532920709811151
58,14.792742788360869,0.12227414646611183,0.1330955775546138,0.0762224649079144
59,0.15322893134687887,0.0056463496663319915,0.005036692739874892,0.09463150007650256
60,0.8314561417410312,0.00709018327436109,0.007046294881234351,0.10284614795818925
61,0.5034193457321215,0.016570349142659178,0.016842262371573286,0.07173912320286036
62,1.5632305654279193,0.01954084285448651,0.02278836336826736,0.05312775820493698
63,0.956764655219453,0.034827740028981535,0.03213599528911154,0.05677248677238822
64,1.7546523971361203,0.024175692675928697,0.02710379572577061,0.07701139198616147
65,4.489647192450138,0.028149028400719936,0.03955191699699656,0.07654910767450929
66,0.9281995652212335,0.005083148901186658,0.005491055191654892,0.07394494814798236
67,7.026693895160006,0.03850866421464058,0.11515829927043715,0.050278271082788706
68,4.938709652820546,0.0144120549025112,0.0512249483977559,0.06108473474159837
69,1.8107614578648574,0.019609251117788818,0.018339459604854513,0.09435809403657913
70,3.967614841096342,0.02668975411383375,0.04075096244653557,0.06467537814751267
71,5.64234242644914,0.11370189009257409,0.06389137465681745,0.10085638891905546
72,0.945624374036762,0.011862466084368084,0.01271755740222457,0.06724789319559932
73,1.2583167726168616,0.027143496528715914,0.03094886088860371,0.08685236005112529
74,1.0921317795811747,0.013101667479705113,0.014313536118156105,0.06114669004455209
75,1.2403450941194023,0.013516963035985253,0.006877846132506236,0.06940003158524632
76,3.3665894717047364,0.04618602203970549,0.025484978288145853,0.09492286806926131
77,0.5439659179720465,0.009210968784089519,0.0066743659867049615,0.07758893305435777
78,10.040469036823378,0.09352956313007567,0.0557840797471123,0.07082133879885077
79,0.5383461036532753,0.017903147067608892,0.01934136436511519,0.08041476830840111
80,3.016410324866355,0.007066572985303604,0.028924677000521773,0.04926732275635004
81,2.4522485021806233,0.022698106912645677,0.02307153175882574,0.10052416892722249
82,3.383871230174079,0.05039525289303025,0.052996753628894805,0.07070228457450867
83,0.9529300107673159,0.005487382971442799,0.0061532795876015015,0.07093686191365123
84,0.6710256244874334,0.0038634984315782704,0.00732911343615312,0.09581804415211082
85,1.88830996625208,0.010541393236333931,0.018967020922956917,0.05597405508160591
86,1.8387426568769185,0.01493933550193437,0.021485260628908747,0.0735943173058331
87,0.500077000707587,0.017588603733305366,0.014412472143082802,0.06343233166262507
88,1.7342133363207817,0.018061621158923447,0.016795523432001074,0.06889271596446633
89,1.000698116674169,0.016894621996440984,0.009621825922070835,0.10097429994493723
90,0.9063887112470684,0.010422819801076686,0.011312811458076376,0.08015839569270611
91,3.193029781245627,0.024994894015604428,0.0234482412988642,0.06881971471011639
92,3.1788708212392187,0.04334351450768867,0.022739297942558,0.07811465999111533
93,2.545732400212544,0.030904931241358208,0.026977858279742094,0.09684447618201375
94,3.201949308257769,0.02801760877152651,0.033732054912865045,0.08977318601682782
95,0.6763446066136323,0.013356500532771143,0.009950062190512546,0.07329638488590717
96,1.7321450313052622,0.026796247786805782,0.013332954932091851,0.08491786802187562
97,3.2037757749615245,0.03414176624317772,0.03835980846425834,0.08059020573273301
98,2.864924612074251,0.03532323910626427,0.05106538089109929,0.06436842074617743
99,2.803884723298132,0.02456995107667704,0.017558433604577,0.05805491702631116
100,1.2894788226223624,0.012584323888868026,0.010015187846825173,0.0768132652156055
101,4.761005287919249,0.12367490136047822,0.10654875996967947,0.06715471297502518
102,0.5110827205370033,0.016815017623237435,0.015208689979640111,0.05942629324272275
103,0.9707075544824294,0.007822486622155967,0.0096331509353489,0.054566988721489906
104,1.1348288125199153,0.014012211873462029,0.011692469184475128,0.07548180129379034
105,4.6202076717551135,0.05035005436411705,0.07573489239701635,0.10597384395077825
106,1.2137969893910943,0.004866548614262442,0.013306145745125461,0.06361101567745209
107,1.0680741266201943,0.007272019872434166,0.008471553160432582,0.07555456785485148
108,0.9229762642608376,0.008374207853361144,0.00614287119085295,0.0927146589383483
109,5.681031269962291,0.041104873127040795,0.030783355770300655,0.09757619397714734
110,4.180142260721787,0.01583467702427612,0.04115694237555358,0.08369082119315863
111,0.3846819727045793,0.007651663260648578,0.0061809971654946585,0.09372230898588896
112,3.4102348153131445,0.02243430393298291,0.016660625247402534,0.08816965483129025
113,2.6964765611959867,0.021592910606801016,0.015176449149833706,0.0685994322411716
114,4.723543689773344,0.07016488705112081,0.06571969656761906,0.08355431072413921
115,0.6803932780205252,0.006698642413519759,0.007176662563390779,0.08943702979013324
116,3.814216425253376,0.03873438981996931,0.02336907043754401,0.09490550914779305
117,2.941425215567572,0.029038355534278863,0.02386261386125453,0.07361465180292726
118,2.370271289304116,0.027434838307050128,0.018197119712117432,0.07123473472893238
119,5.417016602199161,0.03343836374231065,0.025193479917842994,0.08416866092011333
120,3.1197897662348444,0.02493615738151017,0.045573855504035046,0.09603121317923069
121,1.7963242964466706,0.011119396529722528,0.00942442285691543,0.0721798031590879
122,4.8715945083431516,0.024240148240673515,0.04505336282119607,0.08429972408339381
123,18.80808622811502,0.06087866606926109,0.19329947759125235,0.054352323058992624
124,1.2554079815724344,0.005514270586435708,0.008441734183199026,0.0577560318633914
125,1.0543984890109424,0.026024877642749876,0.03483747340811509,0.061862092930823565
126,4.77704393653417,0.026532968157904513,0.034870032194363486,0.055761686991900206
127,2.179564674413277,0.021138715709810726,0.02480568898460668,0.08939660200849175
128,0.46021186695277255,0.01285945037606578,0.010536974524361524,0.06383044179528952
129,1.4862263719041409,0.012355984675807032,0.009684262700158526,0.08773804968222976
130,5.03292685764635,0.05195718589737152,0.0564581320808096,0.042476475704461336
131,7.257060567342701,0.05322957828244586,0.05404828348628492,0.09066453110426664
132,0.3871419729712182,0.008212624004553097,0.009941358387902296,0.06915759760886431
133,1.9096068427309894,0.010205905045165638,0.0220416125893833,0.08282931288704276
134,17.869806735772794,0.22205191282846265,0.21677830376980572,0.05439521465450525
135,1.9811538452079513,0.014839121650105674,0.016420305083229707,0.08463667798787355
136,0.4322364033115159,0.012753335148484169,0.012278945489518144,0.09026090707629919
137,0.6820562049266176,0.00566898463681418,0.007511686104732142,0.08570986893028021
138,1.6411235026783146,0.028957253531287506,0.01666648065621751,0.07449463801458478
139,3.450484525692742,0.020615966284090643,0.030406894326807866,0.06747185299172997
140,3.882268115759926,0.0411498716129288,0.039116964040366735,0.09161941707134247
141,1.105769935314499,0.0100852770235232,0.009542282733568415,0.08110541990026832
142,4.5002747668089365,0.04353936618305974,0.040886768337758415,0.06079601310193539
143,0.5715964178668214,0.005657876972616905,0.007025807169025221,0.08520218404009938
144,2.811845550373741,0.025892373074676962,0.02957196112356664,0.06365493685007095
145,0.8915090174817624,0.035981763728598674,0.03421862233150264,0.06684953812509775
146,6.152277976712087,0.039103894616351005,0.03876450794997253,0.08717351779341698
147,1.318400077232383,0.0023235936575062227,0.010755129060181494,0.10320863081142306
148,1.123692667086734,0.014555345621978993,0.01058092043482286,0.0860036383382976
149,5.558028351022902,0.04703201311771931,0.11143561752843577,0.08332739304751158
150,2.3556886014319933,0.025532346046630263,0.02678388491213497,0.06735776225104928
151,21.001739267535584,0.27659104438095455,0.23035040554645086,0.06384927500039339
152,11.561641860010376,0.1055989766313854,0.1274968913807658,0.09410864720121026
153,2.4946349805405776,0.010099323864369337,0.02238453015999986,0.08592984406277537
154,3.0002083697132886,0.019208466488265116,0.03201076855736335,0.08010405721142888
155,6.568679626929753,0.06997040523445498,0.07064027567052823,0.08723918627947569
156,176.08571678732065,0.6598285179712945,0.18011869650293583,0.08059483161196113
157,1.3347982579624096,0.008797830406485888,0.018111867834265855,0.06600231910124421
158,1.343026931587084,0.010556351601161274,0.012937401336065416,0.08600646117702127
159,13.448540163886664,0.10417874771242025,0.18637561571661768,0.10001838719472289
160,1.0721896452687163,0.006738730262385679,0.010813697819756317,0.08294270327314734
161,3.638552920428134,0.0252644499489018,0.007117181110203997,0.08753255801275373
162,1.627276215999281,0.01790852829246647,0.0155776045569395,0.08873099507763982
163,1.661319863623041,0.005462630395516076,0.01818067845306082,0.09503413084894419
164,179.00559594061946,0.7773316310836272,0.8944208432323398,0.09388655005022883
165,1.2317169073514318,0.019595935317813555,0.012734468213363756,0.07962177461013198
166,1.6205656494250353,0.014797773568877456,0.017188772847633337,0.08858591178432107
167,0.5624979178435251,0.012875994306505975,0.009519872549760808,0.08810098795220256
168,3.6453834343812805,0.01575743613997407,0.021848789765161636,0.08345528459176421
169,0.49608126748989945,0.0068517790538383016,0.005297084222921875,0.07443774677813053
170,1.9536060765742602,0.008211666559094789,0.013481168473227507,0.07960535539314151
171,0.39425337919074677,0.008036715635888954,0.0058423006151546945,0.04766340693458915
172,0.4229650663020046,0.013629283631040389,0.0135572720866213,0.06825340120121837
173,0.9888737013432006,0.01668979490035382,0.01545742253115561,0.07103422982618213
174,0.7238495132353092,0.010788246834794521,0.00947201488871848,0.08844872564077377
175,0.3807535845812811,0.002887277785152325,0.005454332919062337,0.09345567924901843
176,1.3161035463847495,0.020970112724424783,0.013925627577051264,0.08839353313669562
177,1.242550701922213,0.008853779387189478,0.01295135829422343,0.08790213987231255
178,9.618644511840442,0.08279493576643385,0.08602809718190878,0.08539296360686421
179,3.269098377045183,0.03508299556722293,0.04006696630367383,0.054344824980944395
180,2.6380317831928033,0.02629712009831781,0.033995506708711876,0.10007986798882484
181,5.46627836724806,0.027528564542803308,0.03074487313437579,0.0672904010862112
182,1.4476471935210184,0.010217292383223126,0.01365169906766275,0.07892110804095864
183,4.314862953418428,0.19196739466464477,0.1747599633913267,0.04750189604237676
184,179.83936351768355,0.9109543567020322,0.586410148199295,0.07273058732971549
185,1.218082810981471,0.010808582073128686,0.016617855881128577,0.07317711412906647
186,3.0786523184377947,0.012999341193444907,0.02407409569848273,0.09113352792337537
187,0.16413674654830712,0.005755105338736241,0.0048613504232908715,0.0774570177309215
188,7.368602479646688,0.04331516666591838,0.10465119247603323,0.06441105622798204
189,4.117854680692215,0.04176761607342685,0.049676988227813974,0.07104690279811621
190,1.6063745748318068,0.01612036033488965,0.013362643306602508,0.07435251912102103
191,4.360219833104685,0.06529096211260145,0.05244723840735067,0.05469097662717104
192,4.930285057754726,0.031049526232599052,0.054452966201542524,0.06829768605530262
193,5.560868931203248,0.026412423971693664,0.04662144837930345,0.09431203780695796
194,3.849471555514512,0.046659647170157026,0.046175927626502355,0.06823164271190763
195,5.836916363102195,0.056668904972272435,0.06934754916294096,0.08807964390143752
196,3.5808349268083925,0.02085410500723948,0.025526048944368832,0.08476105192676187
197,1.9549608212882885,0.027072135345563145,0.02406190687307805,0.0765612362883985
198,2.1845761346080024,0.033041807027103846,0.028252145085810906,0.0929491613060236
199,14.471213094436663,0.059002096428647295,0.1514162591063245,0.05588342063128948
200,1.114879433537136,0.005110408947035625,0.014444944877622448,0.07057732483372092
201,0.955522925933866,0.010082682046153525,0.009363100185910193,0.08289569802582264
202,57.31909994998075,0.6211714045281294,0.5171430614000968,0.04904612200334668
203,1.3312235404834198,0.003964642747623672,0.012857773289535282,0.07309468509629369
204,8.39707965744322,0.05850606079306353,0.05081886000809895,0.09554043179377913
205,3.5413631583285436,0.029793188525204045,0.04877996353055298,0.08838056772947311
206,1.288193054444253,0.009893654737256233,0.017293179604267586,0.08275996195152402
207,1.0187398269870507,0.004091028948403182,0.0076152768438017245,0.08227531472221017
208,11.552494349837808,0.07161982462748856,0.11138415111735706,0.04274176526814699
209,1.450864097505498,0.015168137414463767,0.019205731447432407,0.09340053796768188
210,1.0362995003660762,0.00797782403602037,0.00998850107575792,0.07483352907001972
211,4.479773795786752,0.054150980085998245,0.026224899672216376,0.08079932164400816
212,9.552405081856884,0.11474230631349823,0.07256685579238052,0.04836150724440813
213,1.4254595141701654,0.062416270783896735,0.06163577803835597,0.058146076276898384
214,0.4961392220679483,0.009232983962277964,0.008563092032664104,0.08306079497560859
215,3.0899598742742316,0.019829556344594584,0.02508184311882997,0.07033576397225261
216,4.476937394077533,0.058800419272945256,0.037666487854148396,0.08385516190901399
217,6.837761409688561,0.03826074980949463,0.04967230949367652,0.09458812698721886
218,0.8365811485601922,0.009155941392540596,0.007997198652652035,0.07914121309295297
219,1.0589995267238927,0.01684794833872525,0.01357808085123886,0.06655052118003368
220,3.9040176555537984,0.050762451560017664,0.04961097533098863,0.06250969972461462
221,1.428442442427253,0.025147479283702596,0.03731519580720784,0.06280690804123878
222,0.2678524152611602,0.0009776363683918164,0.0032283146206926847,0.08274256205186248
223,4.763024053076077,0.06945810005384487,0.05701465673628856,0.06322386488318443
224,1.6269021659050698,0.022052947993637335,0.02074908337678339,0.08379723317921162
225,0.5651814519096449,0.006551584199003881,0.01026964601141132,0.08797718118876219
226,3.5706409218676436,0.027822561583303523,0.04804118470274347,0.08550713397562504
227,1.8453386006060346,0.022715900029320883,0.01412311506660513,0.06502017518505454
228,7.565523436444545,0.05063690364389854,0.08156988178125471,0.11183840502053499
229,1.0280039126358933,0.007756165348933263,0.01093019592410779,0.0767362923361361
230,3.672216267721083,0.05163775250948777,0.032798564516428375,0.07220296002924442
231,1.1610128120200933,0.009793926948733038,0.012163150214938565,0.09197287913411856
232,3.500070371753621,0.010851078900462045,0.021037538196739328,0.07428734237328172
233,13.744007032387639,0.11191555715640149,0.0668573373197443,0.06332644121721387
234,5.777110599454164,0.04137358300422565,0.05005207162504043,0.058038124814629555
235,2.3620540877938003,0.0385668638480783,0.04882881552426887,0.05846149520948529
236,1.0302198617328506,0.0356100447255337,0.03746724911014684,0.08775335690006614
237,0.9560553418155584,0.00903578191121884,0.014410258665420415,0.06993222190067172
238,6.934067600047916,0.06966066569358063,0.03786747408140873,0.059916701167821884
239,2.0404859561397117,0.022102610915297714,0.022488489538346937,0.07455651229247451
240,4.044817955683733,0.04947673991152754,0.04904868512543252,0.06945874402299523
241,5.023332452343915,0.04234158675668013,0.0718719043461872,0.07922695809975266
242,4.921863191435955,0.05087530725933745,0.054838383219247416,0.07176941726356745
243,1.899575666644922,0.031910974752384955,0.030634292637744906,0.056188397109508514
244,2.0939609335405684,0.017622085588265946,0.014624953450758645,0.06668965704739094
245,0.38581920203360803,0.012326746386988972,0.008864285687015836,0.0727766864001751
246,2.842042968607721,0.022834761213137097,0.03337611314124366,0.08363431366160512
247,0.9075986021369058,0.009450607951608134,0.010822779392158024,0.06526002008467913
248,1.7578705031926143,0.015648762224965262,0.01619220665491102,0.07693478604778647
249,0.7476050716869478,0.026302987617072983,0.02620159623745208,0.09926433674991131
250,10.571845730614955,0.1399700755404896,0.14124329221536608,0.07837143400683999
251,2.0987217025841716,0.016573652790129997,0.02421036526887009,0.07803601678460836
252,3.813614013797072,0.0172890749436854,0.03277516014619353,0.07856243895366788
253,1.7286451458567158,0.015722651686839343,0.015626161975536394,0.07902530208230019
254,2.1226577530348614,0.024963460428083412,0.029878225602179533,0.08086862694472075
255,2.14249644376944,0.020941240206761524,0.023261347767492547,0.06798099493607879
256,3.3698194958463774,0.04341988829429485,0.03002289376730934,0.058892118744552135
257,9.855280166981192,0.027286675365937662,0.05934463552699066,0.0876363548450172
258,1.3370506167587788,0.004664971423269528,0.015775942332788496,0.08337059104815125
259,0.300424613185972,0.0037874229617990717,0.003752824623011563,0.076178218703717
260,2.4708509001493177,0.01325617793318549,0.014503131163673763,0.09032026072964072
261,5.061148067793773,0.07286132300024897,0.04986358092601804,0.0790998269803822
262,1.2734218738170078,0.013909195102868007,0.008291435259131555,0.07511209510266781
263,2.514927192892082,0.020030970324406473,0.022436939721518535,0.07788178324699402
264,1.0017163960016564,0.006410624941376226,0.008180024562976798,0.09333158377557993
265,2.0621976430286053,0.024575186462725378,0.02133125493694143,0.08180692698806524
266,1.3016181739648207,0.00980333224219284,0.01326594857258011,0.06550801359117031
267,2.3153771431685537,0.04263581812345885,0.021184785561946168,0.06866980390623212
268,1.5388875839728773,0.015310961699758674,0.020024894562132724,0.08331313775852323
269,1.0170521288316707,0.01472981484967386,0.02057574617712366,0.05789612513035536
270,5.250503940505216,0.04648015560832457,0.04270964597872995,0.07776855304837227
271,1.0179326603991206,0.021170907201993976,0.024605591677630337,0.06679763505235314
272,7.130213838687385,0.06252672429244817,0.07404883635740124,0.058324143756181
273,14.245621211595985,0.10939351892690045,0.15045530727168183,0.0829750201664865
274,0.33034696811015835,0.008498179154044095,0.007247254197170448,0.06764649134129286
275,1.4278564296094112,0.006278592458475529,0.010882412903542396,0.0750411651097238
276,5.720806589743481,0.059572101766582154,0.028005808237461623,0.06101582804694772
277,7.743028276418477,0.061989059861677645,0.0682389736223339,0.09216869389638305
278,3.4994981056412398,0.034858996278217605,0.05512488694951562,0.07002305332571268
279,3.249346212131206,0.04913677829668044,0.03788390894154082,0.06178160384297371
280,1.7485966375438409,0.054282156582026134,0.05034152281401259,0.08170209778472781
281,0.7372633941599673,0.0037953269822203002,0.0070700210897432884,0.09031186625361443
282,1.0026061530351706,0.06468804944490032,0.06357584737003996,0.058550429064780474
283,2.2562543223952165,0.023745967762029446,0.030309861824988973,0.06577272014692426
284,1.7533437844740003,0.03256539175662102,0.025916999008455763,0.06919986195862293
285,0.7641823630145748,0.0084791714714005,0.007876171962974856,0.08247736701741815
286,0.4508678228983999,0.012165515275958055,0.009972968185997869,0.0692262090742588
287,1.369034989542354,0.012795029039135765,0.010271499592697334,0.0682240528985858
288,5.1758711205681065,0.07107312830027604,0.04985250131930275,0.08362109819427133
289,4.941339194668122,0.09401665899352443,0.08692457833541126,0.09326913394033909
290,1.651650878947385,0.022957808058941948,0.036344923501686895,0.04463860159739852
291,3.33181860002715,0.03318773778064186,0.049940848796931774,0.06959147797897458
292,2.7009501807400875,0.026354192409580337,0.027891058037893345,0.09576858580112457
293,1.3516497582332305,0.02773535632595605,0.02969663277652095,0.07508810888975859
294,5.131220932122225,0.07277221523322241,0.08978110280500963,0.052899102214723825
295,2.8473903986744418,0.03637757704912845,0.04822389400846353,0.07178815081715584
296,5.250317258539763,0.1862812299707558,0.14708380384756975,0.045437786262482405
297,6.212414028269139,0.04821207518786589,0.05644064901254656,0.06000805785879493
298,1.4617467184279718,0.027418271008598893,0.021231882700194136,0.08657869603484869
299,2.0921556016677676,0.026823477425097393,0.02647559974170045,0.07771584717556834
300,0.4489694331041157,0.008584675185718742,0.007196282005686667,0.07200866099447012
301,5.231274788702581,0.042758058290844295,0.03564984637114147,0.06050393730401993
302,0.6890315656935608,0.01224512178271242,0.014821833346627775,0.0704062320291996
303,2.12889988044483,0.013078272090866427,0.013977509576212502,0.05062444182112813
304,0.5396332239099559,0.0339828002032258,0.03548484268368443,0.05933775985613465
305,3.2451467813248467,0.060706859401631674,0.061813844226902066,0.07331570237874985
306,173.89785036807132,0.665075830956161,1.092327397789732,0.0626501739025116
307,1.2816722167932286,0.030894875902659345,0.02804780953580886,0.0543712149374187
308,0.8690311744599633,0.013820299659080491,0.013627137323310702,0.09426269587129354
309,22.139650026973907,0.07050591737095252,0.04917920818657805,0.08237097784876823
310,7.816874765140823,0.04049668149070514,0.04283099203805872,0.06503095012158155
311,1.1896903541199826,0.018478198621344137,0.020144698749222995,0.08543280325829983
312,0.6288979661854791,0.004137317213552394,0.0060781509409832185,0.10487866960465908
313,9.903371322607766,0.06134937475208407,0.056008776542521344,0.062134596053510904
314,4.176220474348468,0.011358306134189342,0.031442637939077034,0.06256901100277901
315,5.1759873813005655,0.08174004721086464,0.052938044363747556,0.1022476339712739
316,3.7056643601565673,0.04751532331084518,0.07639897045105391,0.06119223777204752
317,4.543225533060078,0.06391824915818917,0.052118297025241976,0.0848351689055562
318,1.6510318227967231,0.029171120631637723,0.034744630252426086,0.08472353219985962
319,4.962326288391182,0.06714499879831813,0.050077309199183254,0.06603828305378556
320,0.736220895252388,0.0081639718664787,0.011090015459406266,0.08637375524267554
321,0.28856025621226317,0.01069676309333046,0.009750094131795733,0.09636696567758918
322,1.258229958199539,0.02990251117795851,0.02173798263455006,0.0647871233522892
323,0.4479184628955534,0.013372017923114933,0.0098008143164471,0.09478712128475308
324,1.6808330698017475,0.017426057263627674,0.03115424649051896,0.08204213995486498
325,1.5946480591699312,0.022722656124558222,0.019790814764074363,0.07510441169142723
326,10.763207391120044,0.10304399484582992,0.02642684540217361,0.08490239828824997
327,1.7836266180358344,0.005788360847227436,0.0179525030252882,0.06814049929380417
328,176.20585847386693,0.8401144470244406,0.2208708262013994,0.08642536588013172
329,1.784968859234819,0.007984671936109715,0.02021516356366912,0.07077686209231615
330,1.3315835168144199,0.022326806439161614,0.014535062865092017,0.07171395886689425
331,1.8935586356523735,0.08648513872298319,0.08327436309705664,0.08504553372040391
332,0.8902695685451365,0.01131188324461592,0.011407358239778795,0.08776653418317437
333,1.0063548707890901,0.02003366964974653,0.02121967596935226,0.053273317869752645
334,1.1752798100100834,0.017158018004818754,0.010447980673861731,0.08481498388573527
335,0.9020374816716744,0.006174210579521758,0.007762496805349073,0.07615622971206903
336,0.6169800691414101,0.006506218957177729,0.004415489082957359,0.07567224092781544
337,1.3408259341161524,0.006722396124500558,0.00789423270837216,0.09279382321983576
338,5.385421493043205,0.07558367542475643,0.07695996462683136,0.07613380393013358
339,1.783936334189198,0.01709327503891193,0.01137536680044522,0.07225169986486435
340,2.689550125282805,0.023568480284169475,0.02862694676007164,0.0656308839097619
341,3.0891451018728198,0.024990051264312373,0.02922667949677592,0.08297602506354451
342,1.3944694998742049,0.02378690241519273,0.017149593550207818,0.07307926705107093
343,2.4743447491487998,0.01983739651279786,0.014704429408319458,0.07163845701143146
344,4.865959018697351,0.09199182857709302,0.08549225881879195,0.05650683678686619
345,0.818453403166668,0.004647055002495072,0.006144367871351071,0.08262249501422048
346,8.083792151354844,0.037463293855567605,0.04644168746437114,0.07271037483587861
347,1.2909332340574615,0.00911796119809615,0.015010341468268367,0.09187289699912071
348,0.2965803296779283,0.009986337903502921,0.009159753081717311,0.054726926144212484
349,3.3637633288008426,0.04335078079803773,0.03741272556897959,0.07217076607048512
350,0.26410254842268893,0.00639630944511554,0.0054014194118827885,0.06333063123747706
351,0.6010535036026168,0.005686069177998018,0.007167843380926344,0.05598805099725723
352,2.5465278498468784,0.02094168504622445,0.024807688413351264,0.09545153705403209
353,1.6089516627616374,0.0026900522328106393,0.015369947941631034,0.0632243468426168
354,3.641125644627349,0.017229516439363813,0.035038238207424514,0.08913089009001851
355,0.21101157884960145,0.005412202548756761,0.004927535543408151,0.08528577676042914
356,0.7459385870845197,0.010549323051127523,0.012824130755280203,0.06715133972465992
357,1.3339060519726658,0.028536160343738518,0.03013584327641129,0.08811902394518256
358,178.58550424263308,0.7645799248985503,0.5985115073845109,0.057517487090080976
359,1.6431889229129195,0.016052426833414533,0.02488155316239001,0.07802873337641358
360,1.4027535817020995,0.014233677503088741,0.012745772010983362,0.0654734200797975
361,1.5534189428273455,0.03576095466172654,0.04130860533102277,0.09073294419795275
362,2.7332162431638145,0.028092581128659436,0.01130028603428333,0.09073026990517974
363,12.798089871498258,0.07597318318183997,0.06383193273644223,0.06370346900075674
364,0.9157026568630877,0.013912353347782179,0.012439600907000196,0.07501005614176393
365,1.8535377097529808,0.01151504448336265,0.02093991907337739,0.06790470983833075
366,5.9074318773159975,0.023143220616928206,0.06681800180891888,0.0795005178079009
367,12.976712588492237,0.03492133027997087,0.1507144415225102,0.06920953141525388
368,2.564982662910881,0.03483376618889566,0.038852040791697115,0.05898555926978588
369,2.1454661690434316,0.0020629701408475735,0.02002719268836266,0.06984386872500181
370,7.00719612669955,0.06961555299768798,0.03778966175621783,0.08694856474176049
371,1.8952014518750357,0.029523843506461353,0.0317447467739894,0.06415244285017252
372,1.638086137400195,0.010420858326137516,0.015941652878263424,0.07169696874916553
373,0.43505706677230704,0.006405836313636861,0.007568306182081085,0.08142198901623487
374,0.4877194243589466,0.010214456156303245,0.01369956403074192,0.06845440389588475
375,3.9230788630890445,0.018015834489811592,0.040839736474991443,0.08162968279793859
376,2.215406654995198,0.015790509177976933,0.02031535180801418,0.09148687403649092
377,1.2800828543262388,0.016033367913428243,0.011403773031574523,0.08049488998949528
378,1.5394805306752093,0.014642789421127398,0.012358929627654086,0.09021447272971272
379,5.540891046076142,0.02377310952407754,0.03393401447899843,0.057195674162358046
380,1.219046169769598,0.015375494228518574,0.023507201122050785,0.0922571336850524
381,5.18679749105347,0.023102146231698848,0.01952272104798319,0.09374135313555598
382,3.911993232028916,0.03081927276129659,0.03137559661088269,0.08224320132285357
383,1.64487881682296,0.005274331470537543,0.01308093999945635,0.08034232119098306
384,1.8474901895777507,0.0371018686396302,0.0338601220611642,0.05396544001996517
385,13.764883600425792,0.1384333559968025,0.1215207220777161,0.05427963985130191
386,0.681598402131045,0.024895258276073605,0.019175548502977455,0.05980983097106218
387,1.8458567860473094,0.017558370292472054,0.022325876055945146,0.0576763772405684
388,3.351079871821775,0.028216951548435707,0.03331509907439081,0.08432115195319057
389,7.831762134075064,0.05578239273970121,0.07433357488322226,0.08910724287852645
390,5.223165579652052,0.05538216434030874,0.044912668618092046,0.09700011275708675
391,1.2798125233105295,0.017165968298371338,0.01980944859866442,0.09240970574319363
392,0.8848825468202298,0.009935851724468711,0.009063191726293874,0.09861419815570116
393,0.7741787519127287,0.020087578693820624,0.016347042468525395,0.07945213792845607
394,1.631750427839523,0.018750045647511145,0.00953705509168701,0.07058456586673856
395,6.5989182485850435,0.15688224529965772,0.10911623220868842,0.06314976327121258
396,7.828165062836743,0.009203184873098789,0.07066141505542486,0.06469112914055586
397,1.0221711759434413,0.023264688686872776,0.027083044697346726,0.07457604771479964
398,0.37565206288421993,0.027416742380049642,0.02732955651099705,0.051557512022554874
399,6.130218411890013,0.09813531476167787,0.070271215644933,0.06638278067111969
400,1.9430072184071894,0.02196023331936114,0.016913925192826824,0.07957741804420948
401,0.5752607920064117,0.0038976068705572635,0.005283545247180818,0.08698969520628452
402,1.7991286584924606,0.028612407244398248,0.026003419882138255,0.07993649132549763
403,12.55155894107786,0.05252486805105635,0.12267093326342574,0.04752268781885505
404,1.1817158886833523,0.023978383122534613,0.01347434030633025,0.07690601330250502
405,0.9106019816854584,0.01478877292077835,0.01781616455742447,0.08113721897825599
406,1.9441995461279842,0.022765482806612485,0.020045936135208706,0.0832719118334353
407,7.714423402471425,0.24664063042631237,0.19881684606412303,0.05245967907831073
408,1.105715691845605,0.013662080706828509,0.01453328300023015,0.09226040309295058
409,1.512368465350651,0.006889632148040955,0.015992917273190813,0.09491327404975891
410,1.8085736021847425,0.014365104737001706,0.015280542374622926,0.07603502832353115
411,1.240807217692027,0.03044437233731865,0.02730406293917118,0.08098724903538823
412,5.894663969808391,0.03408438008058642,0.051009297743881556,0.10003907093778253
413,4.480478081161944,0.02929921529896043,0.02846437632659998,0.08519226592034101
414,0.8087392780907212,0.007376251025061084,0.010513062134764835,0.09466693410649896
415,5.3574111505195985,0.08477032838132603,0.06737246185771376,0.09583543194457889
416,1.2078066794587916,0.015708476416592277,0.015823707455612294,0.08964972710236907
417,0.5821034609570233,0.012475949559156778,0.009362470062776662,0.06664266297593713
418,1.052056234053598,0.010101251931830086,0.007500820470521332,0.09737246204167604
419,1.0885822186994363,0.016510176839528448,0.016223707920013344,0.09366351692005992
420,0.87114662965892,0.006585503392373733,0.009820377896617797,0.10200626868754625
421,3.9449231158798232,0.0377988739260732,0.04057419484429258,0.08425390115007758
422,1.5405233780573504,0.010977403683117283,0.015515507379487621,0.08270940510556102
423,4.7640911824433045,0.04763733069191474,0.053995712569402644,0.07656098389998078
424,2.430069949841081,0.018902114412168228,0.019819567805298966,0.07008143281564116
425,1.2772755262201294,0.012748533605095326,0.013984351974760341,0.07243921281769872
426,8.733206479447201,0.03684141263754303,0.064208976991306,0.10218233522027731
427,0.6520121882338354,0.00610057881116881,0.007646134651027596,0.08411080483347178
428,1.2828018995880244,0.010846708977982095,0.008371985848280318,0.06598940119147301
429,2.5108676381760233,0.02518949622985468,0.022349183036782964,0.08943147584795952
430,1.8879992443977944,0.018910466286804855,0.014708754055710573,0.0889033698476851
431,4.620585411705422,0.009538275112813584,0.0342749916623896,0.07358145993202925
432,2.876416209980249,0.0552322976113188,0.04307256243543514,0.08417931478470564
433,1.2228655660251115,0.037377815531058886,0.030269877495232703,0.07753758504986763
434,1.845919976825929,0.003821076453890296,0.014668609369027162,0.08182340580970049
435,1.1807479763579751,0.012382089866858407,0.010427561672646678,0.07704699691385031
436,0.8724989074289595,0.015509890435364746,0.01185884291598752,0.08609389327466488
437,12.688132177559885,0.1647440721378996,0.12398070236750885,0.051654788199812174
438,0.5609219026772625,0.006980082740987855,0.009499684051818105,0.08754767896607518
439,2.1850904483224065,0.013542797841253165,0.02128941142789572,0.07338664587587118
440,3.6800477803492737,0.021901020247831145,0.016503820040285874,0.08603039989247918
441,1.4707368957744733,0.010667362825940779,0.010017161952657968,0.07113443035632372
442,176.66006782562408,0.8475502219313741,0.9650775051191406,0.04564947681501508
443,1.219781257572701,0.007476699712710667,0.011603604258263815,0.06302650971338153
444,151.886774248364,1.081023725703399,0.7952122600461254,0.05303180683404207
445,65.87718160528294,0.6957989811529076,0.5118592327783585,0.05839446233585477
446,1.029715298363915,0.010960341809628453,0.011600656787488063,0.06432249816134572
447,0.9589516329300729,0.0020711507885044934,0.011859423937118451,0.07272498914971948
448,0.5302562132517976,0.006201437877826116,0.005333777697445052,0.07741911988705397
449,1.1910136662254927,0.010661328423262721,0.018068059794921567,0.08271360211074352
450,2.134822681521933,0.06490843159185646,0.0641067884774658,0.07611068291589618
451,3.9615850940145774,0.043556621057426095,0.06155007255162226,0.0555845070630312
452,0.7569444994397934,0.014896190472452572,0.00938366176007244,0.09373291488736868
453,1.034632348407165,0.010655783790724873,0.012297226872782679,0.08016418293118477
454,1.2735830486093473,0.05620073428931325,0.059385228847167564,0.06594989076256752
455,0.7374937298310414,0.017015440820140573,0.012112687537533246,0.06629325775429606
456,9.798140683343288,0.01970237196493338,0.07772640072897181,0.08203951828181744
457,3.08632420900879,0.045775755337647425,0.02557834747072749,0.05952909914776683
458,2.790778744569969,0.03860592944668404,0.04443440168096648,0.09752167016267776
459,1.041661653460871,0.010552096282452232,0.012277236297187171,0.07643475197255611
460,1.7762207980441618,0.01657435296729588,0.015093252308348824,0.0765095972456038
461,1.943646710441162,0.015965999768934796,0.014697152405883632,0.09063240000978112
462,3.25550462571998,0.01404837154149921,0.04297843257362265,0.06847722781822085
463,1.0761825689183675,0.013803083458142854,0.012293672968193963,0.07640263112261891
464,1.6353096518370094,0.03973123646492886,0.028731311093596515,0.051570639945566654
465,5.99200977218295,0.08772242546633376,0.05914269874431879,0.05055278493091464
466,8.876654245050858,0.10406718329027233,0.040316428750593575,0.09020244935527444
467,1.0045929920982104,0.022632402288683243,0.01975638625965963,0.06824247678741813
468,3.3281540511191867,0.02844671852230292,0.025379909751428592,0.07374272076413035
469,5.105232454750331,0.024383633288330882,0.06444280195563117,0.06496782507747412
470,6.319587217479488,0.014814238552466432,0.026002597495334345,0.06771738827228546
471,2.535777379989131,0.022319894029390053,0.021750622726617642,0.08556252205744386
472,2.217007405814966,0.02458574364537839,0.028141263943984876,0.0893965121358633
473,7.828771770697116,0.031280770171104796,0.091675713477324,0.09070697519928217
474,0.46222643697415916,0.006059639034379346,0.007652361778076689,0.06840729201212525
475,1.497742367497676,0.014127406221421468,0.01118529940768209,0.08194690570235252
476,4.651883214295752,0.10977464737615139,0.07998617713897173,0.04817353608086705
477,3.5168606069584554,0.04536701984433181,0.03682799553706578,0.0746988789178431
478,0.6223770081134482,0.006714307888556066,0.006959204089697688,0.06633667321875691
479,5.44854921653293,0.07259447724749446,0.057575845481331406,0.06420593801885843
480,1.687758463665227,0.004013154446491967,0.014997373323480202,0.06723746098577976
481,2.313450054544241,0.03042567413629798,0.02864597144777434,0.08556851977482438
482,3.532143839486445,0.0410516959400647,0.020358947777325328,0.0690814321860671
483,3.7451621429436193,0.059156266393766824,0.08115275756116616,0.0731534119695425
484,9.96675036001186,0.07854219125210621,0.034609057395427884,0.08886991208419204
485,0.5179307370201545,0.002010204350511997,0.004800105100437074,0.07783181685954332
486,1.923499570277073,0.024052892710907513,0.020341010579633095,0.06835411209613085
487,3.498813795645525,0.025707704823838985,0.039019890413139156,0.0778660923242569
488,0.5051400732449814,0.01599933903933179,0.01725510779082123,0.04979032417759299
489,3.9479934961407763,0.02216550058604693,0.041568808793537915,0.07793248584493995
490,0.6046243536937727,0.011451331652560846,0.010410879780173948,0.07185740303248167
491,160.63859283302344,0.9396293033433326,1.102603553005237,0.04985306691378355
492,3.7116308803457256,0.06811042899357392,0.07546198115546628,0.04114129114896059
493,1.0748121591747708,0.018275548817012405,0.018679009793284084,0.07947922311723232
494,2.2929855344965215,0.026688131104704627,0.027481237599861395,0.07868768693879247
495,1.4119993028163407,0.006106447757029595,0.011100585162603371,0.08002385683357716
496,3.0478341451091837,0.020159853397232023,0.027392374039091734,0.06321064615622163
497,3.8709437623207137,0.03417276700324661,0.022009329814442462,0.0858546057716012
498,2.0331352360901587,0.021786744129909965,0.020548080403538612,0.08952680323272943
499,1.6371449309320667,0.01559156426797667,0.021898821832573086,0.058569490909576416
500,1.0375471131173655,0.008752483582173497,0.00790665012012588,0.09060875372961164
501,1.6973650002397482,0.08066419988062075,0.07576420473658577,0.05469507211819291
502,0.9056118327873629,0.020567523467906728,0.02623882202280068,0.06314043886959553
503,0.7671006503548207,0.018764030526299696,0.021164971614760716,0.06186805106699467
504,0.7671283459484836,0.016104085353285762,0.013688871943385915,0.06144283013418317
505,3.345035699239762,0.040213110964385894,0.049670532397923815,0.052609050180763006
506,2.162366948261536,0.0391042628669277,0.033318311243998956,0.08562478004023433
507,3.2843046811070638,0.04750557778002184,0.05285467836130854,0.06929776864126325
508,3.2404575301288863,0.039431307917140425,0.046581009243736045,0.08802558807656169
509,4.5597380691680724,0.0289732219406363,0.058337841643316575,0.05491497600451112
510,1.3711355343081881,0.007270693663221776,0.0065566560783912025,0.07815864915028214
511,8.437778786664303,0.03772417217340918,0.0874129293115212,0.08430888270959258
512,0.8098873240930523,0.009411337070236633,0.010566486631153296,0.08102322183549404
513,0.1822842834918128,0.009552472485871821,0.011164084208495902,0.06817861460149288
514,3.837217639228846,0.03313636658115285,0.05586639559294172,0.07136090099811554
515,1.028013726027018,0.048167562380444104,0.05129526944956461,0.0903786919079721
516,2.286731827653023,0.00882445849725211,0.010579759800963772,0.09008517628535628
517,5.101063893286165,0.0449163831111839,0.05091640383766141,0.0746781718917191
518,3.006341653062606,0.04721054983417406,0.026512136480879776,0.06400523614138365
519,1.8641446709841174,0.015952997733398946,0.010493650974255682,0.07300044316798449
520,0.5259437253767533,0.007595336244279603,0.0075579922289332226,0.07948370603844523
521,4.987031426129564,0.01882140769742579,0.045740155633120935,0.07213436206802726
522,3.424650898599168,0.011731561634642482,0.03320437351067958,0.07131338492035866
523,10.656560069384165,0.1293148587582176,0.07738637242141269,0.04980643326416612
524,1.216396897062298,0.02366209302262527,0.01753287285654487,0.07304579811170697
525,10.43579872873331,0.06398291489237995,0.09751369580158972,0.07745447801426053
526,0.7116571377426348,0.0072608623285315395,0.011174560814935786,0.08138862205669284
527,2.1803067723880916,0.014451455396153827,0.017458026208254325,0.08011350594460964
528,3.9219628984689816,0.017118294254131167,0.029374453578159303,0.09624021034687757
529,4.808782380519069,0.03569976056372082,0.026601393280464018,0.08537453180179
530,21.19483462613973,0.11142161135405261,0.22782974419549903,0.04757665190845728
531,3.897925400942837,0.04761813167239582,0.03362977337416657,0.0853658439591527
532,0.5162855335791228,0.00806136831344151,0.010429622691617077,0.09785203402861953
533,2.1837019004597447,0.026912241906056095,0.02585649246328651,0.09267940279096365
534,0.6294848641866172,0.005252704582459842,0.010836097308944411,0.08617330668494105
535,2.4111384724998675,0.02165313603357425,0.03367288657310257,0.07295965123921633
536,1.2723401791925983,0.022271640221175476,0.014684098417422705,0.0765678589232266
537,5.428032456549726,0.11316795072271398,0.09132944211658425,0.04916985984891653
538,2.934592868433418,0.019693252310559534,0.01801449200049393,0.09136690013110638
539,2.4488213943539234,0.026780788578492812,0.031470103640461315,0.06163339829072356
540,0.9696089520616686,0.009033590053434685,0.012640009346604409,0.08791119698435068
541,3.087665342495054,0.0642546432422059,0.057000703909705776,0.05319520318880677
542,0.9860543689991438,0.01906469095656707,0.023922993717515138,0.07937815506011248
543,4.553942744728877,0.04365769191104984,0.08189720423862287,0.07780548790469766
544,2.408371400242635,0.01566405714182443,0.031060132593581997,0.05048412783071399
545,0.892868942620876,0.015051226006464889,0.014441831587095826,0.07061619078740478
546,1.683508758159266,0.016234635151606138,0.021757854683038147,0.0762921366840601
547,2.9821994319249914,0.02463271971625145,0.0420346880821434,0.07152318116277456
548,3.331370782504626,0.08573276814477002,0.08916109808327313,0.08640386117622256
549,2.2645070026994785,0.018132932767787362,0.020291984264483046,0.08060779515653849
550,0.8133242300886105,0.011028460959545837,0.013042521782078154,0.09664368210360408
551,2.700129830235499,0.018639321519075644,0.02818047569444484,0.07831721380352974
552,2.9972433127853217,0.041846478874055265,0.028214472702713718,0.09416437894105911
553,2.0340074756534476,0.01013471259190168,0.031005340629541966,0.06820931332185864
554,4.530946895335837,0.04072616591269514,0.04515314354385146,0.0830630287528038
555,5.328690378458262,0.09834843555647417,0.10429577399178283,0.08479383820667863
556,2.3603418858630163,0.03782653200586892,0.034185145497844106,0.09267790103331208
557,147.04294289086553,0.625823269721123,0.22310902855991283,0.08842487633228302
558,3.3396425488014514,0.04985867237805099,0.05812082430877939,0.07550873886793852
559,0.19589817374165053,0.01397508627781592,0.016053533359851147,0.07558635715395212
560,2.3544789638607413,0.018644395832684017,0.01956500285442456,0.07919066632166505
561,3.985140589744541,0.07485470281873066,0.0583967617571105,0.07440530136227608
562,5.163641193318955,0.05723853130889499,0.06413131685766917,0.05433500884100795
563,1.4979247413485,0.020167535538499044,0.011424305023712363,0.07788620423525572
564,0.36846775179475194,0.06378173032235282,0.06111727273444273,0.06789889326319098
565,2.004832644040609,0.013442196888702294,0.01842899787847279,0.08994793612509966
566,2.3793508706188695,0.014252708508908245,0.028954686396957155,0.07744892872869968
567,1.168753754013026,0.00731691080117854,0.01411920603334455,0.07279921090230346
568,3.237876529543467,0.016996423060254347,0.03332856174830816,0.07715116394683719
569,0.6784389828323787,0.0075018198703004305,0.008355972356571267,0.08658037101849914
570,2.008412005623926,0.04482858275500669,0.04355270252079368,0.0849331677891314
571,1.7016995353397018,0.027255549535424504,0.021294849680178182,0.08860596781596541
572,1.3583839521510714,0.021045199592208044,0.017746007774061254,0.07989846402779222
573,2.70110886159602,0.02441066224051929,0.029275792784546145,0.08760822424665093
574,3.416745611456297,0.01970409723137633,0.02780288587976461,0.0804492449387908
575,2.8793810160243587,0.0291901830760942,0.02271886004514506,0.07676229532808065
576,22.517775807744222,0.1741850854246429,0.21658244252245473,0.08459824090823531
577,0.3738921745372271,0.004230335273033428,0.0044497124353474,0.08394197514280677
578,1.9872670354627886,0.010307639529472522,0.016725575060181005,0.07193333795294166
579,0.5370742189475329,0.001911194446415762,0.00529956715057843,0.09162709908559918
580,2.816779190073312,0.040132933372494066,0.040089272089012834,0.08709890767931938
581,4.314946436908511,0.008306388598404366,0.025136858098354066,0.06841235607862473
582,8.33109276890568,0.04110019542277203,0.06834549778671978,0.08965768525376916
583,1.8518256141851543,0.0085204764856094,0.02195058770380337,0.0557305789552629
584,7.375616815028514,0.047227363391955636,0.08401962690544555,0.10284470301121473
585,2.9183591414078074,0.05018115934512582,0.036345022913696366,0.057572525925934315
586,5.029989769270129,0.04516312850930586,0.05131606477908314,0.07547045592218637
587,170.68708631899338,0.5782250290755144,0.9696755641210985,0.045829197857528925
588,2.163985827234586,0.003778660428077142,0.024262338120318916,0.05866502271965146
589,3.692328807501096,0.04957812677103074,0.03413971896191303,0.07362895365804434
590,1.9604259955915406,0.04811540353459375,0.05122637154682718,0.06110476981848478
591,0.6606129972345167,0.009549655147760168,0.01025004954276247,0.0706599853001535
592,0.7498442923736219,0.01888775313873695,0.018707162317197764,0.05510419700294733
593,8.413178640795449,0.03189797636720572,0.08622577728239084,0.09798130393028259
594,3.498536232378558,0.029422101530760306,0.015412072120411591,0.0833014389500022
595,3.5104224005246034,0.034229681675421675,0.04432695974386786,0.07963063381612301
596,0.2222069053986784,0.0022789899822429362,0.00446162171109033,0.07866747491061687
597,4.180183014621432,0.03253791572782671,0.031384766038157264,0.06904895883053541
598,4.8109714822991085,0.039934585234967145,0.03201243161946048,0.08559503965079784
599,1.573689868962815,0.011612632987596199,0.01797343850823697,0.08557836059480906
600,3.6273153780130842,0.021095487345312167,0.02109963477201729,0.08124594017863274
601,1.9157725879052792,0.045947232357440866,0.03801952082073977,0.09017457766458392
602,1.7522312579840054,0.028396282121086986,0.029153178100934138,0.050587560050189495
603,5.77508517018181,0.07950588039012454,0.05885719952421156,0.07068123808130622
604,0.882143629646302,0.014633555756899237,0.014042371542747355,0.06555225560441613
605,7.594794430326087,0.044140458727649594,0.09771528975820902,0.07300097495317459
606,6.158366310968005,0.02247001599141305,0.07252126944446848,0.06773223401978612
607,0.6692889660119548,0.04485677224480509,0.04850661944143395,0.048058304004371166
608,4.09881067452426,0.017000159488055177,0.037971186974027855,0.0899690710939467
609,1.0561729677911338,0.02466788311458218,0.025337437147969866,0.0676861172541976
610,0.9035074858074376,0.020162832444317373,0.02100471356548055,0.05543743586167693
611,1.1963504249393757,0.011520285138059704,0.007404714243936944,0.06693233828991652
612,1.6694358217487166,0.0019543356699405884,0.012758539911404165,0.09322624281048775
613,4.61103661587432,0.046144805506978984,0.050584739463445785,0.05491931503638625
614,4.618067118967887,0.02036258804250943,0.028020011717901645,0.10552988620474935
615,1.9392854342563706,0.00504150669989993,0.011874196310998411,0.06903812009841204
616,0.975620763171167,0.013589428409027543,0.01025386692972634,0.07952049281448126
617,20.36893089576926,0.2052836956675025,0.19216504448502159,0.04904393618926406
618,2.0448211125399784,0.00826342823862116,0.027181219374276706,0.0679995659738779
619,1.0561044424778285,0.02949463301888354,0.029822386220775397,0.07766617927700281
620,1.6187535069927848,0.024034636560096523,0.01989064860397654,0.07840150408446789
621,2.5357157651845874,0.042706426330972005,0.03466548066542053,0.08337618317455053
622,2.695211223822933,0.02100155287563726,0.026226010526873067,0.06385870417580009
623,1.3262305825298815,0.017910928305630083,0.01592480446543449,0.07632296811789274
624,2.232815652656552,0.020340333029187304,0.022289386468767797,0.06505403621122241
625,3.856277984463758,0.04969335155199284,0.028945332590063516,0.08518963912501931
626,0.5152650080003711,0.01660618617364952,0.01670747904623944,0.057142922189086676
627,1.0617399383675121,0.02862264576788482,0.020537423283639607,0.06997936312109232
628,2.5051181662952975,0.00982601586085024,0.02071481359517057,0.08828291902318597
629,1.5410038631425742,0.022281479254180156,0.02358179914746303,0.04914196394383907
630,1.6062164765147897,0.01259768560308946,0.014457383560598395,0.09843845199793577
631,1.3339343778952362,0.02910294720309271,0.022871876687771894,0.05234652291983366
632,2.645339799111338,0.012751816046349517,0.03381063494462577,0.0855007260106504
633,2.6823847250416724,0.060800153326936224,0.05099374510124655,0.05876851500943303
634,2.18686438831593,0.012874750682885768,0.014347067144460397,0.07085634209215641
635,1.3496245322835116,0.01455472656712094,0.010931469598840341,0.08785889204591513
636,0.5285520638646872,0.007369270411537454,0.0075042015293384935,0.09147825511172414
637,2.795214208197392,0.03756027865973019,0.027849396655635333,0.09017006913200021
638,0.6261755059092148,0.010400386685047563,0.006480911298867028,0.07952515035867691
639,1.3126909490850929,0.043733381900534475,0.03242133030234754,0.06580964894965291
640,0.939586309436353,0.019401683313644013,0.014543038462327601,0.08008515601977706
641,3.7117238314437166,0.030388289030757333,0.030672424639098965,0.09603417618200183
642,2.2255643593231733,0.020560418369136923,0.02861854037293344,0.06697554280981421
643,1.1923779983937892,0.0036566257643080857,0.012831279884635484,0.07131319819018245
644,3.854446219627638,0.036930614331448,0.03132154315588389,0.08387865917757154
645,29.336676016999963,0.2768195509668329,0.27308617626587534,0.11835847701877356
646,2.919708881885544,0.039120297656809,0.026179523430364608,0.09834017837420106
647,1.349328021973132,0.019857489398849612,0.01826157564096498,0.07957325922325253
648,1.2862928605387223,0.015735261511698222,0.012015461318738294,0.09532009018585086
649,2.1272392339022557,0.04993025345654373,0.04915956279433703,0.07101413002237678
650,8.143298249444824,0.052937796021911246,0.07996308869514164,0.07747886702418327
651,1.121913600175119,0.01034845568649143,0.013416006279363561,0.07053233310580254
652,17.244167335518508,0.23252732896269154,0.13997370127451844,0.09210484335198998
653,3.896291466612138,0.14955852111430717,0.17973472652652805,0.049369754269719124
654,0.5659120537827691,0.00833048127929642,0.00680521026165917,0.07118811458349228
655,16.218770636838137,0.12981318136505374,0.15254553705036378,0.04410757822915912
656,0.6036126444911117,0.006131911376417052,0.007963074551753081,0.07950468407943845
657,2.4117732755856705,0.008639429251125645,0.02266050619650265,0.09440329996868968
658,4.000458554641084,0.032422685539758626,0.0672184551969007,0.0727012762799859
659,6.0792335849398995,0.041458933144052385,0.04158347806854133,0.05644213827326894
660,0.624192365211157,0.010409695407712801,0.010862342010913342,0.10590169299393892
661,2.8205406444253462,0.034705755369688236,0.044287944286457354,0.06031270604580641
662,6.084585710899967,0.09303051888864569,0.09004276797511138,0.08320899214595556
663,1.1006646154121968,0.008846741174230975,0.00976405766619226,0.07504291506484151
664,2.9814123178899266,0.019475954312663354,0.018234445022295695,0.06962170219048858
665,1.7268311269278007,0.024869770559260106,0.013591562762695734,0.0680350698530674
666,2.102724452677354,0.03907080404919116,0.028521641709345374,0.05843790527433157
667,0.6423054032073225,0.006763019506229053,0.008062222260850568,0.08404587907716632
668,0.7871305376568314,0.030935812880086858,0.03477960610201226,0.08656519232317805
669,0.5266101092535633,0.004029451375271685,0.006260137080069651,0.05724440515041351
670,1.1923301037262655,0.009065019767043202,0.016728313580950296,0.07769625121727586
671,4.56087291087073,0.015144921251566853,0.042678404270432194,0.05261575570330024
672,1.0777178229365005,0.016781026076417835,0.019053533207484295,0.09292790200561285
673,7.715525540766403,0.016132241618906463,0.07979453263260411,0.07065940415486693
674,0.8003929454895126,0.0028725155006611137,0.0062133849413492275,0.0665351590141654
675,1.2841515033101407,0.010892321561400548,0.020511951764147735,0.0754745271988213
676,160.99586255251933,0.7815205261491455,0.8547637527909412,0.10799001576378942
677,1.3012799585610095,0.008807155638100816,0.016247860652511114,0.0693332888185978
678,0.9250942427757929,0.00591099194518015,0.00892080268452156,0.09320250619202852
679,1.029452186615552,0.005218955560962622,0.015268825546369911,0.0701799988746643
680,1.4152729266804125,0.01737390631057837,0.011913471782019696,0.09642818104475737
681,4.867265532281017,0.07848187480112659,0.052835497525787166,0.061982839833945036
682,1.2054652113983915,0.011390852332976124,0.013266184028770745,0.09122359286993742
683,6.492092789362766,0.06916107104963869,0.08263079948223669,0.06564984610304236
684,1.779212989519173,0.011572576106136472,0.015703497365115733,0.09642846789211035
685,2.0133240233001364,0.006836144659805668,0.024171681941187673,0.05502714402973652
686,1.970909158957255,0.025996544099867933,0.031680928049273895,0.0667779827490449
687,15.312434589978583,0.05672104580050067,0.13859505910360695,0.08013777807354927
688,0.9253506834201108,0.0052060974421446575,0.008314650176352634,0.07645931793376803
689,1.8037711420612912,0.02189541496417041,0.01529539909403558,0.058260352816432714
690,3.9319619326762507,0.016533170717112633,0.04177140011995137,0.09670485835522413
691,3.6106327834190424,0.03839055980887031,0.022687201625942573,0.06435921182855964
692,0.604822978006628,0.014173560956260125,0.012496526157067327,0.0819127419963479
693,1.6103638613831206,0.015992969535129135,0.011247216839718948,0.09992525586858392
694,6.81209903446112,0.10426373072243243,0.07734959031675677,0.12092678295448422
695,6.596678980527747,0.05469624378659782,0.08261412807811101,0.07862976985052228
696,14.105598048631311,0.11385456116129548,0.12328985803337858,0.09786404576152563
697,26.575753946157374,0.16241569226114427,0.19290508441623969,0.050496650859713554
698,2.55835995781581,0.017598431154220575,0.015026087249817112,0.09515983518213034
699,27.984340294506207,0.011883215631776514,0.14986335421239447,0.07120794802904129
700,3.7527438135368283,0.028945941127028557,0.022712248646624945,0.091125528793782
701,1.6201077938022976,0.022226011108097174,0.017693991095638507,0.06515791825950146
702,7.076946208219239,0.0819639766817508,0.04324888609114166,0.08056266373023391
703,1.7463307326001694,0.020225903744956336,0.018331201089634524,0.10701481066644192
704,4.067893628595437,0.04854796800483654,0.057322393060630965,0.10207211691886187
705,0.9736350330127332,0.019509772030911483,0.019959216445364893,0.07189637934789062
706,176.68550526318288,0.9861323012360238,0.20717887175526892,0.08334518736228347
707,1.7218652317265573,0.021243680149288652,0.020695610396868482,0.07617639610543847
708,3.2093318036962035,0.023824833852497042,0.033224975667596024,0.05480574816465378
709,2.561288162426823,0.022771229671575136,0.036093570167278384,0.07646494405344129
710,4.994520482749154,0.0464457796160278,0.08311472538877893,0.09740866301581264
711,3.562407658438159,0.030418638906456935,0.027868949243247967,0.0744820348918438
712,5.948192288911671,0.09169602366137145,0.07708661284539552,0.07328982185572386
713,6.726113850618814,0.14440853912871998,0.1306223720507401,0.06579721393063664
714,6.258700817997834,0.04330933179013532,0.07574265408416093,0.08028942393139005
715,3.408319242211574,0.00642287444268202,0.02712967870053814,0.08962185773998499
716,6.000945614153142,0.050724356964240304,0.04060981531797466,0.05374997388571501
717,5.8243140535256375,0.0626699591465664,0.05649978907309789,0.07186341099441051
718,1.3082214232404512,0.021455272778489326,0.01604360495898934,0.08722412120550871
719,0.4889278321841016,0.004510553055590877,0.004459690960177201,0.08334093261510134
720,3.359702826654461,0.012636017494639828,0.026216589154970424,0.08932189596816897
721,2.7751609141524547,0.02660809970132644,0.02306329443796177,0.09591568820178509
722,0.820339225936932,0.009343174465993559,0.011813124354605735,0.08392889006063342
723,1.2815025143171284,0.013949353991509322,0.011165845667915513,0.08909919112920761
724,2.7790976483253527,0.005166106796656181,0.037086803064481484,0.05545506114140153
725,8.138640708562535,0.011915364986837857,0.06134364047933658,0.10620584385469556
726,3.001260502706754,0.013968353516165944,0.025927115598515002,0.0519096958450973
727,2.1208533440108424,0.01985700714076594,0.020329665731649845,0.08988413494080305
728,1.6815034341573698,0.028742827233678075,0.021921064689194372,0.09168923832476139
729,13.148454805065994,0.06159457612003847,0.13936510157522414,0.05323346005752683
730,0.7789005473222453,0.00950307453285096,0.010531839012704543,0.06001839879900217
731,0.31676261447499154,0.008624656694663141,0.008368662136897268,0.07066535577178001
732,1.8113385563687587,0.055025466637314384,0.04534744006816075,0.057843074668198824
733,5.620847834616451,0.051897556922775374,0.06369168112530582,0.10427267104387283
734,1.8422731932714926,0.014252673383681285,0.014420508444572535,0.09078462002798915
735,1.471449700866041,0.015589418060576444,0.018975930733293792,0.0722174160182476
736,3.1157985633626972,0.050745704384117386,0.037277865744381654,0.08120235288515687
737,2.2611286425842483,0.04818177995284872,0.046814412783159357,0.0705155679024756
738,2.539039524757848,0.01797109648170124,0.022546049751565714,0.09183003986254334
739,3.894484525394169,0.03817360789336106,0.037321267940992164,0.06624897103756666
740,1.0709601108387599,0.003690728446254613,0.009564765282045248,0.0738767390139401
741,5.5648293084210065,0.024981324302263814,0.06791963345209583,0.0737967980094254
742,0.7080333640336889,0.004312394860168911,0.009336793502559407,0.08477705530822277
743,3.6647609601331137,0.02169248330832213,0.043425315430247025,0.06480759708210826
744,1.4159384519118505,0.012547691617043954,0.014445181643830199,0.07983233407139778
745,1.8286436821780108,0.029540027414515165,0.021982232490490323,0.06945355189964175
746,1.6160033701557655,0.021266439162259884,0.01192478437600875,0.09672243287786841
747,1.223207441288684,0.001066884291523038,0.007900741669336485,0.07912001712247729
748,0.7455393005531595,0.0052763441539896054,0.005666590555853595,0.08499045297503471
749,3.8860817607575067,0.03177674876229646,0.016694534898240444,0.07619460392743349
750,3.37569507459237,0.06231198251380425,0.055399546915083024,0.05355209996923804
751,3.216222152163602,0.010864307082369908,0.02544647960673368,0.06831118697300553
752,10.94764754641965,0.11831130300429972,0.06102745809316126,0.10757485590875149
753,7.191269220595356,0.09891229569198731,0.08062256637096171,0.07257225783541799
754,4.786035072808154,0.017195330112337627,0.04435849761984765,0.10295753506943583
755,17.412793310434626,0.09351977686961267,0.1705722613754772,0.08101309509947896
756,2.025706803088552,0.022909753255078946,0.02461269711207958,0.07579935761168599
757,1.8020049118214732,0.009992807773626442,0.0133471275207447,0.09284605598077178
758,1.7262438921060608,0.025366520132629765,0.023533481442345267,0.06606426322832704
759,3.668489074643271,0.05159713640745356,0.05767155890727198,0.06745482794940472
760,1.4654205909231055,0.011957033870726459,0.017688718900400992,0.0834428290836513
761,1.0153521964910879,0.01151945757563478,0.010627408858878612,0.0660678269341588
762,1.596570615793336,0.01216352948870621,0.017349168762715538,0.09831711743026972
763,1.6824801211005258,0.01273397548188459,0.013885144835029967,0.05127234198153019
764,2.1842086071332103,0.023850600728415647,0.025203713078721334,0.09551446605473757
765,1.0429073689627553,0.015517491478067927,0.019489592377660514,0.07558911899104714
766,3.2514644578518186,0.02392435307828259,0.029698230874278957,0.07351152691990137
767,12.988869470229277,0.06191151805845184,0.14385100886148447,0.09252930898219347
768,1.79183895962079,0.02015124053938126,0.009058011795530263,0.07740419125184417
769,9.98608741751083,0.04614521318592907,0.1025362009636826,0.07476587500423193
770,2.4451860330846,0.03896047526532567,0.035819504137739884,0.07628002809360623
771,13.924242359194706,0.11490922279314462,0.14395630448961477,0.07465715613216162
772,10.310247465746427,0.09071583338006604,0.06673997386323259,0.06188209680840373
773,1.6397337856369247,0.011481492634215851,0.01459075433565531,0.08278053859248757
774,1.1128767833546123,0.02168527227819406,0.027586914654982614,0.06763966893777251
775,0.5343989445159463,0.010657561212976743,0.007306335640905,0.0741878729313612
776,1.1172428690889817,0.0060227879551313715,0.016863310553702212,0.06498466106131673
777,2.1060135446809922,0.02282255177240014,0.020708687235698284,0.08137559099122882
778,1.7460919717411183,0.014217313649020622,0.011433931839805012,0.07719504879787564
779,1.4347301591056223,0.01783891727588292,0.02281555674152775,0.0655364440754056
780,6.380174529342795,0.09255289221928159,0.11337249952072603,0.0467815650627017
781,4.164285537844747,0.06860928107484782,0.0404998207598098,0.060863156337291
782,5.373392553031521,0.03209873244219339,0.04019942615060738,0.11537222005426884
783,1.4722791093260827,0.042376175218167535,0.030701742870016077,0.05404317006468773
784,5.3566310621473,0.048422000838269925,0.08948570964925967,0.06297422805801034
785,3.2368540618711767,0.007939702481673137,0.04172355699327785,0.06947503285482526
786,0.46523476280389814,0.004675309850910363,0.009005410936816144,0.06891728471964598
787,0.5856722948643103,0.011466629044675318,0.010391227006502248,0.09325056709349155
788,1.5066447600244957,0.010711148484443121,0.020739696153041987,0.07195822009816766
789,12.794183820963658,0.1253114662413728,0.1493363428160356,0.05166748585179448
790,5.214141745174741,0.023344446215637003,0.04826727389266879,0.08520599780604243
791,8.784820149807354,0.07253145203234337,0.11466235237796608,0.09056861931458116
792,1.4567963822322942,0.00910676663460296,0.01623898819740796,0.09725720807909966
793,1.6659495328209688,0.016752524079879493,0.01832843466693935,0.08669228386133909
794,7.578985774773153,0.074651833191426,0.06690509418863608,0.05050791706889868
795,3.74975724856285,0.02161308115014954,0.04991362417461841,0.06843590782955289
796,1.658099349658363,0.014615573163669104,0.013557235680103988,0.08723075455054641
797,5.200384084944287,0.054696594961449026,0.05523216670620772,0.04735721321776509
798,1.6003891199363003,0.01987654885066832,0.0144316377888727,0.08340707095339894
799,178.19324971208073,0.5625533879573699,0.8852395336103934,0.04773610970005393
800,1.5070273331424264,0.013581295818097864,0.011862238208027509,0.0634645028039813
801,4.963483776655198,0.08653536060592902,0.06492965494172709,0.05634418362751603
802,7.533975696063356,0.09822324720058265,0.06171588299841733,0.08191362489014864
803,0.8520194396777327,0.00670996124019897,0.006719156146894803,0.06440453790128231
804,0.8422109003646191,0.010974739441265076,0.014977856222453645,0.04944100137799978
805,6.95898059088329,0.03634137888917604,0.04458975373938705,0.06757428171113133
806,1.894098910149374,0.022395848411864743,0.017146692464035447,0.09050869895145297
807,1.9268203907384067,0.02378601589742767,0.01741589143840636,0.06730945874005556
808,3.926740422756,0.022243976303615017,0.03039209843141901,0.06419367203488946
809,2.324061289850199,0.02069518992089006,0.025629215839870805,0.08623105054721236
810,2.4742580519719355,0.045874308555684744,0.02928153185696753,0.07883714372292161
811,15.824425721766813,0.16686618273573542,0.11306233273695616,0.05435065785422921
812,1.168110892338421,0.006402026716566668,0.010977108966018976,0.09660052508115768
813,1.1431378622121269,0.016466571234386138,0.015851782487283295,0.0820283917710185
814,14.643885685895654,0.10837834310052073,0.11034293909443997,0.07401197031140327
815,0.43408842749358245,0.008101749821225027,0.00857688739449907,0.08488506404682994
816,0.6661019174627059,0.005578122255090204,0.005923468541094809,0.07679302617907524
817,1.7267415944881637,0.009443391099141335,0.011501181371906624,0.07081734715029597
818,7.286454561319641,0.07761812668776974,0.06184183407745689,0.09158277278766036
819,7.583154599144675,0.0632841105262156,0.06373439862925862,0.0450636250898242
820,1.8385376457301137,0.09780788995695326,0.10654550518720006,0.058544892352074385
821,0.6709453773302871,0.005968934760540869,0.00627532435714255,0.08794701285660267
822,1.062528797677605,0.009544984047736335,0.009346497984667664,0.08201141189783812
823,1.5713058214621984,0.020311373259869807,0.020198262834364666,0.07676466275006533
824,1.856166302631623,0.027513425720646502,0.030777533514454912,0.08756459970027208
825,176.42279335635135,0.9230005202129031,0.9666686638686532,0.06382633000612259
826,0.7913637340961432,0.020764152020974206,0.01803476975264437,0.05774354562163353
827,1.6794572319029832,0.02089645691397168,0.01541011606125364,0.07174923084676266
828,1.049422609793933,0.006296495285699455,0.009863612770795104,0.08776854583993554
829,1.1461311738208262,0.01046056814554723,0.013976265960997027,0.069839833304286
830,4.495211320581123,0.05112890917723884,0.02256288560901782,0.06829760689288378
831,3.021752188680898,0.023349427038190235,0.026913563755061192,0.08122259331867099
832,2.0781318065905636,0.012545369304427059,0.019981179388841645,0.06954535422846675
833,1.6738421167045046,0.016090682817540468,0.01598242838433227,0.08038458228111267
834,1.1655237872408626,0.0152174632966799,0.015241319569546998,0.08401582296937704
835,1.7630592657313213,0.016506774936398124,0.021821549791807966,0.07493337616324425
836,6.356222069885523,0.05209360860948636,0.06092314259178359,0.0918898950330913
837,1.5398982178527911,0.015073500087293737,0.012803210217716316,0.0685644717887044
838,1.282027764613931,0.019014118647505233,0.018708810560204854,0.0809909226372838
839,2.4369864551897193,0.045101535904093805,0.03433382618190686,0.0650604972615838
840,6.73439266774943,0.03933411011441418,0.05838652097082276,0.09335761377587914
841,3.1132027017532318,0.036946389068753104,0.025255220942224193,0.0964215099811554
842,0.8544742846448433,0.005096936784070608,0.007415770675247235,0.08100215764716268
843,0.8616538336684223,0.00887927697044353,0.011637593970550617,0.07335257902741432
844,3.9296358204667143,0.05039114297736791,0.04586849360561522,0.07409923989325762
845,1.3730477276422997,0.024109766483453404,0.020470296555549,0.05372546799480915
846,3.182280695876766,0.038113376617240895,0.033272418135894946,0.06214554328471422
847,2.541374019697306,0.002871061136424878,0.023869586727069368,0.08971151290461421
848,1.5526216962990964,0.003106465477749126,0.009254873083605359,0.07835722109302878
849,0.7273278840350705,0.010360660524497821,0.009807462408614562,0.09148897416889668
850,4.694863707829592,0.04293373504500172,0.03727485117160317,0.06056917831301689
851,1.1319867019705714,0.003943383080710684,0.010825825044243554,0.08064600126817822
852,2.9674065967108345,0.027003140942792034,0.020666490773677017,0.06158859981223941
853,4.2410490157593514,0.02187647048064242,0.013176714884928765,0.09298256691545248
854,0.7745323502033236,0.007635211290862303,0.011548047443078482,0.0762716238386929
855,25.30189141191448,0.2190979030956126,0.3134645853358148,0.08283665496855974
856,1.8447966546586305,0.01492200085142139,0.01465772486328478,0.07715299911797047
857,2.137889732395957,0.03221730260073589,0.026898285883253832,0.08808868890628219
858,4.823584060074354,0.028976164607777764,0.042388424424539044,0.07573173800483346
859,3.2898606980753935,0.01746333686110878,0.024944741702753917,0.07013995572924614
860,0.7850610624011053,0.013466592477520937,0.01341013051797243,0.09044121811166406
861,1.7180021020801892,0.01721692185023374,0.01396311682255979,0.07212000386789441
862,2.0948981558105966,0.021221478929073043,0.01987136698997978,0.07043061126023531
863,5.454489305802074,0.1437174820514917,0.16194627676685136,0.05129804089665413
864,1.1504154951651984,0.010558931523936778,0.013358992501748216,0.07001960976049304
865,0.8487357731032827,0.008794598808876527,0.010978676677769668,0.09777822205796838
866,6.697083852631217,0.06484305573556871,0.05657745628360069,0.06901611713692546
867,3.150665675984029,0.029437909378110323,0.04125994356960974,0.06751385610550642
868,1.3170360287587901,0.00542823647732522,0.010626158512908396,0.06825191201642156
869,3.360195434746115,0.04471404527741264,0.030367989814974523,0.08004622720181942
870,0.9276310643275357,0.008737723985581258,0.010695944029465219,0.06890070484951138
871,6.11342027474995,0.06281074045113468,0.05451137476989175,0.09699147706851363
872,1.5334398745336946,0.022004426771278795,0.01608867853075971,0.07951307017356157
873,1.996665978630117,0.007035185986660293,0.020946069355395943,0.06603191001340747
874,0.9302608266858428,0.015079860037090984,0.01536726521891767,0.060543760657310486
875,5.521075526167735,0.04082891489771535,0.0496735259414642,0.09806481562554836
876,0.46124634033111434,0.006098781320146592,0.00751002527384217,0.06982385506853461
877,2.539442796564676,0.02100738042249214,0.022859097596689342,0.06241646409034729
878,1.7917870549874328,0.018260967443937334,0.023947554868917267,0.08580260211601853
879,1.0862143471341228,0.009460212994380747,0.010506155288395502,0.06676596309989691
880,4.058705853054818,0.025057511767647648,0.028842933202602148,0.07655486324802041
881,2.056228610551654,0.006085206262096992,0.017385148031857423,0.07362594967707992
882,1.920967047114447,0.07953644351843851,0.06560123984614766,0.04860778199508786
883,2.3564595727696727,0.05203330720794918,0.0529917134092102,0.07029131380841136
884,1.7338536941751015,0.015681245941566314,0.01741775810829871,0.09747932618483901
885,179.2373369335502,1.318136589347004,0.40451409698639074,0.04226966295391321
886,1.9812310382073188,0.017872565180222063,0.022671960218352483,0.06429059011861682
887,1.9909208655396091,0.09168126733137692,0.09117080699444846,0.05094616301357746
888,11.49808349173288,0.11961331675430946,0.07597550630570073,0.07411659928038716
889,5.8420637538512015,0.03178473470120719,0.07222469913148874,0.06906607514247298
890,1.297149299436492,0.020985578023077375,0.022118214468512903,0.09274055436253548
891,1.2594604372940863,0.006779619126447674,0.009453621667404332,0.1102245319634676
892,1.530259058260002,0.024493230390891046,0.015962172659827318,0.06758025614544749
893,2.0242724586830434,0.031542716814133676,0.017382344095728367,0.06519971694797277
894,3.4302256812773857,0.044983974285046815,0.04696514584767724,0.05609401594847441
895,1.9573412348143793,0.023889542254701402,0.011502321634904066,0.08665927918627858
896,2.8796338846330625,0.047721582344517184,0.03466865040580619,0.0831601950339973
897,2.2159174208301238,0.008158369919113841,0.027066947635605854,0.08726457273587584
898,0.7683797342763691,0.007147836236494569,0.007929970998033905,0.07506398903205991
899,1.5603892758950353,0.018016315099954112,0.017263276133261722,0.07092193979769945
900,0.9518598118120302,0.008581760687143032,0.007023205990612045,0.08804253675043583
901,13.901885482519141,0.13043554389003947,0.04823933899936448,0.07970217987895012
902,6.503934459547894,0.15316995860697893,0.1117929162381046,0.06965826312080026
903,2.1974153804275813,0.010659237548677631,0.020017109158221056,0.08825247501954436
904,5.157733840202082,0.07797110282003211,0.07424511726571292,0.0930731138214469
905,0.809840611534912,0.023860238359717026,0.023167628702971624,0.06326307216659188
906,1.0733105684034987,0.00396664342654577,0.012957288059936936,0.0695361690595746
907,0.8963697897352144,0.00990355025583067,0.010918667433903842,0.07993146311491728
908,0.8235706358595299,0.011971672355414327,0.009690727759546701,0.07661751098930836
909,1.072946322192629,0.0034113911431199353,0.011004928874644195,0.08778554201126099
910,0.5237305889358735,0.019269417009313845,0.01641606024565735,0.07744535198435187
911,5.7046786170703925,0.006631378224976189,0.03523869702457189,0.05234663235023618
912,1.369459473118932,0.03865232398332111,0.038315476452736544,0.0685725612565875
913,3.6386334458689884,0.09060975748955272,0.05400145391718808,0.05329512432217598
914,4.3113924108244275,0.03527348905825182,0.058683189238692555,0.07025304110720754
915,31.250104555863448,0.18879430745574113,0.3292421236322301,0.08289621584117413
916,1.5183535961877261,0.044904604801306876,0.03489061527482719,0.07684197090566158
917,0.8473736756192193,0.010030544707308952,0.010597980259240497,0.07464659586548805
918,1.0785201024688749,0.01247675215685741,0.01028930317436435,0.08179065817967057
919,1.1883528669282506,0.009491511396096079,0.011332624903329872,0.07396724401041865
920,1.227045945822772,0.017958270764142335,0.021493207445377704,0.06646116403862834
921,1.7029252075482382,0.01630531490174701,0.020406563676886147,0.08345234021544456
922,2.6358737264527257,0.02191195158376423,0.030216556239760144,0.07257997430860996
923,4.998824782319689,0.07549725304353926,0.09078335365408517,0.09172165766358376
924,2.965739174613414,0.023989438960174553,0.017792176300494063,0.05763660604134202
925,2.739652248524681,0.0516192912695793,0.043603941959586334,0.047555889934301376
926,12.273056698906485,0.1690724289195858,0.195157027116541,0.05876214010640979
927,0.5965153959841264,0.009025549258758472,0.008472575166392358,0.07237742003053427
928,1.3834776932159967,0.012431986806673376,0.018447703789104045,0.07584990793839097
929,3.31968340990768,0.03845537042725276,0.026224481487988234,0.07990817306563258
930,2.6031996030527154,0.03823197317842358,0.028043183598304287,0.06722135283052921
931,2.2700135963447217,0.026855005317027832,0.03100214333598987,0.06746198097243905
932,3.846071248495205,0.014820812927864708,0.017614414892746257,0.0845025428570807
933,1.4230525817632906,0.014892831955771,0.024459194128012965,0.051771627739071846
934,0.5011296111773358,0.0036246873274697537,0.006657529412015566,0.06722825206816196
935,2.064545842709632,0.015608260124943703,0.01716418892456253,0.0863595400005579
936,1.6032488336312052,0.030320450878115024,0.028993493657082304,0.04909402970224619
937,1.7775283720562225,0.007457440821777684,0.01709535403380999,0.08941667806357145
938,3.4745009281632226,0.035548791002877264,0.025226521103505723,0.047999410424381495
939,0.4312259451776791,0.009871022289851542,0.008421985212158452,0.10024398798123002
940,53.41798884996908,0.15716838798789803,0.49938334207156004,0.11201285617426038
941,1.1238379805939338,0.007896751550329205,0.01340800966498378,0.09023187775164843
942,1.8926966787368482,0.006909973179336003,0.013669583917878777,0.09070543479174376
943,1.3651813754733544,0.016278389664918368,0.017113785204452194,0.06859396072104573
944,4.672971804756293,0.06304067034225089,0.053281594738771546,0.0709200263954699
945,1.834328525205193,0.017541026458776712,0.01802412266488648,0.07371550612151623
946,6.3553480157620506,0.04349060005902653,0.06753218499468318,0.07907351199537516
947,3.7050611158226867,0.017678599473617884,0.02961935836934217,0.06251922203227878
948,0.73137521941349,0.008198014654499671,0.008830217933825865,0.09760993113741279
949,1.687461512273129,0.03279276262926416,0.03146472035137007,0.09990723570808768
950,0.28776920946798895,0.013390235132835458,0.012733635276741895,0.08847670024260879
951,4.647167778433529,0.03596087816783425,0.06462609299291035,0.04994585132226348
952,2.5120084429685243,0.016190210581553847,0.019462651080374312,0.04672842472791672
953,3.0154522066750227,0.042764442055084166,0.04060836568843132,0.08961033169180155
954,6.769830985971433,0.0807880140453974,0.09228479376704116,0.1048595029860735
955,2.976530870657581,0.033660769000035125,0.036561872069318054,0.05297006294131279
956,1.1541966640780883,0.009557666680824072,0.00912394725348611,0.09080044133588672
957,2.28968694890653,0.010443445775504422,0.014858556655960255,0.08031267300248146
958,1.4920129605362147,0.01813776847421397,0.014735523757608808,0.07682879362255335
959,5.350307660517531,0.02269319671543344,0.05469257190622472,0.06323701422661543
960,17.68999390329974,0.09008407817821619,0.15539345788594378,0.04347735829651356
961,3.7511581841380415,0.008574046075353232,0.0260363123409328,0.0868710083886981
962,0.8427265274195704,0.028950107972525493,0.022880803801589092,0.06583371292799711
963,1.0072868247622215,0.02112509575866118,0.014424128818716181,0.08770488109439611
964,0.7046548297644346,0.005129722121809965,0.00701879274407531,0.08481860114261508
965,0.463237210466682,0.004142400352944433,0.006733852248232801,0.07008453598245978
966,2.478233064189719,0.019263263185495417,0.01957421374308607,0.07991734705865383
967,21.77911798678162,0.04782826653129053,0.13348216963798157,0.08045617211610079
968,3.805858819890762,0.03290770943970546,0.013247374277931918,0.09523316007107496
969,4.371545299464882,0.02129272553708481,0.05978292523807068,0.069767442997545
970,5.942284828097714,0.052724159883315316,0.03208583234340716,0.0729961572214961
971,14.223061075801866,0.05737137573793707,0.13124084325232233,0.08207883173599839
972,9.319477823966594,0.021152527670051314,0.04109229697552922,0.0685624061152339
973,0.5555942794498013,0.006851405042758682,0.007421907439126014,0.06197193590924144
974,2.2375330990272992,0.039579537289535,0.03340847994680945,0.07279035821557045
975,3.319893925402403,0.0533262149005643,0.049658452714515806,0.0801833258010447
976,1.9136873797483638,0.025648984001906475,0.015817705265009228,0.07224866887554526
977,4.242329963447935,0.017761036556587752,0.03167156064528567,0.06627122219651937
978,1.3092734638365506,0.007922646387042947,0.01682099216511776,0.06601126492023468
979,2.97378878566905,0.029918840226529124,0.027828295768266974,0.08077512215822935
980,0.958044694904644,0.006061494582163285,0.010069754715435,0.07254479313269258
981,0.6576981065204411,0.002154821172616498,0.005158699511646149,0.06223909417167306
982,2.7922874808950593,0.04575951887902209,0.032057744512734986,0.06437697215005755
983,2.124448749633135,0.027779786413216868,0.021210209521691087,0.07020257925614715
984,0.8371733878110141,0.019652667914688237,0.017198235308532966,0.05535496398806572
985,7.667657111230774,0.06403847016538622,0.07140417692639708,0.0799497733823955
986,7.032586317397691,0.05524359308529454,0.07169388622034968,0.07774897292256355
987,1.4007967643216628,0.061766464773686254,0.05475132949582756,0.06034062197431922
988,10.165111817074841,0.054782558199886366,0.07948726804274218,0.08368748798966408
989,11.086669287495571,0.09481867523129238,0.049096052765135643,0.06344307819381356
990,1.5489734320129034,0.03960334113556674,0.04592358868280546,0.07463717693462968
991,11.95171402729108,0.1788641411303775,0.13958599602846683,0.05324795609340072
992,1.37003740372268,0.009566505208639099,0.009625703111222229,0.07428042590618134
993,1.6361833364518725,0.004333052767037505,0.019377690587955413,0.06630182173103094
994,9.317201522350596,0.05421318023908262,0.0773802709942403,0.09611527295783162
995,2.398751976956015,0.01814713061175136,0.024671536932101022,0.05561893805861473
996,11.523061116892489,0.06617468711835767,0.08035904691886692,0.076862923335284
997,2.8924060217168672,0.00874629442428473,0.035504814183184304,0.05940113076940179
998,1.623840131543266,0.011116694294121448,0.016831759515334173,0.08797744987532496
999,2.5416521244667085,0.012388622166760415,0.01984088447703813,0.05407272884622216
1000,0.7502568180826715,0.01756072795855264,0.02194415882891265,0.053462025709450245
1001,3.3005122094915826,0.035736442285947176,0.03248402219951321,0.0714417896233499
1002,1.3482125181381481,0.01353645662224978,0.021672082653854424,0.08233565604314208
1003,2.617122307703406,0.01507524036712823,0.03440744783803653,0.08465027622878551
1004,2.393724735024516,0.03395112661634776,0.03161737423953011,0.07279881881549954
1005,16.916438474727858,0.12828764806862183,0.12567320847100685,0.05084617994725704
1006,0.8118858855160271,0.01007318019177427,0.01270228627263826,0.07570703327655792
1007,2.200109429595303,0.023321816054630958,0.018244299487387098,0.07762730401009321
1008,1.1678429354338866,0.029790232558766092,0.02929243523003,0.05280932830646634
1009,7.482304258803868,0.010329084841668558,0.061711006520372064,0.05842925235629082
1010,2.281871204740376,0.01651747289137127,0.02665071276297471,0.07268055342137814
1011,3.1601270573690647,0.04357364724419894,0.05416223255329936,0.07325041992589831
1012,0.5006350096535174,0.005150040760019153,0.00757762446371534,0.05748684983700514
1013,1.0694594973934055,0.006566400911822984,0.013126726022946567,0.09764740010723472
1014,4.157843957888875,0.05212419910102336,0.026169113266201444,0.051873707212507725
1015,131.61001952133068,0.7067807350915121,1.0032581450295477,0.054865016136318445
1016,1.898498534880583,0.013041662519243422,0.026280627971419952,0.07539845397695899
1017,5.646714385519798,0.057974446463349226,0.040669943019530655,0.08898588130250573
1018,1.2083333791505226,0.021429254585175698,0.022885125535060714,0.060928759165108204
1019,1.5684006895692049,0.025880379665731156,0.033913874125451625,0.05729806004092097
1020,1.9956939391888624,0.036518449244749646,0.02953821458437198,0.08301361976191401
1021,1.6234310567030399,0.016261917756168066,0.019188840472472327,0.07347645191475749
1022,3.7840022034128653,0.02401681176015274,0.03343732759275898,0.08985158428549767
1023,5.909122231236875,0.07493465795836642,0.06179341362742674,0.09201022097840905
1024,7.1594580037953355,0.06005753845629662,0.06630847641042725,0.06593005685135722
1025,5.2211715987347915,0.10387820663234276,0.09776263231486079,0.08320621494203806
1026,4.6491218979059585,0.05301034762670933,0.04745639971279619,0.08496058126911521
1027,3.0330700715871637,0.04782382725971018,0.0375917906686608,0.07268841890618205
1028,1.0850198329665348,0.03734644499385345,0.03577548658497802,0.061571448110044
1029,1.0200430641020082,0.013369039090577791,0.018842006433733724,0.05213142791762948
1030,0.7846212850087136,0.0014936726033765702,0.007819037766195023,0.07943841582164168
1031,0.9719448176056295,0.010486070323236117,0.013499828768259467,0.07206090167164803
1032,3.9594007586405393,0.03999050960799883,0.06059378680703495,0.05480344966053963
1033,2.3203616813485906,0.027475032087687395,0.028773461338802212,0.06778948614373803
1034,1.1898251314511894,0.01971806354445575,0.02161483096495552,0.0781141477636993
1035,2.174739674722069,0.02185368307446867,0.026230217817064083,0.06552032986655831
1036,2.6410029553370573,0.009097106408141866,0.020242120014253646,0.08186072995886207
1037,4.677057871004671,0.03477513976098981,0.009775772390513528,0.08000453608110547
1038,2.422734744924158,0.0310550114573261,0.017076677935671466,0.08047162601724267
1039,1.1336907590702692,0.015957072631302832,0.007480573661261865,0.09418523916974664
1040,3.8638665409966997,0.04031130597980239,0.05718423044091937,0.0892491010017693
1041,1.491849912868899,0.0109668149068941,0.015240519197347374,0.0936923953704536
1042,10.408915864799821,0.1451138159206946,0.08503849297971501,0.06950199510902166
1043,3.384234993729582,0.04447771870608497,0.026361817914352315,0.08141016820445657
1044,14.824065183658838,0.06528801242123414,0.09314522790976272,0.06878230022266507
1045,1.4510010907886093,0.05315580186447484,0.04744426099836927,0.06447526905685663
1046,2.138423565310178,0.03916102409573055,0.026152530478016873,0.09088927181437612
1047,2.526309198686447,0.028983871443949216,0.04392094937981487,0.09052861202508211
1048,2.272789795358488,0.03211998496424777,0.02159964586493535,0.08983912412077188
1049,0.6187192285939676,0.010619832989892476,0.008978566863816002,0.08020402677357197
1050,1.5091135659598562,0.010620978182771764,0.01724390690621038,0.07278517866507173
1051,0.7716703998268741,0.0071708271085470345,0.007470653109654774,0.09503118693828583
1052,2.7023202128197497,0.03410866033753725,0.03259647119173498,0.08786348113790154
1053,1.7718437291298768,0.011848009811531,0.013492243621507026,0.06636260496452451
1054,1.1625676661857098,0.006588766133917658,0.00952091051067494,0.08124355925247073
1055,0.2763876536111347,0.0037654100930098458,0.004563110218430721,0.08137878682464361
1056,2.0305800732091797,0.021181653005480895,0.011175815645661037,0.0854103360325098
1057,5.226606830464525,0.07926960885627742,0.05602573242251043,0.058178666047751904
1058,0.7134797560389816,0.0033052814436864007,0.005331282576315578,0.08535505319014192
1059,7.238958745866839,0.08056100004535958,0.0530455152973642,0.06684139696881175
1060,1.3802950643190655,0.012431707280675166,0.012267493870096085,0.09389657434076071
1061,7.656518507162735,0.10435758603548863,0.06397242943087479,0.06496738409623504
1062,7.823904215555555,0.04711460726865907,0.037984255166996744,0.06390258902683854
1063,0.3537128400226798,0.008325702957442664,0.006347098721461633,0.08566565718501806
1064,1.7375257942391489,0.04531832580886415,0.041288061530279606,0.0578778819181025
1065,6.061187209308533,0.06946452581967678,0.07489724492323893,0.09740173723548651
1066,2.345265791128543,0.02593871221339347,0.029013578919826092,0.0824072239920497
1067,2.011956173554829,0.023423519224983726,0.020531732382151616,0.05778646282851696
1068,4.045200965660646,0.04805909643998532,0.05400300621316286,0.07490581879392266
1069,1.4764905999090276,0.014719053747178964,0.01907683495043577,0.06691734120249748
1070,2.4308594861227575,0.026578192913880153,0.011589874143517889,0.06480159098282456
1071,0.5040738386202204,0.020705603104295606,0.020062318993803105,0.0960758300498128
1072,0.19525834531532762,0.005660502245163614,0.0058717570866639495,0.10590214282274246
1073,14.43600069923,0.057696315384366315,0.15397703270024712,0.051951183937489986
1074,1.1413962254230579,0.009229289226506393,0.010444204760464303,0.09175545023754239
1075,2.84092173609513,0.029755471639955827,0.03448546697114808,0.0784694948233664
1076,0.6097609507585462,0.008693377805184664,0.008455925062093625,0.08336461195722222
1077,0.6767895045304871,0.01797655114668383,0.013790411828329328,0.06786567205563188
1078,1.6564081879689503,0.013267299506912742,0.013359632704393765,0.06903981883078814
1079,0.7473338642804067,0.00467479289371433,0.008019197475326369,0.08585951803252101
1080,1.8524209313117708,0.012645696177234114,0.02235897103045719,0.06770698120817542
1081,2.137617318659369,0.03338974556195684,0.026147167055278135,0.0627549490891397
1082,0.2397868721241149,0.0008665857111776794,0.002576814361764299,0.07838818524032831
1083,3.9850749627582682,0.049612383773212636,0.052207849136361915,0.09460158320143819
1084,1.0300837171811,0.008299932875328495,0.008525927350262074,0.10461179120466113
1085,3.041140210332182,0.026864371902465992,0.03380898023944128,0.06756534287706017
1086,1.6349290350592631,0.012378006851578251,0.01574339120809991,0.08417556062340736
1087,1.6884870092953852,0.021396901195632905,0.02009369023996488,0.06358545739203691
1088,2.3638668960948315,0.025673366996999625,0.02362493330290271,0.06346560595557094
1089,3.0660553176279044,0.09508106953462554,0.07612575921623876,0.09984523290768266
1090,1.5979650708667443,0.015344536480408595,0.017550546117089404,0.0695634838193655
1091,0.4183958792003904,0.010892808210214213,0.008572023597466847,0.07552405400201678
1092,2.412120744587185,0.03944386303395515,0.027405411228197764,0.06026389030739665
1093,1.223667722596195,0.019695609768967687,0.01762341452015758,0.07026985986158252
1094,2.3416318817018142,0.01161621983319776,0.015488412319578084,0.08457006886601448
1095,2.510808013681154,0.02995733110469255,0.0299193125416496,0.07353797275573015
1096,176.5435339298014,0.4154917011859374,1.1374470642322698,0.06308598956093192
1097,2.640059704879714,0.036211911250807347,0.04918235908316237,0.08468672726303339
1098,1.2083091614287935,0.006455356948904662,0.005896341458302984,0.08141398476436734
1099,5.683788604707653,0.036847800007543806,0.03285451172000704,0.054376265965402126
1100,0.34915593941598266,0.01063634601932812,0.009741926889848674,0.09020938025787473
1101,1.051591595578118,0.0197760076081758,0.01929749737552412,0.06542256940156221
1102,5.498574517036404,0.0492108312424205,0.06634345104899429,0.0763204088434577
1103,1.0242864015800501,0.009116921932421425,0.011036738336909687,0.09158846689388156
1104,8.47548492051151,0.061686869955222025,0.07369431351361085,0.07673200406134129
1105,0.36587699220863235,0.013993585493378004,0.011568649760393878,0.05575304897502065
1106,1.722633516573325,0.06818146530886642,0.06664924803652669,0.10427394974976778
1107,3.0136236991985297,0.01823278491140559,0.029681378558515735,0.06359790079295635
1108,2.025769940717582,0.016998879783538007,0.012593797874517131,0.07885514991357923
1109,0.6499583696395359,0.003996593533747826,0.007160139768501125,0.09848268097266555
1110,0.4563791354926249,0.011311418857058535,0.010273291201011562,0.07787963701412082
1111,6.2335597789838095,0.04569635565561335,0.02265072006482053,0.0902799773029983
1112,5.675271051512822,0.07918636905916507,0.09850053107912554,0.07833209075033665
1113,2.1685047455743756,0.01058935691011496,0.021289895018162724,0.09040067018941045
1114,2.1991211340306145,0.02238091271650379,0.03898610855421276,0.05943953292444348
1115,10.435333627153351,0.07546471367771523,0.09622836955605188,0.10569890914484859
1116,0.5423128112153849,0.005435715924551064,0.006861348635730878,0.08319487096741796
1117,1.9187080509860417,0.027940523858120594,0.03182504224647364,0.05756019474938512
1118,2.4194690375464543,0.024164660476417892,0.026445911919221157,0.06113307690247893
1119,1.0330607127577032,0.01508133896594068,0.009309228358968259,0.07883398607373238
1120,2.193680629382407,0.02688981863864389,0.025905555671007118,0.09703283198177814
1121,7.514960029204262,0.04419965673466243,0.04029880081812619,0.08556761825457215
1122,3.126019060172378,0.01347399464277696,0.03198735477088704,0.062006115447729826
1123,2.0633139981703255,0.049389665816795304,0.04927325505500406,0.06591940810903907
1124,2.0398084720478216,0.04466899564377077,0.04087351514564234,0.051343817729502916
1125,0.8900499453990299,0.01030904326626422,0.009359184775612681,0.07578464969992638
1126,2.590520954564719,0.009590919838378441,0.030513012869704266,0.05710047483444214
1127,2.599482141228515,0.04878865913746197,0.029559771342923445,0.08683096198365092
1128,3.784486266058977,0.02708622121671312,0.02484889320574576,0.06697201076894999
1129,1.018995229678672,0.008641989139032738,0.012007801506505074,0.07317112572491169
1130,1.0312579637307993,0.008064087994424585,0.007520022581979209,0.09451517276465893
1131,0.5287477770333188,0.008515044162701359,0.008113116860973216,0.09088229108601809
1132,1.1346756463042345,0.011971629224946153,0.018681536626343143,0.07013526558876038
1133,1.4076588818670266,0.023210651397463637,0.010591609905979954,0.08348636282607913
1134,2.516214891741447,0.03226364919908382,0.027556241163807706,0.08678200514987111
1135,4.041896392224963,0.03635112221992754,0.028785130275838212,0.060147230979055166
1136,7.383803853919208,0.04553663004738541,0.0790170050542701,0.05300877708941698
1137,14.607759631480578,0.10257141600625383,0.1451749165460591,0.04745203070342541
1138,1.3015233283608805,0.015635196982485302,0.01004869981573707,0.09451531292870641
1139,20.29410900095136,0.18213665445510976,0.21571691688063088,0.044306057039648294
1140,3.2243978349055125,0.025580316697835823,0.03475250530316004,0.05284862220287323
1141,3.112783392785438,0.0658755644788269,0.04397802119874601,0.06790846213698387
1142,2.0505815237961653,0.01700297398454993,0.02491943519325179,0.06774172419682145
1143,0.822003864110615,0.007733965813584433,0.008230429263188918,0.09274442959576845
1144,7.627442570342067,0.06607388018149195,0.024784355922440146,0.06991572305560112
1145,1.754500801642753,0.008817902633848294,0.020888239414931488,0.0942229786887765
1146,12.61954830049675,0.06179370317849803,0.07010019231353175,0.06845777714625001
1147,0.6908897864607458,0.012168252884972792,0.009785987949623123,0.05395523877814412
1148,1.3478989062849307,0.020428321615206933,0.017518089034780093,0.07148502161726356
1149,2.3822319523721465,0.01679117550206167,0.019454287676187208,0.0742786000482738
1150,8.314875625302044,0.05375131446990264,0.04677866820475893,0.08559355000033975
1151,10.05370679952997,0.0182186194593229,0.10593743203783658,0.0718957344070077
1152,0.530003415512384,0.005432538000828468,0.008709919158535367,0.05822218395769596
1153,44.91642529650245,0.38784209898852035,0.4123618366519463,0.05756266601383686
1154,6.2235553146525895,0.0707479776023453,0.06678242717709473,0.09654100937768817
1155,0.9858267534214373,0.01024594023553332,0.007842592403843966,0.09011493204161525
1156,1.8903986211891342,0.01045087844249552,0.01467108069354502,0.09341683611273766
1157,3.7079420097189106,0.019972492238542562,0.0317652705534723,0.10713930008932948
1158,2.5577963365292082,0.01165924323141369,0.020397610060152113,0.06591138988733292
1159,1.8012211996262903,0.036164905437977866,0.028444290490123075,0.062031595036387444
1160,0.47138556679656074,0.025281076944205626,0.025836931823528055,0.06874531507492065
1161,2.4984869045284035,0.05807375538517489,0.05139004384081905,0.07524868194013834
1162,5.415482397531092,0.04163777638547543,0.03949912087201986,0.06883687293156981
1163,2.561213746468128,0.01736963316296445,0.01788205048815654,0.06759359920397401
1164,4.423297789450752,0.061578873552470256,0.09160169529039609,0.08124258369207382
1165,1.1861998221731929,0.009924605915975201,0.011243414624524285,0.07575544575229287
1166,1.452451007255125,0.026609459976246662,0.03339706835433009,0.07721832487732172
1167,2.3543566464449124,0.016440633860405632,0.016377768540537917,0.08945618802681565
1168,1.0275011618484198,0.015288459199329921,0.016193005042195983,0.07418024307116866
1169,1.527662660118815,0.01383454569664264,0.021360448153795092,0.09294164925813675
1170,2.650536481092304,0.019134058273838402,0.024285739910091968,0.05863670306280255
1171,0.39655968630179284,0.007862726293282446,0.007623315518305337,0.07738687703385949
1172,1.0428887793799961,0.015176764844083673,0.010435065552822993,0.08281211368739605
1173,6.91701621963049,0.020915883897381814,0.08380192696173314,0.09060764219611883
1174,1.899430437978434,0.01836480361842728,0.013866379343012037,0.08220193209126592
1175,0.9111294016545524,0.016138532051003063,0.01643999522719208,0.05801649298518896
1176,1.6700435294756182,0.004242021951659624,0.009164092422480266,0.08500523213297129
1177,10.879907629252546,0.015939637836748687,0.09790624805005163,0.050032470375299454
1178,6.404223901943177,0.028860836539722972,0.062075259946757264,0.08050173008814454
1179,2.2334003610041084,0.05015525511352025,0.046902073441019904,0.0819886177778244
1180,1.4533520857104705,0.013251760519988783,0.017349474220875502,0.06678507197648287
1181,3.842026925708266,0.04613843324969232,0.048690335265927566,0.05756998807191849
1182,2.2870026026459063,0.029815508525472937,0.019921224287806665,0.07996248500421643
1183,0.5573850584996907,0.011431801161736992,0.013345433083261285,0.07048612693324685
1184,4.6750923901108425,0.028523424312501572,0.06061632190746828,0.072248674929142
1185,0.9711918903958818,0.005876900249483458,0.005933552169887687,0.0830130260437727
1186,4.660677510877913,0.026421640497303393,0.06181765943125425,0.07634705724194646
1187,2.109930319522743,0.029360320986992167,0.035192769834168365,0.08611458912491798
1188,153.63888950424987,0.6330969588585527,1.0062601118648624,0.04953580303117633
1189,3.6503816718908495,0.04504068226077437,0.03676443433976173,0.06728746695443988
1190,1.1199146168747365,0.004174682318035889,0.008316771852789033,0.07395827816799283
1191,2.2232036553691925,0.046532625247774906,0.03606230996918777,0.052779548801481724
1192,0.6948198730975573,0.005314738171944113,0.005488635947517624,0.07849389500916004
1193,2.417381806521273,0.041008296329768865,0.014036449255006706,0.06466889707371593
1194,0.9329861529749237,0.013861667104240919,0.010401032952337762,0.0764529979787767
1195,2.479369747123189,0.014817118245425519,0.02532326034560394,0.0770922307856381
1196,8.380125147913043,0.08055298401489569,0.04024107234786358,0.08857750007882714
1197,3.7202687742001754,0.02412882796281252,0.024031959978963395,0.05293557699769735
1198,1.2321283123338551,0.007211593115489656,0.016354643380061307,0.08981537306681275
1199,2.445617555564463,0.005253909840902888,0.022426790905543045,0.08064305875450373
1200,17.389326869291008,0.11550261131002364,0.18014822389081883,0.058581389021128416
1201,1.8529280097740706,0.019153387873400776,0.023505867266456062,0.059915517922490835
1202,1.721264258490089,0.01474521961426975,0.015674876363527445,0.06921250186860561
1203,2.4411170640494917,0.013711901166712967,0.022176117222308285,0.06691478611901402
1204,0.9873466511161046,0.01634715115027703,0.00985963253718436,0.08707449398934841
1205,2.3443279011930125,0.03571677176374562,0.04266711638901922,0.0625375472009182
1206,11.797013656466772,0.04382296072572313,0.12664857368205265,0.07698397571220994
1207,1.0039840396889932,0.01163257649804943,0.016433464468097746,0.07087972294539213
1208,14.096637713944466,0.08335991672592352,0.07615432264326595,0.06393424700945616
1209,1.9603937956344044,0.02088373393665166,0.01710169920561606,0.07465389184653759
1210,1.968090035204859,0.04569434216131508,0.02735463128111549,0.07640349864959717
1211,0.8211930126146265,0.010323886526317477,0.011087787980083781,0.07860720111057162
1212,1.0923096154258236,0.007862953151363476,0.011393843355115549,0.06875712377950549
1213,3.676082517986158,0.039133329011719016,0.023164337903977948,0.07134964503347874
1214,2.0973490488291473,0.03224039210647051,0.03001059343189305,0.050716925878077745
1215,1.1831623643169062,0.010604810095281922,0.010336171553958688,0.07649845536798239
1216,1.5954672993985268,0.007763292737057644,0.009576228344413894,0.09832942113280296
1217,4.935594559458,0.02302616281789545,0.026969735781103597,0.08321423409506679
1218,3.6964194193439948,0.023024120234371472,0.029996268530683826,0.09551639435812831
1219,6.110143105192094,0.08208662140667486,0.0511356610206081,0.09319232404232025
1220,3.2680910700311996,0.01414761987585043,0.03504895831511697,0.0780762149952352
1221,0.9482357651624178,0.022166213995379325,0.02715119247427206,0.07971464516595006
1222,1.0562301735877515,0.015553770090502135,0.018102372797019983,0.06881746323779225
1223,2.5847434066118478,0.027617777048885857,0.02612710567872762,0.06765916058793664
1224,2.29853838852135,0.030059274816039705,0.01849793364880685,0.08667781995609403
1225,2.855826398279363,0.023966519471159336,0.025601439782363792,0.0745446952059865
1226,0.3850764054656868,0.005244698660049811,0.00606330738675333,0.06668148888275027
1227,2.412743354773111,0.03529573009097227,0.04429684606549909,0.08063843660056591
1228,9.858340973154293,0.015589550042969486,0.08835011011718864,0.05244523612782359
1229,1.7570971985885477,0.05276512205276701,0.05463442037196791,0.05807291762903333
1230,2.2859290703725637,0.02355267739731247,0.030939804481067295,0.07954255864024162
1231,1.1649869704194864,0.005728731615617304,0.011146562520587811,0.09014152595773339
1232,11.498401428258964,0.08183149317067945,0.058807567331287135,0.07167688012123108
1233,0.5123116640061821,0.014344232360368591,0.01144253925980768,0.0745495199225843
1234,2.722852699754992,0.012590515933653597,0.028725330088159556,0.10361088206991553
1235,4.367579569580865,0.05222661474520178,0.047070330677036976,0.08544139564037323
1236,0.5038031447628601,0.006822083863211915,0.00504467677793206,0.08540538279339671
1237,2.6623203018227755,0.0776373488424424,0.061838032265964786,0.05089325085282326
1238,1.1562432386680046,0.0130174138725836,0.016609279860032022,0.06954956986010075
1239,3.790558494060518,0.018517210335878265,0.020733576064325077,0.10283912206068635
1240,3.0250880330708703,0.025199848000274718,0.03533309489648447,0.11078391689807177
1241,3.6517429453854637,0.01479877026235114,0.027883280193447366,0.05718493415042758
1242,3.253878908690582,0.06524170795602162,0.04836400465671218,0.09951340314000845
1243,3.752299862083824,0.049571179869603514,0.04785727034598022,0.09942600270733237
1244,13.376630072769188,0.1431442867083598,0.06702275867730166,0.1039244499988854
1245,1.043006436247008,0.019069776283701486,0.014519256458438951,0.06798898568376899
1246,0.9637261000044367,0.021033236461364357,0.01752395486412103,0.05180502310395241
1247,1.4451052982359331,0.022079934953873753,0.015329948745602076,0.07339668273925781
1248,1.3231092535830515,0.023170480274202685,0.02098843858240456,0.06406738329678774
1249,1.8470641571539705,0.01953536572657391,0.019441343522347748,0.05529609089717269
1250,1.0695661508771306,0.00933952497261592,0.008610486409708415,0.06569508090615273
1251,29.982677989685246,0.17169793650326534,0.2552402436100765,0.047959174029529095
1252,4.58707643270653,0.0169931714414337,0.04720326715027533,0.06584536796435714
1253,0.5209053622889334,0.022582573511190522,0.02344571011165421,0.05988991679623723
1254,9.569254414313413,0.1495093920569725,0.09930345427841003,0.11898563290014863
1255,0.7183560937781464,0.006400767377219867,0.012583313495440026,0.0700597669929266
1256,6.16360524892848,0.060065332227448795,0.03165798417460397,0.07481728587299585
1257,10.205861314424984,0.13807159985412132,0.15288851823703464,0.11319879675284028
1258,1.0631973068303118,0.015034435549995244,0.01365206738633195,0.08557331096380949
1259,1.0495757457157937,0.02037080223953808,0.019720692476522025,0.08432856993749738
1260,1.0039021607230307,0.009769456515114764,0.011342154919122695,0.05983193125575781
1261,4.321061122654749,0.01731200699450427,0.04577862722548785,0.08480830118060112
1262,1.56250479930038,0.02080315927220168,0.016490933106966248,0.09173975279554725
1263,1.527646509463716,0.008106387994001492,0.014113390776187213,0.09873327566310763
1264,7.731285754191927,0.026875197219029,0.07744138206057152,0.08696413924917579
1265,1.9521024019164028,0.033856899786385154,0.032882786468715154,0.05852216621860862
1266,35.76207607873929,0.23588525215902198,0.07561788450039794,0.08278398774564266
1267,11.76340329939211,0.05832540536052485,0.06062421994506691,0.05828873114660382
1268,13.509542768007332,0.1294653043102004,0.11158516531066079,0.09651870327070355
1269,25.584740559019565,0.17291552794393103,0.27960622494960397,0.09867329802364111
1270,0.4388813641541195,0.0062377808407376055,0.00687207471191928,0.06604729825630784
1271,1.0776400882693458,0.024033329352059513,0.01486770211570999,0.08595531992614269
1272,2.6745801972390777,0.02703837067503532,0.021215601029097458,0.0743716643191874
1273,4.408267823670353,0.11509077311894099,0.06807581384732105,0.0750232539139688
1274,1.298566405680509,0.012586741038127486,0.013555042019507042,0.07245023734867573
1275,6.5580055342187,0.07612901743460636,0.056693264752116466,0.06628236919641495
1276,2.528581641578875,0.005781341944497789,0.021157557597066046,0.06577088590711355
1277,2.787971634492944,0.03945380943576584,0.04060677416573362,0.0680186771787703
1278,2.159973717638567,0.02439307631364831,0.02444333422224395,0.06061101797968149
1279,4.057677803289082,0.047243409444363026,0.04944812677627681,0.0728866308927536
1280,2.718061526759221,0.05990555196198533,0.051831059268527754,0.08672723779454827
1281,7.156329546466188,0.021660658637184818,0.08773444419481029,0.04339361842721701
1282,0.771718130114499,0.010456244586777793,0.009469003192458587,0.08157330518588424
1283,1.1698667213999359,0.013675373128950567,0.015382572014061758,0.08944954164326191
1284,1.5581335667200948,0.011560116599237728,0.013835666517941684,0.06779809901490808
1285,1.2181361732137428,0.006534014665577087,0.007425395828588555,0.08121301978826523
1286,2.4443714323888845,0.029142539195418114,0.03146051137287746,0.044113256968557835
1287,0.5853763503390094,0.010612613749958586,0.011477618134046628,0.08676818525418639
1288,2.9178983733326582,0.01724347562039608,0.02787665476947951,0.050622995011508465
1289,2.3638729918330106,0.035202043102524075,0.022152196175449716,0.06773941498249769
1290,2.497463613507796,0.022912869241334562,0.01820643351065137,0.06555270403623581
1291,13.165416322639771,0.19642677595802324,0.1385814394920134,0.0703463819809258
1292,3.14115292728413,0.03577232152698931,0.029064583135861983,0.08031253004446626
1293,3.8082183444250823,0.029951550976277753,0.04799608467131652,0.08221856504678726
1294,0.5774796280273007,0.0027608032913936367,0.009266883388217944,0.08273883396759629
1295,2.534573655541528,0.021910916602754377,0.024004178772328407,0.07985890097916126
1296,4.296703346528819,0.007406138755828114,0.0312494010450718,0.09456854220479727
1297,0.7411881006809459,0.013746948977410793,0.008892818649009343,0.077441715169698
1298,1.0168097553299238,0.011297637810842281,0.008899665647892093,0.06905284989625216
1299,14.565689970053478,0.07869900564898477,0.1730799513388415,0.08020056784152985
1300,3.128384051634866,0.021895451246824665,0.03847297195557503,0.08565212925896049
1301,1.0536637449040602,0.021146512095467064,0.023899703145306112,0.07305559515953064
1302,4.831790753860572,0.0445975419176225,0.0556129560120299,0.07189478538930416
1303,3.9121416979840076,0.1478994253328067,0.13575336722239983,0.06017752597108483
1304,1.2172343951029183,0.015183535047101905,0.013693321550469454,0.08653869712725282
1305,2.2289647412796505,0.018232518585566213,0.02483620587430748,0.07892384007573128
1306,8.317734562800025,0.07669776238045045,0.05117328350363239,0.09210766199976206
1307,8.020608309908924,0.07524983163478062,0.03821311767532026,0.09131563594564795
1308,1.1161654916711627,0.06287470984611168,0.058769934725741255,0.06791910296306014
1309,2.1479944236967015,0.026767255506787095,0.014201998498267613,0.0858637928031385
1310,28.529365461124844,0.2619980466826663,0.207920302454024,0.07740523107349873
1311,6.141661471085729,0.05522211282090058,0.07562362894698955,0.07740398915484548
1312,0.7495623022365981,0.01503624943849917,0.014101440826504207,0.057861973997205496
1313,4.41218088035353,0.07023949949789095,0.04074695519475892,0.07969722105190158
1314,1.7219934505849277,0.007990611851749005,0.014475070416889873,0.08052538568153977
1315,4.789187978770978,0.027816592045238838,0.024230963916064396,0.06926830718293786
1316,0.9120348244665131,0.01381564140803415,0.016431609509057712,0.08739365404471755
1317,1.4692540507139022,0.01795296355910398,0.018471752977255857,0.0698959669098258
1318,13.23298765644651,0.05798838970338881,0.14159008623495803,0.07946788612753153
1319,12.509082371397888,0.2041104908711266,0.1921578928055492,0.0903990319930017
1320,6.86410095713473,0.051483363866574906,0.0958193066539733,0.054692255798727274
1321,1.148009370448831,0.007408625380950515,0.008533882516555966,0.10925514809787273
1322,8.543969836309035,0.05582444162513146,0.04177084606386345,0.08202107762917876
1323,0.590535980700024,0.008419843487117365,0.007662614953294758,0.07138420082628727
1324,3.3577170310323794,0.017074791243807827,0.0237861904114901,0.06936782272532582
1325,0.44808091117815907,0.0035190387812185685,0.005498430689189383,0.09798866603523493
1326,1.9420594029717089,0.03980070057877944,0.03314835557359288,0.0516633871011436
1327,3.2662148583441577,0.022825375126549197,0.027984132383766076,0.08733696304261684
1328,3.8004162738668583,0.026147877650814288,0.0367426789718329,0.08039006311446428
1329,1.3452983290756888,0.019388845881090123,0.014064820685581481,0.0780144608579576
1330,0.4394485111516219,0.006483046233845144,0.007594782761162967,0.08407070534303784
1331,1.652504388339798,0.025597670877018336,0.019896874711638327,0.08475826727226377
1332,2.391972434619709,0.008115677849505232,0.02395806350871198,0.05815978208556771
1333,0.7851788409046874,0.006100310310227036,0.004398054717830424,0.08926937403157353
1334,17.201691371128565,0.15910529497639264,0.109054033970981,0.07004983304068446
1335,1.1976154104169112,0.009844067509161761,0.010885226737796619,0.0861817947588861
1336,1.011684235476327,0.03574362097688538,0.041590121386260046,0.08272422524169087
1337,1.4100620680754163,0.010428858848130268,0.011734004389976299,0.07519550528377295
1338,6.58907399919223,0.025922950461610854,0.05853153118650778,0.09477115282788873
1339,3.5982190454164473,0.020540047972878932,0.03664272620982063,0.07132097193971276
1340,3.556499109712004,0.030642157534883616,0.03012353921923625,0.06657155696302652
1341,3.7116654133172737,0.13955873216914613,0.11571920363412577,0.09038571221753955
1342,3.644058224552299,0.028668583608139394,0.04058426588287853,0.06070467783138156
1343,2.4339849124040547,0.026407654985023003,0.008657709013300686,0.06993512297049165
1344,0.7698104260053392,0.004909249541837287,0.0089389577610758,0.08174978382885456
1345,1.7056869373003902,0.011852904053467532,0.017221172333840736,0.07318068481981754
1346,0.9299021683450235,0.008958781084960052,0.011675912511322856,0.09510282706469297
1347,4.472999935651378,0.025572898773617844,0.058581477240180584,0.08748009381815791
1348,2.993758661939562,0.035543086343948,0.036024026943319694,0.0737743228673935
1349,7.444791037968836,0.012463629732023999,0.04583828551411097,0.04684544121846557
1350,1.5322345401816226,0.015633369920080655,0.01622206443115618,0.07478384813293815
1351,2.8781086711680355,0.035641868632926316,0.04164635815099564,0.07752378284931183
1352,4.74901819314557,0.03588453081352454,0.03840806638446569,0.06836292473599315
1353,8.132509967730272,0.08733796919150127,0.10895612794335131,0.07708705216646194
1354,3.0858813094381117,0.017926400999273135,0.033279423510978436,0.08152090897783637
1355,2.988974172757019,0.02081520259030436,0.021436080039955334,0.10090341791510582
1356,0.5725698063650433,0.006807495353771627,0.004502559501324384,0.08463221183046699
1357,0.9774806639378066,0.029288222651610404,0.03334123944633745,0.08381728315725923
1358,1.7146461472025105,0.014740934215720949,0.02083183069316807,0.07876914367079735
1359,0.9250640389445257,0.007691811276587498,0.013106775576927111,0.0923107210546732
1360,0.5190412560031931,0.005514571935218239,0.005010224811657551,0.09583414392545819
1361,0.9773675036408872,0.00849376723412832,0.012048921257031298,0.08402095595374703
1362,5.11946742283025,0.05929139087320412,0.04256367337206976,0.06651818891987205
1363,1.7270987834167402,0.01791984465855606,0.025133648800846682,0.08167642029002309
1364,1.234024841349773,0.023419030182397816,0.02782032488835906,0.08070058282464743
1365,0.5239575937863209,0.023081826358396066,0.024459969863757494,0.07167378487065434
1366,4.028968565940244,0.03508748976371602,0.02763548541791125,0.09735275898128748
1367,1.3943922153213328,0.021196158708424437,0.013077970243640652,0.06631647003814578
1368,0.6773379277572019,0.01865306111859804,0.01737307149025674,0.08051217487081885
1369,3.777960877210877,0.03188887542386124,0.03889957648958946,0.06036002887412906
1370,2.3241804459136635,0.03876103606027083,0.04403117787299408,0.06635872600600123
1371,6.502123390918155,0.07920584471218006,0.05458530273072472,0.10014883102849126
1372,1.7136992984405413,0.01893918654538127,0.01868164784029565,0.06784926122054458
1373,1.1370875204078559,0.01702659132737233,0.019165735190000394,0.08360490994527936
1374,8.01203379931045,0.10313472515862677,0.060759022420060184,0.07007179409265518
1375,0.6443240754008613,0.019625203695003708,0.02059921221103789,0.08324876893311739
1376,2.183526302794119,0.012317058660864352,0.023398643109289474,0.09004891430959105
1377,2.848810233981653,0.0502147148699639,0.04182770515323479,0.087087192106992
1378,1.252612697154024,0.00870469211981307,0.014097527798264326,0.08577318396419287
1379,0.962130163304374,0.01774875743765045,0.015818421804777216,0.06562588969245553
1380,4.542214354070698,0.0314936092461362,0.04613085163412012,0.07547256723046303
1381,1.0034551785923158,0.014497354918909194,0.006982712470596172,0.07228091824799776
1382,1.4052874776721433,0.012379347083961842,0.016242076279886934,0.05580664612352848
1383,2.5202950396870536,0.006352808106986662,0.014644103261203315,0.09260041313245893
1384,2.035101484786701,0.02029729228033962,0.01779887904869458,0.07082258583977818
1385,1.6579832960057082,0.026691488246965427,0.022517891457256342,0.08539663534611464
1386,0.5765966953988225,0.0130023200278156,0.01529256096743409,0.07068008091300726
1387,7.224257489990182,0.029261927096781326,0.10345646595528876,0.05082507897168398
1388,2.0424974030166494,0.019029217236471233,0.023934397711427826,0.09467136859893799
1389,2.812874203064789,0.3183182076533973,0.2890382798143977,0.04814361501485109
1390,6.003755763779796,0.018526270784558242,0.037234099851158456,0.0781790460459888
1391,1.2957640478669599,0.012548350580241386,0.009893599240707434,0.0933733438141644
1392,3.5318468918863304,0.017443249761202883,0.03654984900713763,0.06116114882752299
1393,1.0970830538237943,0.0264479802872416,0.02667074518350039,0.08634623419493437
1394,6.832842322544156,0.031931000334742894,0.06590719969957291,0.060820306185632944
1395,1.819329083291314,0.012580026426625538,0.01891243213538466,0.07692102110013366
1396,4.040666297285937,0.038425278420536266,0.031977735049161266,0.08950136695057154
1397,3.1309375189089725,0.036790182463592634,0.03143597935755719,0.08338588289916515
1398,13.636163129565691,0.11180697453888104,0.08591862954493505,0.08652272028848529
1399,2.5831164663485917,0.10758047215990552,0.10218962229967846,0.060017168056219816
1400,4.735188968866483,0.05877704533729554,0.06769206661004265,0.07808952126652002
1401,1.8908947691379856,0.027855855001156823,0.02207452811573815,0.08468019170686603
1402,0.5988895869236277,0.003931677062054886,0.004844541007396719,0.06924568535760045
1403,1.7953870209317897,0.010377913708025967,0.01657689341623812,0.06388357374817133
1404,2.87713837931645,0.04671812505745302,0.03990876810282156,0.07125178491696715
1405,2.4457788536742955,0.05548670206850047,0.07502226529440227,0.05218761833384633
1406,5.260835324849539,0.028234750806942457,0.07464316909118095,0.05078376876190305
1407,2.5839324081965866,0.007134858862698804,0.02563485712242436,0.06159824412316084
1408,3.2039463983998515,0.030080274413704925,0.025650729767139797,0.06724574696272612
1409,2.0338394496126777,0.01278967549664762,0.012890828227047055,0.07177026104182005
1410,2.653317398349113,0.022690449496445313,0.02016731392947538,0.06895454227924347
1411,2.0406457359020918,0.013666189333547669,0.0233305632604697,0.0632472401484847
1412,2.117029103652302,0.01052963606245868,0.02164248327410192,0.06663461495190859
1413,1.7885273881541062,0.007792956712931415,0.013745438725883855,0.09344042278826237
1414,8.81293052141757,0.11551859474504672,0.12424410383673672,0.040320525877177715
1415,1.4871589129825815,0.009838072920874498,0.012099500262822891,0.05957082938402891
1416,3.0974297485106232,0.00869433695280476,0.012909497065942877,0.07269068714231253
1417,2.172066519478345,0.039442335571641285,0.05111650994440346,0.06707949424162507
1418,9.810522881299267,0.05625068254103402,0.0521662068446072,0.07587290182709694
1419,2.2361838195265094,0.02625985223391093,0.028637957422092856,0.06840494368225336
1420,6.366691598448164,0.03696913246241167,0.07086363794789184,0.06960900593549013
1421,0.8722437904171263,0.006965538094266868,0.006372024559861255,0.0803823177702725
1422,0.9123151665192791,0.019542840745553465,0.021374730199925154,0.06681900704279542
1423,16.219679533466515,0.06480632608716094,0.10570500680811787,0.08943937718868256
1424,3.6606692884394456,0.0296616173833252,0.02997146774881947,0.0789967430755496
1425,2.069934302587882,0.015638615722510334,0.01573259075708977,0.07177006406709552
1426,5.988544277094517,0.09215841582547836,0.08260475232623885,0.07040228182449937
1427,6.521658184881378,0.052815019257615135,0.058762946261236904,0.07171950303018093
1428,1.3078875588583907,0.02925251689713395,0.02753084248013067,0.06791282305493951
1429,2.3069144703903404,0.022535957423471503,0.02040946918439571,0.07114692591130733
1430,0.37546824708831805,0.00837140931893407,0.006171874057441881,0.09297495801001787
1431,3.803567113087495,0.008440473777206975,0.037099693941633614,0.057718709111213684
1432,4.133855284757851,0.04759658681113812,0.05362146325015067,0.10626801708713174
1433,4.091557962175195,0.06286779132083065,0.0451640814388105,0.09222975187003613
1434,2.023046874074118,0.02843460224152796,0.030258912956024057,0.0637754388153553
1435,0.47697391319683574,0.013068846602500772,0.012843854938923496,0.08174278121441603
1436,14.358914237183932,0.13441500570846143,0.1847596183341066,0.06804452883079648
1437,4.793327475886494,0.0518161285901722,0.03685815264746045,0.06402751989662647
1438,1.3716204231439144,0.023770309631366938,0.017505643579072007,0.07786508975550532
1439,11.353197338031858,0.08906517902891145,0.06405237204916758,0.0629355818964541
1440,0.5812079358176817,0.009711852934005387,0.011363709599354524,0.06580668827518821
1441,0.6362487016992306,0.014787397666167212,0.01215059263678088,0.06987959519028664
1442,5.327520570827884,0.03956385570307683,0.037849610318977704,0.07600321574136615
1443,1.226217784119446,0.011244209504081617,0.010766364713250735,0.07996318209916353
1444,2.1832999561429056,0.03346264253158764,0.02090642621435413,0.07391067408025265
1445,1.0290319765162816,0.0024751675146538147,0.0122613883697516,0.10161081701517105
1446,0.6530917203812776,0.0044978614398759964,0.004740816106936029,0.09405381698161364
1447,2.8887492297714568,0.037508024682965484,0.02572470841796305,0.09999118931591511
1448,3.0363979558465215,0.05009376032590064,0.04694658024290867,0.050517708994448185
1449,2.512975617451481,0.024339806850389507,0.025415691360536147,0.09080536523833871
1450,5.152420586028851,0.014049483914124146,0.04719363224452715,0.08696712786331773
1451,1.3367935621360159,0.02751903043789546,0.020502091034811768,0.06716274889186025
1452,1.0989635929688164,0.013196240201163419,0.007479631564931204,0.08902753982692957
1453,5.250775362708844,0.061751654655237374,0.07962757479009913,0.06746497610583901
1454,3.593161583973107,0.02631647315234612,0.04001299915067179,0.08779670996591449
1455,0.6517656476155735,0.0006320992330693251,0.005590897144160708,0.08335637394338846
1456,6.424907648574751,0.10850852963865468,0.06479964575988796,0.07501691998913884
1457,0.41328653562843315,0.004062176227386487,0.0034601296832820925,0.07075974717736244
1458,2.2836840894295234,0.01000220195560285,0.0247819634652847,0.07826710306107998
1459,2.7707221937845072,0.027110460413665737,0.022425339087773822,0.09194949781522155
1460,3.7410485567245226,0.05955785954342317,0.06451416105786219,0.04719011904671788
1461,0.3794729563598937,0.0184270340293385,0.017984249638712712,0.081555366050452
1462,8.58359615859721,0.061190427365217556,0.10292886649945117,0.10117156198248267
1463,0.46417902831955127,0.00865622286067266,0.010820385811806924,0.08553190901875496
1464,1.010041921504155,0.013172349527836384,0.018544035129835722,0.06381654692813754
1465,4.296249813767111,0.046734242566403565,0.03469592725771632,0.08724054461345077
1466,2.6727005104134447,0.028686187022332152,0.036483355555478034,0.07440923526883125
1467,1.597962265290253,0.011459685974716471,0.0059600002872403895,0.09006497915834188
1468,2.2246004942332864,0.03887143005606716,0.027911481568395898,0.08150339312851429
1469,1.6209891759490551,0.020201863485201612,0.018474112676002824,0.06533422274515033
1470,3.6299717714541035,0.04608219025205565,0.016459423002980658,0.08918060408905149
1471,2.297465096329063,0.025667745204894406,0.018838033251740077,0.09249514481052756
1472,1.0551252095967734,0.036849141966801585,0.03085610449538493,0.06841948814690113
1473,3.508521786254547,0.014369186551489119,0.03443612171008377,0.07165501406416297
1474,3.0074686539661433,0.04926726937108795,0.05950060008116026,0.051823056768625975
1475,2.6675109327849587,0.04877974267564482,0.042652771925070575,0.08120504440739751
1476,1.6024379183996282,0.01499426950743521,0.025104613793245793,0.0858817221596837
1477,0.28536619415402176,0.0024043323410578624,0.0028997928292387484,0.08383492473512888
1478,2.8018356648899827,0.010034731942853302,0.0276354137882198,0.0565706635825336
1479,2.554357500555181,0.029083242849701707,0.03157460633325574,0.08076259307563305
1480,4.555888486225277,0.016351646417426376,0.04212218088714668,0.0794276469387114
1481,0.6569102760718396,0.013183901611140258,0.013101734091920322,0.09032073756679893
1482,1.2362777564116003,0.023098764797647966,0.01500742599108455,0.05020509008318186
1483,0.7039521491102131,0.01140999057690753,0.010531205414358813,0.0838349936529994
1484,1.046828476250836,0.011382673899224868,0.009861932921854565,0.05935959704220295
1485,9.352355969878637,0.06154523873658026,0.0642969158495335,0.04518856666982174
1486,1.0561310944509865,0.028172038569819785,0.02364641219195606,0.07423426862806082
1487,2.090819430625048,0.05653250962003754,0.06458150388179407,0.05640625301748514
1488,1.9904646493576394,0.0187592646409511,0.02947593778819068,0.06588172912597656
1489,0.7897594603802007,0.009922369654590911,0.008519861298237254,0.0767286247573793
1490,1.9312953138435611,0.02503533214638131,0.018082921122917282,0.08080068789422512
1491,2.6565300660347444,0.010673173763517816,0.03651046103484784,0.048565326258540154
1492,7.408780235435345,0.022599233759046034,0.052276341619174306,0.09221077570691705
1493,11.735348374504635,0.07043177026425247,0.09507415163107943,0.06611758982762694
1494,8.473721879711704,0.05286820302133513,0.0614467289768492,0.05892781727015972
1495,1.4724681888746292,0.01216321665179799,0.01921597154641511,0.0857732449658215
1496,2.573420141711063,0.020158969597720237,0.023607198052097246,0.06031416496261954
1497,1.019195873875438,0.005382632833548531,0.009788221639447621,0.08162032486870885
1498,5.230627068946375,0.08625089445959883,0.10191549210799011,0.10020380327478051
1499,1.2580005293641663,0.026074628392145003,0.02463883331519277,0.06918393587693572
1500,5.2087173228334755,0.028495601737519534,0.029787591929492548,0.10358352772891521
1501,7.718644598539005,0.13768462549870622,0.11709669066457135,0.05714927427470684
1502,4.24992603149746,0.04970945447128421,0.025997168961883314,0.07885317411273718
1503,8.571812055876242,0.05486434477344019,0.08357869871127423,0.058401082176715136
1504,7.832033752445475,0.049284045271076084,0.051561783015889213,0.10909467190504074
1505,1.5971691857328258,0.01753248519405851,0.020019147399189252,0.06653305795043707
1506,1.4565641323250265,0.015615702529785225,0.015581775230393283,0.07643178710713983
1507,5.048698341808408,0.03340383091694278,0.04843145717084199,0.08474577404558659
1508,1.1213840779363693,0.00606016839180323,0.007667673182988233,0.09629838494583964
1509,1.1644627498538191,0.008125114316733531,0.010967682882568134,0.10232204990461469
1510,3.9185613836639086,0.06625383514651184,0.04678324611981623,0.06174312112852931
1511,0.9217049769188351,0.001769121563895668,0.009794920569524636,0.09835540922358632
1512,0.4690228160121817,0.0029868813044211357,0.0037317977412092583,0.07316437596455216
1513,2.1296673560005894,0.12742450558432705,0.12236558537148114,0.06074359035119414
1514,3.9476070563688515,0.035151725890335224,0.036192595920577414,0.08339507505297661
1515,100.47992415344902,0.025105664850136905,0.3539651405638467,0.04958651773631573
1516,5.031508112223375,0.12925592801222124,0.11305075474964643,0.0702675930224359
1517,1.7725275340676887,0.03259361773295291,0.027037384978525716,0.08658145228400826
1518,0.742209651027314,0.015899755139226555,0.014694050418084421,0.05811255378648639
1519,1.3024004324594465,0.01666164963412115,0.015038648330772087,0.10204708902165294
1520,0.7680616977058222,0.005742105628870766,0.0072599967519211715,0.07550573814660311
1521,2.7647768376678505,0.03145774384810246,0.031088258649000645,0.06838628696277738
1522,1.2505173757042498,0.007596887318309181,0.010660870045499477,0.09674596134573221
1523,2.789198911429069,0.03124068777795625,0.036292459135203715,0.056984974071383476
1524,58.28142350401121,0.36461282269378237,0.20893594845041127,0.11561320954933763
1525,3.0618170331324244,0.01856855663496,0.012883678873448335,0.0884342398494482
1526,0.9177345587430377,0.04066245838250668,0.04293842918119448,0.08223039330914617
1527,4.830596201921924,0.028960482280070098,0.04603567717096842,0.0563270072452724
1528,1.4396803645154135,0.01780253550304059,0.025864307486747472,0.07484200084581971
1529,4.123244822920036,0.030834793265832373,0.03455187111287414,0.09699618723243475
1530,1.5931720573110735,0.02210188121200122,0.016594378333800258,0.05199994705617428
1531,4.408229931488306,0.12375594660314872,0.11582366163798563,0.051548529881983995
1532,1.3725096209916234,0.01259297836723389,0.009166636045578627,0.083506821654737
1533,2.227160756794717,0.00854643395313449,0.008527381643637666,0.08435880392789841
1534,1.0547947704073881,0.007138307637307268,0.010872326296553323,0.06283476296812296
1535,2.5570112294471583,0.029649988057425768,0.023562241799508582,0.05084156896919012
1536,3.9277323709798293,0.03190652923022571,0.024578780920319614,0.09262100886553526
1537,21.79252648637294,0.25542945864385996,0.16861389173663666,0.09060075087472796
1538,4.684935206998747,0.027032234242999782,0.04114518933239726,0.05234495783224702
1539,5.496010526157133,0.032839523321898025,0.01451198350486269,0.07569570094347
1540,1.7621839769066525,0.02346130404498469,0.015537263583391376,0.06945701874792576
1541,5.225832334813599,0.028834083545281376,0.04729247701938215,0.04847134603187442
1542,2.783940893735122,0.04858647996437765,0.042972461869412684,0.07594531122595072
1543,1.1550331646735614,0.015462030917851264,0.017793464757776416,0.0736489798873663
1544,1.8235571490924911,0.02417569915873422,0.01900831571933455,0.07144623110070825
1545,1.117373336099076,0.009561729714689233,0.011947243818652949,0.07257785787805915
1546,1.2070543524245114,0.014640799884428124,0.013578691415479049,0.09858264960348606
1547,2.7915060990829597,0.04301426192154845,0.048589595038900354,0.06278777681291103
1548,6.050574304543616,0.1013104220101659,0.09893071249445586,0.060311992187052965
1549,0.6514241062240572,0.01790617555671032,0.018072109967865096,0.09537192387506366
1550,3.5839863128885683,0.03874320823522833,0.029289210420694954,0.06490561692044139
1551,0.5865335340389394,0.00255937870736172,0.00573883575533842,0.07489101821556687
1552,1.137591935994155,0.018953061465325664,0.01344693066242504,0.08331810217350721
1553,0.8484724425940893,0.013705401486734704,0.015294588287638978,0.07324414933100343
1554,6.359304300318114,0.023694352148181264,0.052398565128925365,0.06385626085102558
1555,0.5345914183988884,0.012690095835340922,0.010339156903021304,0.093966921325773
1556,0.20523791751751538,0.0034307403630194503,0.0035575727549846735,0.08162476401776075
1557,2.256731313732571,0.05151157542809265,0.04608191854126612,0.0700379628688097
1558,1.290649668763046,0.01712887871107134,0.019205260412402083,0.082745969761163
1559,1.2834600188815846,0.005852815590694742,0.012090088451787767,0.07100100023671985
1560,166.67798330804598,0.7895327269080605,1.067881757938419,0.04627732699736953
1561,3.425414600677451,0.01934510696139692,0.039674871275929065,0.09202413633465767
1562,1.1282506560206857,0.009669537769076083,0.01265254671478913,0.09592841984704137
1563,1.5169171319605983,0.007795794882398114,0.00829665749817979,0.06533733382821083
1564,1.3483698357668632,0.008114182651458317,0.011421411673921808,0.06325662229210138
1565,9.015904191341832,0.12286964260022712,0.08292646511299394,0.06975127290934324
1566,1.239780422404835,0.006877972250790649,0.0084657773770971,0.05745609290897846
1567,4.061471476452787,0.05537542472327661,0.04293745449505481,0.05188234802335501
1568,0.4909163229822935,0.006011456756260647,0.0082866928799248,0.07459972379729152
1569,2.3397265350119283,0.02697769950692308,0.041266830626596966,0.05141798220574856
1570,1.0678368351097454,0.009693497127828798,0.01081917855475298,0.0792892980389297
1571,2.3690177974497653,0.015408657871726928,0.020694034105966017,0.07698932802304626
1572,13.681505573553757,0.12384455629028952,0.1398640401735487,0.1170812826603651
1573,1.6346336746570804,0.014459607535884704,0.010682165720946804,0.0643807933665812
1574,10.146396532682596,0.09317762393651041,0.10116293357623223,0.09600726794451475
1575,3.6129424878450713,0.028093733145878888,0.057444098336326466,0.07760126795619726
1576,11.545636777867863,0.17053215120023565,0.201479924914347,0.03983396710827947
1577,4.395465082115246,0.0672034429803806,0.07951407114634058,0.08657373720780015
1578,15.028356473627978,0.17782217903165407,0.10379488088600979,0.04628814198076725
1579,0.562767861919281,0.01779743632128448,0.017695510156027577,0.0640372890047729
1580,1.5611149756111349,0.006266055202950183,0.009712662061822013,0.07903244160115719
1581,6.359402469213455,0.059920422366964605,0.06679221636308351,0.09386590030044317
1582,1.5047508521101538,0.010299562312700971,0.01770646549299468,0.055075577925890684
1583,1.0817543123306734,0.005891483866151911,0.013002102457013436,0.05642548715695739
1584,1.0694896097020787,0.016155162242560563,0.012602706563380932,0.08732071425765753
1585,1.0749351049489104,0.0100639880814108,0.011439430226670006,0.05400331923738122
1586,20.66791190487741,0.10150573388002013,0.14956254525283993,0.07845756504684687
1587,1.4470514226575906,0.0096519265066328,0.011847837291681155,0.06508125178515911
1588,5.32981070338362,0.055800864164121,0.06275315736122963,0.058798269368708134
1589,0.8391705713651263,0.011461610161898733,0.009550276983124316,0.06843417696654797
1590,1.9470549959350856,0.022665852704137544,0.024537912882787755,0.07114948006346822
1591,1.6929544993920156,0.019602273240242517,0.02203482722832649,0.07074175169691443
1592,0.9444466054363834,0.01129483549709971,0.011746789936388736,0.06930950097739697
1593,3.89204407863169,0.030062843101220676,0.017790773506165966,0.10265199933201075
1594,1.3600163531157443,0.003908947743728355,0.011921057882520182,0.07996097393333912
1595,5.05401825889139,0.04165130026723288,0.013342132502734798,0.08804180612787604
1596,1.948290455312312,0.02396251142656754,0.022016836065023256,0.10464848671108484
1597,1.037163636612343,0.012064592957630566,0.01014758324104386,0.09623803989961743
1598,2.4445648544615786,0.03558332157058486,0.03271905506064227,0.06230593379586935
1599,4.23949062513751,0.03909427737562055,0.036609155252220936,0.07769377203658223
1600,1.914329995065693,0.012013804563043651,0.015281104089024078,0.09534072177484632
1601,10.048610547969384,0.062183409948077834,0.09553134761230739,0.09635016275569797
1602,4.226493439273595,0.025854377910339926,0.06678019710456917,0.05739319697022438
1603,6.980525459551108,0.07634500809957404,0.07117675769381436,0.10373032093048096
1604,1.4372598863833548,0.016723468200530663,0.015239911768112771,0.09255536086857319
1605,1.052540458757822,0.012889384588122511,0.017924558207868424,0.0679613146930933
1606,3.5347582041343175,0.044012693808698836,0.025839403488069825,0.06668807007372379
1607,2.0842861438587343,0.009588561140736085,0.015634933934742558,0.1015844689682126
1608,3.622659701574839,0.04282086363594454,0.027268932143336776,0.06610721396282315
1609,1.1997403512176252,0.011741358286076184,0.01105081868215466,0.07635973487049341
1610,9.82175538477553,0.04915870482862375,0.08365569459423054,0.07565449597314
1611,2.0348734009698934,0.006003932604073408,0.018276109549294685,0.07851661276072264
1612,3.002177938080331,0.02713478774149691,0.04178369362521637,0.08913712110370398
1613,5.577068144317185,0.040275775430874,0.03760131964455542,0.07070554234087467
1614,0.5931089306228596,0.00698637570073432,0.008446884244215195,0.07082118606194854
1615,2.072138407906429,0.015036559805890786,0.02622789832770764,0.07291985396295786
1616,1.3911369649688774,0.016576961655749234,0.013287813598455229,0.07655363203957677
1617,0.5517983389893535,0.025092797838534672,0.02646262289191959,0.07012758310884237
1618,2.0424899547361806,0.008096248080810418,0.021753425517477214,0.07661222806200385
1619,3.1252277740909835,0.012791994445509448,0.0418762224734719,0.07774669490754604
1620,1.2763888822617526,0.005872081247892936,0.008713109886475277,0.06153271021321416
1621,0.8842500662725237,0.013198757714376301,0.013231266618968767,0.08763242326676846
1622,2.1572050632690907,0.006931276067352948,0.015508109455581563,0.10126007907092571
1623,4.150361570934585,0.010133912313796317,0.041015494953979034,0.07711728103458881
1624,0.9647079429068414,0.011408525858619047,0.008870037608752003,0.0766628859564662
1625,6.460381968989958,0.1550632080303138,0.12138960287552523,0.047304504085332155
1626,1.3175583906819694,0.011284388079383598,0.009822101066348496,0.05479024676606059
1627,5.582735996219231,0.04122985917327027,0.03565135553621044,0.07289706403389573
1628,1.059682386886477,0.02058595956738115,0.017612944069617074,0.06699811480939388
1629,8.318070644371113,0.027868123435496894,0.08235447111566861,0.06903627887368202
1630,1.4641960777260024,0.015071043765301165,0.013017879450813077,0.06284175720065832
1631,1.718720243165997,0.005113576213041383,0.01223824268297335,0.09660490415990353
1632,4.640889139789357,0.013097546499178077,0.04030923072518792,0.06086872983723879
1633,0.8545577602945561,0.008319957440089364,0.010316711552685138,0.08961346372961998
1634,0.17811676135200183,0.0044414852627098125,0.005260657636466275,0.08248130092397332
1635,6.1429116707116505,0.052781321063652575,0.07442016349530246,0.08003024477511644
1636,0.3970077861854389,0.011909315360729473,0.011459332550216797,0.07136284420266747
1637,2.32720416303281,0.015155923652543252,0.012004063974680236,0.06681406265124679
1638,8.27059040096029,0.038642784046848504,0.030829400715549383,0.08649810310453176
1639,0.6696118453143877,0.012190039711624514,0.009281257877668226,0.06138092512264848
1640,1.5989776623023786,0.01896013200405325,0.014020321552781958,0.05402066884562373
1641,1.5047312453918524,0.02862480809426034,0.018695050247607325,0.07477726601064205
1642,4.359877716471797,0.027400026110145727,0.04521684750079577,0.06166589865460992
1643,1.3447973817147432,0.013095616647085587,0.01323936016616979,0.06398559920489788
1644,9.873923643291654,0.07846182788320111,0.09668556531820771,0.07420647284016013
1645,1.3005297426791584,0.0050667638241737485,0.014124360963611663,0.08867070870473981
1646,1.8599186893480022,0.005655882931258829,0.016433964160147214,0.06950620608404279
1647,2.0374782366456508,0.03189764603126815,0.028577632257840893,0.08354427572339773
1648,1.8551492018078881,0.02017930281746679,0.016404303957489638,0.06368218874558806
1649,1.3744083970373504,0.0054801797930589995,0.010812991599586838,0.0820425134152174
1650,145.28345506172843,1.160494173455483,1.0669236831976725,0.048775967210531235
1651,29.699874018200546,0.20005164534871026,0.18719387072533433,0.10867271991446614
1652,4.333575542627899,0.05247937483565467,0.05741508554725498,0.0721097206696868
1653,1.129427564991325,0.012986929287229046,0.010975916441435035,0.08239900320768356
1654,1.42667414830494,0.013502979697575902,0.011844718479050819,0.05092506902292371
1655,2.6467555648197485,0.006710203088816049,0.026683058218126287,0.0761847491376102
1656,0.9138850088389922,0.006325267477127535,0.00977583226618902,0.06582052120938897
1657,0.6018378040198283,0.004577103757644415,0.005343160266550751,0.09106293180957437
1658,3.309716373367439,0.041084410214668035,0.03903104064124973,0.08942295517772436
1659,1.1550656873374867,0.011894897454108844,0.013753065269526795,0.07294428162276745
1660,2.9163930011077857,0.025268067555135734,0.018725220735134065,0.0599302900955081
1661,0.7508160126841701,0.00878904692478931,0.013902701334908037,0.057168638333678246
1662,6.6190509519458,0.060325371708919634,0.04146604297250695,0.05640801275148988
1663,2.4944857174881063,0.030025191425370794,0.01761930272828601,0.08588547492399812
1664,1.3472127126565108,0.042286882328897046,0.04343839384605083,0.057810753118246794
1665,1.3189574322588955,0.013963266009413621,0.024612380817170022,0.08069283096119761
1666,0.8286563267393349,0.02328346850690082,0.02616149754334226,0.050604334101080894
1667,1.4442812311434252,0.020278921709278325,0.020416097096444548,0.0742372628301382
1668,0.14151909455374861,0.015810600906234384,0.01627059711565721,0.062136510852724314
1669,3.7398901565047047,0.03157120310797221,0.02094065561486646,0.06796598620712757
1670,34.388724720003125,0.12563045357807995,0.290463536586452,0.06034869700670242
1671,1.3289282109206284,0.01002726932729098,0.009512225068793232,0.06950592994689941
1672,4.610978478672243,0.04508407423110369,0.06412784621476406,0.052342104725539684
1673,0.519024109711731,0.009320180189418848,0.008265957320304222,0.07186510181054473
1674,7.4089308810270555,0.07407944290495898,0.09432679925212802,0.09730949392542243
1675,1.1767392658312081,0.01678381328977482,0.010718110604579093,0.09127753600478172
1676,0.9630131010158095,0.008256689277716283,0.008908796035765158,0.0699232337065041
1677,2.981870440265638,0.03063362729961186,0.033237891415856854,0.07825224986299872
1678,2.358635914681627,0.03879097339349621,0.02977726634364367,0.054823486134409904
1679,3.201982180479504,0.04261152964688668,0.03688480194808815,0.09202015213668346
1680,5.225895407624209,0.02704806531965698,0.07790037673946087,0.060630070976912975
1681,11.388851811885576,0.0978520160256996,0.0733540890148514,0.07125141099095345
1682,1.2837374740183927,0.005766105475318479,0.005644286990615446,0.07393706915900111
1683,0.7722433055573038,0.007185785155718606,0.006830295043096716,0.08184236101806164
1684,2.519871301230411,0.02322106278492105,0.028557616481582046,0.058831223752349615
1685,2.293828930306459,0.03635608576047054,0.034798362528636634,0.05392163945361972
1686,4.117251248627671,0.03382731134808466,0.05567289165214937,0.05527894804254174
1687,1.8464540619788707,0.03133924466852139,0.027053865110560103,0.05532026803120971
1688,1.7323080651519713,0.005203553927803447,0.010870485758209935,0.09685334516689181
1689,0.5674049644601884,0.005167694581698427,0.0070899635834987375,0.09127937629818916
1690,1.2636120334109986,0.022613593017367855,0.01797437683271736,0.07905944669619203
1691,1.2530619456663412,0.014117594718798619,0.01719887718018936,0.06874073063954711
1692,1.26811755735307,0.009182674941308486,0.012105956181324101,0.08339803898707032
1693,6.651790436731665,0.08915883168722893,0.06347221489155282,0.0922104949131608
1694,9.634462750540346,0.14102406258279973,0.11055732657066385,0.08206091821193695
1695,4.742237829184615,0.02565910654978807,0.057358728825116966,0.06459567416459322
1696,0.987885167344249,0.005514353266962058,0.011149597078072069,0.09838907606899738
1697,2.0947053781375744,0.019697584669745655,0.014072104103514947,0.06517322594299912
1698,1.2335636689519347,0.0160834025822895,0.013910810717835483,0.095239182934165
1699,0.19121125701997085,0.005710684305699705,0.006282032563937626,0.08129126718267798
1700,3.0597232733916355,0.00846328233554804,0.016803633582834637,0.09318427508696914
1701,13.77328012144139,0.07479018984988972,0.10193757687736058,0.05988505808636546
1702,1.3484795770782338,0.009770588063994121,0.012372033470744134,0.10021331626921892
1703,179.665774617328,0.6471134673125051,0.42551925499819027,0.04523193230852485
1704,1.7369823607679826,0.014530051794574188,0.013622974377605597,0.08206917392089963
1705,1.264866719156628,0.013343824875588448,0.011505571104112738,0.08085347712039948
1706,5.517851469006244,0.05879642416644756,0.07730684167872309,0.057254902087152004
1707,13.08290811328213,0.09312091337825591,0.08737481355909728,0.058216435834765434
1708,0.44307497788706673,0.016398833345064485,0.017097129069890655,0.07981773419305682
1709,0.5187601947756718,0.006768316435621263,0.006220177984551967,0.06548242177814245
1710,2.764849025418442,0.019509123013114065,0.03056797420334555,0.08326235692948103
1711,0.28131252077452923,0.004769527798246688,0.005861745054360321,0.07973538897931576
1712,12.845819335399893,0.0736831535680248,0.05863257754152679,0.08587042707949877
1713,8.116250582585403,0.068026423371954,0.094913666644991,0.06424430711194873
1714,1.7729603899977453,0.02621145611537343,0.020754878784363436,0.057883777655661106
1715,1.1707948103770072,0.011618731291639966,0.011719472716802458,0.05296006705611944
1716,9.440803537029135,0.08409917971129653,0.08451140974330905,0.07487865770235658
1717,0.5228192612525197,0.008577802377789366,0.010019193717263937,0.07186241773888469
1718,2.0766692629465635,0.010023035732027464,0.021518986609644748,0.08636869443580508
1719,0.45913966582485327,0.013422872710028037,0.013271937851553228,0.055178417824208736
1720,1.9232340311648388,0.017601224329519136,0.01987991499391893,0.09226735029369593
1721,3.6248230595776025,0.04756937931474213,0.05388311882025755,0.0919409291818738
1722,0.7392276215294067,0.007437987764131644,0.0067709130107583716,0.07289088191464543
1723,1.244946418039123,0.01006637809695618,0.014986330554596763,0.0964653198607266
1724,0.7755811989104422,0.005738177502500974,0.007366305681145883,0.07765894895419478
1725,1.3029050753135634,0.0079344272903739,0.02034895056659223,0.053292034193873405
1726,1.1110542397768504,0.010909719279707701,0.010970408718275338,0.09412176022306085
1727,1.0057655263744338,0.009620860582002276,0.02231749730210118,0.07643937692046165
1728,1.0047779031203656,0.02288757847735569,0.02284610300414781,0.06461134878918529
1729,8.738044967717816,0.13661551712110773,0.1332994782853618,0.06159902177751064
1730,1.0531932665156645,0.018048290504321163,0.013668101598549986,0.0789581467397511
1731,0.7078566056480525,0.008256478212804619,0.006351643320433988,0.08122197911143303
1732,2.757614699472928,0.029363897735322563,0.023608496847244538,0.06403093691915274
1733,1.2532304215110963,0.011419005737502456,0.01497491174134047,0.0884474222548306
1734,1.35253586316689,0.014119253469097558,0.014851320198105396,0.08616833994165063
1735,5.099094120420467,0.07826974535051232,0.07860996964233836,0.04418487707152963
1736,2.3988611270983404,0.03435843948785609,0.040934482697278556,0.08407449489459395
1737,3.7447294199699352,0.021185289714072218,0.033996909456998466,0.06796790705993772
1738,2.360166809712451,0.009873756669805198,0.013915301764043785,0.09048846689984202
1739,2.085685520794234,0.015032429545550327,0.01785473703772424,0.08902347227558494
1740,4.140094136110745,0.048523040606029945,0.03413826479702604,0.04394875979050994
1741,0.6564256038407579,0.007190684334557916,0.0064136519274236,0.06957296095788479
1742,4.506630904318522,0.04077345858357052,0.047741568414870435,0.06598450057208538
1743,1.220021849317931,0.01113372873077416,0.02226958333922193,0.08064050786197186
1744,7.14624067063672,0.07066603565145,0.07735362673288257,0.055660965852439404
1745,10.973796270660486,0.257648507172397,0.17435262121626718,0.09608438657596707
1746,1.5898755233495234,0.010789230203741238,0.01361397511127486,0.09065902885049582
1747,9.271984882637856,0.07801365858230956,0.09984753223455585,0.09346691984683275
1748,4.7302453379816205,0.08122483315718981,0.060999727451769556,0.0804713829420507
1749,1.5704081376742411,0.005689932354239084,0.012072900723095947,0.07367635378614068
1750,2.5330466311708033,0.024428754202962814,0.031217419301274134,0.05420129280537367
1751,1.8585791916361434,0.016911894318004373,0.02023690640975318,0.05249885283410549
1752,1.720968289808619,0.012807655032448757,0.025187893729272666,0.07179819885641336
1753,1.6584116516515532,0.036677856977377105,0.040873712833179116,0.0713695427402854
1754,1.4452150981778253,0.012356692707052091,0.015674236476901287,0.07948798593133688
1755,1.4959234761467393,0.008802955647319671,0.013783636474644206,0.0967252291738987
1756,0.4890338504645148,0.019415622078056916,0.019931967175493816,0.05578507902100682
1757,1.216989898696589,0.015836968163070453,0.011626607994869892,0.06217437097802758
1758,2.9792991046799124,0.030902104928913522,0.03328814164860251,0.05560996197164059
1759,1.3755891770923245,0.054565654373815484,0.04607492796508777,0.08337329002097249
1760,22.309011788155367,0.12616671657681142,0.09900576631146338,0.0663422392681241
1761,2.126553048831875,0.01631145483692341,0.04333953973909685,0.05256889993324876
1762,2.2599899222243125,0.023358013776027406,0.021237908884593894,0.08598019415512681
1763,0.6179228270287715,0.013053543350469167,0.013042316892967015,0.09013957483693957
1764,1.3266778110955844,0.04442070733169246,0.035995909828649565,0.06936229299753904
1765,4.343872703069774,0.053048638629147805,0.030468630233202187,0.08433171920478344
1766,2.4052809400546007,0.01592266285425702,0.02493323150956159,0.057066616136580706
1767,3.0413971030874913,0.022618055338603924,0.018989620480497797,0.0809594220481813
1768,0.6594012863286053,0.012051222736785576,0.012816286955504803,0.08443026477470994
1769,6.31596922775791,0.06156771287911295,0.08731686765076745,0.07793891988694668
1770,2.119373791730073,0.0539701803241748,0.07002587429579946,0.05620402796193957
1771,3.859354831626503,0.041199992529971696,0.030299545995019554,0.10083896573632956
1772,3.213393312444797,0.03130994710235421,0.035242660342450494,0.05603756429627538
1773,2.6237908122995526,0.04018043455434321,0.02005053860101442,0.0686706630513072
1774,0.7947570853561787,0.012590053709578186,0.011081119444464516,0.07892630994319916
1775,8.421422771225389,0.2945815535269435,0.27417793314892286,0.05512631591409445
1776,4.145076635172953,0.049535304602556895,0.04691569146956891,0.08380589308217168
1777,4.8392787614773045,0.051769091136149074,0.04749340351515747,0.05473335972055793
1778,2.932733859833859,0.019992773886895947,0.025490821723285106,0.08548864722251892
1779,0.6327226223667988,0.015809781785497228,0.011214736267516193,0.09924056800082326
1780,1.7583392266258002,0.023086703275622084,0.023637739410953,0.06369478395208716
1781,0.5502106600556478,0.014918905598154827,0.013307192837991078,0.06717873690649867
1782,4.071733422939381,0.026818840323236892,0.04013740619082255,0.07365164486691356
1783,3.979921977364245,0.03275132492661647,0.031238541200973392,0.08132702484726906
1784,1.1541208934150258,0.025528348446162804,0.02591517701823883,0.06279322784394026
1785,7.608591197611466,0.15766769800545077,0.1335279623610722,0.07973416615277529
1786,2.3672550246800617,0.04373935967505073,0.030986716735986356,0.07761918194591999
1787,1.0021293034743723,0.01431595751704204,0.006948287726932714,0.10471957037225366
1788,4.941050624206609,0.07785190156173552,0.057210502877494206,0.07764215907081962
1789,3.831327065486056,0.023539503249519853,0.039000678752527225,0.0981149380095303
1790,0.8474347628742553,0.014784297106934168,0.01272498631271462,0.06536646466702223
1791,2.325585337186211,0.012131763310547725,0.015968085220189412,0.07689574779942632
1792,3.9664950444443243,0.0370305593542556,0.01791229120545227,0.0725809819996357
1793,8.094711758766715,0.13032594277461984,0.07853957833510107,0.04308206820860505
1794,2.544540419119257,0.03665475541488821,0.020567661372905586,0.07012283802032471
1795,3.8886087619257754,0.03225820343329393,0.01549966125391867,0.08145595109090209
1796,1.4701103099316881,0.023005613441297427,0.013592733581674855,0.07066216832026839
1797,0.3698066360390614,0.01463094610976344,0.012742060922337702,0.06998828891664743
1798,1.0505092272011585,0.011229409365592417,0.010022970899431048,0.09093260485678911
1799,1.3890803385236217,0.014061898791990086,0.00521190263418775,0.09080931078642607
1800,7.501007483396105,0.037323608606065574,0.09123012250328504,0.07401255797594786
1801,2.672936188372092,0.038145161940284764,0.031346156037659896,0.05117144016548991
1802,1.1852996754227096,0.005026611648103856,0.0104110746355038,0.08809740236029029
1803,2.063852146768926,0.015268290726831273,0.012150846058348163,0.08381033316254616
1804,20.73771885763938,0.04111445323104168,0.18976362962264873,0.0694862101227045
1805,4.018720063235359,0.03548925233310845,0.03342076796745599,0.08381494088098407
1806,1.1654918380711816,0.0017619031295155992,0.007406819950509643,0.07815697463229299
1807,0.836422088444405,0.003101203751350065,0.009023350497170506,0.08165232837200165
1808,2.2729434584880654,0.026858282519281396,0.04312274108503306,0.05272779706865549
1809,0.7853239387059765,0.019132302694014783,0.020720226463607452,0.05541083076968789
1810,0.6452642448128533,0.01035140162460614,0.008276158869960528,0.08657301217317581
1811,3.221936646920397,0.022348232880220958,0.031892004711986506,0.07403422333300114
1812,1.0842760018968207,0.011289679551484985,0.013268234150876542,0.07754488382488489
1813,1.0119219467323162,0.0096363048585825,0.012083470316518153,0.06742839701473713
1814,3.5062649145114038,0.045431783908752535,0.042262575315930195,0.07295410009101033
1815,3.105512812600873,0.05544735393777136,0.05212211640013859,0.07414899580180645
1816,1.8528787805266407,0.04111725723771571,0.03774451021393281,0.07052281778305769
1817,1.2317465049615903,0.018803449381054174,0.01462484245397192,0.060343844816088676
1818,0.3169929268410802,0.007458225518652393,0.009670941472624489,0.057998078409582376
1819,5.593633412900947,0.09238427878181557,0.07962919420501491,0.06553386710584164
1820,8.050395170519517,0.06169673329519369,0.07972692273658558,0.0707438918761909
1821,1.8512565710925597,0.025375654081267577,0.036532571839874795,0.1046546739526093
1822,3.2614505267015446,0.023089529052759582,0.02152358750065236,0.08313624328002334
1823,5.1730886038443735,0.06933734595366496,0.035365769196138604,0.06736467871814966
1824,18.324545942821423,0.16246267513566232,0.11502420601482434,0.04663730226457119
1825,16.12857254622836,0.16869942829881449,0.10839355282221344,0.07634266698732972
1826,1.2102029441463715,0.03258257032484158,0.02912886489735607,0.07548377616330981
1827,2.764202218624189,0.021745372675760367,0.020445006281702784,0.05652593821287155
1828,6.651034084791643,0.05769299661629962,0.03405735700627795,0.08911222591996193
1829,1.7726520908217762,0.008021282320992142,0.01752754588988858,0.05382989812642336
1830,1.771209200761899,0.025769233608865016,0.02115308380871144,0.07444248115643859
1831,2.1924399966354327,0.051384222562692455,0.046276335307297106,0.05854833824560046
1832,1.0996964337983701,0.010222277831347583,0.011840306416841254,0.07560073584318161
1833,2.5431495429522326,0.01790061713652934,0.027944286955510593,0.06219597905874252
1834,17.43995338977092,0.13753458072914088,0.18332055345783493,0.09766383934766054
1835,1.0588103141796208,0.013401162836013244,0.015163385120477565,0.0921534369699657
1836,1.8914812125471787,0.00746114959238584,0.020060551621809024,0.055970107205212116
1837,1.2672460151115161,0.006764956427262188,0.01815455995545667,0.07170039787888527
1838,1.7633813662316318,0.011143299634178913,0.011560340352774458,0.07320733601227403
1839,3.2213040287581056,0.005272780492909768,0.0319549404421665,0.07757203187793493
1840,7.4867055105133735,0.09110644545264204,0.07850601805237335,0.07061023218557239
1841,1.7450021948444188,0.01854335286780068,0.014144226569731085,0.07017982890829444
1842,4.537065748992785,0.037644278998065266,0.029823545537697848,0.0735140317119658
1843,2.2478991558501,0.017931109512090437,0.011464698931679965,0.08382569020614028
1844,0.8677243455221898,0.0081401366912073,0.012826375984836018,0.07414187397807837
1845,2.74583029886826,0.02694228454395575,0.02437957174137805,0.07426020177081227
1846,8.00289012053992,0.016688384456614247,0.0838990634087427,0.06872669700533152
1847,4.309705777724477,0.010500964036071155,0.04021656637153046,0.0836325311101973
1848,2.746981900175282,0.034725602786251884,0.041822721373120555,0.05748439859598875
1849,3.5676730699012724,0.10616760309845635,0.10214274986744674,0.05378031684085727
1850,0.5752797502416911,0.0067262195190695775,0.00521600161340176,0.08679447183385491
1851,0.8399766470842369,0.02651100886714463,0.019953266503228605,0.058098956011235714
1852,1.866126838154818,0.008022788347636261,0.006940883911735992,0.09342850372195244
1853,173.97794757230187,1.139158958186875,0.3465441360917301,0.04819936724379659
1854,1.695350283237193,0.0326680494100316,0.02714433180730648,0.07085709786042571
1855,1.191304526575306,0.014283097195360491,0.016925859201353765,0.07867894880473614
1856,0.11623189106382817,0.003366616637523527,0.0032466953429177237,0.08038146095350385
1857,8.62235246727087,0.1824328060052237,0.1245073553109905,0.054626752622425556
1858,2.424055951854913,0.059233656343916606,0.05043847906072506,0.07681500166654587
1859,0.6830114865222895,0.011727460505614276,0.010401710116098532,0.07827747287228703
1860,3.3486588765058865,0.042262995503649876,0.034501438746588266,0.07077552191913128
1861,1.4764691920207969,0.023262901236610515,0.012603771827221047,0.06762340804561973
1862,1.0834297335987504,0.007292514937827541,0.009988154631965814,0.08525424497202039
1863,2.0628249923065716,0.034208143333685284,0.032895228194427785,0.049828833900392056
1864,0.5050398205264293,0.004621860536835726,0.004921696904039677,0.06884741084650159
1865,3.6035341828403973,0.018031088031341746,0.028938574052197647,0.09077634802088141
1866,2.726373764037701,0.029286296765109212,0.04806263712898238,0.06468879617750645
1867,0.9490641634580362,0.0022143417785411255,0.0093538624736167,0.0659708920866251
1868,2.0208133107763024,0.02176433149435373,0.017850078044489216,0.06601089611649513
1869,5.848205684936696,0.058165876194843195,0.06362872724663,0.05183561332523823
1870,0.38332186954482894,0.0040867272549543875,0.004469848124340506,0.07102626468986273
1871,1.1369385061040855,0.01836612158321782,0.015793933758452536,0.1089220829308033
1872,3.9146629222342715,0.06250966039780295,0.04912355755221188,0.05774433724582195
1873,0.6251146089500178,0.030758640341334586,0.02894316102288765,0.06915374519303441
1874,2.040966615509415,0.023572706751134574,0.03877896512855203,0.05317165981978178
1875,2.6525598071356082,0.029360119692063806,0.03331218617117415,0.052581117022782564
1876,0.6036254968341981,0.010901180769886122,0.013289319360414366,0.05415603891015053
1877,2.970059681717779,0.04998366806692131,0.04684289947541843,0.07049072114750743
1878,5.379038068725082,0.04411944964286119,0.056468347797176764,0.06000557774677873
1879,0.8698367490520111,0.011190875424557305,0.008795455612381564,0.054817826952785254
1880,1.862407541867493,0.00691164148645356,0.021501872547635758,0.0925087328068912
1881,1.325061890922594,0.008157315743035576,0.007636419295987703,0.08208360383287072
1882,4.920413505086269,0.04525746518678807,0.05370817486963034,0.053576508071273565
1883,0.507595667629422,0.005482511328407433,0.004914359887467781,0.06857426976785064
1884,2.0166877755182395,0.008322568144094076,0.01719294713055551,0.046871786005795
1885,0.7448471859492906,0.007919112019316386,0.013269565443829732,0.06837903568521142
1886,8.246445207723013,0.05053811943807176,0.04017938566783085,0.07500337716192007
1887,1.9625205846562856,0.01891944023376396,0.01739754275313397,0.078249700833112
1888,10.34163504997969,0.03991187795720101,0.06333230712006942,0.10469644470140338
1889,0.7159600413867829,0.005939728143372782,0.004788351046682544,0.05540313804522157
1890,1.3052660394874178,0.045371154752471804,0.04104278689992131,0.06066947104409337
1891,2.3261923109127065,0.030321829824664127,0.014750566708783545,0.08281653001904488
1892,1.6455646276163614,0.008093810596149246,0.017466574409588386,0.07216980401426554
1893,0.5041853739011999,0.005661419171631375,0.006044630762268665,0.09186586085706949
1894,4.8230580930193225,0.043494960679889345,0.04241629304312548,0.051850767340511084
1895,2.9530587188993778,0.025014507575093183,0.032177688420283505,0.07633615704253316
1896,3.058264596873564,0.025059926827972992,0.0345862803360568,0.07880651718005538
1897,13.601520493191646,0.10299584749439847,0.05400123209433245,0.06437040213495493
1898,0.3330364092933544,0.017438860496466143,0.018707959952841142,0.09244566829875112
1899,1.406978208056827,0.017574884127776046,0.02196928802226694,0.05772320693358779
1900,2.015365202853178,0.0203382353647639,0.015428476988001533,0.05230664229020476
1901,1.2304183238622277,0.014058690146117717,0.016002697477487882,0.0901139136403799
1902,3.7045861647483904,0.0416029780012683,0.0430011596839793,0.0754264872521162
1903,29.976810629580076,0.3475167456586094,0.3417242099476317,0.09889920614659786
1904,8.55927558594873,0.12586732089582434,0.1025713826487034,0.07171362824738026
1905,2.8728509838804186,0.006656224172690339,0.024692342365671634,0.06980912014842033
1906,1.339513485116817,0.014928964098361292,0.012458008551692306,0.06947255274280906
1907,1.0582088704548698,0.009369366233585337,0.013354876968734775,0.09720655903220177
1908,9.537313192943715,0.1525690133489658,0.16172854060780703,0.05661670910194516
1909,0.876162406015161,0.004203320895325596,0.0070586563480710025,0.09576184907928109
1910,0.20915915487082054,0.0028646008484531056,0.0035235354543806303,0.07768590934574604
1911,0.9985375702336805,0.012529651192963755,0.015341977325332488,0.08347194315865636
1912,5.53829303118016,0.060175998853946255,0.08185784320503149,0.05404227692633867
1913,173.88315565124302,1.179122193367677,0.1887734207678876,0.09160614525899291
1914,2.61451797025222,0.008272346163671666,0.01714428017299561,0.07993027474731207
1915,2.6409148516083345,0.012779205819958459,0.025797014418040734,0.06226676283404231
1916,0.6180336528061544,0.005339399080945746,0.00805697238616545,0.081202810164541
1917,0.8825485892470263,0.009118959662276981,0.009302597410184073,0.10048080887645483
1918,1.557739261848738,0.020630599582007653,0.023824425447180185,0.09385012136772275
1919,44.6962583844449,0.369079145999679,0.06593923473548702,0.0802294248715043
1920,1.2069339543678128,0.00883388728998637,0.015237856998993807,0.09451830200850964
1921,1.735733504635464,0.00797999919057936,0.01257365138425642,0.07691894611343741
1922,0.18504923507310744,0.006607060314877335,0.006823742675396547,0.0977838751859963
1923,5.732760120849814,0.00936523640920716,0.03484170326819904,0.07826352585107088
1924,0.5938464447363604,0.004271267237375855,0.005164735376693424,0.09440088598057628
1925,2.8590665546530847,0.025166555729115647,0.026293575814554503,0.06559332879260182
1926,0.537547878641456,0.008652009630759037,0.007693916695229847,0.08365277387201786
1927,1.699374839627684,0.016994676614930572,0.021937555168799087,0.0773848257958889
1928,54.23329842517161,0.4444025209250069,0.2285515477088548,0.04997381381690502
1929,1.3307710456192918,0.010222388244680579,0.007900944781126488,0.08651829231530428
1930,9.265344743643695,0.03820214631428939,0.08700617160361075,0.09572931099683046
1931,1.0228896908229859,0.0119745008482019,0.008827603533958842,0.06871985830366611
1932,0.6369393208799624,0.003329275470532064,0.0035857245766578423,0.06286448938772082
1933,0.06669555746453273,0.0053574428693088354,0.005569409390273916,0.07223059004172683
1934,0.9447713245093907,0.011715345740580972,0.008818362129423617,0.08843872882425785
1935,3.232043394160372,0.022031215342068974,0.03379786227024673,0.07890478800982237
1936,0.7376459949851095,0.004556444878686176,0.005784572856564691,0.07447574380785227
1937,2.793032255896175,0.032191590612040334,0.0298106622979971,0.09181294217705727
1938,1.9118186618620674,0.007473585495767952,0.019783005630351527,0.06089033605530858
1939,0.8631100016720916,0.011399096455694152,0.010391918452434359,0.08305808622390032
1940,0.4351205835394058,0.006254823849150151,0.006340377810769354,0.08766792807728052
1941,1.1647782057258096,0.013265594269057572,0.011892108865896754,0.0646992358379066
1942,4.8961494551059905,0.033081846490937816,0.04608618723623625,0.06550101982429624
1943,11.192608152416927,0.06447232570988667,0.099853174906824,0.05434632208198309
1944,28.691566638737513,0.144990472209928,0.19503692410208492,0.05054662795737386
1945,1.0785629482979506,0.010708869341119753,0.008586574758934748,0.08358016377314925
1946,2.2944758955289934,0.013933662030883148,0.017049524053553467,0.06846194993704557
1947,12.547392852524691,0.07461419780261216,0.10885451287358794,0.051776975858956575
1948,2.854603055182745,0.07399933003036677,0.07250614445139379,0.07310401229187846
1949,2.0465026882196646,0.03365652937382049,0.0220267623316285,0.09269648278132081
1950,0.2487279402297868,0.011604490287600563,0.010443264215518193,0.08871520310640335
1951,2.236194193232332,0.026768556750499505,0.03302703911429944,0.050747142639011145
1952,1.6691545835898194,0.021363959930909653,0.01906162478447581,0.07851875387132168
1953,2.325503866666686,0.030595547660318946,0.038016551125176185,0.11169565562158823
1954,1.1406811481375818,0.012173867499459628,0.00807011976576928,0.07670053280889988
1955,1.68333436185694,0.0105999103710669,0.020800936899320454,0.07440229831263423
1956,1.7109101497424137,0.022509634963421222,0.02968519839099048,0.06390018202364445
1957,2.326618902683763,0.00901607467465176,0.01612905649015646,0.07552439393475652
1958,1.1328699328425147,0.013536481965385795,0.015193263823024794,0.053108866792172194
1959,4.078131796613104,0.10894987253150616,0.10017406711510714,0.05551573494449258
1960,4.95953721942373,0.03947682823102598,0.0561392528937931,0.07493730308488011
1961,2.849268150141834,0.018507462722122364,0.017451903808101424,0.09214763017371297
1962,1.296008378834814,0.020867782004847502,0.018376030609068793,0.08175034681335092
1963,2.5165554527366742,0.024426013113963668,0.02601322329786399,0.07094014389440417
1964,0.7469425659001877,0.020569561386215986,0.017610704931018496,0.08008619537577033
1965,10.2779783316327,0.09834937481613908,0.09096996060613541,0.041603516321629286
1966,9.211412284855946,0.08409352123089339,0.022500692048468766,0.07736010011285543
1967,1.0165004707725334,0.01762936249651872,0.014070337745209646,0.05854424508288503
1968,5.5121546529283885,0.08712062580384393,0.08035213814793268,0.05261692404747009
1969,1.8740335863181836,0.009918480022586022,0.020513136054341855,0.061054863035678864
1970,3.8472329043515767,0.057924921946939864,0.042136511767588064,0.06495700962841511
1971,3.9828224583434033,0.03475259093542368,0.03634188129867509,0.09268863219767809
1972,1.9591529151776133,0.03176537868025739,0.022788101938964953,0.07549417018890381
1973,10.91363095193154,0.07909771278023668,0.11624405413226117,0.05829725507646799
1974,1.1503015691692369,0.0038187641684810348,0.007636894578710089,0.06841635704040527
1975,1.1813715251993446,0.012954885998092469,0.01676415918314724,0.05456710513681173
1976,0.8666407036182372,0.02802472216290551,0.030378872023392296,0.08718550577759743
1977,1.4505444467566628,0.03774329626986723,0.03137008170516638,0.04833945585414767
1978,14.184950317025008,0.014286238156607683,0.08745054347345606,0.1076597711071372
1979,4.9233409534104196,0.012426174977432012,0.052016527459900264,0.07843631086871028
1980,7.402531567103285,0.08537552163922746,0.11706999975998099,0.05093636317178607
1981,2.7311339197829647,0.0182113687548451,0.029023213526553578,0.055665478110313416
1982,3.2488720793248183,0.026646236307465782,0.031758901151302976,0.07229041866958141
1983,3.821505370228791,0.02080860466643321,0.03653244780332881,0.06574352085590363
1984,0.737493501492408,0.013602520306423517,0.01095669176609083,0.05884355306625366
1985,0.282114779983826,0.007095190422486403,0.009625123555786685,0.07516844337806106
1986,3.374058725935265,0.030535339666972746,0.019992127863518595,0.07651589810848236
1987,1.824360763239776,0.01676315345166431,0.013182075695536085,0.08352215122431517
1988,1.1803541820644603,0.02432453039184943,0.02066877022522065,0.07071610121056437
1989,12.458230935883922,0.07286899775607533,0.050460272653098104,0.07553940312936902
1990,0.8048904676577548,0.005321876419373289,0.005525175041718303,0.07087865518406034
1991,0.12570925505621325,0.03881238726719705,0.03939477544720161,0.06995492381975055
1992,1.9472051283963703,0.02821819765639522,0.02958718198176197,0.07753568096086383
1993,15.462814448764965,0.054040543506392355,0.1843091928973678,0.08014626614749432
1994,1.2160679980908733,0.010107548887126444,0.011412386393860446,0.10346200224012136
1995,1.8938821279154983,0.012268111585060859,0.010610605082486244,0.08385354513302445
1996,0.7788527883535113,0.014597866794847316,0.011206542204626108,0.07533766888082027
1997,16.642892100949382,0.181857128086894,0.09333699397836781,0.04814864415675402
1998,5.578563363606073,0.06964998304753776,0.06528275963020948,0.06279410934075713
1999,7.642815116508033,0.04435785436776057,0.06899063479091624,0.056163118686527014
2000,2.461477159610922,0.01559407757309894,0.016517599766077872,0.07437298819422722
2001,0.5349823322193058,0.005483011912380191,0.006881108752230632,0.09666677238419652
2002,4.714969348887917,0.04629821941270335,0.04699645127204018,0.08652857691049576
2003,0.6485681970802178,0.01883409649155809,0.015157169600025437,0.06365229422226548
2004,1.2031152076316298,0.01791875562706834,0.020876089173839242,0.05842496873810887
2005,1.768087142393115,0.019888181315424212,0.021692190038388782,0.08131692605093122
2006,6.478310481114549,0.10256209561114332,0.10026778366030205,0.05673799058422446
2007,3.318587876654799,0.039507880855004875,0.033218680759123126,0.060732780024409294
2008,5.21477797884334,0.0491373940726644,0.033407175360442805,0.06583245377987623
2009,7.871773783632647,0.0681470972517201,0.07159670353881853,0.07632851134985685
2010,1.7639614008241056,0.009670812690831527,0.018824595569116188,0.07609572866931558
2011,6.5440185148018895,0.06448284043110716,0.0802488160018433,0.05362117197364569
2012,2.1911621260277583,0.03394467555001668,0.023347240269591875,0.08467004308477044
2013,4.397864268262808,0.023873616577908905,0.045310399379631335,0.058683228213340044
2014,2.6751691376414395,0.03140899070302053,0.020937095728913977,0.06728319590911269
2015,5.295483380128749,0.05526572207486601,0.06414879456913412,0.07983768172562122
2016,3.7946767609421346,0.025364080220631,0.04005911932167223,0.07688526529818773
2017,1.069683596198603,0.009456863875814623,0.009776129997122084,0.08773297630250454
2018,1.5346358891842116,0.00474055136276325,0.011268559572367061,0.0672187632881105
2019,6.277885347559282,0.062494335661433593,0.0489856055428808,0.05608861614018679
2020,1.8775050872755086,0.026625449378321456,0.02389671532603961,0.06431130040436983
2021,11.309348315372823,0.23337780501926125,0.18179861308710565,0.11038818582892418
2022,1.3752678867707295,0.01734452618389418,0.015026597747779875,0.07758574886247516
2023,2.598161732121061,0.019349483381006786,0.03573670077325186,0.08074226602911949
2024,2.7018703762949703,0.03202713686032048,0.03688054131224598,0.05729738483205438
2025,0.9102308299981051,0.00723464237526014,0.008227494624617483,0.0843381560407579
2026,1.0414333089312635,0.012352287638089847,0.012343633182065973,0.08190994616597891
2027,0.5095279559019716,0.009964493733284485,0.011309156081850485,0.0589437959715724
2028,4.585051945949551,0.03913197128587801,0.0632388758387896,0.053455689921975136
2029,5.66850389522697,0.018110422180422366,0.059061592442078564,0.06098994705826044
2030,1.4198245240278222,0.015579202768537751,0.015769480384505874,0.051833136938512325
2031,1.2075767234421544,0.031936950926459054,0.03357610535214311,0.060935056302696466
2032,0.32140818636104407,0.02068585181431724,0.019296625359602953,0.05732316896319389
2033,3.1535755151409517,0.03493942159849545,0.035578454675968804,0.06852089613676071
2034,0.6690292912526604,0.01667890697344034,0.01623263154392596,0.08950385125353932
2035,1.9240643940515145,0.058430686254049354,0.06196611530150901,0.08667217381298542
2036,0.8658471686404079,0.009277282129788272,0.006477176638078101,0.07393259322270751
2037,2.1218072051359425,0.018438446652503455,0.025805748908250957,0.06809801189228892
2038,2.5278251648201477,0.015889071717809636,0.02225705624043765,0.0602899519726634
2039,1.7979456044496878,0.019263987976074398,0.019615523432382112,0.0684437956660986
2040,0.9722870442253901,0.009670319692797451,0.011178316813276185,0.10613386984914541
2041,1.557417978616943,0.01169069139427552,0.008120448295309751,0.07783183781430125
2042,6.02875554411298,0.04783832015170589,0.038289698167497006,0.07540107285603881
2043,1.7798587905140206,0.016039705007156395,0.019590936028442828,0.10201216395944357
2044,0.9930838981640331,0.00472210759768153,0.009935985011762375,0.07430259278044105
2045,0.8493907266581743,0.005959674697645145,0.00955610873206405,0.072683394420892
2046,3.880215429067202,0.04715228754932138,0.033800391972210346,0.05275032622739673
2047,2.911231001353094,0.022548744649803512,0.023407814163230976,0.06901435181498528
2048,2.515025968098166,0.03584216770938473,0.019170183424415146,0.07268892182037234
2049,2.835284566772617,0.09726276876881067,0.09786552326219594,0.0796520677395165
2050,1.9182823562872657,0.08794570683399727,0.07866610722408003,0.053810304030776024
2051,3.3985813144117523,0.04843126463273788,0.026217118899490827,0.04671183601021767
2052,3.8625697438179754,0.05740563095509987,0.048240190229366146,0.05793782137334347
2053,5.905835964858017,0.059406086989326756,0.032691574052911634,0.08946691639721394
2054,2.3958887902419947,0.027320357218841122,0.020633808212423055,0.0648540728725493
2055,2.4440943733062928,0.012301724323127847,0.02155534025780305,0.07953872578218579
2056,0.7834147689672272,0.009231490117402645,0.010626525878653892,0.10209519369527698
2057,4.905575655795556,0.029899321895092517,0.05092827103395314,0.07721989089623094
2058,0.8023887727029025,0.00906507331039923,0.0074772944789397834,0.07352300733327866
2059,0.5751611635981396,0.008752681839745471,0.010493289651376733,0.07477707602083683
2060,2.091062019619594,0.010514727401610167,0.025276914220017578,0.08595139859244227
2061,8.229625147259723,0.1103429211766981,0.0630090840559392,0.04668873129412532
2062,3.670589407413693,0.040713351159318394,0.0409209458036944,0.054874362889677286
2063,2.847063720274056,0.024716445629225297,0.026187144134899473,0.06126601621508598
2064,3.252058314117582,0.05225766580949872,0.04324242538592733,0.06551432888954878
2065,3.0636836238672998,0.02072011065177848,0.02693627648005361,0.08636491931974888
2066,0.5411184836413759,0.011980771968449485,0.012191600225179093,0.07563863415271044
2067,2.9037222767475948,0.05189611542549129,0.06772681006920661,0.05613340483978391
2068,1.7761139984254763,0.023288131954038508,0.02182046381406413,0.06643786281347275
2069,0.7695475032144715,0.009144499188612938,0.00762515048621059,0.08130136970430613
2070,2.743749028515579,0.04296566990833612,0.03978116530637093,0.059769312385469675
2071,1.6913460889990275,0.013382036549013017,0.016701857227827084,0.07122137816622853
2072,1.5607491059540457,0.019988642152050762,0.013763404581784598,0.060777700040489435
2073,8.769707050511911,0.03700602570828261,0.05356724478289553,0.10048928391188383
2074,23.962759053156024,0.17161044646291942,0.14971420040988653,0.10833731619641185
2075,3.2131485893698857,0.024114783745449935,0.032876601159063254,0.07536646816879511
2076,4.944443207563975,0.04101631844319045,0.04698475272486254,0.06430042302235961
2077,5.017429105299578,0.05300294401580584,0.04701778056323385,0.04617792693898082
2078,1.2747284012473263,0.011952586791900205,0.011508982149350299,0.0767409480176866
2079,1.848017682044274,0.03366519396370646,0.04413213513625318,0.07626086473464966
2080,0.457830705921738,0.010008017900677785,0.011995112968703463,0.08504242869094014
2081,2.630291993639803,0.010308006904063355,0.02281518896672201,0.06569861294701695
2082,11.397229681101543,0.11384552839883226,0.0789161099472223,0.06814726116135716
2083,0.8345769501401383,0.004981757700792938,0.007563633850910708,0.099772984161973
2084,1.586117710776101,0.011559913254776117,0.007022312393625385,0.07051740679889917
2085,2.422885903502633,0.024396899235890435,0.024722150078742233,0.0633154702372849
2086,1.0379351647316277,0.007650073300029989,0.011444675063400762,0.06610048469156027
2087,2.408641767886045,0.02720301982408367,0.022082100909152195,0.10634789988398552
2088,4.103540434765002,0.022554847112149952,0.03707104563864844,0.05140568129718304
2089,1.1085318585029054,0.006528451298696461,0.0068863890490949535,0.07802157802507281
2090,3.4222384268479247,0.03172171404879415,0.031030300459743837,0.076481600292027
2091,0.6142110224718859,0.019846960311530763,0.015922123317818355,0.07916329568251967
2092,3.5543588413236105,0.029769174164542663,0.028667769449995165,0.08128400519490242
2093,1.2773233393207555,0.008903207674901928,0.012595630379561277,0.09308272926136851
2094,2.8145052045698074,0.024386793365888882,0.021760868429596243,0.08084975695237517
2095,0.20516040661113738,0.010255186292971665,0.010189649849515646,0.05394756235182285
2096,0.3725348841764272,0.019923715490587947,0.020313973605772428,0.0887846346013248
2097,1.278439049011693,0.010970511169795315,0.012530032505209163,0.08147626603022218
2098,4.220564390149635,0.029235020311139923,0.024313436131032012,0.07372512808069587
2099,1.880963939343519,0.018327831992775396,0.02051765987231883,0.05093021225184202
2100,4.52914505987921,0.03208296330036699,0.04354500490132522,0.08955816924571991
2101,3.1970606398849983,0.04978256491677406,0.03430347793463146,0.0980943157337606
2102,0.19210347136455155,0.01127242826243464,0.010842950156020038,0.0742739993147552
2103,0.8636311688178179,0.006150544615878745,0.006107681994630909,0.08344783401116729
2104,14.488139530767482,0.07334674651459673,0.13189704921390244,0.08100056694820523
2105,1.6928667331211273,0.03424194005422269,0.035167869576913896,0.04964170604944229
2106,6.027373765274818,0.09586021517759281,0.08769023661596409,0.09441008092835546
2107,1.034984805910118,0.008780408553930653,0.010466291529905379,0.0941950068809092
2108,1.3432633361295885,0.006448108980644179,0.010229825683654823,0.079828767105937
2109,2.255203549432152,0.010736128157596635,0.018767740055175727,0.06580046890303493
2110,8.295955089852011,0.07555034957652654,0.12547655082703907,0.050557454116642475
2111,1.2551733421903895,0.010693555822432262,0.013141288222866235,0.08449130784720182
2112,2.2837379217735507,0.018490096117965843,0.024324947998434848,0.07353854505345225
2113,11.56368129320104,0.07653729499921028,0.15513581954730143,0.04743586480617523
2114,0.9477850343688606,0.006216825733598002,0.011877426135651497,0.07215594500303268
2115,5.063108571322732,0.04020516738746691,0.033305402329783226,0.06817368790507317
2116,1.1870159961447928,0.009272837501215598,0.01176671478488105,0.08177971700206399
2117,1.8420883433881894,0.0967370606303839,0.1035112914934692,0.08215160435065627
2118,2.4792755924062497,0.03397857106323683,0.03380173633573749,0.06788803078234196
2119,3.3114039921579397,0.01976960242730485,0.037244471272007716,0.07141180895268917
2120,10.468689078019821,0.12080106338873693,0.11735467752331165,0.10587593959644437
2121,1.9758052076808317,0.0246846655884107,0.023168432205020836,0.06129133328795433
2122,1.8370363295462242,0.034304673856877355,0.02256611463079444,0.07272164011374116
2123,4.523740696299024,0.05874457318228495,0.05680110024739798,0.07448935322463512
2124,1.3585495017199514,0.0067175727483838365,0.013003551322584487,0.08517992869019508
2125,0.7544175654452866,0.010689233256780586,0.009827900056500846,0.07284862827509642
2126,6.987908745866481,0.06347018316424655,0.08636342669308851,0.056272195652127266
2127,8.57646107856962,0.21636626091958247,0.2523259662716437,0.06338756578043103
2128,13.278311501178488,0.08139217260994626,0.12399735690174458,0.08463033894076943
2129,1.5220331033960306,0.01563569815020535,0.00846420434025933,0.0669882888905704
2130,1.264663292306286,0.040960348668999294,0.03138634599118627,0.050983005203306675
2131,3.8875553717359503,0.0342210552340116,0.024647384574559738,0.09360486594960093
2132,6.468217577669684,0.09502426755252708,0.09432013485828877,0.06304468261078
2133,1.359068193274428,0.015988569529060165,0.021233783407244102,0.0847264681942761
2134,71.02993555177046,0.8265068507243842,0.5972932251228921,0.05579083412885666
2135,1.71885251240378,0.028112471149254765,0.02655381088044483,0.07394450111314654
2136,1.2328098009650117,0.006856049336970149,0.014342239115975397,0.0810388601385057
2137,2.217328755003861,0.014550350889380184,0.024203859197924053,0.10434794100001454
2138,2.011540286775947,0.01530866122589257,0.01695313109559498,0.07870775880292058
2139,0.9656954636822611,0.0031664169476340685,0.007190157830600909,0.07273418409749866
2140,7.370044724627246,0.03788995803187542,0.07669786139838486,0.05840973323211074
2141,6.868450100417601,0.05336029177409355,0.07072202645440437,0.09122881526127458
2142,3.8895414411401474,0.02486139957776496,0.03853425077620828,0.07021610578522086
2143,0.9728942245078824,0.08961359378624263,0.0935474079694746,0.05111643159762025
2144,0.9616576398462023,0.023091489823119364,0.025669937141962383,0.08882625587284565
2145,1.745521329235217,0.014317727245374848,0.015696741376131147,0.0693759098649025
2146,54.69231454037351,0.39345429727796044,0.4801535057946461,0.06798106012865901
2147,0.7487063065441033,0.0024354653873780484,0.006614687474954495,0.07822761964052916
