pair,rre,rte,rmse,time
0,0.26439588221247673,0.00045977180578879256,0.002302182653208901,0.12042115675285459
1,0.14758990038856626,0.0029168030612881394,0.00234766278356191,0.11701627913862467
2,1.21834185532719,0.03425908988820968,0.03762483028873833,0.08142629312351346
3,0.20916686319192562,0.0017682702230773476,0.001398573222221311,0.13609816785901785
4,0.11776942095025793,0.0012587154155664225,0.001348042406080635,0.10412349831312895
5,2.5053685542751842,0.02803856213543997,0.03235424230486365,0.07132792612537742
6,0.05784270339209248,0.0010839252419885177,0.001133751562783278,0.12786746909841895
7,0.08080691948676984,0.0009280483803259568,0.0009559895548646327,0.14697628328576684
8,89.7664295253899,0.3964196611800961,0.69902853564878,0.0658670449629426
9,1.146507963318917,0.06599364666383706,0.05666900368614985,0.11712817521765828
10,0.3542215323247267,0.004721357922044317,0.00462425691144815,0.1155010862275958
11,0.1996060636950124,0.0018789631445705712,0.0024344603343076326,0.13915280904620886
12,0.11919585057483326,0.0012506050672012837,0.0016014479320083984,0.16485942481085658
13,0.02083238080055432,0.00122670939604329,0.0010980606722172344,0.1388210179284215
14,0.026925474930592507,0.0011384474835823054,0.0011263914835548702,0.1425737631507218
15,0.10703942402380776,0.0017946454368655976,0.0017794492811244976,0.12301872903481126
16,4.348958880849228,0.10861969825705767,0.09670657945621913,0.09415388107299805
17,2.363534899139792,0.01625538573146952,0.029737456508855214,0.09372313693165779
18,0.2048271345527436,0.0020752077700612022,0.0016618732959420256,0.11064116610214114
19,0.20449176032059663,0.001910621625956764,0.001992364470014656,0.08911793632432818
20,0.34321950476022983,0.183192780611311,0.18339511115509702,0.1159173222258687
21,0.12840495705793528,0.00236373722760805,0.0012887962078317393,0.11895956099033356
22,0.18752539081977168,0.001475981040361935,0.0017196447968341301,0.14838843932375312
23,0.18436739588086137,0.004438312799002892,0.005569614141944909,0.11826558783650398
24,0.6559541626557969,0.007412577344828663,0.0037660099120415667,0.10388733819127083
25,0.08211846985014984,0.0011903232673456349,0.0018104671000575044,0.14417718211188912
26,0.2779797248424935,0.0016484784246216606,0.0023780376389048647,0.13582056993618608
27,0.9916550113317332,0.018174891211601568,0.013347506493188648,0.09810806019231677
28,0.061490119071344294,0.0016222117203000975,0.0015571465033308554,0.13257254613563418
29,0.1338100418500839,0.0016222142196337073,0.001703368283682626,0.1495521292090416
30,0.13834636485025392,0.0013889925281063361,0.0010849123383943448,0.12605625903233886
31,0.3299878319532361,0.08875332976060912,0.08758583447961243,0.1120947701856494
32,0.18151874697756296,0.002051135243581635,0.0014196791783983645,0.12009011814370751
33,0.20032061687648417,0.0061948548136519154,0.0059324120235390455,0.13194557093083858
34,11.624687541114952,0.15777766904389298,0.13797244556674323,0.07622000714763999
35,0.11619208090405644,0.0015008569547076296,0.001097640329881706,0.1375152487307787
36,0.1479046869433666,0.0004184904963556318,0.0013421482821172421,0.12579577881842852
37,0.162633601260744,0.0010978335873205096,0.0016653234966965058,0.1207627453841269
38,0.10981228575618249,0.0007657616103944007,0.0012749412917610508,0.13466620491817594
39,0.19014232379286136,0.0014733828937043127,0.001761813382596681,0.13666586624458432
40,0.05840101727307473,0.00047619599526344165,0.0006963106558211293,0.1153504648245871
41,0.07666773798781018,0.0014154679628620363,0.0010977387779062824,0.14187636226415634
42,0.2886294031287313,0.003911802197972392,0.0030884952054299614,0.12005950789898634
43,0.1439350973180151,0.0011471735316741093,0.0015875138509795603,0.12334312219172716
44,0.04334496283825169,0.0010838658178314716,0.0011708622096369716,0.09913039579987526
45,0.26296023366051263,0.005053474208069815,0.0063148926729627766,0.11252962099388242
46,0.16145205226720655,0.0014527644616453396,0.0008839321864283572,0.1239233179949224
47,0.11561551525651409,0.0007925101189252016,0.0015282560495478543,0.13540557771921158
48,0.1286209777930991,0.0007051633856814336,0.0013482306030432629,0.13874514400959015
49,0.5679410597030079,0.006492249428815645,0.009243777777687494,0.1307389847934246
50,0.16927153899365627,0.0020646292426973194,0.001406751773106349,0.13620477030053735
51,0.06892773798091753,0.0009597710867187263,0.0015990953878863387,0.12851903308182955
52,1.5586742489977339,0.030214904296970692,0.024615001781281728,0.11217900132760406
53,0.058996725663796566,0.0005424402771862989,0.0007164597634185054,0.10232150182127953
54,0.5439633817445645,0.004744539901443362,0.008018841233216273,0.10425273003056645
55,0.12222025511905298,0.0009535785680376181,0.0013322267525990796,0.1171869607642293
56,0.06852953322122607,0.0005292775357905311,0.0007112741405547408,0.11797983199357986
57,0.10406640034285322,0.0013812449409523816,0.0017092059492503316,0.1124965320341289
58,0.11438982015057958,0.0007271696143847792,0.0008877868317650487,0.1169523810967803
59,0.21793074078958657,0.001794535670016271,0.0014797793572980515,0.14153152145445347
60,0.12989102683046533,0.0009723978349303742,0.001445631708783147,0.14460153691470623
61,0.2705421720751721,0.003671008544833505,0.0023094946449934268,0.11079366505146027
62,1.1706886320054117,0.13463660308878733,0.134023404441565,0.10866375314071774
63,1.910091457316837,0.0243563678324648,0.03714871203788824,0.08832294726744294
64,0.28765989717004575,0.002554075712773147,0.0029396734234486844,0.1086950390599668
65,0.35953050484526,0.0014342670715955875,0.0035594762627359036,0.12220961600542068
66,0.5541275090158307,0.0076223494422045955,0.004300642174821788,0.11274514114484191
67,0.4058937347183164,0.15581882247913842,0.15886935606154887,0.09897119831293821
68,1.913340178303826,0.09655562241184483,0.09560610576073436,0.09480761224403977
69,0.028515079720936743,0.000511666548480635,0.0004224677115037882,0.12556527787819505
70,0.13838860590042296,0.0014954983669381136,0.0014898149064861519,0.1230575880035758
71,0.061635113343153726,0.0014649238414752152,0.0011789684277207656,0.13398872688412666
72,0.276060604765732,0.0029704199681320985,0.002907480143301367,0.11385390069335699
73,0.17407570476308806,0.0005409056236198642,0.001530130478557647,0.1307594939135015
74,0.05330842620662953,0.00027333101453339166,0.0005748345094033162,0.132082078140229
75,0.11461854891303698,0.0007869131621964274,0.0005811155960250548,0.1222746460698545
76,0.2189965866369417,0.0015367449816603917,0.0018479502233080959,0.10614116583019495
77,0.06325567325378803,0.0014315228153557317,0.0009958352299015516,0.13739405618980527
78,0.13986040952243628,0.0008649220763822712,0.0010279834549366208,0.125676522962749
79,0.1360583897108588,0.001148209874749718,0.0011464503406252232,0.11984477285295725
80,0.13532151442158885,0.001243922912653214,0.0013673612754186914,0.15227069659158587
81,0.14900432951549453,0.0019537060739680877,0.0009066109311347186,0.11751080770045519
82,4.61702215813275,0.07925924098260158,0.10155096223559454,0.09559298912063241
83,0.15148093504737822,0.0011977981203743614,0.0016015411359252443,0.11862430907785892
84,0.09752777741030605,0.001214236964160437,0.0010898000624285794,0.13700311072170734
85,0.054165840153241204,0.000967989958955457,0.0011577597347672006,0.13890911871567369
86,0.05063120551597659,0.0007669237235253568,0.0006745507503580715,0.10993842873722315
87,0.043926700046240726,0.0011617874096516215,0.0010116671901366399,0.10802740324288607
88,0.3619316703662524,0.001342167988287773,0.0035071886392086297,0.1312209810130298
89,0.16918279422325067,0.001958576687087279,0.0014393851342827393,0.12563343392685056
90,0.08741326087092499,0.0015741663587176158,0.0014070518374302793,0.12501635774970055
91,0.20507216751881396,0.0012488846799320202,0.0017960812976987653,0.12832266697660089
92,0.08606683284414361,0.0008432197957193906,0.0012152169134364153,0.13238058518618345
93,0.15574987844528176,0.0018106920450503391,0.0014412642437164975,0.10974356718361378
94,0.0710809777725297,0.0008316614870388202,0.0010237252089274284,0.1181577006354928
95,0.24822737422605665,0.0005450200549093682,0.0012029737759312127,0.125532659702003
96,0.524700371547384,0.006984090730766287,0.005988488751810195,0.10259931022301316
97,0.2652650817092206,0.0008789032774982483,0.0018260038167647358,0.12822145223617554
98,0.1331719022148629,0.0008145171594958228,0.0016723477623258368,0.13503608293831348
99,0.0892190180878964,0.000758553855977617,0.0008940681730503885,0.12159535428509116
100,0.39326026106278994,0.024049448775485715,0.021652985585232366,0.07258512685075402
101,0.11307856515143665,0.0011823995146919449,0.0012023145834541057,0.11908446997404099
102,0.14886276197733092,0.001289773988358835,0.0013543788650496548,0.12110567791387439
103,0.13674694776048607,0.0026323478304004326,0.002905385397522719,0.13076047506183386
104,0.2315035537665937,0.0008947670506405676,0.001393539830930913,0.12308461917564273
105,0.6127645583887372,0.08988129278571673,0.08816749919449171,0.06384841026738286
106,0.21065722272862225,0.0006060765591189355,0.0019552781474983707,0.12777914013713598
107,0.31790371284492047,0.0019663031863244233,0.0029992455674289994,0.14567989809438586
108,0.05141752808519186,0.0008428371811368067,0.0009412762408981528,0.14326340006664395
109,0.6224142305283916,0.005380837415951466,0.003956878351082782,0.08067037165164948
110,0.15801700476066546,0.0010312772247613223,0.0017299814798071686,0.1066428879275918
111,0.2087926024773711,0.0027873692477474636,0.0020681077108308456,0.13450528029352427
112,0.2877021923239987,0.004972486148639233,0.0030425068598213104,0.11742059513926506
113,0.28939950782151175,0.007296280263598382,0.006639798042687839,0.11546886619180441
114,0.34338172496059,0.004320204773583157,0.004326767703423439,0.09383255988359451
115,0.11798161607451062,0.0006222074084558291,0.001203501858976663,0.1344601260498166
116,0.1125367458328557,0.00286393107049516,0.0017525276750102756,0.13215200789272785
117,0.4863356375293197,0.0053475793982050044,0.006888544328827664,0.1044987989589572
118,0.1952309616406453,0.00231345743668882,0.0015424389883135056,0.1331598199903965
119,0.33553273308586434,0.011572663334243347,0.01087156792086659,0.09753185464069247
120,0.2594298961155969,0.0027119431778798633,0.00288131721187568,0.1150328479707241
121,0.31072201136756655,0.005889659621622791,0.005156961031242936,0.12285380996763706
122,0.07521686748444552,0.0014346278443756074,0.0016067384667588596,0.1224911492317915
123,7.571099115526948,0.10900464914888143,0.10370134049670533,0.10280358977615833
124,0.8455863306923972,0.007989901104544943,0.007020165941491549,0.10497768316417933
125,0.19873075586562416,0.0016787358970864333,0.002232229394208985,0.12941165594384074
126,3.718415163444117,0.06292977040923062,0.060672285423316555,0.09216272318735719
127,0.04806191530589074,0.0003065451397716726,0.0005253376732003356,0.12570635182783008
128,0.14004174880249456,0.0016708614265377496,0.0011550974107768519,0.12631852086633444
129,0.13399633264069222,0.0019064361447508438,0.0011807046600182908,0.12755469791591167
130,14.312372714390488,0.12206301130166973,0.1471234049290758,0.1091108052060008
131,5.099680164910227,0.03374040303489004,0.05424896347199856,0.05666956817731261
132,0.07860115445855015,0.0006488459771343629,0.0010467576604044422,0.13407993875443935
133,0.04357340466361088,0.0005273396269921586,0.0008058749271861837,0.10157614899799228
134,0.7169010941345092,0.010339986259357505,0.009665097694523036,0.09533111238852143
135,0.008496350572417863,0.0003570491098290996,0.00042513623751531704,0.13288480695337057
136,0.07100635795756184,0.001068009787093699,0.0011793636269622145,0.1257847952656448
137,0.24954327743335003,0.001027457130016451,0.001923803940225583,0.14248709380626678
138,0.07733551309701762,0.0010141638370743933,0.0006797769284946232,0.12108254106715322
139,2.3848433755393823,0.025578052441543993,0.04576192949093693,0.08985125087201595
140,0.05129248194221087,0.00048700825788363235,0.0008278727572096662,0.12125456240028143
141,0.35667811333283816,0.001467100391075506,0.0033266044045315974,0.1245957319624722
142,0.18552746982724883,0.002116557015990948,0.0018665873223783988,0.12770795682445168
143,0.1497482667459714,0.0009537753431042453,0.0014368670729949537,0.14451439771801233
144,0.10312159664906473,0.00028993464866223004,0.0011635375743578491,0.13476793887093663
145,4.039327645390795,0.09854154877417368,0.08489216680121257,0.0880878260359168
146,0.08921748280366534,0.001729057243689384,0.0012959674219070016,0.1256164670921862
147,0.16730528480428916,0.0025306137107356263,0.0014415346349316287,0.11171011766418815
148,0.15920541006577846,0.0009781960004081932,0.0015568647576273214,0.14745451277121902
149,5.318926505486535,0.021069375818452005,0.08530072415424139,0.09869036683812737
150,0.2410669427621406,0.0019100153328589138,0.0022806773259448484,0.1384885930456221
151,1.8700295707591963,0.1358802219058764,0.12751573436444988,0.1152586005628109
152,0.04324444874448938,0.0006656190731713175,0.0007935719989394622,0.11633855383843184
153,0.11835023479656079,0.0006321615937868289,0.0010438112828885593,0.10116813285276294
154,0.1105892524695951,0.0014644125261521952,0.0013022913913022108,0.12892137980088592
155,0.0553614290505409,0.0003940556902187705,0.000551432494580234,0.12910090619698167
156,0.990929804287478,0.008258723091645633,0.008892432244703536,0.08572846790775657
157,0.37734062810049196,0.002455128298162191,0.0022880956673460204,0.11444492265582085
158,0.14263256754609038,0.0012186799038129026,0.0016575825633372895,0.12944174278527498
159,26.846525561366008,0.08977398017263259,0.34554647818707257,0.06543181696906686
160,0.10813700271705118,0.0009299708132667051,0.0013928012735709616,0.13246055180206895
161,1.7612288092911137,0.0055637685950443855,0.009318166611996711,0.0834648609161377
162,0.0649907832237314,0.002142490616802317,0.0020109647778853534,0.13057299610227346
163,0.13621369168221703,0.0018688966593783274,0.002051531176477739,0.10790230380371213
164,0.15711969328808406,0.1956575000295396,0.19505502249736523,0.1064820010215044
165,0.07651297676043559,0.0004028340385740325,0.0008713749813998354,0.13324150070548058
166,0.11739797082828318,0.00126730194722142,0.00115557825613452,0.12828512815758586
167,0.16922444125931863,0.0015501778302447263,0.0013699841512060105,0.12351628672331572
168,1.105416591647617,0.007601792493453152,0.006243027486220661,0.11485073808580637
169,0.1075012180109315,0.001184981460987536,0.0018129802028912592,0.14202853618189692
170,0.14675029904180492,0.0021038076040460246,0.002542115972354554,0.11211180500686169
171,0.053641315658767265,0.00432835887662808,0.004615257920993539,0.13706177892163396
172,0.06531330240475111,0.0016602223123445851,0.0017974167384380596,0.14724036492407322
173,0.3161644653181655,0.0026096539299163197,0.0030488177891539402,0.11069762567058206
174,0.15409395500500178,0.002830984531205553,0.0018018673976830234,0.12839284865185618
175,0.13635763483043062,0.0011658717283025944,0.0010713898032168607,0.1211609449237585
176,0.049441365108071816,0.0011298436444571425,0.0009529314398534851,0.1270692520774901
177,0.2711436553690067,0.002061532507045293,0.002662384824841907,0.13204877823591232
178,6.324642201523258,0.1649969460070529,0.12505414793678507,0.06999474670737982
179,0.17373136600312022,0.0025214301449953958,0.003035402318011001,0.14499353803694248
180,0.0663733156917857,0.00031486892651028976,0.0007199342531195997,0.11735272966325283
181,0.37850482248979056,0.004449609477716089,0.002789644266619128,0.11905496194958687
182,0.11555234410321343,0.0014363423741959225,0.0010009728255976793,0.09875991893932223
183,0.6669623562226757,0.08015444095764357,0.08301785671408102,0.12988299084827304
184,0.12853868765125637,0.003249455067395133,0.003877233684736813,0.11258031381294131
185,0.26748965824791365,0.0012091153734336468,0.0023952555343592983,0.14077253686264157
186,0.10561392694757896,0.0018025703674670855,0.0018205963198059808,0.11084882821887732
187,0.1925090181551164,0.001981029812816944,0.00218728790756189,0.13470052368938923
188,0.10003131941094243,0.0010237708267054689,0.0011325285805755874,0.09799191728234291
189,0.05484197376325277,0.000858882540227046,0.0009195563906699074,0.1474572578445077
190,0.07752772007851909,0.001271690270626419,0.0012791222865307155,0.15438152011483908
191,0.18178965573101155,0.002278422749926706,0.002312626432188039,0.14314497401937842
192,0.14761729218887534,0.0028796496961344107,0.003071153621374672,0.09662034595385194
193,0.11693667125723824,0.0007879792635029532,0.0013782333362675463,0.11026878515258431
194,0.39488026070836413,0.005248975245850506,0.00479310100678741,0.09190298616886139
195,0.7129541546423409,0.007331460240269737,0.009324092629460403,0.11479742778465152
196,0.7808038835652572,0.003293632765053514,0.006083196281075196,0.1100587910041213
197,0.1559568592993874,0.0027179811711081814,0.0020786247058472013,0.13566260784864426
198,0.2296336621301319,0.00171339075504823,0.002191766017855764,0.10632379492744803
199,0.06950330442304284,0.001368978758208527,0.0014207301645426651,0.12692645890638232
200,0.07348052205210376,0.0012928004672507507,0.0010163124266620506,0.14367784466594458
201,0.11570953343733754,0.000726169110649927,0.0012922852721863423,0.14245710568502545
202,6.087144337388783,0.09519801602308417,0.06624504758168728,0.10245802998542786
203,0.1026948040489692,0.001099090976722323,0.0014327443932700666,0.13827611971646547
204,2.3281236631598294,0.034303006183785165,0.021125525241237564,0.06538595026358962
205,0.03552648238481081,0.0006366058074327969,0.0007726322200738973,0.1251028012484312
206,0.10569793620883784,0.0006685791457432706,0.0008092489303336536,0.09788151830434799
207,0.07004561860143728,0.001230442495382253,0.0011739614303269428,0.1507448279298842
208,0.1052984434536605,0.001962077479025295,0.0022134970111938354,0.12483722995966673
209,0.15249166418134524,0.0005413530964049793,0.0012081211521690416,0.11348397796973586
210,0.17645424823098843,0.0010104633566848284,0.0017236475508028862,0.1253608101978898
211,0.3468265864803318,0.007041255575794535,0.005750990401331073,0.102309824898839
212,0.40253220557866215,0.01391201992004721,0.01755559833362444,0.1216750517487526
213,0.9379281513426322,0.04025123026453202,0.04020264711971209,0.09341606311500072
214,0.3623465128038981,0.008606606995413378,0.010291993023430073,0.09329780098050833
215,0.12117213336735894,0.0013328653880218255,0.0018337083290782792,0.13414914906024933
216,0.1243571465722386,0.0010554518443588708,0.0011788531906388126,0.09875581879168749
217,0.234759436164782,0.0017681383555078352,0.0019869297778642844,0.11303327092900872
218,0.044934870800956796,0.0009409201985149819,0.000890411181736377,0.12419451726600528
219,0.14154266685438596,0.0017150455703667086,0.0015849763309068372,0.13483112817630172
220,0.11803869911390072,0.0032638158194282603,0.0029399470589308065,0.10847636498510838
221,0.1603529058598409,0.00038002212986700706,0.0020863425818552443,0.11623647017404437
222,0.04950230026894123,0.001208293165108991,0.0012996703145820706,0.1321730138733983
223,3.802157234765427,0.025211792842455557,0.04693141012200116,0.06613938277587295
224,0.10212362152031801,0.0008426998817147622,0.001145704145783317,0.14857893018051982
225,0.13236345081383682,0.0017415643135960278,0.0019602242632260495,0.11512723565101624
226,0.16790745701691737,0.001512370070691741,0.0013807383785356322,0.12331902468577027
227,0.15936375178823817,0.0008176468951197893,0.001641820181795136,0.1452998430468142
228,0.011641485174969194,0.0004916816330838185,0.0005049335878782365,0.09233696386218071
229,0.1620928487017454,0.0015653705625713885,0.0015166431450050655,0.14239004207774997
230,0.19247120752620087,0.0014720437172241025,0.002850344525342639,0.11591551499441266
231,0.38890516616695164,0.0023568633158917987,0.0027898641236840135,0.1302228420972824
232,0.13625415673302516,0.0009484373777620997,0.0012115687106290982,0.1317130676470697
233,0.20714137416806486,0.0023403889170706435,0.003471636947943038,0.11866043508052826
234,1.677117358645593,0.019934175011242915,0.02757007092732485,0.11604561982676387
235,1.78446657955775,0.04502223346766273,0.035434927384943755,0.11909409193322062
236,0.11305952482170724,0.00136185899468747,0.0011635969158134345,0.10802863258868456
237,0.3174327392243347,0.004356818679178008,0.0027544789106552447,0.13792201317846775
238,1.9950147259209428,0.022292362918761414,0.02315011368334689,0.1083807572722435
239,0.12225410996278187,0.0016376773137819556,0.0018580357834570983,0.12570251943543553
240,57.76898116021159,0.39663774804447494,0.2413478939417297,0.12927783513441682
241,0.08788605234659264,0.001638359935602834,0.001264777642620791,0.10410632891580462
242,1.3183366673905936,0.011540308716760666,0.016908216102502902,0.11728953896090388
243,0.09163278039008826,0.0011989824680442682,0.0012750745739422496,0.115762691013515
244,0.13335970830985605,0.0007462451711597977,0.0009324221130788912,0.12397485598921776
245,0.0766010640730197,0.0022821991329842763,0.0016403638947540696,0.1427237382158637
246,0.13241364673204598,0.0017261679181520724,0.0015786913955704997,0.11333511117845774
247,0.0948730481854718,0.0005102869344387504,0.001379776471500643,0.13730723271146417
248,0.24448853021465516,0.005195173943524226,0.005726098508097319,0.10411406168714166
249,0.11052965218701424,0.0008779844868621781,0.0011691978189300868,0.11201730323955417
250,0.07362183187461527,0.0010694577481592355,0.0011314861605226767,0.1264991289936006
251,0.48628982770798734,0.003874676436758247,0.005636765477448747,0.10513565130531788
252,0.12188324396179664,0.0011740615128062305,0.0013741450748372683,0.112597590778023
253,0.02901666875742622,0.00047370012173913464,0.000606240473255715,0.13787347776815295
254,0.04624445668146169,0.0003274080478498731,0.0005471341660908631,0.12632224522531033
255,0.06677459581091635,0.001078679720517183,0.0007122212044201622,0.13006917526945472
256,0.2603264604814969,0.006106766835933138,0.004551185256923028,0.13845840003341436
257,0.4438821901281699,0.003955550676370827,0.007851724020862282,0.08631028467789292
258,0.8084350925039602,0.0034754844979053533,0.008598238007661275,0.11772711295634508
259,0.042894339416555995,0.0007466305413553059,0.0006934614944864217,0.14702613512054086
260,1.7175495353189025,0.021591835629760896,0.02764709569960255,0.07350121485069394
261,1.9909955630077303,0.0902205071606024,0.09607973967652217,0.07537569012492895
262,0.056091362432215845,0.002103144719537609,0.0017734101231312743,0.13303435500711203
263,0.09684990654783933,0.0010455410186122284,0.0011664337904258063,0.1516359867528081
264,0.10000824390026725,0.0009727498179146955,0.0009031784048103995,0.12733965925872326
265,0.04203947481394077,0.0006870010319610933,0.0008457839221278523,0.1397878136485815
266,0.12794516442145637,0.0019409925111438676,0.0012816098730419928,0.12634895090013742
267,1.2173267569295296,0.01232162570597249,0.008082994911678453,0.13152600126340985
268,0.11172103604595379,0.002117763023164698,0.001994120994827636,0.13988816505298018
269,0.0936524824825016,0.0008737204300966312,0.0007463964463161561,0.1297617182135582
270,0.0887079112364974,0.0009354188245077401,0.0010193696656413992,0.12391196237877011
271,0.8424983199762892,0.026432855709764093,0.026894801656783117,0.0914678699336946
272,0.07622977335105573,0.0011396555617991296,0.001232571675851425,0.11990446876734495
273,0.4105445592858264,0.04154747675080357,0.0440479423950885,0.0768729648552835
274,0.11952221919676315,0.002730834256436853,0.0024494628613476936,0.1564182387664914
275,0.3404648669852997,0.002824415264745317,0.002468462537384394,0.14045489905402064
276,1.2904735909248148,0.01208527993645232,0.011882789273640932,0.10158781427890062
277,0.10415390760710473,0.0009788348013741617,0.0010774726365813069,0.12390720378607512
278,0.08894891484281463,0.0006023661361845731,0.0008306563415304928,0.13654868910089135
279,0.22104892202603146,0.007212356799779127,0.006400984996253056,0.10761569067835808
280,2.995534413556157,0.07477062403845347,0.08814711791528297,0.07506505120545626
281,0.05956350859969658,0.0014790809211955279,0.0014081901334536456,0.12642784509807825
282,0.8329984008816759,0.017299703427417372,0.013024192325561205,0.10500267799943686
283,0.04145375286250626,0.0010780453571528831,0.0009808035625241249,0.1340540051460266
284,0.16297380466986625,0.007437318398625236,0.007021464766573205,0.11261360440403223
285,0.16363876818010276,0.001780245198053921,0.0015433517764731918,0.1324775512330234
286,0.2324732798581061,0.002138310094078167,0.0020246992762343475,0.13519325479865074
287,0.9436603181433489,0.08188925215004665,0.08459138973129345,0.09899745509028435
288,0.14908212045425084,0.002116783297585426,0.0016416370570255935,0.11442296719178557
289,1.7530125380992523,0.028467488373623277,0.025394325007490375,0.0749428803101182
290,0.347995228592773,0.003480495000922245,0.004979854388406098,0.14628628501668572
291,0.0580863798511687,0.0005528733596795922,0.0006740681794423744,0.13271278887987137
292,1.639377639088227,0.020106667384568552,0.027948821983694184,0.07251086179167032
293,0.16638226991790367,0.0019594165359703773,0.0014820521048748878,0.1352263279259205
294,0.05642455412751753,0.0014186868072158622,0.0012104513541813067,0.12515247892588377
295,0.7658973582604633,0.032737326406537745,0.03643911904273421,0.0741577921435237
296,0.15781743665840173,0.003478873459694738,0.00358680670230218,0.15114035923033953
297,0.07211838183489647,0.0018180633538531297,0.0015033313581633103,0.13966086087748408
298,0.04633138193002264,0.0008866178598228505,0.0008264972185331171,0.11728129209950566
299,0.12483888744718011,0.0008016885520404297,0.0012527252370766863,0.12008911790326238
300,0.14864737501683856,0.001260146706621494,0.0012711643191914185,0.14033523481339216
301,0.15562801947441166,0.0005019860225392606,0.0012913538998545356,0.14799971971660852
302,0.2049884808623197,0.0010063611560408615,0.0014137905915382089,0.14294226234778762
303,0.10377199833747329,0.002253620578069893,0.0021359327028486435,0.14236006140708923
304,0.12948171012879117,0.000997017517290422,0.001355247075009393,0.10399521701037884
305,0.018487508120831223,0.0004772162987058046,0.00048514220226830436,0.12216207198798656
306,0.05684105312454943,0.0005568226503891965,0.000731316393828218,0.11738588940352201
307,0.25200779032323994,0.0033488102346630245,0.004459368124599318,0.11214880598708987
308,0.15109655134708372,0.0009993103190908095,0.0011400432187840136,0.12805265979841352
309,0.5792497589794734,0.0038845593240725645,0.0028317284313163094,0.0790423839353025
310,0.5430995642350792,0.027084609523920663,0.02436078511512492,0.09346876805648208
311,0.1290896881101102,0.0011290018600495777,0.0011871912525988554,0.11948977969586849
312,0.1189611712337768,0.0008310535734302258,0.0017473015323311689,0.1372345220297575
313,10.200171546259753,0.08919282760798829,0.1267691478013539,0.0825980450026691
314,1.8922895814499272,0.15895346015329415,0.15208587942307875,0.09882034594193101
315,0.9175560460905257,0.008289762379808753,0.008153783646765552,0.09897108795121312
316,0.14784359528332117,0.0010075909895528304,0.002092000093396212,0.13427225314080715
317,0.26054513722632366,0.0029009870938600897,0.002799354399935496,0.08004030585289001
318,0.08796160565662506,0.0008923526385624411,0.0011303555480736017,0.116732032969594
319,3.586715253659917,0.07438011199920169,0.04929017766276086,0.11338956281542778
320,0.41043244568262877,0.004526039276987132,0.004947242336758472,0.11499431217089295
321,0.2295110573529393,0.001218615533905013,0.0020228054450606107,0.13271738402545452
322,0.04160138655844565,0.00044892927644671294,0.0006947019292509437,0.14649405796080828
323,0.16212766348463523,0.0013217436296826812,0.0013946872136334154,0.11537658190354705
324,0.09756976292815371,0.000833315970794529,0.001294971359863778,0.1332522900775075
325,0.09423249697876081,0.0005337815134336526,0.0009415287968343807,0.1400006921030581
326,0.7167463772908261,0.005735245514353417,0.002048209184232052,0.10162362409755588
327,0.23282085509342185,0.0005243737781253193,0.002883732064801449,0.12147845095023513
328,0.21680235125096323,0.08646003580449413,0.0860797116703289,0.08065439714118838
329,0.06794389374438095,0.000697460508268817,0.0013470315243959048,0.14548175316303968
330,0.26779314886654304,0.002849422192926755,0.0021651032802360464,0.10742521984502673
331,1.5860090150089439,0.031004458235004622,0.0332742717296377,0.0796280656941235
332,0.13396424223365114,0.0011188481188837156,0.0013435409706812774,0.11693438468500972
333,0.28175123647951855,0.0021851049295843086,0.0026079944266555887,0.12247238401323557
334,0.49770153388374866,0.015940250861018936,0.01814916606293885,0.08291939785704017
335,0.27422454539852603,0.0031878187365091243,0.0030352289526860508,0.1282327100634575
336,0.11197223345408097,0.0014616343022417907,0.0010724218256635558,0.13922637421637774
337,0.06599817188577757,0.0015119370976818816,0.0017170347890134207,0.12679830798879266
338,0.06499287369775923,0.0006141725464901934,0.0007758350174516169,0.11271122936159372
339,0.27716718694200815,0.009795591235691096,0.007681158670200887,0.11291217524558306
340,0.1171913147149213,0.00171841822343842,0.001481237319193646,0.11694899713620543
341,0.15139946471910715,0.0022567252627023722,0.0029726927162736956,0.13987905532121658
342,0.23563808561198937,0.0026475883529397887,0.0024426244781878695,0.1269489610567689
343,0.264607170123921,0.0012049162128457747,0.002148332285598495,0.14557648496702313
344,1.780482633205219,0.04000797706424145,0.034321441740360045,0.13546100910753012
345,0.0717094875592842,0.0020693277285326324,0.001957606766243433,0.12486254004761577
346,0.46709355429362837,0.03883964523125045,0.0396649764709338,0.09031605208292603
347,0.10929994680424761,0.001586153214036367,0.0016079192469827012,0.12881759880110621
348,0.3486905880056971,0.0040284855746440095,0.003554195888774309,0.1414367649704218
349,0.1815018479742093,0.0026291164067842243,0.0025905375167743095,0.11943192314356565
350,0.11867435320427054,0.0016963341610886067,0.001388210294085082,0.1491614910773933
351,0.08036577234425825,0.0003963077349723551,0.0012133162145475742,0.13343754410743713
352,0.11585313641213102,0.0014709589684717057,0.0010545877245775612,0.11713163601234555
353,0.1298177479266223,0.0007330390250284195,0.001495778072138256,0.13814572105184197
354,0.16113971314949077,0.0008927992175898473,0.0011849487260846133,0.11454831017181277
355,0.044465831303427225,0.0005820349137444239,0.0009472184192891188,0.12404010305181146
356,0.16898205126611607,0.000949736486222528,0.0017694070789015734,0.11954520409926772
357,0.029298282640029163,0.0018323582232743464,0.001875471851482535,0.10721795773133636
358,1.0968184443860052,0.0811951653751871,0.08423468526617696,0.11998980678617954
359,0.8715455872180465,0.004043896661063622,0.007834241879922264,0.10111091798171401
360,0.4750422262389774,0.005946853911593915,0.003959681741192254,0.12793173315003514
361,0.030561618264153614,0.00094719678698557,0.0010093354199364525,0.12698163278400898
362,0.6727156801338681,0.008517912605126483,0.0041315542871982105,0.10556256491690874
363,0.6596902006536254,0.02983739990200095,0.02691460287202199,0.09803957119584084
364,0.15768162078354273,0.007366246723079389,0.00849450360800009,0.11459802323952317
365,0.09240375041451641,0.0006865376700089382,0.0010461575391817494,0.13154212106019258
366,0.03486859303557925,0.0011094184116986789,0.0010329039813611104,0.12230581790208817
367,0.9189959749003972,0.059056600755161226,0.06075013536180586,0.11681336909532547
368,1.3613898766506953,0.06339636115075421,0.06975737771527564,0.09917489811778069
369,0.12229130386679636,0.001706386813735775,0.0018444059478733112,0.12669382290914655
370,0.05303192809823627,0.0011841967074787414,0.0012489516061059151,0.08992990618571639
371,0.13676389326181781,0.0032398322724973166,0.002177135057279007,0.09524632105603814
372,0.05843974653750009,0.0005701763868375112,0.0006629919740532073,0.11663682805374265
373,0.07476525072979201,0.0004987638817436239,0.0008289962551306448,0.1422611139714718
374,0.12510945964233713,0.00084409675532106,0.0011403868227872775,0.1434544692747295
375,0.06602125256325587,0.0012464597591085116,0.0014076925342711836,0.12177868466824293
376,0.047382096904288566,0.0009779394382015778,0.0010545944070401542,0.14927613781765103
377,0.1065854380716591,0.0017453265646977978,0.0011809611794237687,0.14870094368234277
378,0.06345025194787182,0.0011438984641794756,0.000914521082673749,0.1325615202076733
379,0.8482528151369039,0.0039797187274889,0.006983896810461914,0.13788599194958806
380,0.07490213319403537,0.0009662929545741209,0.0007993510416804045,0.14170402009040117
381,0.8540672757089804,0.0032912370744638915,0.003699338916183737,0.10817436873912811
382,0.46446076102500045,0.008373888951328555,0.005882468535666854,0.09260041499510407
383,0.1178605185698924,0.001057940357398407,0.0013539369184604182,0.12156860809773207
384,0.741270566953022,0.007858276089074665,0.006818633779796076,0.10583397513255477
385,1.0292458713158106,0.009072682028005584,0.013241515285646202,0.12938645482063293
386,0.13407442664134572,0.0018803178733742105,0.0020423026536352906,0.13697160501033068
387,0.027333917891721172,0.0013775253410905914,0.0014093173342813415,0.1323336842469871
388,0.1963381080552854,0.0015086279174780092,0.0016695225220797016,0.13486029533669353
389,1.852245662199578,0.035680802894376445,0.03711070098656109,0.07246188167482615
390,0.05870752022948295,0.00038899440393948005,0.0008423616484520335,0.11410039896145463
391,0.05578589771228464,0.001065212356596224,0.0010133205749072787,0.10685296915471554
392,0.1306977446803534,0.0007703003146073571,0.001755893224095102,0.14023356698453426
393,0.2652371181700309,0.009077787644670609,0.008215694511524985,0.11474094586446881
394,0.24433375738670016,0.0073500249037909285,0.007633951238323474,0.10997438663616776
395,0.4325937257103127,0.020933752835310706,0.0193116841768345,0.09979943325743079
396,30.85816535391856,0.128721813307062,0.30393024559382664,0.0557537111453712
397,0.1573511976859866,0.0006307594761487969,0.001174436919870407,0.14260306814685464
398,0.026163763105604733,0.0011823263410898712,0.0011324114500711226,0.14144999301061034
399,0.6768935844832851,0.01876604559600281,0.01529963535528664,0.11209195386618376
400,0.047331132853655415,0.0011436854510255162,0.0009595692451844753,0.1328762057237327
401,0.2800617281549792,0.003045845357290673,0.002146368768189337,0.12754095485433936
402,0.09510265343602409,0.0017081356314165123,0.001353118361703189,0.1191976242698729
403,1.1501384476877121,0.014894660169060941,0.01352008124646415,0.11539646098390222
404,0.24781108957707984,0.00589023592815664,0.003982505195309576,0.1257093707099557
405,0.25669002704177957,0.0025394212809301,0.0021704331327563288,0.13893330935388803
406,0.37356871084437293,0.0030247073390874423,0.002348826095026697,0.12490669311955571
407,0.24197188078326395,0.021483955650132905,0.021138062000914722,0.10922388918697834
408,0.04247869611789614,0.0011394125799926787,0.0011438409035421098,0.13623760594055057
409,0.1494914338431892,0.0008931165566724419,0.0015414140041894696,0.12902879575267434
410,0.25760510776696105,0.0025114134930007844,0.002164962649922415,0.1276789242401719
411,0.08627800353228789,0.0004292954281334238,0.0011335038016485493,0.10036303196102381
412,0.21018236027040674,0.0006897123041176915,0.001994165253792276,0.14106821920722723
413,0.2029858701026738,0.0022278813449778997,0.0018278153394651192,0.12336806207895279
414,0.13118068871622787,0.010963399145421333,0.00999214789208605,0.08770569274201989
415,0.1038510489545855,0.0008485339453704848,0.0008157492515425273,0.09782647620886564
416,0.08966089182391972,0.0010459043300622857,0.001326798160261832,0.14388606697320938
417,0.06595248602136819,0.0017075815902618716,0.0015210396376237284,0.14762432873249054
418,0.10016069026000146,0.001524112446766788,0.001048909101719772,0.13702037604525685
419,0.11364937514696173,0.0010898985161872305,0.0016893171044395682,0.11147805582731962
420,0.1133139254889668,0.0010504812312197088,0.001005169868511083,0.12070741504430771
421,0.19017137969771333,0.0036629253372349943,0.0019012387077686705,0.11202850984409451
422,0.09342675415296427,0.0011990066209888698,0.0009401913242282915,0.1424642512574792
423,0.06252063287143202,0.00027724580139545186,0.0006529788170575977,0.10243337182328105
424,0.04235776317806964,0.0014198261496821368,0.0014514170134519778,0.12699899589642882
425,0.12278401957316137,0.000983240888361244,0.001328408515880611,0.14667229494079947
426,0.05981338812226824,0.0006367569302360032,0.00070638550318306,0.1025348836556077
427,0.11500316105189254,0.0011746213172434945,0.001134657069983752,0.14689658116549253
428,0.6414853268061983,0.003957785337467462,0.004015975494376342,0.11518847895786166
429,0.21400057178627907,0.0031657452648569946,0.002645863446065427,0.0869466126896441
430,0.16598357157469917,0.0011678295221064056,0.001646223053176919,0.12842752318829298
431,0.016614757898965993,0.0019637957418171823,0.0020189649983622633,0.1361618391238153
432,77.30855442938166,0.6674452904357607,0.6579707685196191,0.0520717310719192
433,0.0125640309516347,0.0007555315452229247,0.0007789865226664542,0.12275100592523813
434,0.1121719505617409,0.002105121418937862,0.0020721771637603964,0.14319524681195617
435,0.11439171892410685,0.0013535199659209381,0.0014737091595375602,0.13225603802129626
436,0.03692202156316466,0.0015946262307294592,0.001782622738054724,0.14440485928207636
437,0.31675749818716686,0.07593074432876537,0.07493631406453502,0.11823829310014844
438,0.29173654280114497,0.0027760091891751416,0.003010109778050163,0.11956521403044462
439,0.19712225525517124,0.0015136954404621746,0.0013675161914718118,0.13180014211684465
440,0.542053434220667,0.004176799744143795,0.005716711399801181,0.0960207637399435
441,0.16405889467777157,0.0011319091400558729,0.0022519649746060052,0.11563045671209693
442,0.5791298439546634,0.20094764718990382,0.19786158047548436,0.10054893791675568
443,0.04705103477985376,0.0007266571223473884,0.000843150038781021,0.14878123113885522
444,0.09923774634065295,0.0018149902135862945,0.002189570293547495,0.12888712296262383
445,0.10674112793422538,0.0011900574657440679,0.0014180092224575424,0.10914560267701745
446,0.10194702636310554,0.000806594199212642,0.0014733236202742939,0.13818391412496567
447,0.10516863333006396,0.0018899770959158637,0.0014513232764920608,0.14615989802405238
448,0.10218396915162518,0.0006421036036881872,0.0008850370019527677,0.1167969019152224
449,0.14897550856897881,0.0014339457319563933,0.0021407145097046216,0.11580284591764212
450,0.06966806971815569,0.0008014244966406569,0.0009904904438896775,0.12061978876590729
451,0.11313350137836778,0.0008531826172039687,0.0013678541367226449,0.12126880465075374
452,0.043215900756400034,0.0010482507211281105,0.0008765744066615544,0.1308269570581615
453,0.14820187857914796,0.0018874350710525011,0.0016403430049958308,0.11691533820703626
454,0.40944740746907726,0.15479184058708517,0.15584486970004272,0.09901357628405094
455,0.1768738236224909,0.0032837537570074645,0.0018217321872869082,0.1264671729877591
456,0.32195617717743663,0.0005267405551712453,0.0024703180886553396,0.12413050374016166
457,0.5486867486742055,0.005566417551714993,0.003372883416174184,0.14226288627833128
458,0.14167807127684817,0.0014318412624236662,0.0014102124892465722,0.08993820799514651
459,4.747752475253148,0.1206160046198979,0.10100934027844698,0.08342268085107207
460,0.048913732204983046,0.003795420226662604,0.0037842919253996865,0.10401120083406568
461,0.12679252126953222,0.0011564710763099914,0.0013705865117968606,0.13555873092263937
462,11.58536232103182,0.1883338929335069,0.14764837022293245,0.06594908703118563
463,0.3203521088684027,0.0016308341512074368,0.0020174466105156398,0.13404824119061232
464,0.11130748866715821,0.0013128412631544422,0.001043987644268978,0.14699513092637062
465,0.14731387457491407,0.0008639639956184599,0.0016586050573910158,0.11848104000091553
466,2.260770814758411,0.02274118276486458,0.01095099319683727,0.11334498599171638
467,0.07540443952014067,0.001272728411283769,0.0011199916798741798,0.12065464118495584
468,1.7443921733318553,0.015307444277632561,0.006286944166231234,0.09241416491568089
469,0.16806354389408282,0.0016245591345356858,0.001811480226411141,0.12123055476695299
470,0.3909877709563914,0.004886715351995008,0.0055839539248871035,0.09910659492015839
471,0.10929919322917034,0.0009824354047376527,0.0007190443563426762,0.12353639164939523
472,0.08089147647508842,0.0009208781183749618,0.0006596075041001005,0.08152529504150152
473,0.1049437703457004,0.0011299104250394032,0.0010414998019871668,0.13341802824288607
474,0.08758719338950001,0.0007305974729141772,0.001112833815536171,0.13848348893225193
475,0.1737972088107383,0.0029666795877262286,0.0027502684982144703,0.10045666201040149
476,0.47301539325934716,0.1053018995221685,0.1016799701590511,0.12463956791907549
477,0.3644590650427595,0.0007840992426292655,0.0034307656331105892,0.13384523103013635
478,0.16697510758186562,0.0010782994922966607,0.0012272808711972071,0.14346975414082408
479,0.21684255673958044,0.00490455441113281,0.00304697836295211,0.12957855965942144
480,0.16168491394892548,0.001163141390501132,0.001758977178264916,0.12030408997088671
481,2.1361690599155096,0.01383486036032027,0.01618080877338353,0.0784283010289073
482,0.1454197401286782,0.0013313665426744118,0.0025728171584455234,0.1235413858667016
483,0.08667917880422779,0.0013257900890705613,0.0011568697612329907,0.10875960579141974
484,3.3232993548860135,0.03366508630592921,0.01452770916285033,0.08437430579215288
485,0.1391958105020601,0.0006306513118869956,0.0014372655296534993,0.1220480352640152
486,0.12472105799331758,0.0013070010857290533,0.0017994259012705668,0.14463475299999118
487,0.11489408313285801,0.0006847958517688427,0.0013547449275656312,0.13917923904955387
488,0.1547543901888933,0.0018460557077276945,0.0014952185347764555,0.11312804976478219
489,0.1526345437206584,0.0006780130408233279,0.001585669757172401,0.10869286209344864
490,0.07235449811754438,0.0011170388780608242,0.0010338987144955924,0.1514324452728033
491,1.3455279618497205,0.040278908539889954,0.05019429553461645,0.09403863921761513
492,0.19261659916111062,0.002466726412754477,0.003052358538491317,0.14337934693321586
493,0.12003011624688643,0.00213196558357898,0.0016503722475212038,0.12629749393090606
494,0.08190922312303278,0.0005644357758570101,0.0008416261229627095,0.12662469735369086
495,0.23216643618322796,0.0013258639053640516,0.0019970580535945233,0.13379891915246844
496,0.44196074443556865,0.0026588139359017228,0.003656881072626309,0.13226482504978776
497,0.19069276812469052,0.00036401879402533476,0.0014896488348895302,0.12136440584436059
498,0.13048440436170702,0.0007168088778918608,0.0015391872176243088,0.1305182659998536
499,1.8932660254529212,0.03342566943298429,0.03152270604562782,0.0858951285481453
500,0.16123611531350668,0.0019239583568829144,0.001877604384106828,0.1447772989049554
501,0.11586319073997484,0.0010044670218217525,0.0012145481770348995,0.1438021156936884
502,7.006054275429161,0.0652984129660382,0.0944840989632694,0.07841826090589166
503,0.11362397383874889,0.0007307804900844838,0.0017650379608142187,0.12901697680354118
504,0.27726500830204875,0.002751001526263426,0.0031365380755532476,0.14719556411728263
505,0.10206110411489648,0.0003060489320086795,0.0010077837607429443,0.1270559187978506
506,0.130547491325214,0.000819949696796804,0.0012360930864656942,0.10837511578574777
507,0.22193981539646554,0.0008087191641280599,0.0027174951678821248,0.1326390579342842
508,0.022934832414579824,0.0008301049112314452,0.0009115516105871586,0.11882750503718853
509,0.0815472641360545,0.0010168780468032732,0.0013345468759457663,0.13832435104995966
510,0.14771715333957255,0.0016420244858689607,0.00146978507335072,0.12124112527817488
511,0.04465258675217844,0.0012074670136381113,0.00126775973516129,0.09390329802408814
512,0.20858346670689829,0.00023079634663822154,0.0017170393687188357,0.11820311611518264
513,0.10160795986429044,0.0015476433023613278,0.0012752567883164978,0.10733058908954263
514,0.10741168364943561,0.0012021397891644173,0.0010665151464627498,0.12506118789315224
515,3.3208694066743023,0.04479480468138791,0.06067592839646593,0.06973352376371622
516,179.98535821354952,0.8950681433060537,0.19844822358529993,0.06262848014011979
517,0.060427392963977644,0.0009186010867934213,0.0008575503702144943,0.12242481205612421
518,0.6629747493029098,0.008473792166927096,0.0049898740804364934,0.10923497332260013
519,0.24703174950145435,0.011768696690061423,0.010308534807255383,0.10399232897907495
520,0.24436244452301523,0.002695750021692578,0.003168251170746526,0.13596695475280285
521,0.5430155955147588,0.004261321228054799,0.006415167536328621,0.12403463665395975
522,0.14842315374078388,0.0011956316190172283,0.0014980831515746518,0.13386068725958467
523,0.10919895875809653,0.002504025954438379,0.0020902158820479844,0.14700509095564485
524,0.4008695993895715,0.009737443769415792,0.009038503652268746,0.11581263318657875
525,2.0786741848518178,0.134929235300369,0.12793641034734854,0.11235026316717267
526,0.0967870720080765,0.0020814494410511743,0.0014757471261893026,0.12711802776902914
527,0.08942699518329651,0.0014381347589370454,0.0010460448791270506,0.13088227808475494
528,2.2306994075821303,0.03457498064222433,0.021110463851691047,0.06276514707133174
529,0.13783405055823061,0.0016707254535244808,0.001895613233434731,0.09023995418101549
530,17.905779227476188,0.057782975014746135,0.1944616933466347,0.08280849317088723
531,0.040485225952593455,0.0009983556462552234,0.0010408213335157898,0.1320341876707971
532,0.3963085232489113,0.0006455879554280238,0.0021203897116588892,0.139639173168689
533,1.8997270978492684,0.1164370670043046,0.1174007235563344,0.06475755292922258
534,0.16902080018133833,0.001229332381073566,0.0018352723950822627,0.14773796498775482
535,0.7340408738991203,0.03299679000929836,0.034081628190940384,0.08740674704313278
536,0.18433438136307795,0.0032066672211850003,0.004468249390459909,0.12870079698041081
537,0.0482183252177767,0.00305742426112798,0.0026527943783822166,0.14056989317759871
538,0.3243750297738602,0.0018110807289625792,0.0030274493121660224,0.12423960585147142
539,0.04209219686570567,0.0028235771640281212,0.0027583686047018825,0.11662600794807076
540,0.0806819927095425,0.0010342648818092099,0.0011724824933231832,0.1317808353342116
541,8.987425130599203,0.11893995010598347,0.16547081616335563,0.12327802507206798
542,0.2823245676516145,0.004275252620281373,0.0034344460798256707,0.1355398129671812
543,0.05894385884103097,0.0008575935472383947,0.0008725174403195948,0.12401696993038058
544,0.11497563540694698,0.0014469708641008472,0.0015862437774242617,0.12406004080548882
545,0.07224781690064166,0.0017741602269377536,0.0014745304147587791,0.13984300196170807
546,2.140624232748294,0.0256232607233417,0.02205419431339583,0.06814287789165974
547,0.07462091503245218,0.0018642920604783444,0.0018573078167080698,0.10513743199408054
548,0.1828716086135908,0.0007742078383315795,0.0014168973882760657,0.137227279599756
549,0.41840597158505244,0.003386881148504017,0.004098384577028831,0.12043768679723144
550,0.11027274736305079,0.0017402795545159895,0.0013018684265972563,0.10637206817045808
551,0.06965508764610165,0.0010760021461326548,0.0009010767364635172,0.12674431269988418
552,0.29588856005613545,0.008841012204633675,0.007683145950574904,0.08235962223261595
553,0.12565379153111692,0.0015579228973831084,0.0011345273967059077,0.144190089777112
554,0.20319247746131722,0.004092209197466163,0.0038984380834026612,0.10837316187098622
555,0.09080175696113295,0.0010354603522304583,0.0010217473757028047,0.11900432128459215
556,0.03820077620322303,0.0004918926949158948,0.0006462074292721459,0.1169406627304852
557,3.473377872339966,0.018061858078633076,0.027915929725920455,0.08227017661556602
558,8.37539015607024,0.06590174304493618,0.09895451457551638,0.06699725426733494
559,0.18122809059953462,0.001897330298463858,0.002143628912805935,0.12673563696444035
560,0.10797383674188407,0.000914662769407628,0.001186734599775237,0.11813938990235329
561,0.05104178388550699,0.0006299542025820436,0.0008054224389966896,0.08373998291790485
562,0.12973070322711536,0.0011406719211922614,0.0014052803049053643,0.11623647110536695
563,0.4696338432441586,0.004884361275104638,0.003031368720408096,0.09223423199728131
564,0.333493280504999,0.1032811190398129,0.10513030405785999,0.07443942036479712
565,0.11562306288000342,0.0013784545624045464,0.0013788202858851005,0.12581707071512938
566,0.10001488579660019,0.0015296471393950785,0.0011524030490694273,0.11730132065713406
567,0.2572935789880708,0.00287794073417484,0.0023647259477328148,0.13586638402193785
568,0.112311467154138,0.0011242303370417692,0.0015255301029508724,0.09952029632404447
569,0.17233536823079307,0.001781138496625407,0.0016519143033667254,0.11609629495069385
570,1.1422863046770442,0.05165151571163739,0.05207082567031925,0.07173819513991475
571,0.25720228150811114,0.004922742164577062,0.003968321198506333,0.08897997997701168
572,2.0717773701868367,0.03799980328951193,0.02507670619048247,0.08314251666888595
573,0.2478697754244703,0.002286016004596172,0.002208216210432809,0.1335779009386897
574,13.800662672944462,0.19098471375786358,0.15724108822135174,0.06075829919427633
575,11.781462848117348,0.08751220166962713,0.07093154816617007,0.0987100969068706
576,0.04285093446177953,0.0012947854818387906,0.0010338647510285913,0.07283047074452043
577,0.03432125967589429,0.0007446730105083372,0.0008265746746033886,0.1450221948325634
578,0.1793066922893905,0.0026724721027437557,0.003513864684969184,0.11649778112769127
579,0.15481828350590957,0.0013665837683860026,0.0016850154809950391,0.1239061220549047
580,0.5623104784393126,0.012774009966577338,0.015294750012677159,0.07746487529948354
581,0.1113951720993297,0.0027182531035841997,0.0027496685413113545,0.1250175228342414
582,2.8709523746534256,0.014212598763449305,0.024726680813433346,0.06861899606883526
583,89.23126139851503,0.4413436036433652,0.8947209142230351,0.06944417301565409
584,0.09315776543566334,0.0004386930051523372,0.0010977674701739132,0.10117113124579191
585,0.20507909955918743,0.00264173157805469,0.0022879348784271398,0.11586462520062923
586,0.12285540213708478,0.001232965274029079,0.0012234005711833002,0.13064344227313995
587,0.3312087605244766,0.03174778098672135,0.03221126352794333,0.1370581383816898
588,0.13413436200698378,0.0007821880995508641,0.0015466263650435355,0.12662258697673678
589,0.09172160743667826,0.0009702250513400786,0.0013070558881702887,0.13699038280174136
590,0.06134250655117126,0.002275323523994978,0.002455398642799062,0.13008542405441403
591,0.10667373047070722,0.001914702837287645,0.001435127661567093,0.14731393801048398
592,0.42365624614758135,0.0029437525078413783,0.004220368915005109,0.13419827492907643
593,3.356632472989936,0.09584327300622494,0.12010777353670124,0.06842584814876318
594,0.22328464963576944,0.0021629001328059123,0.0017864730715376027,0.1310074981302023
595,0.07301576668411704,0.0007236151330897509,0.0008354972924101146,0.12634798511862755
596,0.2592240141764046,0.001940784507056092,0.0018257223441593433,0.14497957797721028
597,0.16395171499573732,0.0015324776236863736,0.0016910304208542616,0.12504694983363152
598,1.920062254856833,0.019827843686972182,0.011732402683941733,0.08248888095840812
599,0.11531234369716963,0.0010454010966130045,0.0014954129495185467,0.13909601187333465
600,0.33708725183856175,0.002896972468343816,0.0018057496802573083,0.13745899498462677
601,0.27624998013459173,0.0025476842566012864,0.005479403340342137,0.09624274773523211
602,0.11303258986083914,0.002358614253503014,0.002291926904001893,0.13404066720977426
603,0.10540124061639158,0.0005729431016133677,0.0011302804633957482,0.12844434194266796
604,0.05279826369955628,0.000568775797356447,0.0007026899386524813,0.13621411425992846
605,0.0947082636504366,0.0017759835900096358,0.001757492714535476,0.12074668193235993
606,0.09457075412510779,0.00020911386811442288,0.000941533108239345,0.11016274895519018
607,2.337483633542865,0.08203529666199896,0.0755434447579302,0.11408506520092487
608,0.16174051509317328,0.0016867717837102537,0.002063911237258916,0.09622247703373432
609,0.4223310485161411,0.13145324897316568,0.132709465987983,0.10070097120478749
610,0.09932665733637583,0.0010806381680847355,0.0010733963592242945,0.1390845919959247
611,0.4705638180325568,0.009691970023681705,0.006884658571712795,0.1036792122758925
612,0.7802077628667915,0.005448286414155068,0.003384359404419576,0.11285473592579365
613,0.07539045991677809,0.0009495970415759636,0.0010667638084070215,0.14819130999967456
614,0.04576352265027557,0.0007519306417548026,0.00100294543381268,0.11183953378349543
615,0.11577920961741335,0.0019633883558209195,0.0019392107825440352,0.1430045673623681
616,0.11502453363228701,0.0024340548229238525,0.002423099379023155,0.13853989681228995
617,1.6520652399831652,0.11278219243353967,0.10008482624927767,0.10164438281208277
618,0.13101118477965984,0.002852025256858615,0.0023099698156342284,0.14583249483257532
619,0.12300800324705315,0.0014146905722501586,0.0022187099307441616,0.13021159823983908
620,0.10552674227681474,0.0012880172052151793,0.0013476868602671779,0.12795081594958901
621,0.03933110605612881,0.000843384714284777,0.0010041952577478559,0.12498920829966664
622,0.38522314442229616,0.004914773168769656,0.0062971100397208836,0.10707943793386221
623,0.15057125143726616,0.00198013349522503,0.0018062412507328946,0.12942767329514027
624,0.3750543917678667,0.00558454300848253,0.0054027982284939775,0.10948199685662985
625,0.49421065591499047,0.0056083080273825175,0.004098870547092363,0.12007484491914511
626,0.06670363547411526,0.0013117530230594594,0.0013435869728160707,0.12771657994017005
627,1.29398185767313,0.03138934213919119,0.021453970092239243,0.11258531594648957
628,0.06824067164500655,0.0004107154185760547,0.0006085335558059248,0.1330316700041294
629,0.14145130873921238,0.004715217102378806,0.004167832721236132,0.12889632303267717
630,0.06112800268704006,0.0003981863926396298,0.0007367985954202011,0.12014240492135286
631,15.667599782642716,0.21911833474070355,0.18822474658671412,0.06909455684944987
632,0.09931328643198799,0.001903935230934972,0.0015128273118864867,0.12009884882718325
633,0.66447820671563,0.013515604201811903,0.013966552175691874,0.10855417093262076
634,0.10309851012204772,0.0010334191606034316,0.0011582667275419865,0.1247909558005631
635,0.2603326067023167,0.00725154037492827,0.008761941585742977,0.09698129678145051
636,0.15790792107752952,0.0015771139946494852,0.00120025427676676,0.09435733873397112
637,0.043742879771712755,0.0012870453390978287,0.001252840605419492,0.1210705959238112
638,0.05171508561153493,0.0011484936252131683,0.0012922095609061409,0.13798990473151207
639,0.0580170096812369,0.0007661713979986142,0.0008081530458219205,0.12590467697009444
640,0.09173533458161379,0.0024241799735069763,0.001974841314741564,0.11932043824344873
641,0.8654807313716868,0.03752605671264354,0.03298812456249466,0.06437313696369529
642,0.13808869992389203,0.001770367859228875,0.001439813100286077,0.12905045598745346
643,0.13628072566786442,0.00125799269031848,0.0014127209300619998,0.117217225022614
644,0.06497050187253922,0.0006234066099482038,0.0006634543112066663,0.12602594308555126
645,10.221192373075702,0.09342213861933098,0.10241608681209388,0.05973945511505008
646,0.2627584163699595,0.0014841146538560432,0.002066544595669775,0.1237092730589211
647,0.11591574630104116,0.0012359856047922872,0.0010108949308000538,0.13552975980564952
648,0.1065077451063239,0.0012644083954483861,0.0014435965055575345,0.13397608324885368
649,28.316554374316606,0.2286826854336414,0.3361814967362875,0.11118936212733388
650,0.08724480332023463,0.0007269290301539905,0.0009652099298435998,0.11869476130232215
651,0.12640005587864803,0.001528620764579076,0.0016174753464656755,0.14288099575787783
652,1.83631358592373,0.018800759532101977,0.012301623662477045,0.11518541304394603
653,0.4820127058159321,0.0036537609263752116,0.0029569901310203934,0.14205427607521415
654,0.1597380557339572,0.0015325778823760603,0.0018459164895092892,0.1246115230023861
655,16.221053588240267,0.10280323075384291,0.19273395601105464,0.06734954193234444
656,0.1350178123828244,0.0068802211076157875,0.007438300349235353,0.11980006564408541
657,1.5935515535772282,0.03546318963461484,0.04093147442100292,0.06930655986070633
658,0.07361406260667357,0.0005813466697617924,0.0007170906118403062,0.13413531007245183
659,0.05239103765660806,0.0036003527356593553,0.0035352558517514894,0.12677382677793503
660,1.3759572990081599,0.030934130530460416,0.025188871457246454,0.07323892507702112
661,0.17046150692024423,0.0013363953226652647,0.0016123412451921767,0.1304867067374289
662,4.1509874094326245,0.08239041179411764,0.10940526207023255,0.06653691409155726
663,0.0628235912689742,0.0027658061456234794,0.0028965059279421218,0.12298388965427876
664,0.48530379458629147,0.00503807686013724,0.0028816832688418766,0.10857047373428941
665,0.1500311177300173,0.0032557321638049873,0.0023855927584991612,0.12656419211998582
666,0.11568601500874419,0.002935968984236402,0.0033856051772897006,0.13133399188518524
667,0.18274316474646432,0.0007945401250089025,0.0017692172596560829,0.15051515493541956
668,0.44431298223093085,0.0017779493785163392,0.003373866637929707,0.11867340607568622
669,0.15649842310346876,0.0016628206557947021,0.0019978125685290475,0.1369501892477274
670,0.13940151743399223,0.000682330595183143,0.001522739140136766,0.1276469142176211
671,0.20780548200942725,0.0012958063797427982,0.0018337909377154845,0.13627420831471682
672,0.1590362982788589,0.0013774613145047234,0.0012861542021595695,0.08488659281283617
673,0.11656648696033492,0.0005496419148042194,0.0010729113666876507,0.1245232131332159
674,1.3014300326085462,0.029998639521443334,0.031124714972868943,0.10907462891191244
675,0.12560571163992354,0.0016970509864748223,0.0009989197029745677,0.10127829108387232
676,4.962531002873031,0.0966917903681918,0.06779456704651321,0.05894622299820185
677,0.15617416571641998,0.0009676760666552245,0.001669239012997663,0.11548099806532264
678,0.06117107494207953,0.0011212464873435672,0.001154484656730125,0.1001438619568944
679,0.12255945570997663,0.0012002256403911627,0.0013263788170859842,0.14672668604180217
680,0.1067116696641411,0.0012811060768429241,0.0013510075186726886,0.11301521491259336
681,0.9589958092488001,0.021599991859661195,0.01483122555786077,0.12166452268138528
682,0.02093093777602526,0.0008971670332792368,0.0008882799042955882,0.11675314418971539
683,0.08314957912449929,0.0013890523005917362,0.0011287953330957167,0.12998942518606782
684,3.2156649316809514,0.014993119605660367,0.03692241600476088,0.08431316213682294
685,0.11034132103768782,0.0009746339947178692,0.001469466125038587,0.12736747413873672
686,0.08684102639161642,0.0013837629962581471,0.0018095934922834685,0.12581864511594176
687,0.07115450014473307,0.0014047470853021816,0.0013467361686397082,0.09111053496599197
688,0.2643442887529144,0.0012165501893293326,0.001956898106380442,0.13548450078815222
689,0.07776114270574405,0.0008535813179784568,0.0015384400090479406,0.1302430578507483
690,0.09806029748009601,0.000513457102702581,0.0009992273810828906,0.09608003310859203
691,0.15811766295227092,0.0016853382305714337,0.0014459365839360168,0.1332949693314731
692,0.1786476511645977,0.0012453439637539051,0.0018522617750735505,0.11783837620168924
693,0.4090936208424024,0.0026175458773543847,0.002097680450292212,0.12361725512892008
694,1.4617003275383205,0.0413461109101098,0.028436650438728412,0.06842423183843493
695,0.02138845897194507,0.0013845227321008654,0.001300337208084161,0.11969456495717168
696,9.034281929532291,0.11221269348119743,0.09092373185841758,0.05912258289754391
697,0.23790588728155637,0.005462658202427393,0.006087465442287733,0.13171871472150087
698,0.356389413520883,0.003874526227027847,0.0029753915222559997,0.09805488074198365
699,0.3871786635868616,0.0009291452073600437,0.0039946506530389525,0.11506374040618539
700,0.13853984952378157,0.0006543132438304802,0.0011048719683116593,0.12128457799553871
701,0.048328229711763045,0.0010843461466727806,0.0010996626567335965,0.14069234300404787
702,0.17042862929543498,0.002930268192370877,0.00357546848097717,0.11488293204456568
703,0.07762630613313798,0.0007732093316959075,0.0014163844112626092,0.13389621581882238
704,0.6640613101191248,0.09837105298931764,0.09869676715675359,0.0740861389786005
705,0.09769903679149651,0.0015593765027465327,0.0013166677280443814,0.12151364842429757
706,2.2686736463308965,0.017169926894320012,0.020754056707555205,0.08956944802775979
707,0.07994355602754499,0.0010940338958608845,0.0012588488593412365,0.1283661969937384
708,0.22154155192793978,0.005236112171310579,0.005149296700814764,0.12214617105200887
709,3.182817992134499,0.041206180006929286,0.030185058573540466,0.07057342166081071
710,0.12590287376326303,0.000911805564133111,0.0016081722563981789,0.11741587985306978
711,1.2750957504232217,0.00698567437444586,0.005518641894232636,0.10016490379348397
712,0.0441871548796758,0.0008548692709311697,0.0006647484287724986,0.12045043800026178
713,0.06388856844529898,0.000725687728675101,0.0011449680367273901,0.14243642007932067
714,0.02087113710491878,0.0008990256763225822,0.0008709622005884055,0.1025656252168119
715,0.06405329461928842,0.0012099318011373128,0.001067235898673036,0.12237230129539967
716,0.1648060104899384,0.0007480484764126855,0.0014576890634038304,0.1384101463481784
717,0.559606886417418,0.00395587239480808,0.004242151716933314,0.12018796382471919
718,0.0928222441801415,0.0013382925497089585,0.0015719723137862232,0.14251527562737465
719,0.12599701876529057,0.0006005896760289753,0.0012534787533521837,0.13636847212910652
720,0.07232145245651335,0.0005274211462878303,0.0007647456589801888,0.12804964277893305
721,0.06594923248455421,0.0015883791676731588,0.001162098763381604,0.11987448204308748
722,0.05158176096417641,0.0015021536457733942,0.0016248896515593256,0.13096854090690613
723,0.15296169060802917,0.0022218880074026345,0.002660843251420924,0.11705017788335681
724,0.13259236004387914,0.002874469001761367,0.002496472840274688,0.12435210356488824
725,0.13563964510863186,0.0009917408565542835,0.0012326859379549696,0.1334859011694789
726,0.14018637298665113,0.0012201967594891725,0.0012552216505797025,0.13621643092483282
727,0.0711102736367323,0.0021413672772977914,0.0020312486956454946,0.12984203081578016
728,0.3384881793681536,0.004646291032079368,0.004220722979439389,0.09015036979690194
729,0.609767812189555,0.006025791459159945,0.007133955496037227,0.0749619952403009
730,0.33482167513770805,0.0023126897045495877,0.002829035772788751,0.13429442793130875
731,0.06928352966693975,0.0016642030753342355,0.0015502968594531966,0.13550240825861692
732,0.5049449891639562,0.00402213031138734,0.002194685174105167,0.12931624380871654
733,0.08808713106337392,0.001423280535116475,0.0011088992652015315,0.11528957728296518
734,0.05457232745337342,0.0005471679686502078,0.0007767779742882898,0.11349805584177375
735,1.3918276916033088,0.014196253988125027,0.014068298225444899,0.10050318296998739
736,0.10227675520811566,0.001102256214145663,0.0011388235184983525,0.13854751316830516
737,0.06828861842076511,0.0003167265538214281,0.0006720741037311113,0.12685454776510596
738,0.12389010118262993,0.0011716135906464137,0.0012711382127616737,0.0959921320900321
739,0.7424380528374543,0.0017761362296711248,0.006001645833132824,0.10192927112802863
740,0.1454772704188293,0.0014916731306936762,0.001785425644589029,0.13086031563580036
741,1.382435608613809,0.12650095726000163,0.12557068018448161,0.06990104401484132
742,0.13903814082321977,0.0008140424755174144,0.001378899611957069,0.1482177348807454
743,0.06265728712516064,0.000985760348437717,0.0010629454080576725,0.11646046908572316
744,0.127199469178232,0.0018467278464060974,0.0009443690449083139,0.13934510527178645
745,0.13626331803485114,0.0009929979397298883,0.0016178607865290533,0.12101766979321837
746,0.23313034662340243,0.0034243682687594553,0.002242418252247172,0.13074043719097972
747,0.054555776303709454,0.0013566074458902636,0.0015118720148456519,0.1190479090437293
748,0.08491039381576371,0.0009027713641952275,0.0011554103079435623,0.14165678480640054
749,0.2738293695519817,0.0029797635806637942,0.003656614318758207,0.10989554226398468
750,0.07524728061785894,0.0012251215324426787,0.0011530824492660973,0.11074255406856537
751,2.012268807196976,0.03915170458403251,0.04924774506930775,0.0827539418824017
752,16.44238693094189,0.15197469107459605,0.10055777515194361,0.06506854295730591
753,0.034216847545389416,0.0008713169364646577,0.0008418017573068004,0.10292693041265011
754,0.18471732778534666,0.0010885958359442552,0.0020618664487661686,0.09969242988154292
755,0.07436537506588241,0.0008194317008604856,0.0010003253593812084,0.1085781641304493
756,0.2122024359720083,0.0022129117421704593,0.0016294106580920995,0.12252284400165081
757,0.33103075557422523,0.002409101233193979,0.0022979053173804347,0.12551053473725915
758,0.429815900092009,0.006136335564650838,0.006446835408067286,0.09302865993231535
759,0.5645607253888204,0.1548201731900584,0.15425217057290952,0.10444846889004111
760,0.17121141083638364,0.0010750921355190694,0.0009129474776209004,0.12768924981355667
761,0.16843854274513423,0.002347662539627426,0.0021816474216709036,0.12447571707889438
762,0.21890693336276354,0.0019184577429697369,0.002506377021922043,0.11843685479834676
763,0.1271377916324323,0.0015998282126678993,0.0013387305919546114,0.14318962069228292
764,0.16680159553762444,0.0013178291861388732,0.0013580424530861756,0.14096929598599672
765,0.1328139053037567,0.0012671228544550626,0.0015897739674187504,0.10652314778417349
766,0.1288686242643327,0.002582081979443635,0.0014822371381769657,0.11072022980079055
767,0.08547079681736057,0.002116958521195562,0.0023797126700120445,0.0839717616327107
768,0.05106442310340433,0.004627462274555794,0.004130599652426034,0.13149274699389935
769,0.3088760941982878,0.006556929912149193,0.008077845273210328,0.09990233602002263
770,0.12162741481027418,0.00789340352823452,0.00756945446696416,0.11777597200125456
771,0.0545655389521833,0.0010669784747374433,0.0008192578629117977,0.12761064199730754
772,1.8682025931505204,0.016805216310811444,0.022089790659539914,0.10426837624982
773,0.22481059533661948,0.0012740430772445151,0.001466848347607306,0.1375881889835
774,0.16729008142197535,0.0010665075109749676,0.00141658510045661,0.1276460699737072
775,0.2998792349320314,0.003929234882344632,0.0028066960565166542,0.13241237588226795
776,0.07729301853144636,0.0034980729911564187,0.0028455757149336435,0.13173951767385006
777,0.29722847809512937,0.00298063228343325,0.002383922188536337,0.13551420997828245
778,0.08776067292620364,0.0004781108513465294,0.0008669669955274123,0.10414635809138417
779,0.10402944003795264,0.000948892018331151,0.0014458421704127665,0.12641405360773206
780,0.2414506146940387,0.07413292660519005,0.07385969979916122,0.11960025690495968
781,0.7316136013340839,0.012798144351907738,0.008443492465786538,0.11389677599072456
782,0.057732946257691424,0.00028867564422728416,0.0007805200273148055,0.12145474413409829
783,4.322148932280369,0.17517790027978195,0.1400174632528296,0.09316530590876937
784,0.12300201279457727,0.0013481771947027532,0.001775325369042653,0.10977305890992284
785,4.529603766237087,0.045910457485941164,0.07999650427169847,0.08184184692800045
786,0.20978049951334746,0.014403235365522333,0.013801720349719243,0.09082338633015752
787,0.3018921689607503,0.005379057949213743,0.003104291753130204,0.123979308642447
788,0.07863870555136794,0.002132169705896817,0.001847551300879185,0.13130910182371736
789,1.033188801668242,0.04809712036723156,0.0533056002496576,0.11999321728944778
790,42.727569327885256,0.2792948698933415,0.4077114711294208,0.05186419701203704
791,0.3438249905601151,0.005758306715954615,0.0069959402454980125,0.09306849678978324
792,0.14353306018065018,0.0015109732401934882,0.0011869084223253732,0.10636064177379012
793,0.5070853785670049,0.0040425199129751725,0.004903358833070334,0.10601449385285378
794,0.22835088841139045,0.0025652209026180415,0.0024740212605537572,0.13437649235129356
795,0.08503298898778422,0.001107390309568641,0.001132438101604034,0.12726067192852497
796,0.207124758868907,0.001289389699531037,0.0017431763321101095,0.1228957581333816
797,0.1792682092179744,0.0025895159124767887,0.002045908420192277,0.14204664528369904
798,0.13310956874323412,0.0019140839086590222,0.0011845551469928696,0.1358110192231834
799,0.2986084575156735,0.09790289997457596,0.09698065566052079,0.1390019040554762
800,0.17242888328391642,0.0024729018029407,0.002639075900245043,0.10364540107548237
801,0.11176352590768424,0.0013416957436391368,0.0012639664957193675,0.11673018475994468
802,0.08934064293104366,0.0021414937190351647,0.0014054362405045574,0.12773814192041755
803,0.4385879209571639,0.02209195954573797,0.020461104116733086,0.10212945425882936
804,0.07264333043431155,0.0014081509107003562,0.0015268086279063868,0.10335929784923792
805,0.08493937093390992,0.0022227771912435666,0.0021721474387234687,0.1339514460414648
806,0.08802130047798035,0.000589251150213798,0.000950722754707756,0.13645066088065505
807,0.3488837248944793,0.005103467487683391,0.0030146062162202374,0.1234493968077004
808,0.11768714421342402,0.0013080903886913521,0.0013617842096189956,0.15279506985098124
809,0.5169978887405581,0.0034077388587437185,0.0033245906803971137,0.11210529319941998
810,0.051655361782511795,0.000565079783866031,0.0005604637633612386,0.11582422023639083
811,0.47157850133335544,0.008170272783651707,0.006107475246993609,0.1258149198256433
812,0.2745398927273972,0.0011220174901714767,0.002002492905568527,0.13423445029184222
813,0.681825918785503,0.11879516868880705,0.11400910094838122,0.07139751501381397
814,0.21569055556121056,0.0017956822828098526,0.0024311226894059316,0.13918512966483831
815,0.11511203473677002,0.0006625664614446295,0.0010338584588515133,0.1441199197433889
816,0.11105390845882052,0.00042990377820098806,0.0011311025667761414,0.14108835300430655
817,0.15069088999140456,0.0010255239097219301,0.0017698147223599691,0.12006896222010255
818,7.426108306800082,0.11015865016924091,0.08463587823783157,0.08118331665173173
819,0.19476540842727072,0.005667343656993755,0.005309145369608504,0.13697207206860185
820,0.48428956741402707,0.04822635238653276,0.04967897190866946,0.10989671386778355
821,0.08517543546196815,0.0020746827836611676,0.002138901286008244,0.1154256989248097
822,0.08458115989093819,0.009789456054626337,0.01029884738750393,0.11743664788082242
823,0.1825531369853943,0.001555599787371072,0.0015444296048590723,0.12535253819078207
824,0.10819103351943879,0.013173631639744728,0.012468480836707124,0.09828914888203144
825,3.300619990171141,0.05366462390966313,0.03900388457996738,0.09553011832758784
826,0.12784004192196774,0.002717697927655858,0.002262889918290919,0.13331806007772684
827,0.10944193669048385,0.0010859172111084908,0.0011134041088120847,0.14881761325523257
828,0.09855094064387049,0.0018863727870740647,0.0016060149835385904,0.09503925917670131
829,0.16837055785878458,0.0003024031400704663,0.0017296085752601864,0.13480155495926738
830,0.20140770184542361,0.003967723706281866,0.004148401097759805,0.10840033181011677
831,0.18406487177510264,0.0008441053088760084,0.0016567648011501408,0.11695602117106318
832,0.05279658937171303,0.0008703518271677575,0.0009627215193540792,0.14647806901484728
833,0.05861793089615567,0.0008915098407062479,0.0011915408131330373,0.12864085333421826
834,0.3385366797338963,0.002748154795510443,0.0020838505818352115,0.12568324198946357
835,0.10005798226934925,0.0028128659584954526,0.0025423297187267355,0.13181234803050756
836,0.23903035494832603,0.002391214124914973,0.0021905157898951494,0.10992630803957582
837,0.2933555820761812,0.001717861989715052,0.002894438809136463,0.12598304264247417
838,0.19762099268091549,0.00047769719291480096,0.001675664499605682,0.15302071440964937
839,0.021445354755181965,0.0009652839607580555,0.0010787353001472909,0.14350986294448376
840,0.11591975478919633,0.0006007808908320077,0.001282663045335232,0.11978159798309207
841,0.15382964915909395,0.0009031985609617865,0.0016506922816737022,0.13234384218230844
842,0.20582198371175212,0.0019236399524219954,0.00238875765267835,0.12981227599084377
843,0.15042747954380115,0.0011245309176330812,0.0014262540597606514,0.14484254410490394
844,0.02633332594374968,0.0010405816983683122,0.001105074023043014,0.14043766912072897
845,0.05573370525531259,0.0007790494887132005,0.0007678917143603026,0.13750154292210937
846,0.09650492616596996,0.0003499519021814736,0.0008670536046988747,0.1267708409577608
847,0.14402619695325805,0.001504330609096247,0.0020028461609387905,0.141376128885895
848,0.09914005432641988,0.0009478240136470871,0.001161600727139821,0.1331444359384477
849,0.13685736776535556,0.00019160973004556616,0.0014144281726365586,0.12632478028535843
850,0.4075348288412482,0.001600076661818911,0.0045812109603776754,0.09970097383484244
851,0.22836852282440948,0.0014754258354881433,0.002285359332137373,0.1305649192072451
852,0.2257507898932706,0.0027887524435451106,0.002689314352618342,0.14934282004833221
853,0.6978301486555977,0.004650473559191575,0.005167874792656973,0.09507252322509885
854,0.14189394882490328,0.0030883971106449096,0.003104611978239283,0.12547032488510013
855,29.737139954550322,0.2217420696700832,0.3309920564452391,0.11232367809861898
856,0.1579943683292301,0.0023348884937469676,0.0023627048468588354,0.13453758088871837
857,0.13701718716573924,0.0007489526676637206,0.0013261565125353332,0.14102785801514983
858,9.511562806978903,0.029174032445997384,0.10360736661040199,0.05863178800791502
859,0.40905742008911433,0.002891737650418535,0.003158374258633871,0.12166416924446821
860,0.013519822612452931,0.0008193064437632886,0.0007343239063673408,0.0970397018827498
861,0.0683025963902862,0.0029365704277832957,0.0033316586600210664,0.13180594192817807
862,0.2155863887654814,0.0029674792870664412,0.002251183700894002,0.11855748714879155
863,0.06211525497212089,0.0015439242144430075,0.001582668668532648,0.12492606183513999
864,0.28449777599103515,0.003611616517659154,0.002240787574942401,0.13414562307298183
865,0.19357024618462176,0.0012491340547546835,0.0017233510911825636,0.14195075118914247
866,0.47969949585030547,0.005952377715038366,0.005816408774529244,0.12877839105203748
867,0.1292239733018765,0.0023530506792057734,0.0013044658194258432,0.1297251801006496
868,0.04729377241467991,0.0011789743600393481,0.0012051030860861657,0.13827730808407068
869,0.10168914439092885,0.001768559839090392,0.0010450321837609281,0.1082710181362927
870,0.1338613461611323,0.0015164036404934941,0.0018038840088149411,0.1410076878964901
871,0.2172991303688489,0.0012955249953929186,0.0014675077962092362,0.11576802004128695
872,0.1561873685692374,0.0010702088057067884,0.0018020809384671499,0.12646455690264702
873,0.8841870476696218,0.014630825326528473,0.01185506813790747,0.12772500980645418
874,0.05248282680662314,0.0007314356590326901,0.0006615135308981841,0.13890364300459623
875,0.08596395769493506,0.0011469543953763711,0.0012750849823545969,0.11438649287447333
876,0.22117749667600095,0.0007174393689091759,0.0017051870229756877,0.13753358600661159
877,0.11772472701784384,0.001035570692204337,0.0018188294362436546,0.11661008605733514
878,0.22807048799805577,0.0011173370017911106,0.0018623030487283161,0.13037988496944308
879,0.21675468232952844,0.001392526776600705,0.0024579934577914943,0.1277347537688911
880,0.2407623882987748,0.002131481040082577,0.001830172674847512,0.13220777409151196
881,0.36658449204212223,0.002874723036058193,0.003073545497151426,0.1307505089789629
882,1.1025368261596924,0.15092281823217774,0.14711718596707765,0.09295340767130256
883,0.09544864383551012,0.001011296500564155,0.00147437734295586,0.11113848490640521
884,1.4115513882028112,0.02506334388684666,0.024861443530061682,0.06935091502964497
885,0.4885142061234325,0.005329734210601786,0.0047761845029255,0.12249941378831863
886,0.1848865624646244,0.0016336934765315437,0.0014702954394465425,0.12104752473533154
887,0.1314688592142008,0.000978361321517382,0.001411145010243343,0.13082140544429421
888,0.1608353095637038,0.000998087650692599,0.0022377946232473482,0.1192198540084064
889,0.02891334080120336,0.0005738171292194017,0.0007164501418236265,0.11568323895335197
890,0.5015400473155438,0.007591583025512306,0.006169957692904987,0.08663603803142905
891,0.3756181568050382,0.004823558624012142,0.0020685913809894213,0.1220883559435606
892,0.0655340529420749,0.0010602992521458721,0.001180065751688967,0.12759554712101817
893,4.937218187398783,0.03485568840537779,0.05424023223674774,0.08479583403095603
894,0.08390308650928426,0.0009666160751444217,0.0008429482229342219,0.1385855390690267
895,0.0731523237933975,0.0014809246854446743,0.0015078399397983262,0.14206596929579973
896,0.08675413741298658,0.000671173005276807,0.0011469536563677976,0.12738299369812012
897,0.09014558415808238,0.0015527309201404283,0.0013315684414762013,0.13908090069890022
898,0.12116890600264613,0.0012862990981390024,0.0015660504113185333,0.11541808396577835
899,0.12095811445743888,0.0008635966497772737,0.0014858830633878734,0.11823368445038795
900,0.16863467705554275,0.00130417096424197,0.00099636225417956,0.14485351461917162
901,0.9429857817732916,0.03429039322907941,0.031099442546899215,0.07930000778287649
902,5.026499059367754,0.07419018462715724,0.11284773493155639,0.0696580526418984
903,0.06623111698860415,0.0001232186255380407,0.0006173180920844362,0.14723382191732526
904,4.578465001374441,0.06713874157692352,0.04527472365523077,0.07849723706021905
905,1.364926478320898,0.07890378026757429,0.08430068985751105,0.11226734705269337
906,0.10310257624939753,0.001422648941033397,0.0010247962170516962,0.11059057107195258
907,0.11412164388991977,0.001011291539930955,0.0013215397325757605,0.13599009485915303
908,0.17874269289370237,0.0016974096281478386,0.0016946166619342619,0.11724281497299671
909,0.03636556335920919,0.0013461419958703284,0.0013488834873012449,0.13514182716608047
910,0.11559993301791122,0.001931949655692598,0.0014352175827337457,0.11952371383085847
911,0.4910173463096159,0.000483332029337241,0.00431195275677127,0.13194271083921194
912,0.48360157907268364,0.015439656325323379,0.014917383985012914,0.09713215660303831
913,0.22693544348803857,0.0397348452627725,0.03791895273393369,0.1064851600676775
914,0.10714795799415525,0.0011100846255013813,0.0013245946457424336,0.14280530996620655
915,0.08810154044832214,0.00044914599243788824,0.0008061442238798619,0.11581924092024565
916,0.13213764671540854,0.0011025998641717352,0.001380965553126083,0.12884571496397257
917,0.16239711627129153,0.0033501112968521538,0.0022176211769564455,0.13554169377312064
918,0.13094715749528965,0.0009182032394956046,0.0012644538930137105,0.1449424116872251
919,0.030797296072101278,0.0009456816264850229,0.0011051795337465391,0.12915244698524475
920,0.05416039295653474,0.00516406568482362,0.004985264518954894,0.12176301935687661
921,0.14612517057676894,0.0007241992839972476,0.0010360516378668753,0.13033227203413844
922,0.09441704007682383,0.0009234163090443935,0.0008040985285912199,0.09298795321956277
923,0.6761974699531094,0.19600760036647835,0.1892013492448583,0.07380028022453189
924,0.8309785386401842,0.005075202158900236,0.00683385798938092,0.1110445256344974
925,1.156539823515013,0.00466254354908806,0.017620600939562813,0.1328946528956294
926,0.06762290548328777,0.0008057088140664157,0.0007512614100762525,0.12391732912510633
927,0.05861017075160397,0.0006557106017349881,0.0008362252459763339,0.14953718706965446
928,0.11543264174914623,0.0011480455671189769,0.001323590906495148,0.14078365312889218
929,1.123109017880315,0.015053985293569789,0.016013841922551224,0.07751017669215798
930,0.07810588033515323,0.0011391289421974259,0.0010912961369366093,0.11104635195806623
931,0.02587744629407202,0.0007090351567694842,0.0007626714121247374,0.12980506801977754
932,0.11707527794633436,0.0018011427096975411,0.0018596307670470796,0.08983051823452115
933,0.3953164143344408,0.006518334291217566,0.007125837223158924,0.1288523911498487
934,1.2934799983517755,0.06706660835982257,0.06081251562537386,0.09868067223578691
935,0.4485390988035092,0.004331051445260111,0.003900959845228805,0.10338847897946835
936,0.17864160563660883,0.005185470016320418,0.0043650797478190645,0.13503325218334794
937,0.06379800259993387,0.0010507439661080298,0.0010037713040277382,0.1267074178904295
938,0.6575901029302065,0.005215232349050156,0.0048238320159997945,0.14255574764683843
939,0.053756492556071976,0.0006190466793957975,0.0005998315006361842,0.13635680871084332
940,0.06699079137363648,0.000683074391003127,0.0008475804059457688,0.11732200672850013
941,0.08395170689879837,0.0011017597457693004,0.001582705700762453,0.10075569665059447
942,0.252478617900554,0.0031901995325318844,0.002077144342065331,0.1341884029097855
943,1.9598348214790866,0.028252826507766407,0.04087111112595507,0.07150754611939192
944,0.06937713453710274,0.00046338706575180835,0.0007735951581242395,0.13996745878830552
945,0.2025273048490235,0.007605609359981615,0.005522586500509333,0.11687570391222835
946,17.066895189265484,0.05987801937629564,0.14038439190617052,0.11718383291736245
947,0.15693213336945216,0.0026931997262142457,0.002727410628022637,0.13082359684631228
948,0.2679604364967113,0.0022058655131888634,0.00223566582788504,0.12545783538371325
949,0.14178205009099823,0.0030179118452742584,0.0029680118923937817,0.09686860209330916
950,0.2183653169878085,0.00047722358002557074,0.0012657518357416467,0.12958310917019844
951,0.11775982084410515,0.000805627241295451,0.0014599591826030686,0.12696946505457163
952,0.14863952031347052,0.0022228737710300373,0.002192890254935786,0.15030102524906397
953,0.05864941773526647,0.0007239477240509985,0.0007390376772517083,0.10755879990756512
954,0.08603032084981456,0.0014521389483482794,0.0016087035562985896,0.12431001802906394
955,12.365660804591506,0.10289722532231595,0.14844554867264984,0.05571543099358678
956,0.3117858659724963,0.0017399917291580946,0.002287080684804337,0.11743326485157013
957,0.12066116219299641,0.001528961371198762,0.0012271705002607856,0.10545638622716069
958,0.09086748469453086,0.000934159347610536,0.0007697415771332599,0.1279878718778491
959,0.3642356273728289,0.0033002476932633903,0.0029357071923868366,0.13041681237518787
960,0.37081556671191934,0.01793190499410562,0.019165250338798727,0.11386175686493516
961,0.16729384234365152,0.0014510111648075412,0.0019475280340107493,0.11131538776680827
962,0.6830595588352738,0.013593007874288394,0.010119856176552693,0.08957497822120786
963,0.14281003749099153,0.0019363966388991532,0.0014983561276601658,0.14395734295248985
964,0.13775877541080817,0.0021950190179885424,0.0022668228631774184,0.10940032498911023
965,0.082404707169477,0.0012849300433104322,0.0011691298871822828,0.14323663618415594
966,0.09307874692100628,0.0029193143454027057,0.002098690562686673,0.13369962200522423
967,0.866236243391422,0.05396245144411826,0.05184878820829798,0.0868559037335217
968,0.5139851734493666,0.015412346833427784,0.012208629158887638,0.07224950520321727
969,0.12420386269747244,0.0009138039115289092,0.001335570898941083,0.13751070899888873
970,0.09514656939482644,0.0010713215984891142,0.0013311695383456392,0.12279800837859511
971,3.47155499961348,0.057450131816763964,0.07703817035394223,0.05505010671913624
972,0.2878663292549864,0.004632116473606011,0.004737809274841218,0.12757202982902527
973,0.14645887559805112,0.0007702644936175087,0.002195715993402479,0.12102080695331097
974,0.10651041877100033,0.0019351614201284588,0.001460746739948973,0.1238496508449316
975,0.08706898535392708,0.0009905518416200463,0.0009002526005411078,0.10812290105968714
976,0.3564245641342725,0.009409823468630438,0.00666860872736719,0.12242778390645981
977,0.6193693696245706,0.004773358798634736,0.0035597703710014503,0.1208017049357295
978,0.16650398816465756,0.06259953596689917,0.06328467063306217,0.10171285225078464
979,0.13371882405566934,0.0023598900807064267,0.0017795670018152384,0.13849641103297472
980,0.11566178708212785,0.0015271971610331032,0.0018713200151424048,0.14829712128266692
981,0.2618699173351979,0.0045963055010777186,0.003303305242639775,0.127721409779042
982,0.05036481755855776,0.001360870173594598,0.001625271928840335,0.11603134777396917
983,5.1717979100407785,0.029543950857422688,0.05174543918272636,0.10376884508877993
984,0.22569606863068123,0.0017339428760898333,0.0025655670401751123,0.1370018278248608
985,0.04207442731639288,0.0012614820127758183,0.0014213986464962764,0.1273418958298862
986,0.09506134977744685,0.0014671623409466114,0.0013427719938361063,0.12272405903786421
987,1.9217150411873414,0.03632569573425166,0.028989336538938253,0.11650168988853693
988,0.233441225408956,0.001932191475754065,0.0017692828399569639,0.11680235899984837
989,0.6291469445383477,0.0052221416443409335,0.0035216429203942315,0.09129361296072602
990,1.3838502536006254,0.012032422545239136,0.01757401935596907,0.08899912191554904
991,0.812230869712309,0.022223444360314946,0.020036790159536733,0.12437603762373328
992,0.1667306133999609,0.0037406718123315003,0.0029144987935223556,0.12153311120346189
993,0.17268433289314022,0.0012884583499205918,0.0020292586021184887,0.1265872148796916
994,0.08983700878231497,0.0009711095868590862,0.0008211600210933465,0.09313487028703094
995,0.13693178101525677,0.0011391023240064871,0.0017498547291564064,0.12547266762703657
996,0.4601965443069529,0.0028987125558351187,0.003998535821542192,0.11336823320016265
997,0.06231863556090554,0.0008398935506528964,0.0011918568110456443,0.12391974171623588
998,0.04600294569404655,0.0009362389985562172,0.001281202490273015,0.13844769867137074
999,0.14912720870922655,0.001830768185987725,0.002515447038916256,0.14323649695143104
1000,0.16381391968929396,0.0058728096525313975,0.005135365113898325,0.12127700494602323
1001,0.05261675739646594,0.001036742187338317,0.0010327592567684525,0.12688955012708902
1002,0.05384827000468623,0.0006422634551463698,0.0007121461164387014,0.11668202094733715
1003,0.1397769943583993,0.0012159651217482756,0.0016960666192197824,0.11705564195290208
1004,0.03619594444964181,0.2210515924499053,0.22112030195120844,0.07759103691205382
1005,0.2525824442533422,0.008308907420431392,0.00977262060622365,0.12976983096450567
1006,0.11407419728972332,0.0007896926905999544,0.0009934110069580043,0.14396659890189767
1007,0.1287743705959989,0.0011178781360827133,0.0011095608362876222,0.14137812796980143
1008,2.12743412527738,0.03991611552802578,0.045958972725091606,0.10728922626003623
1009,0.10065284298734681,0.0012257197911115512,0.0013335396575464003,0.13492003828287125
1010,0.20856440339997553,0.0019508618586261176,0.002738386988374759,0.120101029984653
1011,4.580574533354713,0.03336018504499093,0.05292665020719846,0.07407222408801317
1012,0.5562552105079042,0.005255487288997095,0.0033771858857751208,0.12760458374395967
1013,0.12291957749235384,0.0019229247779112345,0.0012631236275941137,0.115879587829113
1014,0.3965420495739682,0.00388127843865023,0.002629749803673292,0.13650669669732451
1015,0.1375640784410689,0.00225369134006841,0.003071118980979967,0.12654971471056342
1016,0.07910223674684166,0.0006824869561016587,0.0010248604124499419,0.13429927406832576
1017,0.21528272983830446,0.0020707846230735207,0.0019144465172714442,0.08859773026779294
1018,1.4007256390145455,0.007387018189765411,0.017803681190228758,0.11106716422364116
1019,0.06824129168557629,0.0007767642811221793,0.0011358089535510002,0.1412300979718566
1020,0.17546405883377447,0.0060542585696122956,0.007984753259178395,0.09822908416390419
1021,0.1251740796153886,0.0018439745399587708,0.001797986367886596,0.12462500808760524
1022,0.04539103357606378,0.0016580914165688525,0.0012932837747470613,0.13651629770174623
1023,0.24781860520695073,0.0011979162736498344,0.004791690542258531,0.11895252577960491
1024,0.059197620294858554,0.0021981382505314884,0.002340225879779424,0.14005841687321663
1025,2.9948492494354535,0.04223051019663395,0.04209624991040932,0.08916211221367121
1026,0.16762747824879762,0.0009874862014385111,0.0014658586256898534,0.12068797321990132
1027,0.2817130149776633,0.0071238042616164465,0.006855059844204261,0.11976603232324123
1028,0.15459778642009456,0.0029765579246683062,0.002980253172818421,0.12317489506676793
1029,0.06843101534052994,0.0005449930650766138,0.0008376205965215704,0.12264127098023891
1030,0.06358865233558363,0.0029930890739396335,0.0027296430003097864,0.13362830691039562
1031,0.3133856899780144,0.005361746721631718,0.0030329380391375662,0.12648236099630594
1032,5.297377873910103,0.04660480988639272,0.06463344987041557,0.08080025296658278
1033,0.11169592948252656,0.001706518811703259,0.001384741801284166,0.13101015333086252
1034,0.04863815411030249,0.000943580790801911,0.0006458784329398092,0.11535427533090115
1035,0.11089578392596394,0.000924526967398633,0.0014312581529595627,0.13036904484033585
1036,0.3964452315554363,0.0006895951543016665,0.0032228527327006124,0.12193452892825007
1037,1.09193102211466,0.029199007928220628,0.021609861337335987,0.09000137681141496
1038,0.1882655267168549,0.0015855355767273335,0.002125774936448238,0.10746126202866435
1039,0.08950125284982559,0.0014562024957445515,0.000887740286758318,0.11808750592172146
1040,0.18864382276233854,0.0014133030947396659,0.0016944832447710692,0.09422026108950377
1041,0.06493698374935754,0.00026658323822520744,0.0006057591883990639,0.13383937301114202
1042,0.10674281413215099,0.0010161858490355508,0.0013214561809116075,0.13710626773536205
1043,0.09994588796507718,0.0010549306464020761,0.0009059303460770595,0.11271477397531271
1044,0.25263430745966836,0.004787499869338596,0.005092807858616164,0.13001617277041078
1045,1.0207049787609352,0.013031777404393709,0.016316748380224507,0.09985707374289632
1046,0.11990725263794036,0.0008707101561766247,0.0016661123269688784,0.13948900578543544
1047,0.11665296364054047,0.0001766287317531053,0.0011432986776052597,0.12374804075807333
1048,0.06372671598103899,0.0017249669584363122,0.0014623057533270953,0.13510363176465034
1049,0.11839501541249219,0.0008760033301314339,0.0010791774845786614,0.14577033929526806
1050,0.19762079839121097,0.0006177933846464995,0.0023309176808667853,0.13783346395939589
1051,0.13670444214531513,0.0023999080546165397,0.002263151832238138,0.138053169939667
1052,0.05429197214734345,0.0020598844587476008,0.0020905091855211466,0.09344455879181623
1053,1.3670679835248394,0.05504041659669528,0.047465975648266164,0.10650616511702538
1054,0.11186855658029567,0.0015090202116039317,0.0010824061655673777,0.12817926611751318
1055,0.07994275543102466,0.0018794502825352968,0.0011835812675297158,0.13715333491563797
1056,0.25985943288050933,0.0011518797778361381,0.0021666122745850015,0.13977602124214172
1057,0.6746763039085891,0.13257194596119223,0.13611328211142087,0.11698897089809179
1058,0.18554944945507762,0.002198179599262568,0.001917528064794592,0.14454648923128843
1059,89.24162395861553,0.7316085301428681,0.33552041056565257,0.08242950309067965
1060,0.087353268342184,0.0010559095369904983,0.001353352395887629,0.10211632074788213
1061,4.235238387187501,0.1441530369607108,0.12363443105969368,0.10518670734018087
1062,0.1574253097731631,0.003093272876810576,0.0021994861073224427,0.13002688018605113
1063,0.15073075573540615,0.002282486771606272,0.0023056170970377353,0.11393185099586844
1064,0.4733208966125729,0.00402336836723661,0.00379955010679259,0.12765761092305183
1065,0.14822979305938133,0.008572354847542821,0.0077561463453273685,0.09466841211542487
1066,0.0960110042637645,0.0008282320127032941,0.001046724709527662,0.11717402609065175
1067,0.21698130874136248,0.002264084622367967,0.002850906917989515,0.12763165310025215
1068,0.20508796238003915,0.0017912400728673824,0.001713453132102765,0.1080794963054359
1069,0.06955022877863586,0.0009493382774383992,0.0014375549762483412,0.14327102899551392
1070,0.40226721405908933,0.002818403493732307,0.0025897311681639485,0.11708225728943944
1071,0.2943778694863603,0.0036891552565688824,0.0024281673950867074,0.12825268087908626
1072,0.09425607529929288,0.0004692329764271614,0.001001565563848047,0.13877173094078898
1073,0.16201496885730113,0.0033759688527189614,0.004129510221801138,0.12950059492141008
1074,0.6900044755074974,0.0074522723342155565,0.006393739242088104,0.10990079212933779
1075,0.06640467144890526,0.0006375548721359018,0.0007779614900500096,0.08890913985669613
1076,0.05574268811840607,0.0015496457585964525,0.0013157201706800606,0.13340591313317418
1077,0.16927582513836378,0.0013031903337013954,0.001725682098786843,0.12664096103981137
1078,0.399418433986741,0.008311771923648065,0.010177096521562607,0.10903924982994795
1079,0.1103401008377902,0.0007618205007894112,0.001139425690757052,0.14260732615366578
1080,0.8197056107671252,0.062086584246343994,0.062065035605571285,0.09430824918672442
1081,0.10322213973704047,0.0009793402940947013,0.0014434249334615932,0.14251735340803862
1082,0.28295616839756815,0.0023589844888011013,0.0019358354346936482,0.15001061093062162
1083,0.24879959858322762,0.0008769452619051023,0.0026336239613932253,0.1048437119461596
1084,0.0922455814018413,0.0006225140102167069,0.0011748325096581802,0.13710726983845234
1085,2.4291961043059302,0.023770271133549035,0.028325080074525555,0.10385572956874967
1086,0.07605910534253241,0.0009458268456122777,0.0008902316477800386,0.1410434888675809
1087,0.19920958832696348,0.0018212991707967044,0.0022379778719676,0.13818969717249274
1088,0.1250406697114321,0.0017911916084569902,0.0018766915046023267,0.14815744012594223
1089,2.6920403754981757,0.06408042008337762,0.0458208009837652,0.06938170688226819
1090,0.0745833338483771,0.0015969832701012037,0.0012944562874405289,0.11626026779413223
1091,0.07349912257823057,0.001120257905157588,0.0007150285331219839,0.1256739287637174
1092,0.6679639573356982,0.012895484749641362,0.009637275223055613,0.14123223815113306
1093,0.8307969066398164,0.0031509614925667134,0.007590690434884465,0.12459415988996625
1094,0.3459032862690996,0.005305611481643699,0.004867234636654811,0.11981662176549435
1095,0.14808557342012768,0.0014761873014793802,0.0017232311844335513,0.1486286069266498
1096,2.45155982394919,0.04770612089503525,0.05356403088908244,0.11079129530116916
1097,0.0830432660464138,0.0003008352259390469,0.0009489751343352283,0.11788192996755242
1098,0.24587703974664177,0.0029940845960885897,0.0038308677704564005,0.10630432004109025
1099,0.06252706860147385,0.0005022401192834772,0.0005488903230141269,0.1315716840326786
1100,0.2035690091194467,0.002199865068561202,0.0011912733088927988,0.12398099107667804
1101,0.09714335362059,0.0004425849525563333,0.001152997072610144,0.11559216491878033
1102,0.08410554395195982,0.0008303988084873405,0.0011781074287437242,0.11507368413731456
1103,0.148405275378655,0.0009356755574992737,0.0011519748609609168,0.12620824296027422
1104,4.503646781169049,0.05032553332047129,0.05705394731918715,0.0806916980072856
1105,0.05624405983975305,0.00045931578841429925,0.0007276108447345664,0.13953500287607312
1106,2.418207493393393,0.04218473680464076,0.03229221578517364,0.08316658390685916
1107,0.05059128990972127,0.0013419578447072303,0.0012866293009921054,0.12315428629517555
1108,0.24767863120200834,0.0016015997397336409,0.0016272630361464683,0.12099028006196022
1109,0.0577893754908558,0.0005902126211187477,0.0010064630446713983,0.13441440416499972
1110,0.09997999284088764,0.00012503529551406302,0.00098502134367712,0.12324789725244045
1111,0.1296154231062183,0.002243774755865709,0.0023252449643491758,0.12327504297718406
1112,0.052387033187091224,0.0010780466491885285,0.0010993588616623271,0.12117074383422732
1113,0.2211000442247827,0.002134024281515563,0.002117572253405419,0.12920473096892238
1114,0.17034273393218802,0.002337164368069049,0.0024077998322078694,0.13679655408486724
1115,0.05675034087619621,0.00099207741783197,0.0008940644497758775,0.11042976705357432
1116,0.09988183128407903,0.0010782994144150884,0.0011903003177432523,0.1261139647103846
1117,0.21477794130276515,0.0018747073546876171,0.002132381531931723,0.1425245041027665
1118,0.1241572676230026,0.0019598726928708914,0.0012623521155950695,0.1394987991079688
1119,0.09509121016474818,0.0005662825729483056,0.0006594058198190697,0.13153473986312747
1120,0.11218539374649453,0.0006031058308422924,0.0011073608527163838,0.11072390107437968
1121,0.12763065861245537,0.0022298218826633273,0.0014544197069368645,0.12540402822196484
1122,0.051339116895871624,0.0008392333041832946,0.000875039992632086,0.11617641383782029
1123,0.11030443322478739,0.008367176426951424,0.007767059956391351,0.10556357027962804
1124,0.1292239342560672,0.0038060900549942937,0.0028337964536152174,0.13588876696303487
1125,0.179451948802419,0.002361413034795098,0.0025862980969621127,0.12221405608579516
1126,0.20328880376395547,0.0006266506140190018,0.002368203506080046,0.13715216983109713
1127,0.12711496587954602,0.0006975788170451073,0.0017760156928327926,0.1050378386862576
1128,1.3912284279145677,0.034366460227138976,0.026296998527563023,0.11517390003427863
1129,0.06502594822756529,0.0009208032566488028,0.0011708843583243963,0.11400580918416381
1130,0.11414283399649852,0.0008636517470189974,0.0009303715828061028,0.13748818589374423
1131,0.23161524550215754,0.001739329967773296,0.0013080112116279703,0.133045872207731
1132,0.10896415074270854,0.0014794386339747375,0.001231355781360692,0.14021357614547014
1133,0.222419057679247,0.0014146271970578294,0.002295904920566961,0.1344660548493266
1134,0.15110101449146257,0.001305159908266693,0.001296826766209348,0.12028785608708858
1135,0.6421461804704038,0.007334468831769894,0.008251709966242719,0.1113931629806757
1136,4.895650801468102,0.12038467899323053,0.13034172366118443,0.12867268128320575
1137,12.928531948509882,0.04770168199569465,0.15085853380337894,0.13966388581320643
1138,0.13845209131198016,0.001423856228044671,0.0015005528745277558,0.13257947005331516
1139,1.2730256344748914,0.053478840585889725,0.045900840506018926,0.11135713011026382
1140,0.07590825244287633,0.0009265426983154513,0.000996020846644719,0.11496917204931378
1141,0.2147489992565267,0.00423717738239497,0.0026629684786510866,0.1364575489424169
1142,0.1809943217696996,0.001794154061932268,0.0014277966903233747,0.10688025411218405
1143,0.07946554689164655,0.001116413278804757,0.0008659620318563338,0.13547147996723652
1144,0.8236874608953543,0.013683108660534741,0.015833222425341485,0.09426080016419291
1145,0.0645189513026881,0.0015451211434572556,0.0014328993280572683,0.1418254179880023
1146,0.13048355520754001,0.0055442902063923254,0.005704617451304579,0.12961039133369923
1147,0.06650805621357266,0.014802240691203464,0.014879574559958883,0.11964199505746365
1148,0.1665166010164788,0.0007998785738103312,0.0018226133135271058,0.13530130684375763
1149,0.12460666802957848,0.0008850605021317967,0.001498311522609538,0.1154752466827631
1150,0.4456740853701497,0.030062161683528637,0.02828704439004833,0.09069268079474568
1151,0.08868690503739242,0.0013861778904709218,0.0013716470454001272,0.11397556774318218
1152,0.10936276835896049,0.0005966921180546877,0.0013369003382149355,0.11391045991331339
1153,0.37556198288532444,0.008369546473141663,0.00574942536236132,0.12460700096562505
1154,0.06996331100462382,0.0005820460070589822,0.0008684295243251539,0.11496899742633104
1155,0.08270135155928973,0.0015983952386196623,0.0017451572787600515,0.1339499200694263
1156,2.5492708677943576,0.05376301572186198,0.046708082743200305,0.0680950372479856
1157,0.030744275375598595,0.001389818478382677,0.001413142307616575,0.13742394233122468
1158,0.07886174007119884,0.0008595851835772457,0.001339512047145206,0.13184581696987152
1159,0.09720352137918226,0.0007114035278171807,0.0012980995050566524,0.10728986700996757
1160,0.2921007347816466,0.09408209039174711,0.09383333833421303,0.10010511102154851
1161,0.17617795605617992,0.0022759898710759483,0.0014834360381359708,0.11601654207333922
1162,0.4050083785719594,0.0015715484353876702,0.002955399062659749,0.1425556200556457
1163,0.10672953468344,0.0015979547154979115,0.002125795348121578,0.11761115724220872
1164,25.727839841168592,0.24352723871593016,0.24718057175679192,0.056115129962563515
1165,0.11013148135763001,0.004960366174189823,0.005090912056071183,0.11652741115540266
1166,0.6381163652483337,0.009633234327427341,0.012207384431602426,0.114972157869488
1167,0.1546844330021018,0.0008496652084289694,0.001179688104828449,0.11334090167656541
1168,0.39674866914967494,0.002271759026983887,0.002791340295692022,0.1260918788611889
1169,0.25863505357025124,0.0033473251247010043,0.0020801648751382846,0.10957392491400242
1170,88.8392298843073,0.43634176421921994,0.8033974450023981,0.07056706538423896
1171,0.11943020585027404,0.0013503482853318082,0.0022709701005804257,0.13100525923073292
1172,0.11110211366988261,0.0015999303877520935,0.0011101110070538948,0.14989553205668926
1173,4.896751691650181,0.014480816719457733,0.05652154504778132,0.06234275456517935
1174,0.19151256817992837,0.0021931829965088586,0.001303812439973418,0.12109102495014668
1175,0.1976166694150306,0.0027377842175050162,0.0016231773107431952,0.1350966258905828
1176,0.2691716847556509,0.0035885474415316425,0.003777960282960197,0.11833966290578246
1177,0.7925580681758642,0.01948345338620912,0.019844223544526942,0.09762839879840612
1178,0.10612319001420784,0.0011252629992833123,0.0010954934546830615,0.11744088307023048
1179,0.12405238521118579,0.00015968318237986022,0.0010414364189485145,0.13893545977771282
1180,0.07217494657080854,0.0008676736389195039,0.0010533657475020617,0.11498291464522481
1181,0.10048147994293674,0.001286118732809973,0.0011892322752623597,0.12768476782366633
1182,0.27159456780313396,0.004305909170590961,0.0025800585549055352,0.12013655807822943
1183,0.1834238711582631,0.002035215421422405,0.0022402680621818765,0.1467709206044674
1184,0.03954381439459078,0.0010967164001189395,0.0012866934982147572,0.14131497079506516
1185,0.25711193122944487,0.0021334707039803277,0.001707662097822182,0.11716055497527122
1186,0.2101494803874566,0.0012632904185612592,0.002059930341028552,0.13607859471812844
1187,0.12391800246950825,0.0013638216984440093,0.0013668535530427417,0.11106080701574683
1188,0.27660922533989,0.00279695817230461,0.002201132230848788,0.11573943495750427
1189,0.2678045226709907,0.002237536993553742,0.0024710972943084706,0.117209502030164
1190,0.2747211247685708,0.0017619620820338254,0.0024714496010148678,0.14159697107970715
1191,0.09943609732433946,0.0016866337816992506,0.0015156005329381,0.1172473281621933
1192,0.28368639346537894,0.0023364011203950625,0.0012719295923118742,0.12868258636444807
1193,2.3325783102076487,0.029764078911142123,0.0093544284532578,0.08738222066313028
1194,0.4734680156528517,0.0031707489003029283,0.004047323413288898,0.11479484708979726
1195,0.8910458676741424,0.022610931622285523,0.027052594761749968,0.08451067563146353
1196,0.13898004255514115,0.0018551865339509475,0.001721598483784107,0.10124603379517794
1197,0.2526043229323704,0.002362856016745031,0.002513282169705934,0.1359213381074369
1198,0.6358665750950604,0.02518149455481404,0.02480459437553272,0.08003549184650183
1199,0.1257970826968772,0.0007641589267227413,0.0012907947854955669,0.1394656440243125
1200,0.4425845779668662,0.003365557949683537,0.0031102945467387437,0.12203962588682771
1201,0.0675739691508546,0.0011602819443223519,0.0014548753567045216,0.1396405790001154
1202,0.2706519266002975,0.006406403691925296,0.007260217294135991,0.1023481828160584
1203,0.285170856285719,0.09314812373061625,0.09353321753298678,0.1067219409160316
1204,0.05710052053260536,0.0011451794169645509,0.0006678806436083766,0.13357911398634315
1205,0.5424940235557015,0.0029709882017891305,0.006513621580889574,0.12379737803712487
1206,0.13685159925933763,0.013518929697517423,0.013961501612388603,0.10048136208206415
1207,0.2000461313306866,0.004368164541389104,0.0038147744943530745,0.10686771478503942
1208,0.48833274698951,0.000719260919078319,0.005819912591218069,0.1163176791742444
1209,0.278493933471296,0.00270248086271522,0.0033390960792251474,0.10900733154267073
1210,0.08574577597964682,0.0017783175578791673,0.001984172773753694,0.11642928374931216
1211,0.14595739786902273,0.001162347331523143,0.0013872293962510468,0.14262168109416962
1212,0.1501084440553397,0.0017399603385324955,0.00252617305235381,0.11363450204953551
1213,0.21570937156210845,0.0026857210387654833,0.002145327882731403,0.12420057924464345
1214,0.10086624734151609,0.0014716281942718738,0.001514526082962203,0.13520509470254183
1215,0.18150146705418896,0.0018586932775450737,0.001723939100066253,0.12911488814279437
1216,0.17107300430857508,0.0026100933881256596,0.002925610867121556,0.13119164668023586
1217,2.583864722407261,0.015448722048403089,0.02320525607034078,0.09189094323664904
1218,0.0798710424603832,0.0012639221286921672,0.001535524489484198,0.12237778678536415
1219,1.0121038126474473,0.00640778369119031,0.016015350346155054,0.09341427311301231
1220,0.16358180786735801,0.0018847149878742464,0.0012221831085601857,0.12059523398056626
1221,0.19310408109498367,0.001880865702787309,0.0018501457541880203,0.1323597221635282
1222,0.1032017993879906,0.00043540434310807366,0.0010257157245667837,0.14130553603172302
1223,2.4419364229100187,0.056623545292172145,0.041458777602140465,0.11428753472864628
1224,0.3547234386170575,0.006320467886901723,0.003915719252771069,0.11712410999462008
1225,0.09026192952580353,0.0012002727368801277,0.0010620191426527754,0.1252203960902989
1226,0.1496490705056868,0.0018170382427557875,0.001650427519972129,0.13047555880621076
1227,2.348765546354322,0.025125552148380165,0.034965271471266,0.10005716467276216
1228,3.031263810001924,0.11898148918396836,0.12868000308199345,0.09384565381333232
1229,0.04290223667192541,0.0015928369320473872,0.0013837591646395104,0.12862606486305594
1230,0.15811905316211886,0.0009605159704649123,0.0014510203104325559,0.12128073489293456
1231,0.03742046934056317,0.0007720226418093326,0.0006496410937928131,0.1288641788996756
1232,0.26027866585891624,0.002731675602895868,0.0015576662895873702,0.13297346234321594
1233,0.1657674616967513,0.0016580623564700896,0.002410422665172765,0.10612147999927402
1234,0.27681383692179073,0.00023691816266574632,0.0023878489098400507,0.13594918278977275
1235,0.17772567788011864,0.0019575972711332696,0.0013043043104597966,0.1138536767102778
1236,0.38601235895009617,0.004936747840588073,0.002565678472374305,0.1393298339098692
1237,3.640491767756059,0.028740800450147923,0.038705222535700766,0.07545676082372665
1238,0.23749946919555448,0.001390232865967961,0.00276908467174999,0.12442954676225781
1239,0.1412282141500977,0.0011224646291633962,0.0017787364622736375,0.1174328881315887
1240,0.4913712127734298,0.021624262213356643,0.02067692825993194,0.0718073002062738
1241,0.12966607558648421,0.002342535837390482,0.002387156121729647,0.1362333088181913
1242,0.1661688466647171,0.0015347362280789722,0.0011291432881839825,0.0983262131921947
1243,5.378120253128231,0.07238324714346818,0.07138875190808108,0.10361217008903623
1244,0.19135497226867945,0.0011384396079482145,0.0016130348576089374,0.12430830905213952
1245,0.27913440594680206,0.003955029479580193,0.004253334493621057,0.12384135415777564
1246,0.21368036032272253,0.0031461689874895515,0.0027828861469070525,0.13380808709189296
1247,0.26586244897369044,0.003933293408995981,0.002455908272401415,0.11443660873919725
1248,0.4043233011209408,0.004228447126712051,0.004455726336562995,0.1371661787852645
1249,0.397184281936599,0.0014746035987128956,0.003502323202903289,0.11668680608272552
1250,0.538971020103185,0.06396260545888154,0.06702073738550487,0.07504172204062343
1251,2.725157047771293,0.033915681728918026,0.04436692390122412,0.13190749986097217
1252,0.10663520725670679,0.0012605137431094971,0.0009039373528718898,0.14379793871194124
1253,0.12604314636652217,0.0013159575179354243,0.0019272096628156308,0.1353186871856451
1254,0.2410861771278137,0.002206853151624728,0.0013661039544131215,0.10928368801251054
1255,0.19282352288164994,0.0010231445040854562,0.0016245859383844663,0.13420499488711357
1256,0.14953692157973858,0.0016299038468229258,0.0017718286492466007,0.11089817900210619
1257,0.10625736418568099,0.0027547427652223062,0.0022847236697837946,0.10709186131134629
1258,0.09683591245728498,0.0015389613810779022,0.001391522701808445,0.14473591232672334
1259,0.3835307033517267,0.006755277617422779,0.00564609190483026,0.1041240650229156
1260,0.23577303593303853,0.001115962746222245,0.0026541050038407133,0.14597292058169842
1261,0.10521708363885239,0.0007375952366676848,0.0011043396464687383,0.13333540270105004
1262,0.0783506097089607,0.0013054402564936453,0.0011484553758026289,0.12868373189121485
1263,0.05550825457969212,0.0011729383780046537,0.001087853903351555,0.15056708687916398
1264,0.04943306979469686,0.000770860102875287,0.0007394503105320741,0.11499229492619634
1265,1.9431332269615238,0.04090744345425325,0.03600023341156401,0.11898420099169016
1266,178.97496213303404,0.7394273694805876,0.22251298207090184,0.09207842079922557
1267,0.6295100568709234,0.013636940557431624,0.014707059021831335,0.08919732877984643
1268,5.399557833806395,0.07102548019874708,0.050986401987754754,0.08578505087643862
1269,1.8661475155050171,0.06494905021464623,0.051883763148712014,0.08000531978905201
1270,0.23110474505427595,0.003175414946750384,0.003304022865920181,0.1368107171729207
1271,0.7613758231774872,0.03928638440843871,0.03548798270718565,0.07663900684565306
1272,0.6588907397437979,0.005280247903843069,0.006599157450415108,0.10815056087449193
1273,0.16135381277772542,0.0023519307588957096,0.00186995672866085,0.13361802604049444
1274,0.3782223240459627,0.002398476721772366,0.0032474862840168118,0.13428295170888305
1275,0.14527930563130548,0.004720680670981009,0.005322622054103507,0.11118075624108315
1276,0.2337817072185955,0.003342280240193312,0.0039764930283464235,0.13225837796926498
1277,0.07434432963760196,0.0008487383608330852,0.0008494169299368877,0.1225542020983994
1278,0.11530451570110707,0.0010326556761822213,0.001427577315663841,0.1363319638185203
1279,0.07134625128962634,0.0020118470177149807,0.001663241268587729,0.12709524808451533
1280,0.06817485424908719,0.0013608987709300639,0.0010307742282725273,0.11327406810596585
1281,0.21417821146043847,0.004313574985355432,0.005481818093416595,0.124947396107018
1282,0.16837063840581523,0.008006150784182568,0.007449107582486643,0.1149731413461268
1283,0.09863022394527533,0.001538379825186036,0.0014281271530991026,0.1362347430549562
1284,0.22992698249306937,0.007276152852773618,0.006746253506036842,0.11447368515655398
1285,0.10862702097243834,0.002549001604418407,0.002663364317664601,0.13413423718884587
1286,0.12701775406475566,0.0017860940926186257,0.0018606944027356465,0.1437812652438879
1287,0.16411264943389972,0.0023557715120739978,0.0014363646126463617,0.12912448402494192
1288,0.162164323898957,0.001988494959691223,0.002231300011338256,0.13554100086912513
1289,0.10500896006716656,0.0017844381518928275,0.0014820274167905451,0.1400661519728601
1290,0.21542001510570477,0.0024996249137046005,0.0015291129016855793,0.1373830740340054
1291,0.15066149401267276,0.0013867468833508975,0.001612011464272332,0.11548886867240071
1292,2.2085396711828316,0.09752682931683532,0.09393942296289345,0.08496642298996449
1293,0.12375620494801888,0.0010967588963961754,0.001709913100488861,0.11880404222756624
1294,2.773309349598895,0.024009995440399272,0.033388023464432294,0.09366611205041409
1295,1.0308326479937684,0.03753212691327507,0.036223812948715337,0.07750159921124578
1296,0.13290688551932475,0.0006515188650821585,0.0013749841382808801,0.11438873829320073
1297,0.061270218081166936,0.004676653263587538,0.00469778038953664,0.11782267410308123
1298,0.37860704505511655,0.004906165978137715,0.0048520928848822965,0.13131165085360408
1299,8.830985070117066,0.06480391697285508,0.09488032657979599,0.05568274296820164
1300,0.14372725452045412,0.0010119582081756127,0.0015182155855526592,0.1325973542407155
1301,0.1873491141009699,0.0013657262462911087,0.0015183448808738355,0.11807654099538922
1302,0.11604213584245007,0.0015601758241925606,0.001152885946373221,0.08716356288641691
1303,0.4508989195583944,0.15715090238415802,0.15451210290190043,0.10358508443459868
1304,0.18272098379698581,0.001166096285391826,0.0014834797966423738,0.12763933138921857
1305,0.10577925496332695,0.002074645963525318,0.001718106267029522,0.12353676883503795
1306,0.07361211798800821,0.0009345135725221168,0.0008221876772698357,0.11953703733161092
1307,0.34422251972287676,0.0025523110725988838,0.003477052558008802,0.120103910099715
1308,0.16279940733044643,0.003558742455830482,0.0027484078351269307,0.1332940780557692
1309,0.10027952112776663,0.00040090469908825896,0.001310857399638505,0.1253659469075501
1310,0.17698724500042173,0.004429491618113475,0.004248498764222965,0.12474388675764203
1311,0.06435334768679313,0.00127858115843681,0.0012659267027975308,0.12551916297525167
1312,0.409927813597185,0.005419436154645246,0.007899448483449823,0.11376372864469886
1313,0.4905040761784512,0.010407218544201069,0.008438911075492012,0.1258964240550995
1314,0.10877652749496097,0.0005240978799896564,0.0012340971072147282,0.11194193875417113
1315,90.42191935033243,0.5834563129325039,0.3239758390236488,0.10978069808334112
1316,0.2111546626674773,0.0015282767519068402,0.0022374039384079904,0.13388579385355115
1317,0.2255551283199901,0.0017419895380842649,0.0016410259307961252,0.13895530300214887
1318,3.2933639863862574,0.051199616794682164,0.06755098662153515,0.06816115882247686
1319,0.016021530761950113,0.0010184936529375197,0.0009456383948601606,0.1199618699029088
1320,0.029155873366065708,0.0012838276267721712,0.001242321519185728,0.13322804309427738
1321,0.12286373536217923,0.0031092656944327274,0.003149488955792476,0.12661640578880906
1322,1.336840243462021,0.02522680509967497,0.03358431095374369,0.07988651702180505
1323,0.20646417981828766,0.0006639578947589441,0.0017205918003786796,0.12923425901681185
1324,0.09218967727326705,0.0007389789725987293,0.0010207771308849967,0.1390337822958827
1325,0.20680275578599627,0.0012311160732172903,0.0018398083997531202,0.10943347588181496
1326,2.269465952171439,0.027362630058495582,0.02691934945407513,0.07215806283056736
1327,0.5019834031453688,0.0043077339609315585,0.003127705899528413,0.10685873031616211
1328,0.2431466409178479,0.0014945740104913901,0.002405527693231009,0.13321047509089112
1329,0.4374110336969702,0.0023097082336324183,0.0028516465351762976,0.1256747250445187
1330,0.14160830529996477,0.0003338271229012801,0.000973727240863615,0.10349715501070023
1331,0.13718678486744562,0.001508278396986442,0.0016607445688861305,0.13547446066513658
1332,0.167542151210306,0.0009855693181064183,0.0015226118874114795,0.15025388402864337
1333,0.09948424112123254,0.0005472912950337183,0.00041579970926540336,0.1363961580209434
1334,0.14791855301512363,0.0011288312087570271,0.0018470532359512503,0.11968365777283907
1335,0.1338088078550755,0.0006869669933137985,0.0013377154930804252,0.1204191381111741
1336,0.15289593033523313,0.0014575135813173796,0.0011728064096877058,0.1230147909373045
1337,0.19067157881698343,0.0073275011293244385,0.007236147994848681,0.11244646925479174
1338,0.1323622847106704,0.0008689423495057278,0.001316404189435874,0.10396674182265997
1339,0.11400662629258926,0.0007245951346234341,0.001304558005563988,0.11766117392107844
1340,0.06061794070568633,0.0008706828327934597,0.0009656427833572898,0.12327124597504735
1341,0.10351444304165047,0.0004985669707263905,0.0010510241357999859,0.09202463272958994
1342,0.3249157240104129,0.0025203908498310553,0.0027973980128018503,0.11018791701644659
1343,0.40930832254889693,0.0016890360234307201,0.0032827124351866585,0.125822844915092
1344,0.16971200679361018,0.000722532003188395,0.001699453475457478,0.14781461330130696
1345,0.07669649336480834,0.0005842117022474989,0.0008871627089025657,0.13339989073574543
1346,0.08930843601759896,0.0004946992956260307,0.0008407329946900142,0.1417969581671059
1347,0.07687332571845516,0.0008383431396040903,0.0008779110450298323,0.1261550453491509
1348,0.10074455449513751,0.0013798261272850072,0.0010999377573184446,0.13846659660339355
1349,2.415577035602816,0.03784997103944824,0.03464707288390414,0.13529070978984237
1350,0.10491028989963175,0.0020506579706860116,0.0013419019196437081,0.13510501384735107
1351,11.665812267930553,0.12319016250636831,0.14317906846225312,0.06874373508617282
1352,0.3822565517084196,0.0009432234454819628,0.002794415166550378,0.12945187091827393
1353,0.12072814198888207,0.001084601769261266,0.001441551041053605,0.10967190284281969
1354,0.49168668588780207,0.005172399020807385,0.003448335286217267,0.11519924690946937
1355,0.31895960606130913,0.0005857756363201746,0.0023385545618434833,0.1278597842901945
1356,0.1426163110893112,0.002404482464526507,0.0014463539378569777,0.12176426313817501
1357,2.5037277015036534,0.09251564693284467,0.0862889084733952,0.06879809312522411
1358,0.06736558819250064,0.0006283751003065657,0.0010694453613515112,0.11842989036813378
1359,0.07017437550409489,0.0009006772600086413,0.0009632075262296306,0.12376907235011458
1360,0.13248148744595817,0.0008776075116223617,0.0011199035155422343,0.14590626396238804
1361,0.11733740818333505,0.0013661744113268469,0.001125465131545661,0.14100502291694283
1362,0.1329812256165795,0.0015075702484517108,0.0021552415616205253,0.13600388588383794
1363,0.1400034041789275,0.0020051807561283267,0.001265346454221298,0.1307864747941494
1364,0.6753617941441648,0.028125066216905945,0.029626490388700227,0.08612253610044718
1365,0.2778081846158268,0.0017079117973266835,0.0021024758013427234,0.1365711442194879
1366,0.10796176258975561,0.001435171908102342,0.0008637211555093513,0.14456446934491396
1367,0.13972838386711825,0.019013650573260776,0.01962344222181765,0.10686374921351671
1368,0.295813839994593,0.0021954692959107484,0.0017795621923188223,0.12310462025925517
1369,0.1284844279835185,0.000543945546836849,0.0011768055131913242,0.13536917231976986
1370,1.6375421726969845,0.016208028118847227,0.01774359940567402,0.09833225375041366
1371,1.8056456389221942,0.019817162362640067,0.013822911389784517,0.11544989282265306
1372,0.13960196490490345,0.0012345301671003932,0.0014421534439078808,0.13808819791302085
1373,0.10602956020007465,0.0004692838966476986,0.0011848465988284604,0.13264324609190226
1374,0.2749381699708298,0.005446838633522,0.00477511171624008,0.1325894072651863
1375,0.12063745043271937,0.0009133339568859748,0.0014108474349237724,0.12895157793536782
1376,0.09949770224762328,0.001271120436633372,0.0013496149071356774,0.14070140989497304
1377,1.7328779021011955,0.030080063522542503,0.0265478302390654,0.08372134575620294
1378,0.07461044099038447,0.0008607073669865242,0.000983517693734811,0.10842191427946091
1379,0.07448508310331724,0.0005811999846933799,0.001250161512026002,0.12716855015605688
1380,0.42566727925843806,0.04878919903223521,0.05074550818416021,0.11190272402018309
1381,0.1882813496378702,0.002106304531126904,0.0018761134676702935,0.1425265339203179
1382,1.3967973937880953,0.03578012859045523,0.03887122293196445,0.10468360828235745
1383,1.9623113275475002,0.02145649668161367,0.029859636080415933,0.0759107731282711
1384,0.23412076409887156,0.0008745638581693205,0.002267225229305059,0.13213859079405665
1385,0.33250065217090413,0.00478937660286032,0.004906560391773038,0.1038846536539495
1386,0.1389822501075158,0.0014753848129243805,0.0016452233928982698,0.1453464380465448
1387,4.13939165923241,0.010894013759814377,0.05377833827017745,0.08130058879032731
1388,1.1137482768356428,0.04053444109529542,0.03541928216792729,0.07758429320529103
1389,6.524034247578687,0.13571913441078662,0.10590936473858911,0.09860997879877687
1390,0.5485039424287713,0.0018726360483878395,0.004158124963143549,0.12564286217093468
1391,0.0903724591909374,0.0023524146263522398,0.0016003774841857553,0.1435948172584176
1392,0.1551576638649387,0.01968733810853506,0.02007433599146319,0.09041541116312146
1393,0.14986135264165476,0.001230188895878572,0.0010116365340679732,0.1273946608416736
1394,0.07282011849897245,0.0006014607969720396,0.0008170845548114766,0.10887039871886373
1395,0.09520094369405685,0.001138964482040287,0.0017612583254049607,0.10423944424837828
1396,1.6258931338329752,0.009039851332028696,0.02711277933827352,0.0703373090364039
1397,0.057870205060146486,0.00022215876846285297,0.0006232542753792167,0.13037725538015366
1398,0.12003266454513345,0.0016985754219487473,0.001500205191225102,0.1401078780181706
1399,0.1081238129449188,0.001703724463791752,0.0016626167152617684,0.1284651285968721
1400,0.1062299810406844,0.0011037998404360117,0.0014421770763965655,0.121534856967628
1401,0.5112193647663078,0.022436453261581845,0.022203462704640502,0.08536034217104316
1402,0.3900775189983789,0.005365710746941464,0.008453888436225555,0.1002994580194354
1403,0.2638335939570107,0.11517232969464006,0.11555998170117664,0.12504608510062099
1404,3.687991407650722,0.023222296432541558,0.047370214633192353,0.06629909900948405
1405,1.2242943922777585,0.12019823053721145,0.13135567624660238,0.08984979800879955
1406,0.25521635265561793,0.0011501506705829656,0.002966852641939815,0.11984716122969985
1407,0.5563720354952268,0.005931836296842392,0.00774583253956595,0.14536953018978238
1408,0.11080056399125737,0.0011946067651190304,0.0008102147041390848,0.12952983705326915
1409,0.08999204022563725,0.0015378345311959313,0.0015321233193737681,0.10759063484147191
1410,1.076219801827968,0.009252744567203396,0.01641562994289152,0.10193390911445022
1411,0.1298447832035689,0.000414368004781199,0.001235887018853427,0.1258824048563838
1412,0.3843922906139187,0.0025252749246681386,0.003504323946311574,0.12923817010596395
1413,1.483246802576169,0.042306774385183966,0.04294822709174388,0.07354078302159905
1414,14.684184815936185,0.15949409436124581,0.17411385237997393,0.12175987986847758
1415,0.3300188931551542,0.005810765383806623,0.004459725438717863,0.12047984730452299
1416,0.639425996670339,0.00980883107951769,0.011820087910951948,0.09062461601570249
1417,0.08317605980599778,0.0012079181659175756,0.0012808012346180483,0.11832891264930367
1418,24.13196696720162,0.19274529618671024,0.1563189825774937,0.1207980802282691
1419,1.3589222911848284,0.019780767265292785,0.020330909544982494,0.12057781685143709
1420,0.13336963610365526,0.0012347362798054925,0.0017453613099742999,0.12641245312988758
1421,0.09439587912612694,0.001170251319191887,0.0009025607930509865,0.11995534505695105
1422,0.2349221177466185,0.0012768908407841271,0.0025615845105635797,0.14442948764190078
1423,0.22014753434502407,0.0024716061566945496,0.00257129967010727,0.13081589015200734
1424,0.0651399922454607,0.0006974040637226022,0.000843830346983703,0.14273263374343514
1425,0.17867856907584428,0.0007983064480353199,0.0014100191139693693,0.12095950171351433
1426,0.5631225008757329,0.0030469749698120454,0.0033482659093852767,0.11446368601173162
1427,0.26198592426691103,0.013116958917216317,0.013203389388966348,0.09778345702216029
1428,0.11952540634015521,0.0015303628523015583,0.0015979316560351972,0.1251446222886443
1429,0.2116080807486987,0.0040008827350934886,0.002879509239287323,0.12994809122756124
1430,1.3468237371669745,0.11358044252392528,0.12404470779893768,0.0727657531388104
1431,0.23570036237790942,0.0017622977187466682,0.0027238367927017214,0.14053497184067965
1432,1.057928205839904,0.05137566807764514,0.053826183794719325,0.06817487115040421
1433,0.11349690044289894,0.0014078087785648274,0.0016235668560915023,0.13442268501967192
1434,0.1993815664974364,0.0028143586219270536,0.0027758873585688056,0.13479937380179763
1435,0.10208389343690752,0.0012638709373278651,0.001329891872339911,0.13209410104900599
1436,10.474521343071212,0.08195351357647702,0.14247184300032767,0.08244850719347596
1437,0.7440678953540178,0.017042573657835226,0.014695983092837494,0.10379412258043885
1438,0.301106034376081,0.002845054905784759,0.0029067380359693016,0.11925453878939152
1439,0.19484037284913677,0.001035192944211796,0.0015960251881422056,0.12350565893575549
1440,0.20032575728238647,0.0015151539924545252,0.00235453081120256,0.13468159502372146
1441,0.07752956995437754,0.001246242758264003,0.0009851571007566144,0.12798142014071345
1442,0.20756184413370324,0.0030922222546724584,0.0019997912641483567,0.12814843794330955
1443,0.15214360405730554,0.0014989379737795853,0.0017843222226421773,0.1408348511904478
1444,0.30460587315051507,0.006325988439211844,0.004125962418325887,0.1250673239119351
1445,0.12575036544396637,0.0014128003586173583,0.00130112461150084,0.13341135578230023
1446,0.10977677797248708,0.0009758666975109053,0.0012424858947103154,0.11911264201626182
1447,0.20621619183206558,0.002816048951740465,0.0031122492166161834,0.08869914896786213
1448,0.13154773911010295,0.001405916170118351,0.0016307678477984308,0.13473249087110162
1449,0.1507670861030454,0.0008660015729882735,0.001625006818842837,0.12835222901776433
1450,0.5931405736641104,0.01663024852706227,0.014501547627367651,0.06959917582571507
1451,0.028999937100976998,0.0005197294182118121,0.0006964342584345161,0.13128576800227165
1452,0.43508009675384113,0.005324312692393368,0.0027670667082971404,0.13769195601344109
1453,2.3873772472676156,0.04595179704372712,0.05604272775127932,0.08948208671063185
1454,0.09147036827941259,0.001092715425838106,0.0009407302616002577,0.11295350780710578
1455,1.5500231614106181,0.004737266512226682,0.01913761042334198,0.10701842373237014
1456,2.7560170465929126,0.041651306511941676,0.023001176741071667,0.07502996316179633
1457,0.1520730477305328,0.003179551638235059,0.0023605291581811276,0.1258470956236124
1458,0.07833339237223783,0.000777373738382086,0.00103772507453677,0.13043295498937368
1459,0.3206586472535941,0.0018099670888998504,0.0021261321256997277,0.13507151370868087
1460,0.1559222004177002,0.00514928029883663,0.004009117845540074,0.1484245052561164
1461,0.13384589661562207,0.0007163960711231237,0.0011571065091242902,0.14615071192383766
1462,2.2608335363110186,0.04184843619883343,0.04539003005047819,0.057846284937113523
1463,0.1525022588374893,0.0013998183626656668,0.0015938174682312573,0.13148207776248455
1464,1.1001544390935487,0.07529236155087313,0.08062517669685995,0.1255453866906464
1465,0.14458643503059979,0.001349631642289971,0.001125663715265174,0.10631388705223799
1466,1.83038347091291,0.02360596985433674,0.030275934008078202,0.09187810681760311
1467,0.5755970794902405,0.003233524124346886,0.00257618143553835,0.10066102771088481
1468,0.14258791330467233,0.0015349280892166992,0.001110446030260515,0.11502003623172641
1469,0.3205848877142296,0.007865120590356533,0.00966683235929901,0.10747497668489814
1470,0.6877190476844,0.007658070683945522,0.003062011981494883,0.11584644997492433
1471,0.10167493735498163,0.0013124827810874402,0.0010741923606047271,0.09156193071976304
1472,0.06050883945231363,0.00047326648604683144,0.0006740638838481622,0.14165694499388337
1473,0.05370780272761434,0.0003953270320623277,0.0006446199779285733,0.11098346300423145
1474,0.33670871757425797,0.005698955243043296,0.005380589678748295,0.12129365792497993
1475,0.07772988562657475,0.000916568261250565,0.0008969246493353144,0.14826184511184692
1476,1.9562422714795757,0.05183836935642302,0.051340403178207386,0.07479065796360373
1477,0.24933729023377477,0.002744412198361932,0.0019804377856940374,0.13299633096903563
1478,0.34756290275843943,0.005077794575937925,0.005412105824261484,0.13163727801293135
1479,2.3853657871158775,0.0836815251814256,0.06522373362542085,0.09754508873447776
1480,0.09149984213765597,0.0012029709218882713,0.0012516401101751316,0.10124175529927015
1481,0.40266105122155055,0.0037360698868863953,0.00317303945955069,0.09522968996316195
1482,0.177806493896155,0.002959735441461136,0.0025053387125961316,0.15179263101890683
1483,0.07220756814314573,0.0006510989152517636,0.0009146867391429183,0.12800950603559613
1484,0.15769326140182632,0.0005184654506183806,0.0017499963893135297,0.1401913701556623
1485,0.30203769776104467,0.0018946768947433225,0.003589930952082585,0.13983093528077006
1486,0.10039248704541887,0.0005421272121222169,0.001314702770080775,0.12787292571738362
1487,1.3071084427128747,0.09454257048890688,0.09168966476609149,0.09949415409937501
1488,0.06493853906978504,0.0006730859742167883,0.0009275769155369486,0.10840091295540333
1489,0.20991445466916117,0.0005112681607398507,0.002061340396261016,0.13841941766440868
1490,0.08290743067587401,0.0005438993612716947,0.001115881173028959,0.12216809904202819
1491,6.279524946871026,0.09859215508236821,0.07433259355556474,0.08844284806400537
1492,2.584163582499704,0.04322450881454365,0.03729649201607297,0.09096097340807319
1493,0.09461181161836694,0.001476726239895194,0.0015179469472867903,0.11916897585615516
1494,0.5742587247054111,0.0036594952771115477,0.0035884915645237156,0.12820088816806674
1495,0.04738278799785041,0.0011134569410908616,0.0010271749621194584,0.1247699810191989
1496,1.1835516493401936,0.013417447835510176,0.008553815759378783,0.08965614391490817
1497,0.08448013686416095,0.0009862225042311901,0.0013269874861673895,0.12156154168769717
1498,0.20589493768441597,0.10355160413094158,0.1044480298269394,0.0974857578985393
1499,0.19107390964004506,0.0016529801894716012,0.0016538576184094208,0.1365862819366157
1500,0.06938015867691646,0.0013491122782733496,0.0011634435810663306,0.1292846631258726
1501,6.481107111667631,0.03407791713381697,0.09980025127329145,0.0721605010330677
1502,0.6525223392050478,0.10848435329005321,0.10909781204115208,0.08886745106428862
1503,0.47238701153568974,0.0014593348747818657,0.005748600048037701,0.10889015765860677
1504,1.170470267327681,0.01362477832384167,0.011026119142542114,0.06793947611004114
1505,0.15782374089871062,0.00145729660306369,0.0015493803723005022,0.1399116199463606
1506,0.10756780469945137,0.00036816656514223234,0.0011766609080708825,0.13558044703677297
1507,0.01436902744763641,0.000777798739668005,0.0007119815335784113,0.12238771887496114
1508,0.34942154954777543,0.001257089546159696,0.0023905056585327928,0.1281913840211928
1509,0.12684146813275235,0.0011031047810421547,0.0017024224101617788,0.13262022892013192
1510,1.246140695130903,0.07059007943936019,0.07692182753812994,0.09225044026970863
1511,0.1510563743147621,0.001237707504853222,0.0015855880624421038,0.14553429884836078
1512,0.10315992587706045,0.001956575994016719,0.0016285222712308378,0.14290600270032883
1513,0.53405360863586,0.20821657088576487,0.20791626902725482,0.09689606726169586
1514,0.6564079095563498,0.005011078580410949,0.00421598017850381,0.13039112510159612
1515,0.42894090439381566,0.003632004869268929,0.00438228380390402,0.1376606780104339
1516,0.04830282212870768,0.000988933732615435,0.0009156858868524105,0.12013804819434881
1517,0.19156496209891424,0.0004977956161683853,0.0014651533640859093,0.11959943315014243
1518,0.05097975367428411,0.0007865815583248904,0.0007788031076110968,0.10390023188665509
1519,0.21291234571581522,0.001716375533616536,0.0019091483086729271,0.11815483216196299
1520,0.08163144572742817,0.001976997488973206,0.0022962941175652582,0.11402580700814724
1521,0.19527536941897758,0.003586779256696386,0.0036673565123301476,0.12416940508410335
1522,0.04281131972579227,0.0007375496562433868,0.0009438559197600693,0.1335521568544209
1523,0.04475040736586485,0.001163516303557829,0.0012901968267713258,0.14750512316823006
1524,2.7497502572334294,0.004490397269044988,0.021733576835810665,0.06833002204075456
1525,0.2777920316425173,0.0017948932613060754,0.0010230146217262114,0.11146248411387205
1526,0.33598866826319007,0.003820306852750981,0.004744411050744807,0.11103402217850089
1527,0.10323336982925363,0.000933460188905599,0.0010948010620833472,0.12473984714597464
1528,0.32758280134874723,0.012326559614129423,0.013098592898845947,0.09032519906759262
1529,0.09536546815070836,0.0014953427430239408,0.001408828969801678,0.1347929467447102
1530,0.09221493736178604,0.0012690493113190458,0.0014350869492297867,0.12766973208636045
1531,0.08876509649896071,0.0021217397922268324,0.0016914169420482643,0.12471188325434923
1532,0.18963179830504892,0.001245435799585724,0.002537542008878415,0.12289317511022091
1533,0.2654091049956733,0.004249325876414078,0.0047895495460197664,0.11038628779351711
1534,0.09264589446643255,0.0008660122244279186,0.0009417673175672809,0.14517970895394683
1535,0.05377608589953744,0.0022440998137195963,0.0024879189422271904,0.12645946769043803
1536,0.08558173230428118,0.001100103093268341,0.001480738486414494,0.13995568174868822
1537,0.10196810032373768,0.0015020283060398617,0.0015925831593279192,0.11808506119996309
1538,0.1898369176709036,0.0014965879782888511,0.002365842848902368,0.12847512867301702
1539,0.7346516543239601,0.012697220196713285,0.017959184872504225,0.09093625703826547
1540,0.25593411806663624,0.0026860484103523054,0.0025496179013238833,0.1503918692469597
1541,4.366039113680223,0.05386500071821176,0.07402273176177541,0.10725621972233057
1542,0.2694197652996808,0.0008375625836447577,0.0017455802127768582,0.12235288694500923
1543,0.1957722367384423,0.0020409330029039587,0.0014964256463727158,0.11620260402560234
1544,0.08799723505337799,0.0021039902336641957,0.001329431031654875,0.10543601401150227
1545,0.1824257641135499,0.0013123513652419368,0.002376611595187863,0.12831530766561627
1546,0.12159767511317648,0.0014331916747670171,0.0010831069778942583,0.12153168488293886
1547,0.21405877976204424,0.0036802818400709057,0.003220948621653772,0.12625201605260372
1548,0.17674312672778517,0.001313836700159808,0.0017269104554208839,0.1183659341186285
1549,0.11018663899204902,0.0009008673999647055,0.0010342905191416559,0.0993457161821425
1550,0.16272950630418623,0.0007802991470262536,0.000980043737550089,0.13320827577263117
1551,0.2122200328731494,0.002110962081825026,0.003513972130313612,0.11770873423665762
1552,0.030161789055221728,0.0008356592798326238,0.0007882857260216319,0.14680500701069832
1553,0.26295206946107147,0.0033207614215413845,0.003950592108999616,0.1141480328515172
1554,0.0326459848683111,0.0010093941669528281,0.0009615885560970627,0.14194922614842653
1555,3.2255334611827493,0.22955414057162565,0.21144265395401682,0.062354848720133305
1556,0.20148379765363567,0.0014566449718433588,0.0019367604674737152,0.14687216328456998
1557,0.08618160873889638,0.0016336370259367435,0.0014464313752436788,0.12299507530406117
1558,0.2662726292230709,0.15143891818384667,0.1487619714732117,0.0983087932690978
1559,0.25912062121369245,0.003517769095270308,0.001960703250022102,0.1290685310959816
1560,1.8297005383677045,0.03726438489498341,0.04158921694779501,0.1028811801224947
1561,0.049242660464950336,0.0017260340634505397,0.0015811288937804821,0.12514865305274725
1562,0.13094737313951904,0.0017277398340759212,0.00136004796905309,0.12237006705254316
1563,0.6616078357895441,0.007211719687819761,0.005981574668777167,0.0988544886931777
1564,0.1733380396114513,0.0026460850950050623,0.0018484555726085148,0.138407529797405
1565,0.13248924752992108,0.0008707172693537203,0.0014163676433739986,0.11701747588813305
1566,0.26562759252951423,0.0009313816475715588,0.002145866853115489,0.13047560676932335
1567,0.19050426540576654,0.0016983221847301612,0.0015686832082546425,0.10124786896631122
1568,0.17702851075007967,0.0018312970198182369,0.0018104700904232206,0.11750097712501884
1569,0.2857438674781175,0.0034974064075784916,0.0024406132426996745,0.13304415112361312
1570,0.15326983902281077,0.0016962566905667632,0.0017470050747354603,0.12274987995624542
1571,0.07232724194859792,0.0006762723925442634,0.000842289543587251,0.12138263415545225
1572,5.392871876122321,0.09528600691590931,0.08789466251163039,0.06323958933353424
1573,0.09582991496028992,0.0008104053192199134,0.0011174783982043574,0.141670532990247
1574,0.040592568380515,0.0005579285188520742,0.0004382739630425322,0.11984648182988167
1575,0.1497409261995328,0.0014930899194423798,0.001383061937705544,0.11487051425501704
1576,5.178481498787697,0.10329946731865443,0.11468092140720645,0.12277534604072571
1577,0.07048092792496896,0.001260224082554185,0.0015559269215975825,0.08966435305774212
1578,0.8016809787523057,0.011927556431279287,0.013660410513589344,0.10047992691397667
1579,0.08407308330926584,0.0008859696094516024,0.0012039640594790596,0.12127119116485119
1580,0.36605908224608025,0.0018280341569339139,0.0026831337081146688,0.13352423207834363
1581,0.09909682066533831,0.0009819821506556264,0.0010905276014195695,0.12578977923840284
1582,0.13909013648564708,0.0012788564209058968,0.0015380771098421843,0.12777901301160455
1583,0.14328956602915055,0.0018789738288865496,0.0019653075404743037,0.14246585220098495
1584,0.12496994598787237,0.0020824322767525735,0.0015465634606347206,0.1432715910486877
1585,0.08966715552563782,0.0008385987160764097,0.001074642974391613,0.1420867987908423
1586,2.2170184209591466,0.03489336482257343,0.03771513581198618,0.09237303072586656
1587,0.1176103973168692,0.001419491051481994,0.0008975003537360071,0.12480819690972567
1588,0.1040415151483033,0.000996512947105245,0.0011737085686518663,0.12623509811237454
1589,0.14393145438572597,0.0015763129502707755,0.0016885112464413141,0.14690554095432162
1590,0.11415648098488781,0.001629457421614496,0.0013607688568832007,0.14473464665934443
1591,0.2814576057687523,0.0021245911574968176,0.002730655112521432,0.1322919400408864
1592,0.7000813378970587,0.005813321969422284,0.007541896436784691,0.09678792906925082
1593,0.15717327876648762,0.0007533825208324238,0.001171042982170597,0.1312036607414484
1594,0.11818631111863548,0.0010479779337186955,0.001424339155866692,0.14367813570424914
1595,0.6100975697202329,0.00565259620745923,0.008417108615193384,0.09950254065915942
1596,0.09246540321824158,0.0009710814154648721,0.001091916043615291,0.12155574234202504
1597,0.9693633789206706,0.011337146615685592,0.010605438708883197,0.08872318081557751
1598,0.24055276554358776,0.003575715221136032,0.002094092483398355,0.1416903082281351
1599,0.03818926935334571,0.0014062112707146086,0.0013478032687713121,0.1505079260095954
1600,0.1358043739216522,0.0018266388869572746,0.0021421597147611294,0.11038111383095384
1601,0.0560340322936332,0.0005593878676885881,0.0006434637443358406,0.10630100080743432
1602,2.0812565274054937,0.0433036144069977,0.045604358445255615,0.10206658113747835
1603,2.965840349631882,0.031949820778664616,0.03093947044085823,0.08318997314199805
1604,0.09919469076431069,0.0013320200272867121,0.00110244322018013,0.14082805020734668
1605,0.1318536725083763,0.00105678894381661,0.0019488822059126345,0.11603634711354971
1606,0.21981313951774933,0.001979499692443884,0.003272151282620866,0.12347546499222517
1607,0.053331587037745584,0.0004373809249851147,0.0007195878687041971,0.12700472911819816
1608,0.14350243419931177,0.002096911908877803,0.0012632907496136097,0.140389584004879
1609,0.16154120687940704,0.0026311848358602724,0.0022646146295458476,0.12057768600061536
1610,2.379495081874309,0.01874571974827227,0.010164534750593094,0.09306467231363058
1611,0.3276486877460018,0.0014869305681137633,0.003220351774297056,0.12258737860247493
1612,0.5426708325478512,0.0023146481664784086,0.005780682472588136,0.12529997527599335
1613,0.18416160914478566,0.0012467740565665596,0.0012539643919130957,0.12539611896499991
1614,0.1437434067722937,0.0023541026697401373,0.002109918193251746,0.13361092889681458
1615,0.11536280262977813,0.00037733298994358346,0.0011806179049626642,0.11658440716564655
1616,0.25739256887786893,0.0034825604767713477,0.0019495116062147638,0.14554681489244103
1617,0.08551103499447486,0.001026677419166689,0.0012258455698693465,0.1077892049215734
1618,0.014571137025124596,0.0006489740730714816,0.0006411288680705607,0.13657592376694083
1619,1.4950870570483639,0.056523381397298754,0.0582995289006549,0.0760494782589376
1620,0.07525949085578569,0.002124911426593026,0.0025268859234282566,0.1336226691491902
1621,0.18232727210906116,0.0023038727867105142,0.0014815699720085505,0.11598842963576317
1622,0.18953011681747847,0.0008609187338949355,0.0018166535142107258,0.12722297897562385
1623,0.11229457488842401,0.0011285547091623405,0.0008410221419454833,0.12962376838549972
1624,0.2084618403902552,0.0012292576660162063,0.001507858112319905,0.11491040093824267
1625,0.10016653285550771,0.0024877939965371357,0.002560909511597542,0.13180404901504517
1626,4.7544523714895615,0.050200923734639816,0.06909094523776567,0.12413039524108171
1627,0.14849655327483152,0.0010571367520354096,0.001286869356558373,0.12313094874843955
1628,0.030194108308718874,0.0010467395737999183,0.0007827257316110479,0.13869941793382168
1629,0.1500917079364443,0.002342267522781967,0.002413121452624972,0.1109491647221148
1630,0.12920944178821797,0.0008916672353707356,0.0015526803363587764,0.12750200694426894
1631,0.17705010544464275,0.0016267244613516077,0.0015669072845919266,0.11980901472270489
1632,0.11964166801132747,0.0009766348863006961,0.0012357340000048534,0.13156625907868147
1633,0.06977198156636406,0.0014432087996672867,0.0013397267008395802,0.12920418102294207
1634,0.13681443969748325,0.0003509128203476734,0.0012548813996698645,0.1472073830664158
1635,0.04797037816867005,0.000843751027274976,0.0007872453949355852,0.12087271269410849
1636,0.4474276960909914,0.005276314528350405,0.0031219666698914365,0.142229073215276
1637,0.5364428587768845,0.0028395390113794146,0.002668278036847169,0.12274496024474502
1638,179.02007059840471,0.767976930155433,0.15793129409051426,0.06526816030964255
1639,0.15313082674831055,0.0023716405889473093,0.0025688127842692864,0.12594876904040575
1640,0.2302563719623071,0.001980564600793569,0.0020610522334746115,0.13216468505561352
1641,0.18059405371992776,0.0047014684743654075,0.004127307586253555,0.09494575066491961
1642,0.6859961442161552,0.011335790864572806,0.009075987610708963,0.11548406165093184
1643,0.1084201592571579,0.0011146801480449854,0.0012701975842672902,0.13749637361615896
1644,6.652307286637311,0.08629364662324249,0.08208995510179638,0.06382584292441607
1645,0.13321683386083055,0.0014840106200043623,0.0017092746251139812,0.13851305609568954
1646,0.11784820037532193,0.0007312049839091809,0.001288881214933845,0.12784424191340804
1647,0.20735684636654292,0.0017333166286490887,0.0033902566613883346,0.13039529509842396
1648,0.1740003701087377,0.0009963390007030756,0.0018576332148244304,0.1345685156993568
1649,0.2430044360304382,0.0023739994133566158,0.001958818886717224,0.10819958988577127
1650,0.1779226677916961,0.005423196344824517,0.004690824103277186,0.1509226132184267
1651,0.1274766520580571,0.000388349639307902,0.0011996733059086125,0.1215759520418942
1652,0.06322685913117039,0.0011048539939177147,0.0011076307755241682,0.12233522674068809
1653,0.09438447528494999,0.0005468659251426514,0.0010133451685566106,0.11963103106245399
1654,0.16961785658978046,0.0020560771308365637,0.0020118517459841397,0.1313100759871304
1655,0.04777666445169167,0.0013918623424170576,0.001668222182779084,0.11787419719621539
1656,0.044316178121635595,0.0008583809630509395,0.0008416122393810641,0.13882960798218846
1657,0.06525575320619409,0.0010889903588606658,0.0011795205403752156,0.15066839521750808
1658,0.09076517586491138,0.0020689447790326566,0.0023678789776107128,0.13524324400350451
1659,0.06805388542307171,0.000873858013811616,0.0006920444969762722,0.13331931503489614
1660,0.2898431236818417,0.0044842439398600775,0.0027868510684705017,0.13656646013259888
1661,0.11122968895387764,0.0013641242715169536,0.0014006680373517795,0.1068172138184309
1662,0.18368952224227794,0.002015912094394065,0.0020580012168721347,0.11841932311654091
1663,0.21380758970682642,0.0011318398453369512,0.0020703888965269792,0.11763058416545391
1664,0.047494313350392336,0.0003844199605097992,0.0005499783427915028,0.1288715531118214
1665,0.2385315957173638,0.0030654499914242756,0.001942057871855152,0.1224445584230125
1666,0.03446528544599751,0.001078460340413452,0.0010233176319879816,0.12305404106155038
1667,0.16441811378139465,0.0017254384273498275,0.002005755503812927,0.13213378377258778
1668,0.297420574594275,0.0033776952360605877,0.005074511369660335,0.12474142480641603
1669,0.19074765253536852,0.0024975788871347115,0.001714486438653152,0.1296252910979092
1670,0.3679791717939744,0.02187405985571558,0.022342069188460188,0.11828756239265203
1671,0.08568350297570963,0.012094824692985815,0.012610707952720445,0.10600653802976012
1672,0.1709706639530566,0.0015441726154098669,0.0023411252257970906,0.1293086321093142
1673,0.05735431548968895,0.000659826048263591,0.00046006070361107016,0.12046960182487965
1674,0.06340697405082853,0.0012052508223304487,0.0016701225225836482,0.10696895606815815
1675,0.11500044800459364,0.0017339450140867309,0.0008641645171258114,0.12473745783790946
1676,0.20942442414988227,0.002394278452071332,0.0019778642728485027,0.1424823310226202
1677,0.4085899198005824,0.00323400290833614,0.003666995852814593,0.1335199079476297
1678,0.2066103821003373,0.0032846309374864827,0.0021907003145645245,0.12364027602598071
1679,0.3909183063888105,0.019329775853647,0.018170463745370312,0.0778818060643971
1680,0.20926399107563085,0.0013269658603167723,0.001999795450354302,0.11158769717440009
1681,3.358189591611426,0.0509350930622906,0.03884234852482187,0.09619650384411216
1682,0.25724936225853495,0.0007155776357629398,0.0025699509735517046,0.1046830527484417
1683,0.11194844120425339,0.001056880832294237,0.0011881790362257543,0.13285361928865314
1684,0.12403242825402991,0.0009194951084069388,0.0014198745201926912,0.12949889712035656
1685,0.38030497347291814,0.004561269390692707,0.0054096098012230845,0.13397290324792266
1686,0.2021519768203255,0.0028770521688485312,0.0027243243345406623,0.106367620639503
1687,0.31356246056176523,0.004915495727772156,0.006508553339307357,0.10884791100397706
1688,0.20620204744527854,0.0007744805182151592,0.0014561265803980847,0.14460943778976798
1689,0.203509331812523,0.0009470805745164363,0.0017945805992691745,0.1297858259640634
1690,0.08169568051821141,0.0014377267862859203,0.0013510207482070053,0.127887855283916
1691,0.08437139568205182,0.0021865526963227707,0.001912083025243434,0.13411411410197616
1692,0.20001725353520375,0.003795727067259407,0.002851463097873397,0.13454478699713945
1693,0.1699268555906123,0.002173416541131029,0.0012871582448954414,0.11742313811555505
1694,3.93849390445464,0.052690027630877566,0.057721948545066695,0.11736470693722367
1695,0.15109512939699699,0.020901520163477006,0.020325732893222512,0.10565407294780016
1696,0.12266891929659547,0.000400421485729505,0.0006256450003772697,0.12216796725988388
1697,0.14908958800459776,0.001179718788144241,0.0010419470705932878,0.13672157609835267
1698,0.12460352039744252,0.0013817730506485105,0.0009813674884770467,0.11463353084400296
1699,0.4852657048762508,0.0008720377899399664,0.0034353103904131775,0.13150067394599319
1700,0.15112937234429655,0.0003923717470242551,0.0010176119051647863,0.11714882403612137
1701,0.08739593964349852,0.0016517671896924318,0.0017591653159462668,0.1242461041547358
1702,0.07923459543746807,0.0009612322823098684,0.0007340394832461879,0.14218196691945195
1703,2.0263037602111527,0.045828692183889595,0.05771613205663688,0.10147220175713301
1704,0.18648350000668681,0.0018375682890173232,0.0015557932128962464,0.13175843190401793
1705,0.11358520538736173,0.0018851043457034525,0.0021376872631402545,0.1281997738406062
1706,0.07903519339494484,0.0012010905295002999,0.0009100740984226692,0.1255586021579802
1707,0.16538441303168472,0.002933475978697711,0.0026611320086731673,0.128006876911968
1708,0.12158736203160306,0.0009170419514149659,0.0010231149716071171,0.09900654898956418
1709,0.05177748171402193,0.00243309203131641,0.0025000533064636157,0.14477587910369039
1710,0.12243171206187001,0.0026488647042965064,0.0021962945871125215,0.08472694084048271
1711,0.16261791720318206,0.0009676265973151412,0.0016014070601291105,0.0962663940154016
1712,0.7890260085646694,0.007989188923577717,0.00899273163891647,0.08706637332215905
1713,1.3016203863979943,0.07282858752355642,0.06992994047258756,0.07457042206078768
1714,0.23664716877566463,0.0019913811208359658,0.0019551228351680967,0.11175198992714286
1715,0.367557894320873,0.002147638981826891,0.002746611524605367,0.13946008868515491
1716,0.12390151380642721,0.0005408290256164018,0.0014713731763251981,0.14201208297163248
1717,0.12349274224269902,0.0010822403885165659,0.001154327639975759,0.1299796598032117
1718,0.10436080176370434,0.00273764434385142,0.002701177745250845,0.10180529579520226
1719,0.0896050452778572,0.0012826858819499608,0.001652011154762118,0.13708175672218204
1720,0.22334449248110277,0.0014893279147999972,0.0021317301549189237,0.14026941917836666
1721,0.7614028829473416,0.010439473823151755,0.008799517703656314,0.08171887416392565
1722,0.1606607462954169,0.0021047769586640046,0.0020517080880786496,0.13647452415898442
1723,0.22451101290642989,0.0024543664581121822,0.0022575362184059085,0.13912126515060663
1724,0.1369273252961684,0.0013406335096591271,0.0016191943888479237,0.12483185203745961
1725,0.16030101683063092,0.003577278774878312,0.0027844344021362203,0.1322730341926217
1726,0.3287347818673637,0.004302118949921864,0.0027812242154239106,0.10751462215557694
1727,0.057163566269875975,0.0007800286984315268,0.0007957042241920802,0.12768970197066665
1728,0.6643150199397369,0.04476209076241021,0.043293948376192604,0.1015535551123321
1729,1.8428985502814024,0.10024649468774835,0.09591321824031054,0.0870861210860312
1730,0.09816718987475377,0.0011821611293512928,0.0010203029838541044,0.13525024289265275
1731,0.05081881083799468,0.001667475218005846,0.0014076972738860372,0.11186270695179701
1732,0.12140523944317048,0.002917644478124059,0.0027868027719225976,0.1386321377940476
1733,0.16076935503044737,0.0009921337408820181,0.0017493798927773,0.12037953361868858
1734,0.05372329584013649,0.0006842882324629318,0.0007787165529492588,0.11098297592252493
1735,0.4143849966155713,0.13035252066877473,0.130157615016038,0.11652307398617268
1736,0.06209589936914927,0.0005990399395891049,0.0007695808542667763,0.12330931704491377
1737,0.11594804007355268,0.0007750330387878761,0.00153306817738989,0.14514417480677366
1738,0.2299550874523743,0.001809420964731518,0.0028796773987999767,0.13109696470201015
1739,0.03706302779257745,0.0007241964990564913,0.001049857876448942,0.12494286289438605
1740,0.578930205341218,0.010869167371795569,0.00788129617118295,0.1352916876785457
1741,0.28766501847640324,0.0015543867917497077,0.0032223989403324287,0.12298431992530823
1742,0.091240813681009,0.0012248798442999326,0.0012903149826227007,0.13386437809094787
1743,0.26988768494773097,0.0023132183255058824,0.0028613045467938978,0.12238922482356429
1744,0.052464595216289996,0.0005768686725835481,0.0008994749401507544,0.1379638989455998
1745,2.106807325563596,0.07332882670748898,0.09380706609839068,0.09188859071582556
1746,0.09492552233777506,0.0005386220742164998,0.0011278603132460548,0.13941005058586597
1747,0.12450588254121774,0.001423736543723162,0.0019562798179809005,0.0806925198994577
1748,0.10238614733205198,0.0011924673092987771,0.0014029437277329345,0.12658076966181397
1749,0.30379869709669244,0.0013278013226158752,0.0021180304789268556,0.12545212730765343
1750,0.4392475150894544,0.0036412029052161556,0.0038859594680840893,0.1336942669004202
1751,1.4684643882835413,0.028121974956104388,0.027671273304062497,0.11725721834227443
1752,0.16413529771177282,0.001949866116701889,0.0013718830398852608,0.11424487875774503
1753,0.17924088779389868,0.0014420451207684624,0.0024790709291120762,0.11635202402248979
1754,0.2589696577844025,0.0012505200833108864,0.0022794995066788954,0.12886413419619203
1755,0.09964173102449646,0.0013092171941855714,0.0011011187233282533,0.1392908152192831
1756,0.8414315843457197,0.10860507849469034,0.11146413457626989,0.1049960725940764
1757,0.12584814190467122,0.0013446224183638951,0.0017440154811971004,0.13301849458366632
1758,4.107423036212729,0.12586402605325928,0.12009129436058036,0.08908523712307215
1759,0.547621507980735,0.04354269877981092,0.047362407064743504,0.08639090275391936
1760,17.37948025100643,0.1024889770205296,0.07716300469504178,0.11279698926955462
1761,0.10558769582150036,0.0006740023930514186,0.001337241911189732,0.12270922213792801
1762,0.2116156149493027,0.0009047184287260608,0.0016899553568438198,0.13475306518375874
1763,0.11396870325474265,0.0011572191568470574,0.001359512104120804,0.13333096029236913
1764,0.1839956477613321,0.0022014046255586506,0.0018402948276947395,0.12043834896758199
1765,2.2160420844213493,0.037462111526910695,0.025270465151784143,0.08752311998978257
1766,0.12429652327993673,0.0011192533034002881,0.0010371654873198974,0.1288009202107787
1767,0.056105041266250405,0.0012808290655971222,0.0016050424765555488,0.1267840089276433
1768,0.08015789463196557,0.0008903727716930463,0.0010811800802615161,0.12324853334575891
1769,1.0988350435835683,0.051038736877659745,0.05373768716571202,0.07433282397687435
1770,0.056085849708596126,0.0004952879292852722,0.0007636971730362376,0.12446468137204647
1771,0.3006712430391936,0.002282278813733203,0.0021995879267559435,0.13614850770682096
1772,0.2203368453799063,0.0013404961919018838,0.0019038420673340658,0.13203359581530094
1773,0.22731425459343962,0.002204759262370401,0.00241467571323808,0.1288276920095086
1774,0.06399728759018038,0.0005731878827121254,0.0006954107622993489,0.12671315064653754
1775,0.04925146142666242,0.00150057179800609,0.001438584884114732,0.11991380900144577
1776,0.09861440575645117,0.0006219159409155734,0.001101653766085471,0.11059313407167792
1777,0.20065639898351498,0.0023891352698100347,0.002571062340681341,0.11485531507059932
1778,0.07753696178705338,0.0002370388607853402,0.0006492187130808863,0.09414041414856911
1779,0.2165542271377612,0.0029865208071691296,0.002735061952856736,0.10891772294417024
1780,0.3108536605229643,0.009806524484891369,0.0085676329716571,0.10988681996241212
1781,6.638502223765221,0.021719871095946832,0.07791260341001399,0.08034943835809827
1782,0.058699671095025704,0.0013081139319816202,0.0013869617692090933,0.1463569812476635
1783,0.15226322952791022,0.0013003946263215257,0.0016210262053727692,0.13666508812457323
1784,4.5678861081304225,0.06636130479007264,0.066132211461882,0.1039158352650702
1785,2.4055292302319735,0.04224764075460511,0.034827227804372446,0.08652245905250311
1786,0.13926364960782978,0.0025609191129846547,0.0018250264154838114,0.12720151664689183
1787,0.04077299052760338,0.0011703544492315658,0.0013694903608127895,0.12801608815789223
1788,0.685170006706429,0.048605483532518534,0.0498762180601536,0.09125639498233795
1789,0.5191042218818712,0.003433552273258534,0.0027342352124228265,0.119973910972476
1790,0.05721971641319599,0.0008497736007697928,0.000961582484751277,0.13538338616490364
1791,0.23396176576370936,0.001184828414435856,0.002609519584140037,0.13176580192521214
1792,0.08608548696904986,0.0023098827167476388,0.0027493562212960714,0.126038720831275
1793,0.16048415708984556,0.005075856250705519,0.0044537980826596935,0.11602074094116688
1794,0.14320255321479441,0.0020506497385338585,0.0015588105999975689,0.1273906040005386
1795,0.41709785024026647,0.0041511427820539485,0.0032179533134880636,0.11297368025407195
1796,0.2959130136279896,0.0019891759164721748,0.0018620434804797502,0.12728952104225755
1797,0.532528108487603,0.008108359152735447,0.004177377778512211,0.12193379364907742
1798,0.2091761538159678,0.0019131232102031776,0.0023892511216573346,0.11718296399340034
1799,0.25426015644190286,0.005673882093629201,0.003903536293306897,0.1057850169017911
1800,0.031590384376322174,0.0009792014951271093,0.0009955772265293605,0.11763154622167349
1801,0.3639025315638324,0.002110139411936583,0.0031643767910462706,0.13455147435888648
1802,0.09364011680767305,0.0010934846812891265,0.0011918197048166746,0.12065010704100132
1803,0.10903729469966073,0.0018828387501904596,0.0025074530586299605,0.14697414031252265
1804,0.17598561446570996,0.0012724343072232397,0.0022472659166640667,0.14281858410686255
1805,0.2510305231458951,0.0028340946972830574,0.0020065496638071085,0.11361810006201267
1806,0.19276724131093625,0.003166817831767338,0.0018769035960563292,0.13253694586455822
1807,0.08432600559753449,0.00167254507461033,0.0016319588866382595,0.13325517810881138
1808,4.2381526367004625,0.183074418138857,0.15347753714237009,0.08349765604361892
1809,0.04840000993601709,0.0017212069600428522,0.001464580208939629,0.14188157301396132
1810,0.32202658844280213,0.003856364430081812,0.0025657155886572797,0.12960123363882303
1811,0.0622257838794504,0.0008113350737418762,0.0008476999183649363,0.10985652357339859
1812,0.19349665528776105,0.001832897494060267,0.002269817187010505,0.11964202718809247
1813,0.07007389730839926,0.0002731137423469366,0.0007649399574164613,0.12740847654640675
1814,1.918613413550977,0.017582762517411595,0.024558557920111045,0.06657624989748001
1815,2.2995428698764675,0.03876938349250577,0.034209932969276116,0.102273631375283
1816,0.10801577323740198,0.001344355518015407,0.0011391071276328128,0.13065044675022364
1817,0.20357005946708742,0.0037258249149014883,0.0030510608024722163,0.10053190169855952
1818,0.20627500380696398,0.01224051905821287,0.010883446807849178,0.10294078523293138
1819,2.4540875567495584,0.16957284726639243,0.18402478833512365,0.07526912773028016
1820,0.16804941444347238,0.002311762843794837,0.0013844974023775047,0.1224553631618619
1821,0.14148139324226108,0.0007418098624732201,0.0011126588880487648,0.12037698598578572
1822,0.08108522934882617,0.0009577207415834256,0.0018138824294855343,0.13201416283845901
1823,1.4097973855281292,0.07293021879734664,0.06460814830573816,0.09144633682444692
1824,0.19345155036129272,0.007744824558442458,0.006083065058560655,0.12475246889516711
1825,1.5116340516951494,0.039790968064117374,0.04860149637483162,0.0969484499655664
1826,0.10344071983598468,0.0009862615105437414,0.0008378169247089549,0.12768641905859113
1827,0.1661996948599835,0.0014873599482459294,0.001630550206987668,0.13807042222470045
1828,0.07773991909084628,0.0008262645575736157,0.0013360634308561459,0.11266036797314882
1829,4.903687571352856,0.02313066583901805,0.05077931923599974,0.09158872021362185
1830,0.04806891660845542,0.0011017249695148789,0.0012185256000825106,0.125757175963372
1831,0.24815379830423104,0.00538081740743243,0.005596054991281738,0.12862656312063336
1832,0.09383301295332666,0.0006332243992186927,0.001209858413744197,0.13740326277911663
1833,0.10122513427860845,0.002431287678666,0.0019316772973006914,0.1296254307962954
1834,2.0705010958471926,0.04120664503122715,0.030089589936003403,0.08924208302050829
1835,0.08049917180071271,0.0007426057791743157,0.0013510451540471014,0.11008982919156551
1836,0.10771355041072207,0.000677633336980011,0.0010393044757207662,0.12677628500387073
1837,3.463386897085875,0.007326043787097472,0.03817377548020596,0.11434485809877515
1838,0.07192186937850362,0.0013547868782632381,0.0012993991111387273,0.13475100696086884
1839,4.924143008311842,0.08463490992156443,0.09928388604523616,0.05846358370035887
1840,0.061306567834941914,0.001042959089708538,0.0009499063251340868,0.1311554186977446
1841,0.15335998062370637,0.002674413005547602,0.0021763533731046373,0.13347852043807507
1842,0.3753853910384139,0.005674251377313307,0.00690234861312725,0.11445583635941148
1843,1.0798886824891492,0.008095593029384427,0.0038243601521863505,0.10357079515233636
1844,12.600721576459492,0.0682360249905366,0.14314901936620136,0.09537452785298228
1845,0.25938661313843275,0.004475555644858314,0.002991610089876111,0.1139194848947227
1846,1.1555545808884806,0.03189662941082224,0.03984321952764244,0.07961513893678784
1847,0.17401320468440706,0.0011968509343611203,0.0012174837411667416,0.12095987796783447
1848,0.1126666247494755,0.0005557356060569518,0.001258790091288766,0.12537812069058418
1849,0.11557134135689444,0.0012522313148151374,0.0013813968878964337,0.12006809702143073
1850,0.43975614241552735,0.0011851536815423499,0.002925950039030699,0.1380856349132955
1851,0.20006053417543615,0.004369986062789449,0.0029670330986533186,0.130325336009264
1852,0.2792774804034245,0.0020976586924085004,0.0024805055060633206,0.12333466904237866
1853,0.7946912140496134,0.2034054789945415,0.20878163124559734,0.08919843612238765
1854,0.10095200195041752,0.0007147706565061851,0.00121518283076599,0.12219124007970095
1855,0.8937865532360604,0.07130100729660868,0.07411563926919,0.08977471105754375
1856,0.04803357437911675,0.0009877073105407552,0.0011418961242293027,0.1261625769548118
1857,0.23684491183001796,0.0021772190284766236,0.0010911688363476888,0.1123932939954102
1858,0.42559655990295187,0.010612553343688252,0.008074449148207293,0.1264888229779899
1859,0.08558093125212554,0.0012016161921878565,0.0015176663897917707,0.13984053302556276
1860,36.03572438203414,0.3119493780141374,0.330542830421662,0.055348629131913185
1861,0.18714660370496694,0.004069005240899818,0.0040025926785506455,0.11970798997208476
1862,0.09370462794031954,0.0013056784047468385,0.0011441938528799539,0.14833981404080987
1863,2.6579912610067375,0.048564281558858745,0.03607569550545255,0.11098424531519413
1864,0.10015937985338431,0.0019224364196045063,0.00206481127860464,0.14099163189530373
1865,0.07347414386482226,0.0010315732360165336,0.0008357102697037251,0.13763370737433434
1866,0.06489227376067702,0.000500451889445647,0.0008120185526196627,0.12926535215228796
1867,0.19337480171467747,0.0011828439887554853,0.0018143341221396564,0.13394228741526604
1868,0.25997860655909855,0.0030451083244828563,0.003216791170589465,0.14011601731181145
1869,0.5253281852139314,0.00612455979430349,0.008310356757449103,0.13066675094887614
1870,0.13533881349641724,0.0007129522969298495,0.0014839374263126881,0.15241631120443344
1871,0.11695225603731273,0.0006683158286175251,0.0010878149276771591,0.1135020493529737
1872,2.9008195512376176,0.06321204624495574,0.05599503982269332,0.08639310672879219
1873,0.15135466530610472,0.001137255597790422,0.001727162039570567,0.12696655793115497
1874,0.22073569792917377,0.033877553572217556,0.034711544178862026,0.11297202901914716
1875,0.1429165897506206,0.001313979365662385,0.0015800519634955668,0.1446735979989171
1876,0.15852515385669752,0.00048188291037838714,0.001424474587243608,0.1382976439781487
1877,0.055859569268576735,0.0010517940181614743,0.0009088172633697314,0.0994825353845954
1878,0.1156129305405394,0.0012532382459577267,0.0016650861730555108,0.12523828772827983
1879,0.2442650024755405,0.005096290541918509,0.004245007366252372,0.1170193119905889
1880,0.6025473578268445,0.003290051560891692,0.006571891017596399,0.10984353488311172
1881,0.09033512368548366,0.006037396092547357,0.005759687828475536,0.1290427097119391
1882,0.8256207563377396,0.024605787962790164,0.020333683072007922,0.09376354515552521
1883,0.14544347477264893,0.0009939910118099873,0.0015465739671684535,0.130129415076226
1884,0.1871302459159853,0.0019421426794446284,0.0015200910349694177,0.14882511692121625
1885,0.14349110294005646,0.001389286253544957,0.0014309562185120476,0.1337039046920836
1886,0.2931346163853951,0.0022624521584374314,0.0019036704708408037,0.10925929108634591
1887,4.366031667940382,0.09190200007607754,0.091437526409838,0.07570869475603104
1888,2.588553310275735,0.035128972841275544,0.04002695891056301,0.06526823993772268
1889,0.24522397220405426,0.0021183073717951843,0.002942107194342303,0.13448747992515564
1890,5.9223135682801455,0.04776192805402516,0.10732274933244795,0.08107062708586454
1891,75.3099579367372,0.7551700008952917,0.6062441165174725,0.05261204298585653
1892,0.09392337702656785,0.0006938000303797333,0.0010635904940820126,0.12497134413570166
1893,0.1326807350497406,0.00160085433712577,0.0011012856146772004,0.1297227549366653
1894,0.24038059843193482,0.0019385461283038716,0.0028657498688275003,0.13879647245630622
1895,0.10813734920033971,0.0004927597956062369,0.001107490671139781,0.135978439822793
1896,0.18405127103969388,0.005318151133676219,0.005440405917653468,0.10192592395469546
1897,0.7254155568676752,0.005450060253789898,0.0036492142798243833,0.11951245972886682
1898,0.18791439811645647,0.0025756670086875457,0.0020294279122920157,0.13802402978762984
1899,1.2219417535841957,0.004440326805680967,0.008300427576054077,0.11223954986780882
1900,0.26210518878516015,0.0013209931313686114,0.001657573157761939,0.13756978372111917
1901,0.05149481269110119,0.0009820298841694227,0.0010501806085282698,0.14001808082684875
1902,0.09155831049106913,0.0008944407118018492,0.0010812483596343665,0.11779939197003841
1903,0.14665428173110123,0.002402272724867589,0.001923784258752992,0.08779255719855428
1904,0.0957158647983926,0.00171702843372,0.001412690511180403,0.1433234717696905
1905,0.17887583644932434,0.0011356583889244548,0.0013616321431707788,0.12592514930292964
1906,0.12185688495341858,0.001381669931075025,0.0011431135962788955,0.12804470490664244
1907,0.15490056930782614,0.0036492371535827356,0.004283370602926953,0.10669759474694729
1908,0.32176982312826724,0.005679225358360897,0.004123390957806141,0.12061954196542501
1909,0.16044708775826189,0.0037590554241318875,0.004307005520107001,0.08320191688835621
1910,0.08313443957504293,0.010635156405574522,0.010380024148118717,0.11437794845551252
1911,0.2671892863543223,0.002733991462352515,0.0015565654068177947,0.1211220109835267
1912,0.03594263628745129,0.0014678074576552178,0.001451478850206679,0.11338054295629263
1913,0.6974084412344185,0.03855660507902671,0.03961684211548298,0.0816532508470118
1914,0.7941807771312509,0.00883312030933313,0.004359848689431755,0.09596328577026725
1915,0.14899185207044252,0.001093641652203223,0.0016745540987955357,0.1446090368553996
1916,0.10423277210459053,0.0012530700577844131,0.0010448797061385813,0.13264008099213243
1917,1.521670407413292,0.10700881401166298,0.10703466862769927,0.061097280122339725
1918,0.11945863600217355,0.0008273342087287758,0.0012766599508463523,0.13513722782954574
1919,0.37035384176451924,0.0074810728439078196,0.0065521698993894276,0.09332181792706251
1920,0.10914505085307549,0.0008560464174388618,0.0013397256394278225,0.12860632594674826
1921,0.04475958630818848,0.0002753821465819372,0.0005577647942008932,0.12656361097469926
1922,0.163596872263089,0.0008997895703925726,0.0016803479062235435,0.1400455329567194
1923,0.12753840684020365,0.001896209437876918,0.0015040309395138248,0.12874747812747955
1924,0.08571623642642737,0.0012964571955049536,0.00125609571035274,0.12083692895248532
1925,0.14191197835923808,0.0015581229333780772,0.0018238920007740886,0.12753957882523537
1926,0.12784755707341966,0.0022420211036499205,0.001630659414711439,0.1355143077671528
1927,0.2887025779001631,0.029030447447625174,0.02838966670308413,0.08257065108045936
1928,0.7933836321379273,0.005035652440418248,0.011375694966049904,0.12897504027932882
1929,0.36491459235261076,0.0019744142397351084,0.0024920150298593166,0.12318412633612752
1930,0.2604162871030871,0.0004410820687727164,0.002890254070030061,0.10433332528918982
1931,0.10387487668666472,0.0010915979825670144,0.0014149619586436137,0.11498042987659574
1932,0.7664389147622607,0.03876338694751908,0.039511532468615045,0.09731763694435358
1933,0.11226432329845044,0.0018609048093580043,0.001256941706375753,0.13816590933129191
1934,0.13277415022105973,0.000644397721722635,0.0013085386596606763,0.14297466818243265
1935,0.12305917957112752,0.001628164065413009,0.0014081372856628123,0.11475097201764584
1936,0.07499882086084575,0.0013238852722783597,0.001530726548948717,0.14958745101466775
1937,0.2682636423099718,0.0023715053748040484,0.0028979245711608205,0.12181860441341996
1938,0.10591604877453241,0.0005009014821356908,0.0010890907808573957,0.12332489294931293
1939,0.1379709874424148,0.0004750119008829479,0.0014675695335557013,0.11465313099324703
1940,0.0629663531214602,0.0009863356661658136,0.0010063632085577912,0.132702493108809
1941,0.1469434742316927,0.00040513598933874785,0.0014041859266412818,0.13934140466153622
1942,0.0842578277731541,0.0010571055800055326,0.0012078384647911942,0.12963180476799607
1943,0.7975464193598804,0.020172525506983802,0.02824595255343195,0.11691915616393089
1944,0.23298250987250402,0.0027534860750441197,0.0026162378243179975,0.13288489682599902
1945,0.161114817661539,0.0017857728720121792,0.0016200125095218237,0.14834644878283143
1946,0.378582902288818,0.0033925436739150744,0.0024959002179243076,0.11380676086992025
1947,0.18814104128998832,0.001842787200901142,0.0019121942718098883,0.14146540127694607
1948,0.12346274959039619,0.001298028698028521,0.0016039241660819313,0.13134858896955848
1949,0.1359878357071852,0.001357831646917132,0.0014271367293000282,0.14376008370891213
1950,0.15897041664594305,0.0012781086296420338,0.001755318598031752,0.12695114128291607
1951,0.08714802914108725,0.0013255288248777474,0.0011927878198499408,0.10942610539495945
1952,0.11415707682656562,0.0013243757157042773,0.0013008954117238191,0.12709948001429439
1953,0.05595498534414308,0.0014175674333519643,0.0011846829506962097,0.12693737400695682
1954,0.22524830069787108,0.001609472317134241,0.0012058210764980717,0.12897961819544435
1955,0.09697634025230283,0.00067135580897274,0.000979168280992293,0.1326533150859177
1956,0.06640267559857871,0.0005651327941807263,0.0009028908601439928,0.1279965341091156
1957,0.05266735077621783,0.0010221208127253769,0.0009295658129552242,0.12879933323711157
1958,3.7943839657556904,0.11243223282509048,0.09355375315868196,0.08532151114195585
1959,2.5824143224073546,0.05970387496613777,0.04741511439980182,0.11524083185940981
1960,1.8407570395619604,0.022735416665187722,0.03231548863816937,0.0678820968605578
1961,1.4368543019274693,0.14440976304409273,0.1388590356199695,0.06673782458528876
1962,0.3397674919437505,0.03811739600440969,0.039412014454850534,0.08205520594492555
1963,0.185213261079021,0.0015852045588190008,0.0016861769874171502,0.1301308129914105
1964,0.03992291492319957,0.0014651338159294908,0.0012970298645203046,0.14156558364629745
1965,0.1713103991125822,0.0012935918069766328,0.0014280737895506156,0.1250007962808013
1966,1.325089374790561,0.10317829157452843,0.09767539060205607,0.06321329809725285
1967,0.13942506897131882,0.0014111088734153367,0.0014888600846164686,0.12070424389094114
1968,0.4047174061198976,0.0030479558660050435,0.0049993038414338,0.11562964459881186
1969,7.487979370548277,0.0618970955324942,0.08818781497864926,0.10360424406826496
1970,0.0678574685515339,0.0005861364815276795,0.0011142146403152915,0.13590108789503574
1971,1.174640614533116,0.010888533221603198,0.009678030788128796,0.12174096377566457
1972,0.14992969578536225,0.0003001470999827988,0.0011964401049110384,0.12146114883944392
1973,0.0665172548261009,0.0009129092245046562,0.001191279567499414,0.09268196392804384
1974,0.3380981303574379,0.0035556236213447646,0.0025449108816217123,0.1377649731002748
1975,7.727321278660288,0.1435881397294226,0.11870393829541392,0.07903912011533976
1976,0.11402540618321551,0.001771926632440803,0.0014053831048224412,0.11845439206808805
1977,0.5800319312520439,0.07086880310845221,0.06890526828709011,0.1098545310087502
1978,0.2079870078957072,0.0005299454178568808,0.0013319877054723105,0.09856126690283418
1979,0.0766421645364952,0.0009393476937822517,0.0009536209821198797,0.09702979400753975
1980,4.532890862714951,0.04808284283819534,0.08144589644861046,0.09367787605151534
1981,0.2304147479131227,0.0013685106476866806,0.0022494419233977437,0.1448529059998691
1982,0.04939260300062518,0.0009498483960345721,0.001093665678525268,0.1463635191321373
1983,0.11688529578914149,0.0008801517475273936,0.0011788677840410522,0.11314481683075428
1984,0.27149849422071215,0.001442293338341319,0.0025741303278387574,0.15353385172784328
1985,0.06726600878574943,0.00026642408147554226,0.0007589234746247772,0.15051357029005885
1986,0.10474296454920573,0.0019613028122418144,0.0016938211297404687,0.1344463019631803
1987,0.2317617517954422,0.0025295960281909273,0.0026408664540178953,0.1257805828936398
1988,0.06760995536841131,0.010827329986471932,0.011115376662991448,0.10151000693440437
1989,0.5146933054599904,0.060829377968944824,0.056050899882227674,0.12414288613945246
1990,0.10890548222394848,0.002492134758874943,0.002710581303856604,0.1400782959535718
1991,0.1783989741367651,0.0957444186656833,0.09655598541628264,0.10073891840875149
1992,0.19515316868473614,0.0006494402361354478,0.0018569385550085767,0.12895752862095833
1993,3.8603582831071646,0.0902353796787403,0.11147915143305774,0.07985637802630663
1994,0.07220267918953541,0.0011024942518578387,0.0009186205812780672,0.13633643463253975
1995,0.27638018113800045,0.002612841229113346,0.001574157807889861,0.12294644303619862
1996,0.05447154099634477,0.0005712820959311852,0.0007652807177654787,0.14037865726277232
1997,0.11536969492207999,0.0014691931259520007,0.0009071360604526683,0.14230621606111526
1998,0.1784533493553652,0.0019356889900363579,0.002040570428135568,0.13973159389570355
1999,0.19967543933501689,0.004457471396730771,0.005612745106488291,0.13774372218176723
2000,0.24843540399380248,0.010133177828143757,0.01101319573407604,0.10017555812373757
2001,0.07828705398653624,0.0006558867472680134,0.0009270414304243045,0.14455529022961855
2002,0.11854758198596384,0.0018505086891785092,0.002339789184799713,0.14987005200237036
2003,0.18923399421717416,0.0022629468721808103,0.0028966750430905286,0.11513421311974525
2004,6.78355408399126,0.16538297978682473,0.1413576528793154,0.09228974115103483
2005,0.19370350568320313,0.003216945015622425,0.0029761812177780908,0.12823188211768866
2006,0.0279922951861487,0.0006379751891932872,0.0006811420502492047,0.1239597569219768
2007,0.20223195968936175,0.0024043179442951416,0.0022827191201432837,0.13596651190891862
2008,0.35215942686263463,0.0017748347568606302,0.0034633117771181317,0.14346033008769155
2009,0.03704520326573679,0.0008031892801581528,0.0007520310689632965,0.13974239071831107
2010,0.10767283937255284,0.0003961995740572737,0.0010802356944450326,0.12484858790412545
2011,0.05737848253987986,0.0006151398539544886,0.0008476885088776669,0.13259397260844707
2012,0.1564469035124985,0.0010674785422669366,0.0013419788197759697,0.09283908177167177
2013,0.048575682689003426,0.000958902668412094,0.0010544563307492265,0.12462467607110739
2014,0.10105200562248917,0.0037134506731215976,0.0028817372366772478,0.13889189111068845
2015,0.053536986505597364,0.0004039769756278458,0.0007149646438435396,0.0990241919644177
2016,0.142423770725099,0.0007806450721440875,0.0011051725632150323,0.12579348916187882
2017,0.1168325473030305,0.0004460954192554691,0.0011484162152732335,0.14699876122176647
2018,0.8539864094656527,0.02706041709772293,0.029281104268149234,0.08347067283466458
2019,0.15949581118379152,0.0011461531045086253,0.0017921297817105977,0.13537470577284694
2020,0.15821939945958796,0.003319188405845318,0.0025072961214562344,0.1384148383513093
2021,6.649451959763086,0.15708694107017349,0.10396579728634704,0.0646493611857295
2022,0.1142481574053078,0.0006055210071065764,0.0011861685405170595,0.141185216140002
2023,0.041990625023225724,0.000578267760160884,0.0006962627768629889,0.11051206337288022
2024,0.132560415162076,0.0019471348436636312,0.0015981843084831757,0.13390504522249103
2025,0.13631511865041285,0.0007156901015217559,0.0015477299331492361,0.13453752594068646
2026,0.2811026048017687,0.002051585574239969,0.002043030396482136,0.10705096740275621
2027,0.08435452232031136,0.002331660776429725,0.0025040876657543144,0.1264151711948216
2028,2.1793756815256957,0.01964259286815955,0.03190731987234902,0.11105995019897819
2029,0.07796629338350566,0.00129061878961005,0.0014913553595770732,0.13885631505399942
2030,0.11821437143062008,0.0025993734395163962,0.002002476550112176,0.12991431867703795
2031,0.10693678679002354,0.0020086406808935723,0.0019779931276725383,0.12589353183284402
2032,2.3937785908117104,0.04225526488322586,0.04765776569768021,0.08176610432565212
2033,0.14976753462504974,0.0009343042323704563,0.0014852724186164982,0.11542393593117595
2034,0.33962629230203883,0.0017487389002926192,0.0041996483882291965,0.08364174980670214
2035,0.10702326185673638,0.0012711810465269948,0.0008992906143549758,0.09821866918355227
2036,0.13695420879578404,0.00242017742651951,0.001923323029342768,0.141182579100132
2037,0.08237497147804525,0.0012327016094614556,0.0015575162463369128,0.13494623359292746
2038,0.3050018522629792,0.006374787836576699,0.00564482482815101,0.09624141408130527
2039,0.33049187757696946,0.0011100177492193656,0.0023565478390024557,0.13775086170062423
2040,0.0661625225630258,0.0011229853043864281,0.000733817432634191,0.1297901999205351
2041,0.11322501334589458,0.005058390869213519,0.0052124277662657275,0.10074084298685193
2042,1.726729891443269,0.04600259694758027,0.04364686740110364,0.08772553177550435
2043,0.08991209694016578,0.0008275517856369509,0.0007991150520552997,0.11687265988439322
2044,0.10977936461015732,0.0013297649504702609,0.001733241518015272,0.11486108601093292
2045,0.02224345295087424,0.000761227580277763,0.0008282709696792201,0.12043843604624271
2046,0.28092147091627945,0.0020959891475396887,0.0029165683742231733,0.13548151217401028
2047,0.23559008581514093,0.0020314852564287627,0.001566172483326972,0.12155088316649199
2048,0.3840815911931333,0.0014804580375056724,0.0030601264569340113,0.12059203395619988
2049,0.1540500187112259,0.001105606658007853,0.0014645975855179488,0.12560389703139663
2050,0.6931548044420719,0.011160816114222798,0.005737458198510667,0.12186757894232869
2051,3.090633016742017,0.04455127716116798,0.02877232803123939,0.12834926415234804
2052,0.6579893794916644,0.008384510308440757,0.01329756997695027,0.1250097998417914
2053,0.16044608318039724,0.0025979702829986547,0.0021080554688461452,0.1356542450375855
2054,0.10863047474950469,0.0017160484951946721,0.0017210739685986083,0.14037524396553636
2055,0.09949564141720864,0.0012042741906144454,0.0009930012059623395,0.12772642821073532
2056,0.0815266146978535,0.0012444308091686125,0.001274267028734151,0.11165764229372144
2057,0.07893096257233276,0.0004258757636289996,0.0011848047800269057,0.1388133242726326
2058,0.10501419440039118,0.0009608226052442552,0.0011447625949583765,0.14175650523975492
2059,0.20022893943751804,0.0024827107929752015,0.0017054792328459643,0.14776123501360416
2060,0.10372246711564385,0.0005612572916268162,0.0011095289185062412,0.11412929277867079
2061,0.13654473157438088,0.0022343046819516188,0.0017937065918986381,0.13281402690336108
2062,0.054970794903187924,0.00019200120226546175,0.0007616718857213923,0.1266790390945971
2063,0.10215764008121535,0.001020107307229108,0.001151430532135643,0.14084895607084036
2064,0.0629990254336829,0.0009672385911915752,0.0007180441569130937,0.13779781386256218
2065,0.09671792031009281,0.001209273750265821,0.0012843634148676714,0.13389168912544847
2066,0.09519958072929872,0.0014808166588174646,0.0013692500762143096,0.11942178197205067
2067,1.144545435057435,0.0031880448506979853,0.00943355569256328,0.12179135391488671
2068,0.27415928306282156,0.002051074785592289,0.0021597246055079893,0.12122796289622784
2069,0.3266865557219112,0.001956078488105477,0.002365150921166508,0.14283339865505695
2070,0.13488454645534276,0.0011932080688310822,0.0012581688310509007,0.1194140762090683
2071,0.11717583642386077,0.0007221308768044914,0.0012373322814371683,0.12434700923040509
2072,0.0876901191292458,0.0004178764840547731,0.0011425663252154921,0.13952215109020472
2073,1.148741425433126,0.01858153597383012,0.018446427978776395,0.08153315167874098
2074,4.059268419221057,0.05252530205381686,0.03798378094160916,0.053979446180164814
2075,0.11937687064223,0.0015785300661144783,0.0017362279996128043,0.12708428408950567
2076,0.11635509022787549,0.10806209798414808,0.10865893753186502,0.10990331089124084
2077,0.18008105840867583,0.002772022272072511,0.0024890672917547868,0.1417523929849267
2078,0.23345230685994903,0.001494819547117178,0.001621573496787273,0.1389244580641389
2079,1.3154261981330562,0.02918972625195258,0.023984757609237337,0.08524173311889172
2080,0.18410829734489081,0.0007919292027087453,0.0019712135427679164,0.12195004662498832
2081,0.43494202336738996,0.002225566247714024,0.0036461452022155194,0.13852280983701348
2082,0.6589742752336648,0.007480306334574152,0.004622399740901151,0.1364454715512693
2083,0.1394693096823876,0.001079627686089616,0.001064194684101237,0.13989591924473643
2084,0.261550379466595,0.012020727210963322,0.012972052310216925,0.10290229506790638
2085,0.16846615626342937,0.0016741025273479364,0.0022534506673326797,0.14091451512649655
2086,0.2126041714760912,0.0009139835972624113,0.0022486474048061694,0.11861034808680415
2087,0.2872199316530155,0.0024133686157661043,0.0020237968275193664,0.13415393000468612
2088,0.22101848923290254,0.002780864642937191,0.003393434376344075,0.1382507150992751
2089,0.25931131586721895,0.0025393785258776983,0.002058499055458273,0.14186591980978847
2090,3.254850319729998,0.06997418685500324,0.0893751770544137,0.06572846416383982
2091,0.1943468734991478,0.0017793924341541812,0.0020519741109455755,0.12100823828950524
2092,0.12612643900236262,0.0013445697641467956,0.0013497220500502298,0.11975782690569758
2093,0.14259146519973157,0.0008399185492840806,0.00128621962229567,0.1272002779878676
2094,0.1471132410160153,0.0008671349814977526,0.0014971602141426545,0.14677528385072947
2095,0.033096876296625374,0.0006875407273137288,0.0007879393205717747,0.1505474578589201
2096,0.344720655230291,0.0027944692581249636,0.002875052726586052,0.11028151633217931
2097,0.035078233038765415,0.001718750338443216,0.001642212606811731,0.1281595933251083
2098,0.09495349958048135,0.0027512508796898273,0.002183233952199956,0.11483773589134216
2099,0.22037746472085148,0.0024904461076315355,0.0023400248346954087,0.12378089502453804
2100,2.6306515256488665,0.12639056049875463,0.1340708865391822,0.07177842315286398
2101,0.04685741074012,0.0007057681633386595,0.0010104848608562184,0.10431333165615797
2102,0.2187242493005816,0.001233126893823522,0.0013590696442006185,0.127296295017004
2103,2.3264090762237895,0.10294461677784829,0.11350197935888129,0.0643627131357789
2104,0.03727135059125212,0.00013712850154825253,0.0003742383709881109,0.12111443094909191
2105,0.23890951703442126,0.005207916284181242,0.005955003110128386,0.12845712201669812
2106,0.2924540275543391,0.004928101107362187,0.0042223971467563425,0.11742613697424531
2107,0.10511480966806698,0.0013705382489100281,0.0016332638013560811,0.13805335527285933
2108,0.02448420601258576,0.001046141952471712,0.0011850756948313629,0.14793360885232687
2109,0.16543729023196385,0.001641748600230311,0.001749383715359254,0.12114896904677153
2110,0.07773462716091688,0.0008227537542267435,0.0010013878586223736,0.12560813501477242
2111,0.10474085083034193,0.0008978539105031775,0.0010318848525517684,0.13602194469422102
2112,0.03394546799835438,0.0006490267845490201,0.0007073118191453438,0.1391218206845224
2113,0.552165546968519,0.016565449575572593,0.014590488798978308,0.1325435470789671
2114,0.08570059108217758,0.001195054890846188,0.0014099646869161595,0.12786108907312155
2115,1.5748997410307835,0.023119611557636026,0.016456752180592164,0.10274609224870801
2116,0.07200350662998396,0.0018071249008858455,0.001595118647610005,0.13372122589498758
2117,0.12301122504953448,0.0011068952097149757,0.0011683414418437526,0.10420935414731503
2118,0.35737856897320514,0.003009707585229392,0.002992269387114709,0.12515683099627495
2119,0.06295722526286518,0.0006824192341950498,0.0011343109401677895,0.12458994099870324
2120,5.978339653851299,0.08027662687616918,0.09856089783065725,0.08284190390259027
2121,0.15533266433192525,0.0017470219850781088,0.0017215440883475111,0.14804423414170742
2122,0.07676910237096268,0.0010960580605104949,0.0011883331458676866,0.1417347309179604
2123,0.012490426715076915,0.0007615665052968251,0.0008382017351923246,0.10535632073879242
2124,0.15681279931513264,0.0022344638095142073,0.0019262618679981706,0.1213861689902842
2125,0.09471260517656836,0.0011734278915079067,0.0013117727546419035,0.13020234229043126
2126,3.209633448599075,0.05243535358348632,0.05535777118572664,0.10790201229974627
2127,1.5415094275884755,0.16521762771579301,0.15530087686733943,0.1033914820291102
2128,0.057853665916899846,0.0007634225444791145,0.0010557561573220366,0.1140846461057663
2129,0.1907271179174711,0.0011809180468383895,0.0018154886782290461,0.131806842982769
2130,0.0859565223273528,0.0013050130053115817,0.0010715516990997315,0.13126854691654444
2131,1.941650155732186,0.11057879805860932,0.12300723565347144,0.06628098618239164
2132,4.349550064209435,0.15816857641781396,0.14284396233222232,0.07445458695292473
2133,0.0685427541362824,0.0009486098540325019,0.0015238061236710467,0.12195286294445395
2134,1.358983200349027,0.0765507887154421,0.08991458952386866,0.12799289776012301
2135,0.1290774050782681,0.0005411200653647248,0.0013537334297801923,0.13880264619365335
2136,0.16945190487463252,0.0022251647087752923,0.0027865109487509553,0.14367312006652355
2137,0.19898097153621633,0.0011338120990039557,0.0013949879956048324,0.10325371706858277
2138,0.12013413011675816,0.0006202894083997344,0.0013953391270298849,0.14029768714681268
2139,0.1339746733325705,0.008625701261571746,0.008600789232089963,0.11484132520854473
2140,0.14650076296770428,0.0010605385556855108,0.0017536406983730873,0.12060710601508617
2141,0.11465328567033352,0.0013905136370771125,0.0013837046957442588,0.13183166505768895
2142,0.028186658131808585,0.0012194975434465139,0.0011182129777028591,0.1312550539150834
2143,0.39480188045674675,0.18731577870140895,0.18618033822101518,0.11614197213202715
2144,0.1512834273798649,0.0012329489812627104,0.0014635297389636605,0.1248266170732677
2145,0.10105965462333497,0.0007750034007153802,0.000901503084672345,0.1430944139137864
2146,0.645505194154815,0.01618796249524174,0.019856117211561636,0.11586110386997461
2147,0.0938274880331541,0.002034408263599365,0.002007179671913883,0.12868099100887775
