pair,rre,rte,rmse,time
0,7.325612025336437,0.0372154436291826,0.07737704817228304,7.815842093899846
1,0.42625309590237137,0.07085044478153577,0.06994705785699555,0.19613663107156754
2,0.3461086890486282,0.0008737076724897146,0.003825809702849583,0.2167909131385386
3,2.499681059803553,0.22381942412477004,0.22729862455460134,0.18076829286292195
4,19.332929472834454,0.1420829531071594,0.22890231647307605,0.340478393714875
5,8.759829396181058,0.09276065999620077,0.14831170570063776,0.1483187680132687
6,0.09140579915978767,0.0007426627087098229,0.0018453137114371988,0.23337143007665873
7,2.9698565479608026,0.05453001928890652,0.04651821144559763,0.14968647807836533
8,53.095740050243876,0.35928864245935066,0.5742177823930306,0.1483531198464334
9,1.263460648698997,0.012423346597408364,0.014064915940080162,0.15185409784317017
10,6.588941265659994,0.11307778519539657,0.0898712251438375,0.19786230800673366
11,0.15576534114541304,0.005672165040965417,0.006192440503783474,0.1920089847408235
12,0.5530985942509282,0.1199799684635597,0.11963518979733713,0.16428908426314592
13,11.039332402803016,0.15612893575426573,0.07673538982844258,0.15153183415532112
14,0.2790353645942335,0.06791572916953245,0.06974061826889787,0.14984767930582166
15,24.37689806506524,0.053990203833746975,0.16596565029163846,0.15044975699856877
16,21.492574982540216,0.3307922285212685,0.28942413593705163,0.15329341497272253
17,2.537910009546169,0.2014548501625506,0.221723847031982,0.15729179000481963
18,20.718597401829584,0.22727354445363532,0.3230333722657338,0.15833684615790844
19,2.7926496548513007,0.21897500925483443,0.2257730797831351,0.13632895098999143
20,13.641987418530292,0.32300462785468004,0.3920013872842364,0.15686388919129968
21,6.535754572478856,0.14697558704475977,0.1422130733685838,0.15604645479470491
22,0.4132088658114518,0.34070150448052433,0.3418781404148973,0.15977052133530378
23,9.809655620258292,0.12943600951603992,0.1447863598854021,0.1521107843145728
24,18.346450201553555,0.09724148643650912,0.12852867337099905,0.15084091341122985
25,8.549937758346806,0.08580779572149884,0.11257388139381591,0.15280071692541242
26,0.4075156434931401,0.0032881768703185432,0.004771728211086793,0.14902192912995815
27,0.6549709916201176,0.03644686852357689,0.03993402275943545,0.1356321768835187
28,12.662491534941623,0.2528337440277505,0.2862464491322731,0.15167246432974935
29,0.703884590205944,0.0036037002772011106,0.005023180853712288,0.14797480357810855
30,4.282487070215601,0.06797908217796673,0.0858270564272689,0.14701341092586517
31,16.342186091471145,0.43673700927859205,0.37521016735124885,0.2284930138848722
32,1.9473935901691712,0.20217705229055088,0.2082486820649015,0.1468148990534246
33,0.13204209375991158,0.007093007542607233,0.0073421781513026,0.1457626041956246
34,19.128553159097997,0.27283180427487597,0.2685001326095791,0.15669784601777792
35,2.2124265309533544,0.15565688885836737,0.15982361550466925,0.14678468788042665
36,67.22097912432156,0.4084859543009769,0.4379410663529219,0.14711478864774108
37,0.1400761770546809,0.014468237514695052,0.014380572855778187,0.15482432022690773
38,0.11634570711798814,0.0025184105056365543,0.0030210712040113887,0.15506573161110282
39,5.903248999793178,0.03911767290951274,0.07071077569207221,0.14832533290609717
40,0.428850484701123,0.0012236786361318871,0.0036109609672904594,0.14942233078181744
41,10.579042496267824,0.13867416161394622,0.1550888141026254,0.1432662708684802
42,0.3571350917992421,0.10658129894758678,0.10462698895418024,0.14662542566657066
43,0.199721283129138,0.00019178552872382222,0.002253037870719967,0.1447416921146214
44,0.5226689193993537,0.003510763682012134,0.005530104176124441,0.14725573919713497
45,9.69179408630169,0.14661601353489068,0.15549829228401268,0.1474094120785594
46,0.8587256103886916,0.0026084630082375006,0.009153107262296775,0.14632691722363234
47,0.49929907406296775,0.0017065426864224195,0.003708296282454473,0.14715316891670227
48,0.5180746718738118,0.0019233838037043336,0.0039904422000531965,0.148273890838027
49,1.6687331103982552,0.027489136225022404,0.03579186938280412,0.1458085891790688
50,3.4940915913440747,0.13070839810487422,0.12969629792686782,0.14738104492425919
51,0.23899077168249344,0.14195189918674958,0.14167304421583782,0.1485881800763309
52,14.261696746548129,0.22247721360374745,0.226375454796437,0.14638695726171136
53,0.22552138085270615,0.0010881591490041205,0.002394579443465834,0.14639806421473622
54,12.154236537121351,0.3242384932754825,0.36199922894388786,0.1490857652388513
55,20.81181339311387,0.18968490689542092,0.2643288667644537,0.14764761785045266
56,33.30288090030434,0.36022778113568726,0.3795190203751725,0.05709677515551448
57,0.2856200788427998,0.0027831869533514846,0.004147884906500463,0.14650852791965008
58,0.5706834956074052,0.00900019559905469,0.008389144927458948,0.14778314298018813
59,0.7322942928327212,0.006381046239704787,0.0074852825185917305,0.14645731076598167
60,0.23282525723428668,0.0020381696543718096,0.002600219938877223,0.14014455117285252
61,5.310399704914706,0.37476797015017105,0.37376903829170094,0.14621530007570982
62,0.8720317053151064,0.19541603133557497,0.19627108211715613,0.22656914498656988
63,3.428666356533012,0.042175146553825094,0.05672163861827057,0.14595611207187176
64,0.2087038366905755,0.002584164638918946,0.00267892931313374,0.14636821066960692
65,4.001078027403043,0.24774778809688158,0.27020307282538397,0.14771672012284398
66,2.3843845254675453,0.011953306572251507,0.017673479393502327,0.14207237772643566
67,19.762985031259735,0.15710481532928988,0.276993530384092,0.1570590785704553
68,6.516666372598794,0.459796611904866,0.4606263300750324,0.1586789321154356
69,16.271849210053368,0.23245823111795885,0.26373522149809875,0.1583476741798222
70,9.499130021026792,0.12424197700934915,0.1466731917123863,0.1498350310139358
71,33.36238850777518,0.3664743831210461,0.23365827419852447,0.15078915236517787
72,0.33528102780955465,0.0036694569368796097,0.004737276483168398,0.15082397917285562
73,0.2513259377859746,0.0039311076236700606,0.004254369094269257,0.13581791007891297
74,0.41746016114815576,0.0024887746186202904,0.003644880214442549,0.15827123215422034
75,0.36772622315688114,0.0034675405913538434,0.0021582749760487192,0.15273600863292813
76,18.914471049160785,0.16897179170518725,0.1482469192796271,0.15732548292726278
77,33.68618770647993,0.31694493696059617,0.2912826459092169,0.1469707121141255
78,0.06796261771336073,0.02831467659135541,0.028670396414689277,0.15816193306818604
79,0.4281686636478204,0.00577478477371798,0.004146945123163974,0.14996069902554154
80,10.781916878675077,0.1593574438227162,0.16146446119019142,0.15185868414118886
81,10.266445719991575,0.28935917193700234,0.26957304332458326,0.1499887341633439
82,13.016530729479586,0.22729021132150293,0.27441392930685593,0.1466427450068295
83,3.6617110325042392,0.03623683298754927,0.043199252764839255,0.14723069313913584
84,0.07010037434346048,0.001674219065936471,0.0020116874676365105,0.1536380830220878
85,0.09186319348991819,0.0032474751085629235,0.003125660248346273,0.14632639195770025
86,1.6745789472342592,0.15397695647224244,0.14923571388609058,0.15792568819597363
87,16.79274204937507,0.11073404828127859,0.22579867267376677,0.1465164008550346
88,1.433875844895437,0.10904182748749831,0.10692280546867915,0.15047795185819268
89,0.6255376080198439,0.08685431976369974,0.0878263401859419,0.14936534175649285
90,14.81901665457758,0.0988570397893908,0.20609719978885896,0.14652493223547935
91,11.08181355969503,0.29937678315691474,0.25670524208117623,0.14643975626677275
92,7.28973787633051,0.4652178931569961,0.46237447601312137,0.14576115598902106
93,0.599591082097106,0.005857240623462061,0.005633601168680196,0.1584176141768694
94,3.6022738797495557,0.014636823567489745,0.028660343519229928,0.14782286807894707
95,0.23786865941844587,0.01106343633148113,0.011618955729957735,0.14667166490107775
96,17.852653723525197,0.16882593029977225,0.07540717051216249,0.14700002362951636
97,6.741214579191574,0.04074588069041208,0.06978493287118194,0.14696160005405545
98,10.682947005673517,0.10339258344972316,0.12979018600418887,0.15233745332807302
99,3.1039601376264576,0.09340822784554105,0.1134423358101948,0.2349648210220039
100,0.7424042269983184,0.13022901625602326,0.1351455371988434,0.1477477583102882
101,0.5739940212398528,0.18226761832589564,0.17892639836055596,0.15428425604477525
102,8.86967465809316,0.09664793287500775,0.12157029667880724,0.15046431683003902
103,0.8873638876985251,0.12406428650038337,0.12364652220904274,0.14315432589501143
104,0.9157896144183189,0.14270529998699538,0.14356500807945247,0.14732491225004196
105,8.850568121167106,0.2666172929701765,0.3081143959824603,0.1471967096440494
106,0.4095917834799352,0.0052379556301781725,0.0044727297674900385,0.15559371886774898
107,26.890943884003832,0.3477656887106994,0.3747135273392306,0.057715626899152994
108,7.7973702761629715,0.08569360724767197,0.11597871824234737,0.1544613093137741
109,46.40427682109592,0.4045360409106476,0.17261428457576392,0.15821828600019217
110,2.102176231033063,0.022535411799984528,0.028100420465826326,0.15611734008416533
111,20.578389709168555,0.27562302709627734,0.28068527948572763,0.1507930401712656
112,0.5070732187938543,0.10891676030399797,0.10756524824425014,0.14418832398951054
113,0.6545010217869117,0.006624468659459848,0.005545379399739437,0.1471234019845724
114,3.1285516155740383,0.03276173006666597,0.03897439122762257,0.15886741783469915
115,0.4796867141809871,0.0029247445858687406,0.004108604490734295,0.1578662539832294
116,4.926879927803456,0.04833596919562487,0.06472746941494699,0.15796537790447474
117,0.34290531479481945,0.15528525228465875,0.15505846514230673,0.1503080972470343
118,1.4457535329605524,0.012551569374528507,0.011598652662587767,0.15339691611006856
119,4.606938493510534,0.24692526036638215,0.25790604428889696,0.1544691058807075
120,0.2879852446462238,0.0039767635445234015,0.003246889353321515,0.15564851881936193
121,0.9165164328989762,0.06485206761338241,0.06825947449634397,0.14031414734199643
122,0.14378813209613633,0.0017143778031652032,0.0021755999584734615,0.13600050890818238
123,15.507226811565427,0.15334684297784568,0.18337650616766316,0.14596546487882733
124,16.04297798371385,0.12054979490603016,0.14463938397174816,0.1465810528025031
125,5.146182969184369,0.07816871595792692,0.06888419730707923,0.14556027902290225
126,7.165519267789292,0.19785895344094817,0.20755756810918052,0.145569936838001
127,0.3469363941730752,0.001666240252546615,0.0032773809531865994,0.15500627923756838
128,6.7550515264391855,0.15195894091966755,0.14786309223498423,0.15261215018108487
129,13.170703097331968,0.23191396819481763,0.18246064325594732,0.06606374587863684
130,17.09296810089178,0.1572117313288287,0.16433350491469556,0.1554887699894607
131,35.91664742813829,0.3859336258261777,0.37153674391140723,0.05689312797039747
132,0.8119569507630284,0.02123452632395995,0.02626421713592834,0.14659900357946754
133,6.012201239017585,0.1096223336037898,0.123929035306896,0.14631864009425044
134,21.915458303043224,0.28740419647156346,0.29139264982218077,0.1579566579312086
135,14.670254901204354,0.1385683890503896,0.18492369687213847,0.14649871969595551
136,0.216220852586384,0.0034354052260132406,0.0037245421841336198,0.14664684794843197
137,0.4201742224045316,0.08223632709088613,0.08235541731465738,0.14607584103941917
138,16.636735112990245,0.24675439125183074,0.2902354958029619,0.15814967127516866
139,2.6719730175293392,0.22279418603537332,0.24373207395002197,0.15137098683044314
140,0.44364668198986196,0.26777336593242146,0.26702364814495916,0.15811700699850917
141,0.22777284927572686,0.001558034407723117,0.0021633586314932785,0.1568668708205223
142,1.9669076206689278,0.13851784564766542,0.15199351958367924,0.14891907898709178
143,8.377006486125492,0.04263367474869775,0.07638647502256371,0.14851866802200675
144,0.35740469228280425,0.0024189950955250633,0.0037199173208789633,0.15047308895736933
145,8.868910146933858,0.22260155169344856,0.22650030708726712,0.05778755201026797
146,6.177634565368325,0.02989493801654301,0.05220385483307223,0.23382026934996247
147,0.7175520253451427,0.12993373542955028,0.1312673550037184,0.14316002326086164
148,0.2573599152941113,0.002389961186171617,0.002823878135132592,0.14448721194639802
149,19.244825403803645,0.22552637939419037,0.27943874381631234,0.15834758197888732
150,1.1079276530761621,0.0030505184795752475,0.007734101370811331,0.15799140324816108
151,2.0850805129870458,0.03726313088324341,0.0389186732168667,0.14450312918052077
152,1.009769623094197,0.0033418819380451313,0.008908372542610515,0.14596781274303794
153,12.189229322026069,0.23336616324062745,0.23548598842578292,0.14877397706732154
154,20.389647547921346,0.30174033222948987,0.2716470868007808,0.14735499490052462
155,0.7577236601804644,0.005544555259441882,0.0064562377183641955,0.14646832598373294
156,1.1264316725755144,0.13318077765914535,0.13030734182279105,0.14230603724718094
157,12.187345935115577,0.13614487502345876,0.17726387610247024,0.14388379780575633
158,18.159557145486037,0.2603558596708868,0.2835816587806517,0.14770365273579955
159,21.008228713908053,0.1929363893603359,0.312600663562679,0.1467618909664452
160,0.18639361660919918,0.0020977914117463574,0.0027143240798980137,0.14920889073982835
161,0.677481798873207,0.006311397929644667,0.005656519292245957,0.14843827579170465
162,49.883865789764656,0.42459363840233927,0.5913468105327424,0.14692474761977792
163,6.587086334631111,0.048626894505062655,0.056824884440411165,0.14652979606762528
164,0.30086884444274126,0.1963042943221823,0.19548013472641584,0.1448609819635749
165,69.65740009672396,0.35724371511360437,0.785496996339878,0.1530515211634338
166,13.843212934712378,0.1828517830681229,0.22269151035422216,0.15784761775285006
167,38.98217228908697,0.6252147275540277,0.5302051788690155,0.14809100795537233
168,0.9605330206190705,0.020516860441146905,0.017501579416701232,0.14685554569587111
169,21.48199378475057,0.34237252456256206,0.34163794422166993,0.1495678024366498
170,0.33697412468917703,0.0022872028942893243,0.0038058757002313163,0.14224416110664606
171,5.9496788334815,0.23869841268180683,0.27181393464877224,0.14607968414202332
172,0.19237547690866227,0.0024765025462494135,0.0026981164899420465,0.14828384295105934
173,0.44843034972583196,0.15606035978740232,0.1555554944680481,0.15861931117251515
174,0.21301405835014298,0.005090903454651505,0.00378193184878475,0.1586915161460638
175,7.917085965039144,0.21507253709078675,0.26758880282250763,0.15751866810023785
176,2.3600851139849968,0.3717935115971661,0.37296549821369607,0.14768036687746644
177,7.124030975266608,0.0737887036858294,0.09460881392511009,0.14652590779587626
178,22.808870189668625,0.3632750602954227,0.3035441105821209,0.1469426709227264
179,0.39507548018525673,0.0026290311136844533,0.00423048740167534,0.15636878879740834
180,4.504359667757711,0.062040480291793404,0.058414544305221035,0.14743242738768458
181,37.13205678009324,0.3398165901651765,0.36703623746563024,0.14829949801787734
182,22.499637251168274,0.45394315962769766,0.4845965412101884,0.05716609722003341
183,7.922481397768883,0.10055247256216636,0.13002485083756962,0.1456892597489059
184,0.13331206703295723,0.0019927463650229508,0.0016881972926161106,0.15828363271430135
185,5.90940194097144,0.05117773821112362,0.06386547264372898,0.16575706005096436
186,2.012881215189562,0.012866411192435015,0.017477234134204545,0.14689736487343907
187,9.927847084751198,0.13572445840220007,0.12815331424006438,0.1469017369672656
188,0.11533603750254341,0.0014998193354367137,0.002199672694874563,0.1458854186348617
189,0.261522100027999,0.0012008290117464632,0.002737543353010955,0.1441291868686676
190,3.1550595337127847,0.027141018054990994,0.035108706573413785,0.1584075097925961
191,9.69394185908525,0.1444330115957228,0.14259222795730234,0.14273993810638785
192,9.647034056980242,0.23634781919501985,0.25724365193911136,0.15537216514348984
193,23.2412991582847,0.3509623741719885,0.34427829729177306,0.1461453796364367
194,14.643564714654653,0.0830521931001186,0.14444629232576398,0.1460779458284378
195,1.406658982916482,0.0037765058991506375,0.011473549114640358,0.15278630098327994
196,1.9506198183977177,0.15998674884975786,0.16408304368486,0.1451595821417868
197,1.131519156484109,0.011052476836831844,0.012844397220548032,0.1467634541913867
198,0.3066067985686811,0.2904277550834645,0.2902036791376929,0.1509748212993145
199,0.7159419018456191,0.0056446317590360335,0.007175608582110354,0.15517101902514696
200,1.1775848281615384,0.4896797959390368,0.4911390792012764,0.15070911683142185
201,27.97073049317637,0.2583964461716357,0.23973569650281412,0.14615614898502827
202,0.8776964366696763,0.26551651233759505,0.2690019194870152,0.14641227014362812
203,20.664386606583367,0.2532138248865218,0.23458568470481925,0.14851655205711722
204,2.35188833362797,0.33850492237670293,0.32118435616335633,0.1463080057874322
205,8.129997607076108,0.144019023106904,0.21131269627604707,0.15481305681169033
206,0.13798440661631317,0.003015713109407268,0.0024733753394878843,0.2448416743427515
207,0.12400286587849534,0.002356699378302148,0.0027365936617855784,0.13927283883094788
208,0.4644400029069257,0.20234791549487122,0.2052748457727467,0.1472411029972136
209,10.880707985809273,0.08510264854558316,0.1435874294587965,0.15196539321914315
210,15.981572553432187,0.2416791775457557,0.2314435973856599,0.14701584912836552
211,1.4439596243538928,0.07620413583202289,0.0704864036704059,0.1506946482695639
212,10.368781100205226,0.1378636355361856,0.21445868605232946,0.13447157107293606
213,2.211893373549218,0.11582968717801513,0.11703554339571633,0.14749285206198692
214,6.890709446448994,0.2148363643357014,0.20940827003776133,0.14648509677499533
215,5.93578005666927,0.093728812224474,0.11816712978149718,0.15818082494661212
216,0.43742645495807597,0.17757342585124897,0.1772399200092469,0.1583015350624919
217,15.491045035073446,0.06249676784456326,0.1265249030445738,0.15870658680796623
218,5.2808331266362805,0.07629410400959835,0.06390479054103758,0.14666050532832742
219,5.92506159524474,0.061642045011527535,0.07727231349129104,0.1466031102463603
220,0.5285308663356875,0.018545471705473594,0.02080973514941884,0.14659583382308483
221,1.2714819655538392,0.008898652737020549,0.012290488644239634,0.1471254089847207
222,9.358980311549358,0.1264843453007337,0.07367987330242777,0.1463890359736979
223,18.958665232719348,0.16661338046438978,0.30921722216830183,0.15544124599546194
224,0.17939433423551232,0.0013846236126530242,0.0023464775090843884,0.14467345690354705
225,0.5454053145032769,0.0032305373184307934,0.004796037717982951,0.15199266700074077
226,2.38599584169597,0.03173055663226014,0.03328281049306392,0.14686188893392682
227,0.3321449107992999,0.003405738044879541,0.004499785877417097,0.144303638022393
228,0.7115686649566911,0.003347440928005507,0.006081645645914079,0.1453413860872388
229,0.22462094741386066,0.000935875203917285,0.0019284464358989054,0.14795021386817098
230,6.565203231122609,0.22340045483988535,0.23989096387835301,0.15829727705568075
231,13.453504884174349,0.34563785914537093,0.40144307233055154,0.1475116559304297
232,0.29884542998877683,0.0018883256031505084,0.002620747350356672,0.13719493988901377
233,0.6428525391032534,0.0070776499825669584,0.006561557417044733,0.1468736920505762
234,4.771731740161098,0.037889741279644444,0.05364325491894572,0.1469979821704328
235,8.533195284131285,0.15833201950698725,0.12014326063916962,0.14656413486227393
236,23.2321801780172,0.1612273019094328,0.26156143715847324,0.1527581736445427
237,0.854812783923533,0.16686497634588734,0.16296217031962912,0.15552003495395184
238,2.12673900899721,0.0055194131254702,0.029195977894644443,0.14666609279811382
239,0.38249156851277016,0.005051194854192288,0.005014606571777848,0.1592746921814978
240,19.70029487637537,0.14312323569393232,0.08676188245229852,0.14698703587055206
241,9.963509925475202,0.3281489505195788,0.354466029196001,0.14596401201561093
242,24.914217986501527,0.19926476794114947,0.2709826347032753,0.15764037612825632
243,0.14866131590432066,0.005282054585899082,0.005373795137507508,0.15561541402712464
244,0.9793606645224212,0.14073575429988092,0.1450505411056229,0.14442839287221432
245,20.34678387233403,0.36834358134627165,0.44450197197867763,0.1468425802886486
246,8.968691841746294,0.10641474771055925,0.13794721033852766,0.14705966133624315
247,5.425094280257578,0.07751403471352984,0.07952153358303592,0.1474108607508242
248,0.8715453400946724,0.016101860660153067,0.010054013178583572,0.15531716123223305
249,2.165286734659185,0.01321773848567313,0.024979968181268703,0.15132161090150476
250,0.28018146957158413,0.002287713084151747,0.0027081173931610956,0.12839406030252576
251,0.7285705153898061,0.15688635083207858,0.161788386298648,0.14699820522218943
252,0.516959949938138,0.08910617874740463,0.08925150467044313,0.15507393330335617
253,0.14562479290599004,0.0018656013676928292,0.0028496305859142174,0.14602645207196474
254,0.1945877266757875,0.0023419723831567627,0.002407233489877035,0.1451313472352922
255,17.34945543718612,0.4816789421095743,0.4751878652511694,0.1557693099603057
256,0.15714503786081654,0.0031429991430070225,0.004809952861245007,0.1457444792613387
257,25.48261335578192,0.13959521667602845,0.2259924449639048,0.1481960159726441
258,21.901805773293276,0.30662427394793595,0.326382613279761,0.14805416716262698
259,14.598428741031977,0.19014685319518693,0.2204615535513837,0.14691470889374614
260,0.972263108379474,0.04621849542624968,0.041639758765107705,0.14648330118507147
261,0.13851706723274843,0.004837235977893932,0.005315850539078066,0.1467485693283379
262,1.66076362513571,0.035629756327420437,0.033149256274639195,0.14670692291110754
263,8.561501014355477,0.06575941799792004,0.11718881948691195,0.14657149417325854
264,9.775123395852974,0.1848123842263906,0.2580440646065715,0.15342321200296283
265,4.175535172809042,0.05248783441410029,0.04526941155310907,0.1567531549371779
266,0.0996219368218379,0.0025023837509087774,0.0028954817873748763,0.14492786675691605
267,11.137986369907921,0.11853769068504673,0.07083631389941288,0.14578634779900312
268,0.2754010371009068,0.1562725036904707,0.1556381303172141,0.14775088476017118
269,0.13834417943930172,0.0016481297199835853,0.0024856025226036383,0.15415591234341264
270,7.475119446339157,0.21823226483992747,0.25825461770299957,0.15114635974168777
271,2.880955676235208,0.1162312022770087,0.1139075347517799,0.1463904599659145
272,21.64893084928155,0.1833308949282799,0.28678030963709944,0.14824927877634764
273,0.5120250143944636,0.009964337824422426,0.008572006084413483,0.1465068832039833
274,0.9594198240719907,0.16428800513801803,0.17094418202460268,0.1342893890105188
275,19.194210758964694,0.2347800413780741,0.2281253304663507,0.14806348085403442
276,3.15950662817801,0.06335619257702561,0.05086134548949049,0.14696717401966453
277,0.27039213864931955,0.0011349428033930128,0.0024716211079458435,0.13332478608936071
278,7.973192731558352,0.042733362660115994,0.08573777968704148,0.1467888606712222
279,17.0322638381549,0.1564758444351983,0.18037621917692287,0.14831847418099642
280,5.574843425971763,0.0813900060063184,0.11026428910283302,0.25889563001692295
281,0.12390644809221064,0.004543555199196882,0.004283033194716046,0.14669119892641902
282,1.1359397795833068,0.07782405341095473,0.08820526800519102,0.1479509538039565
283,29.778195047174023,0.35321604259373396,0.39784957527624276,0.14842438884079456
284,0.1953668220326799,0.006740432047461598,0.008422606006998361,0.15892373397946358
285,0.36235151944644145,0.05009802654432665,0.050554417388193475,0.14918874809518456
286,14.15428738929431,0.15805972004073013,0.1790311527751039,0.1508308993652463
287,19.765584609744288,0.3146671550448967,0.3229680117086906,0.15823949361220002
288,7.477744174263649,0.052300898752268586,0.11834230455367059,0.1475137211382389
289,0.96051698363049,0.16767738503527654,0.16898539827992304,0.1507945917546749
290,4.822690672510474,0.24845962151479134,0.21046586350762064,0.13167261285707355
291,0.24081575527532198,0.0021778083447587665,0.003016176146255553,0.14827667782083154
292,0.21963100052569193,0.001313716526467798,0.0020237773923679992,0.15042115608230233
293,1.4018826970373774,0.018446978442102985,0.026065436326530658,0.1452585579827428
294,5.409359618858175,0.059665633529629704,0.06337746761947825,0.13685516687110066
295,8.36035564016921,0.16788919920637904,0.16109278246981856,0.15143295982852578
296,12.235262382533955,0.2272987360561308,0.30442611580430645,0.14660011464729905
297,0.33041037861416817,0.13878944740988566,0.13942126056445522,0.150590636767447
298,17.893424866587218,0.35900763762931726,0.3329607717103229,0.1517826272174716
299,3.227473584035876,0.2214212826126623,0.24856633671703965,0.15109621174633503
300,0.6914447967331876,0.005803721417468045,0.006664233411900011,0.15504175191745162
301,0.1988512383538817,0.002004489140269568,0.0021976021093192038,0.1563006928190589
302,8.135544678675927,0.10188592509915637,0.11987129406269426,0.1412385469302535
303,0.407083850206439,0.004173944257892604,0.005872301565392506,0.1453637513332069
304,10.135403321260846,0.05223251523325722,0.10362134819489284,0.1565278391353786
305,4.075657974903768,0.033181121355074165,0.0612454438788916,0.15492599131539464
306,10.975117896743727,0.4033540118426559,0.41702883223288273,0.14653449039906263
307,12.738591347996838,0.22228462850525613,0.20076516922184726,0.14353514788672328
308,16.57558597334088,0.2514571417196642,0.21662239251663376,0.14637373108416796
309,39.506148118658636,0.12635623883002703,0.1103573351393277,0.1481005810201168
310,0.2727501996367386,0.01854819987480016,0.019307891844196057,0.14430905506014824
311,11.740247075330382,0.10941200274781884,0.10896882669414192,0.15637451596558094
312,4.764877668826994,0.26813494367715424,0.27195848196898376,0.1475624516606331
313,10.688732099891984,0.03591286502423349,0.10784535621348852,0.14758532075211406
314,7.092507595777374,0.2885322877697708,0.2614449145371816,0.1470901989378035
315,0.35277796140239037,0.005182350500362187,0.005495653477338905,0.1474732980132103
316,4.631846061470453,0.2657664093606634,0.2890920812464616,0.15022040996700525
317,21.236262447186498,0.18221670114084476,0.19841056742253269,0.14453864702954888
318,14.511285530257263,0.32583814932106536,0.3795527405353541,0.14947431394830346
319,28.72565824026331,0.3784837183193076,0.29438035575333577,0.14716080436483026
320,0.736611274268014,0.021264681392036258,0.021404462348162335,0.13678939593955874
321,8.09983028479662,0.11383622063092923,0.1273410374936066,0.14637068239971995
322,4.380814066103015,0.18594300038653225,0.16407525169616072,0.13112348970025778
323,32.85199100169159,0.41792218730457453,0.3813658409924418,0.15328200394287705
324,8.320333639626163,0.1137661755578266,0.1284032504366696,0.1472644442692399
325,16.41756939136093,0.13753997027618264,0.18797055254845466,0.1466836459003389
326,10.248516050380681,0.08444983354104207,0.0260278899392099,0.14700862020254135
327,0.14214510340009134,0.0013740324992890498,0.0015311480477914288,0.14692552434280515
328,2.071210318419253,0.18833641406606433,0.1756640140513462,0.1531011862680316
329,0.28665450750126475,0.17573135022535935,0.1762796057159093,0.1555998520925641
330,12.196597358503219,0.2426856149702479,0.21167337444592133,0.14786605490371585
331,1.6348713115661446,0.12124105607519825,0.12158128884470525,0.15557458577677608
332,7.716219719565368,0.08316921786878083,0.06258572346140162,0.14734942885115743
333,1.97210658638222,0.29683269199602574,0.3032811497515334,0.1553689013235271
334,0.912209072746351,0.06899008057732162,0.06903740583172488,0.1486930507235229
335,1.3006749047344304,0.01424218313909847,0.016552753970512972,0.1505636516958475
336,9.698767228098623,0.16012268242812516,0.11728521410885377,0.14689136389642954
337,34.77775589001213,0.36995450929201534,0.3562870732234837,0.14683341374620795
338,0.32669501627335784,0.003172677926368625,0.0033785679733700316,0.15558713488280773
339,0.08715414005549936,0.001979070156887138,0.0018246129439053428,0.14595059864223003
340,3.6197421593720116,0.09769733249043767,0.10380655313095256,0.15449213795363903
341,0.29306138306205537,0.0015664574335704016,0.0037734290248036422,0.155398222617805
342,0.4758599323116101,0.003933072790913139,0.005162901307556761,0.1484432714059949
343,6.930654291391534,0.07973850565034125,0.08652652459595789,0.14632517425343394
344,2.9993494010619752,0.026904402296180307,0.04673664368012372,0.15746515290811658
345,0.19374411490700547,0.0015882431183570013,0.0019046710890865714,0.14578381134197116
346,0.9160545982716474,0.020025878920544003,0.024221981730404536,0.14499388169497252
347,0.20573840598855897,0.13607310209370516,0.1359219334559116,0.14682246511802077
348,0.526535326802463,0.1321759753134491,0.13334017646783267,0.15516392001882195
349,15.95683945718048,0.14843221213039381,0.21005428115832084,0.1462722928263247
350,1.5212657346874705,0.43917806079130034,0.43699413056952496,0.14917174400761724
351,1.1152332490794372,0.45448431625963215,0.4558312001482221,0.15269626816734672
352,3.4131081203426494,0.2502135662315188,0.24405989879266657,0.1555829420685768
353,0.08493462285399307,0.0033732743907146077,0.003666429992818739,0.15524425962939858
354,0.5559199065654737,0.007445862239138201,0.007723369326383642,0.14652707008644938
355,20.682046515279097,0.18185161925932797,0.2886865742630771,0.1456410358659923
356,0.41971783288507064,0.0026413165945880254,0.004359872338916609,0.14732200372964144
357,3.443122059527269,0.032957895601543725,0.045512202204965366,0.14239156898111105
358,4.478834438751806,0.07096142289886075,0.09011746612818525,0.14815091667696834
359,4.495034296634314,0.09457167141170666,0.09205669119030281,0.14564951788634062
360,12.197541262456108,0.1037647608511555,0.17665170395823493,0.14786289120092988
361,0.27101792852375717,0.002237560741587723,0.0038157957346226525,0.13670190190896392
362,8.918667284332141,0.14646263834920492,0.14168142934034766,0.14693278726190329
363,0.44831371915947366,0.003831127980678201,0.0032424957006183318,0.15493400394916534
364,0.39268147803902,0.04778141625757962,0.04449678140447139,0.14480731636285782
365,6.58902399909706,0.024540315888798663,0.06409886753906342,0.14564193971455097
366,0.24626687870152356,0.0014878855980617453,0.0029125862704510565,0.1547456569969654
367,1.8847702395296249,0.2054785452729579,0.21265686317449387,0.1514954981394112
368,0.9449899696806062,0.013496739181045405,0.01123971422366657,0.15645960066467524
369,10.17113452412072,0.1288368168215881,0.1390224787867974,0.14638179307803512
370,13.122177843031835,0.10674580555127221,0.0727535218755947,0.14793551666662097
371,2.129217497360322,0.013584895379866322,0.027564057105368817,0.14637527288869023
372,11.341730542520239,0.23975167556326524,0.25265616436676797,0.14672998012974858
373,0.17688085696891073,0.05093484435673296,0.05148214437951156,0.28210603911429644
374,6.522006742947303,0.07741908067532088,0.07741788930348432,0.15503930626437068
375,0.1688079748829807,0.0029310613368013854,0.0026877973049299997,0.14144416898488998
376,0.5001613278865202,0.0051925839632778435,0.006116502592359558,0.14428215101361275
377,14.755190628111704,0.3170852997234474,0.368686359468486,0.0587730398401618
378,19.453007772778765,0.32911679915452446,0.321570063490667,0.15537992399185896
379,0.7890742087529438,0.005379573047768028,0.008352993190418677,0.16426954371854663
380,10.968807184828163,0.10609321477222496,0.14017591248030317,0.1461191587150097
381,26.868819167765377,0.1037126844538282,0.13220526571146235,0.1472774427384138
382,0.6202873609441916,0.24643539550296986,0.24517414155616793,0.133290845900774
383,0.38296700235578074,0.008833615178986436,0.009851277363035716,0.15734586119651794
384,9.591675101421412,0.07151156678868385,0.13396670365339802,0.1460955236107111
385,1.1863941267162545,0.3027756779042563,0.2972810378650262,0.14618279412388802
386,65.67893600022636,0.5927515659120579,0.5535451102491262,0.14650419168174267
387,0.18918569364385215,0.0008903006400444002,0.0022004920530801627,0.14261785708367825
388,0.3777788980886434,0.002909270026822716,0.003160281862823697,0.14709622971713543
389,0.14320147202594896,0.0027383576185757382,0.0028421434546105507,0.1475896192714572
390,23.2699625899097,0.1380498630465816,0.3047777512579369,0.14648497197777033
391,0.9029357580363294,0.008149197731330934,0.009892876751477129,0.1466888110153377
392,6.274726496238064,0.3304692730538963,0.3155333242957464,0.14626804180443287
393,0.11536692322916803,0.018014154895865844,0.01773512343864871,0.15182830579578876
394,0.24501091240920975,0.003892977398068451,0.00506769848799228,0.14506613882258534
395,1.724536178850649,0.04632267552995581,0.04998174737320193,0.14606696693226695
396,27.709064958306303,0.17491678672729696,0.3016208279478984,0.14615262066945434
397,12.427784147119544,0.31012435433616875,0.29653721386229254,0.14666816173121333
398,0.3045042678085214,0.001447307138785831,0.003240788713222546,0.14695685636252165
399,3.9255318745582652,0.14645429273193009,0.12322751325071105,0.14671521494165063
400,9.448782297651501,0.0633928985444164,0.08890399723552876,0.15921679511666298
401,12.14825962464932,0.17200311369887258,0.17148497468820664,0.15581449586898088
402,5.741081655626847,0.06934967566193924,0.07693928792649905,0.155281032435596
403,0.24037842152449795,0.005955296474942825,0.006420404231629292,0.14554207492619753
404,1.907807463565023,0.12019110721297728,0.1242474277341841,0.14652392314746976
405,26.2460449582175,0.3072238372638607,0.31682733102187555,0.1550173396244645
406,0.711437186890748,0.061555230046311825,0.06387870464806268,0.1457213219255209
407,11.9968549744043,0.18317217929415527,0.2560795087291545,0.06731064803898335
408,0.3665459608353239,0.0009908691687259927,0.003127309365598436,0.1452700337395072
409,6.145302021322107,0.10801812599626673,0.1097198624260422,0.15591194108128548
410,25.372691680741607,0.412465847272827,0.34613414946991394,0.14619240211322904
411,10.766753235911104,0.12729888440639567,0.1758966082913388,0.14729584008455276
412,0.344950500848732,0.0020804779636248985,0.0031079368515565925,0.14624862000346184
413,7.661581005259548,0.10857236654473279,0.12657289138166353,0.14637039881199598
414,0.3585023847280322,0.0029374029902617784,0.00469786722031958,0.14750305516645312
415,29.936068338839657,0.4104750659650198,0.32423967061703374,0.1543238521553576
416,4.04000289171462,0.14933064168780424,0.16761910895179014,0.15901695238426328
417,1.3940348994658855,0.1575908481988459,0.16377899225064,0.15785319916903973
418,17.938386288361105,0.25962001733781165,0.20654252978729068,0.15593432961031795
419,20.23489229022562,0.20660731573950442,0.27068285264077735,0.1469931323081255
420,2.725557818268507,0.035807670788677054,0.0271759063180071,0.1563518033362925
421,19.771266238493748,0.22246409087207075,0.23453019152605217,0.14731695596128702
422,1.1420107121110514,0.17978120916124402,0.17467538484548903,0.14635669719427824
423,25.56467929588788,0.25924743338964906,0.32392926625041213,0.1575978072360158
424,0.31596378597782737,0.003283447633171223,0.0032268479994573395,0.15756977861747146
425,0.08793675695275834,0.0021382581852047253,0.0020071062341440846,0.1442499728873372
426,0.22335940715964664,0.0023397394643386283,0.00310447473166578,0.14535058941692114
427,3.887398288333345,0.08194796821141753,0.10188013950640756,0.14070943789556623
428,0.345901856608395,0.0015322446242536118,0.0023201177186615834,0.148044906090945
429,0.27416246436484054,0.0027835258820954572,0.0021605959498127054,0.1465555732138455
430,27.97156375646753,0.16960934218181253,0.28857667651386265,0.15079785976558924
431,43.67988818803685,0.5047159942485718,0.5742292512905656,0.1509328270331025
432,29.067072338905746,0.422901369628563,0.34871715977563655,0.14728959603235126
433,6.958357738599073,0.11819219545572357,0.14337745904744964,0.1529037212021649
434,5.279471496950085,0.05882389029751711,0.08346321134291543,0.1394594511948526
435,3.8049399827098136,0.14877175984635344,0.15864711952983768,0.14732846384868026
436,1.2612415780076656,0.009666886665895234,0.014787695981556829,0.14682732010260224
437,4.774746508469379,0.20208380055313271,0.22074003064709066,0.1393876438960433
438,2.674404345865405,0.021734480084693277,0.024576343375612316,0.14793163631111383
439,13.767386414162877,0.12337621288340628,0.19038087504264808,0.14624248584732413
440,2.2636196164364,0.0362047657532809,0.03880006558403802,0.14632346108555794
441,2.1004473047127417,0.2166660738726629,0.2112817789106092,0.1557456529699266
442,0.9097187894353619,0.21548512475942141,0.21089749050798462,0.1449503917247057
443,10.963541169939607,0.07521232250396682,0.1155580409790129,0.1454919259995222
444,77.57045965014585,0.8630976946381419,0.5574742065047601,0.15377271501347423
445,23.865803271626287,0.21415531295423276,0.25410333767089627,0.15378785086795688
446,1.328792131708002,0.015428748905411335,0.0184444510458799,0.14616574998944998
447,0.6720125883227462,0.004160668477243455,0.006257003292796325,0.14664520509541035
448,7.6704353285811875,0.15907088159739827,0.15044765795043144,0.14894793927669525
449,1.21445326122854,0.02129493039710186,0.022790282047000884,0.14752577198669314
450,0.09545669748615615,0.001611414168180195,0.0021812288516019104,0.1472659120336175
451,0.6000514932593074,0.005515776227844121,0.0075854016621201385,0.1470347661525011
452,30.254359512536933,0.31169433662348794,0.3273873532286766,0.14659030409529805
453,24.64751054104055,0.13697236767713442,0.30028484493979635,0.15277469623833895
454,6.359077506936156,0.029460395442654132,0.07993534381940391,0.14459209376946092
455,6.397184919313631,0.20807196164033717,0.1754491435938841,0.1535434671677649
456,0.3550312989987771,0.0014724134472933355,0.0033908408513185673,0.14654771471396089
457,0.2384888192912112,0.004390692680652377,0.004594884303291155,0.15581521298736334
458,5.624576012978436,0.025313784434676592,0.04820282873915193,0.1593858003616333
459,4.521629506350723,0.1270657124686941,0.14253870512966282,0.15325899235904217
460,13.46855938108623,0.14414299233254543,0.20891318440777631,0.1563391680829227
461,25.0864964354016,0.22418027667180543,0.23558910840725877,0.14815733768045902
462,21.574085679924494,0.25628199093514603,0.26643427948789195,0.15485988603904843
463,13.73307716272286,0.13454945005179778,0.20285804581588582,0.15713140880689025
464,14.431064412724298,0.21877724853985478,0.1756451974228092,0.1480089663527906
465,11.485318178047464,0.09510852323383345,0.1586968564479565,0.15694944700226188
466,12.26194555495889,0.2656521309653572,0.24013243342833757,0.15661136573180556
467,0.11122306596804327,0.11349818636600506,0.11335868752800779,0.15323662478476763
468,6.079104203540086,0.11152315795719442,0.0845451698403539,0.14714739099144936
469,1.8058809904586888,0.23721185906549075,0.22446077312056115,0.15403379360213876
470,7.9641302816592825,0.14504940999367427,0.16708258072281482,0.1448330911807716
471,0.7381833101875117,0.10286582328618675,0.09984463292443778,0.1462994529865682
472,11.412837712050507,0.12292264161080149,0.15448586789629348,0.1483568148687482
473,1.2927074089779949,0.3643410117591559,0.36075997175235747,0.14719645818695426
474,0.37852163895989976,0.004532290905157312,0.004925739445347813,0.15724103106185794
475,2.693399913718891,0.31873458036972374,0.3271089362997143,0.15821609972044826
476,0.9143370850798505,0.12657271668721093,0.11864686344453743,0.1462613707408309
477,4.456082675893528,0.13733188426980156,0.1355657134059245,0.159802105743438
478,2.7859375840812337,0.03083311161668586,0.03544145889880947,0.14742463314905763
479,11.635358529398788,0.2237223956189082,0.26138672095520593,0.14682942908257246
480,0.9607218153441458,0.18822638230291444,0.18879590936491483,0.15711226500570774
481,1.1719742819520795,0.3239866592406475,0.32870797549337216,0.14945636689662933
482,18.09469175197545,0.13902497821901705,0.14776289885580685,0.1483152681030333
483,5.253972184056443,0.20941477830701447,0.20216613086081495,0.15564181469380856
484,1.4394264894716304,0.03078963650060191,0.024406630591577234,0.1486905450001359
485,0.3385626105556565,0.12271087086152127,0.1217114084423302,0.14795165695250034
486,0.3528999676893489,0.0007118073103914824,0.0037476794365267504,0.1494388012215495
487,0.24733361322852548,0.002425592595602714,0.0033546277319133457,0.15882125683128834
488,8.671130255145338,0.40567956593576704,0.4136418862942432,0.2980891028419137
489,3.922406822018507,0.019393796673430927,0.04330618429426936,0.14774541277438402
490,11.040121830848339,0.16646220829794905,0.19038416827806223,0.14584887959063053
491,7.908942924615243,0.16355166862419604,0.16396155919229233,0.15311956265941262
492,0.32480798342568695,0.07963697367581157,0.07973012776213952,0.14880639500916004
493,66.36930413353039,0.584590655070315,0.6213546633579228,0.14694837387651205
494,5.605823165742024,0.05222165722800426,0.06463057121467719,0.15696754399687052
495,0.40704437680657823,0.0007905499838171881,0.0031818131992722527,0.14498362923040986
496,0.32625582628123473,0.0011939482700073338,0.0027166816800734727,0.16208836575970054
497,9.197496139132257,0.11132725291692722,0.13557931198055637,0.1532560051418841
498,0.3838421686739024,0.3711452869199053,0.3720794346194807,0.15890364767983556
499,9.700976760221359,0.15354400585977657,0.19182567864757202,0.14778308430686593
500,8.793282928820705,0.15759520491514206,0.1839762905617522,0.1562304929830134
501,0.36614964951497925,0.002751725906161578,0.0035030546220509813,0.1836617449298501
502,6.739399446549267,0.048240614513388916,0.06956731382929231,0.16952237114310265
503,0.2331900277129834,0.0035479801293733498,0.0035335775485012414,0.1525099570862949
504,18.08480271921635,0.23270311013221834,0.2673046430464288,0.06054625101387501
505,0.5365250454098146,0.1987298054701804,0.2008861590115364,0.14880720805376768
506,5.855848108079484,0.24454813789143995,0.24222987051011072,0.15357748279348016
507,4.455508117300489,0.05962913623421666,0.07801446451586798,0.15050509525462985
508,24.06512346001643,0.29114166259333074,0.2959221969785057,0.15657161409035325
509,13.326665940427285,0.10054013542778102,0.20405226337830798,0.14673950104042888
510,6.532698152564233,0.3340542280345014,0.3360699469342113,0.14602964976802468
511,0.18232332169307328,0.0011313267106930272,0.0020577092547796293,0.14742864668369293
512,0.3007243466910895,0.009490394239155788,0.01115098349589593,0.14368908666074276
513,0.6133335276129118,0.29971276476576,0.30134766986817213,0.15256749093532562
514,20.48197857508613,0.19421094163334773,0.22006224610470712,0.15833972208201885
515,9.692555416789371,0.1451430952966349,0.1856901890773827,0.14995965035632253
516,0.779173992182932,0.00973550077904881,0.006927620183621081,0.15313638001680374
517,0.19804870526790494,0.0017644174246100987,0.002675029480787385,0.14496165607124567
518,0.30872788358953995,0.004758396509026948,0.003388264167784913,0.15628910530358553
519,0.28118776127254885,0.00829693945952959,0.00705725355411588,0.15363072510808706
520,0.13066505206468654,0.002025234985177212,0.002676564821611488,0.1490520630031824
521,1.000013848210117,0.011446759716283178,0.006956300146212977,0.14825211185961962
522,0.0508084462317503,0.00346217555211012,0.003584869507583191,0.150940443854779
523,2.4695178636001325,0.2231163572466758,0.22954879652293048,0.15140856010839343
524,5.647755390404213,0.1419752904182944,0.14150246633000796,0.14963413076475263
525,0.16477778620717734,0.10420807571660227,0.1043831288648323,0.15082481689751148
526,0.20213445346410908,0.12271987518282966,0.12358170649025028,0.14930284721776843
527,30.436691846324255,0.2925654377522861,0.3670174114383025,0.14683299511671066
528,6.443206601391652,0.04051756417486073,0.06029373245555831,0.15141961490735412
529,1.8323058175082823,0.018897988590424734,0.020880094095218096,0.1517726038582623
530,12.838758880348081,0.03853941914981221,0.13777327340359852,0.15179702825844288
531,5.459738003728677,0.3292090335195166,0.33389564103741587,0.14636565698310733
532,8.301910760055604,0.2364674282736117,0.2525285165767984,0.14958504308015108
533,2.861559915668498,0.03464153506655087,0.0305870984348911,0.14832079410552979
534,0.22132980232073152,0.0030588795295113116,0.002913104649426269,0.14760600589215755
535,8.505588688921883,0.14924359086062006,0.17225941861730817,0.15417940402403474
536,0.13540050654978528,0.004869627699347059,0.006019710329822708,0.14937597885727882
537,8.852987243442112,0.11762406123644024,0.15668083155691193,0.14893216313794255
538,10.519476902992997,0.2658298111414685,0.28831686869620965,0.1470691878348589
539,4.725866333232425,0.1862963975840421,0.18187026965183595,0.15026949672028422
540,5.7206231138164085,0.05525220320816153,0.05793881694254098,0.1509303729981184
541,9.921161469500825,0.13435952310436752,0.18618500729261234,0.15760423801839352
542,0.8354220308460812,0.07962544238550529,0.07771760516759235,0.14392627123743296
543,18.70563802434886,0.14979569915756583,0.21326525287810974,0.1507075810804963
544,8.251642524202344,0.06239708395018953,0.09481498583176233,0.15717242285609245
545,2.136230558805914,0.31280957313315394,0.31313474001343305,0.15314799407497048
546,16.274289728624726,0.15292374577389223,0.15300407111126452,0.1493634027428925
547,12.680886039587168,0.14630648749954508,0.1336710724045271,0.14821604266762733
548,0.3710856241955735,0.001777803169010285,0.00339325498584064,0.14654616173356771
549,1.6453697674207453,0.008354324810834755,0.011328716784370895,0.15518869692459702
550,14.418727103788456,0.2858405002378645,0.26688444257685806,0.15585172595456243
551,0.6279735314562854,0.055454750505881875,0.05826160020054128,0.14727809699252248
552,8.003321234781355,0.11412623739111878,0.10328249490519686,0.1454849704168737
553,12.753046982865223,0.11465896375259144,0.20084291149202008,0.1447344310581684
554,0.7026996213033709,0.00527576895955087,0.006665156394642366,0.14723836071789265
555,0.3305448610054278,0.37702272075290305,0.37650425817310035,0.1476711928844452
556,11.3060497966374,0.1171733666583687,0.12760969122445642,0.15131069906055927
557,0.6834608292628274,0.10134304758153648,0.10040022999754697,0.1469754921272397
558,18.887522643030692,0.20509418763291018,0.2441578778956068,0.15887882513925433
559,6.766363810374021,0.10369449731778502,0.07693654830790808,0.1350350435823202
560,22.590120026487675,0.08919913482484096,0.14156933516021689,0.1604453851468861
561,0.1239339232653434,0.002316846947232801,0.0030819624274798616,0.1488779652863741
562,3.277209676599777,0.5363937147011273,0.5327390205793816,0.16387623688206077
563,7.969369441838825,0.0645002519431107,0.052169356827393515,0.14914093585684896
564,9.266127074038149,0.044386839736563106,0.14644753284586143,0.14739031717181206
565,4.248470763894623,0.03406438998120596,0.04120805078866656,0.14597996789962053
566,10.37388224304816,0.1935692701822201,0.21330171344711882,0.14758302783593535
567,45.065830958181714,0.5097833652597344,0.5927732922628408,0.15165744256228209
568,12.025375974979527,0.09917039755387475,0.14176868983622726,0.14718908723443747
569,0.5795878322954826,0.004788296342887826,0.005261359273884052,0.14849796565249562
570,9.351708442725586,0.04319719229387607,0.09749162926471977,0.15328620420768857
571,0.7166893691585464,0.2803396218460991,0.28208029346191177,0.14714533602818847
572,0.976805370543378,0.016701467870881292,0.010816497845812385,0.14634603913873434
573,0.60006129590012,0.0068383993460185335,0.005927767987782071,0.14675003290176392
574,22.53247903070692,0.22300195631862504,0.23396666264828775,0.14806742500513792
575,18.674983334172726,0.13734339134431114,0.20512670294895516,0.14700351003557444
576,39.42956478179853,0.30622716290442586,0.47107072556039165,0.15694338083267212
577,24.775035792742113,0.2684227960436338,0.31653866249932566,0.1505470280535519
578,0.2192491580323533,0.002648090339060828,0.0023222674444124424,0.14812844013795257
579,1.8084312108468692,0.13910564169664402,0.1383031803390686,0.14669205900281668
580,0.586359974152197,0.14624175153453647,0.1466512034739324,0.14766452414914966
581,21.470347560806037,0.08427016781956441,0.10489953203861828,0.1484754979610443
582,0.7112547839875781,0.0011071237704578893,0.005985031379834017,0.1516215461306274
583,1.0609938872497116,0.2232252921151672,0.22932639104095012,0.15707894088700414
584,0.08043460843782634,0.0018525055028788394,0.001387675010196574,0.1400167760439217
585,9.977587571958976,0.37379185599386605,0.3263128175854451,0.14855755399912596
586,0.20469969198614188,0.002361204752334576,0.003144892741712801,0.1464105392806232
587,12.576571410971821,0.1842233443520768,0.18162770926091415,0.14514373987913132
588,4.374752197249119,0.023423218529864346,0.05812886942125158,0.14738109428435564
589,0.6678680254573411,0.2014052183473601,0.20059455725499437,0.1489700311794877
590,0.2567728211939138,0.002394715230263851,0.00312851940972969,0.1461754417978227
591,0.2911013426866754,0.10289409144939347,0.10312208882197851,0.14679687516763806
592,5.73925963726114,0.14582946389566637,0.15225913441272967,0.1460218420252204
593,19.069955559945047,0.16657494878506565,0.26319969390583564,0.1561532630585134
594,5.648235003750668,0.11212606198569297,0.14749565492585806,0.15526868915185332
595,0.1486307018210268,0.001110162559091026,0.002412259608719686,0.15389823587611318
596,15.546986330624094,0.23965322059370386,0.26599961559922264,0.15567932417616248
597,0.3815229286954751,0.0043499999801712074,0.004577181583675558,0.15592500800266862
598,27.004731820778073,0.23628073757919796,0.270965095669021,0.15568882599473
599,0.2558692410927341,0.0017166678843492287,0.002715776959729698,0.14741971902549267
600,4.123375486121553,0.2153119565119281,0.19916940499356944,0.1458509680815041
601,9.591033784007786,0.125274077559873,0.13286726523061956,0.14524786919355392
602,3.3493026374275146,0.06672087400369761,0.06774762380462043,0.1445329748094082
603,4.041502393755471,0.31809252031652663,0.3187220467348002,0.14683937281370163
604,0.2291289233036018,0.004323938259032214,0.004337430548407456,0.14492140617221594
605,0.34414221999566447,0.0021040618837665686,0.003939181163831496,0.1555351479910314
606,0.24058366915677126,0.08329543662225017,0.08401089025607411,0.1470062001608312
607,16.140456405589994,0.2021714998401374,0.22270949841886772,0.15652584470808506
608,0.46936986096790995,0.0036165710571841,0.004941325591590087,0.14731749380007386
609,4.900520962536714,0.07329858756967698,0.10088954049407434,0.14749518688768148
610,6.125618721482858,0.0719728362356277,0.0801232760509287,0.14759800815954804
611,0.4937010168359161,0.20443483517223776,0.20310285024005967,0.1474700178951025
612,3.3800980710945336,0.17487951917494649,0.17972047435107233,0.14622452901676297
613,8.183539413706761,0.060391227093586894,0.08774792952700004,0.14765462232753634
614,4.353648129547611,0.12652017197581328,0.14651077497153372,0.1482888120226562
615,24.112327441297282,0.32473648428451124,0.37399035290469645,0.1463540610857308
616,20.824590918344185,0.2798496672631755,0.3213632243323239,0.15905799716711044
617,7.121408666682359,0.08404422430092516,0.13351839643885288,0.14660884905606508
618,0.20591368954622613,0.14005270012982865,0.13985054255026683,0.1405774219892919
619,7.006102205476822,0.053024678802781354,0.12178506213605125,0.1475182930007577
620,21.463040439378137,0.1256146653169165,0.14824572877915154,0.14625842683017254
621,0.41954642250736146,0.07754175604125492,0.07708683813104472,0.14697481598705053
622,0.41285720856277025,0.003187662181948061,0.004275990783995724,0.14736691396683455
623,0.29196412394045157,0.0025125107514776023,0.002800295446001445,0.1448052111081779
624,0.8040061144561081,0.013275676922546237,0.012991908585566925,0.14478156901896
625,6.788691830270321,0.08479445213372484,0.07037546690929332,0.15667590918019414
626,0.3006425735120095,0.002508630580159287,0.0030114090411455467,0.14660307811573148
627,4.8776640803452125,0.11461442618949402,0.11238832664489021,0.1452629598788917
628,0.19561046957224465,0.0039226341941621555,0.003405052774830097,0.14738283213227987
629,2.858629557626544,0.02898932209764243,0.033832690316029965,0.15327377384528518
630,12.293933188560912,0.3360162170066252,0.304219029986113,0.14783279597759247
631,11.198890538721123,0.25737561537975784,0.24461410622207247,0.14658596320077777
632,29.961642738615243,0.47486026752769933,0.5387818770487632,0.31960140308365226
633,2.2500663587125898,0.057191804818283086,0.049930026832230585,0.1530083497054875
634,3.7322775016918097,0.06370342409412688,0.05512191928617425,0.15542368916794658
635,1.1189236243643135,0.020532738081072564,0.026785426478615683,0.12965817609801888
636,33.23725770697695,0.1996669630391949,0.25351905253721657,0.14735483704134822
637,0.22645005126412054,0.0049531742827001336,0.004469139974727051,0.14978646440431476
638,22.30076889882169,0.24497803566257398,0.24462704039126806,0.15568089205771685
639,24.354376319582702,0.1663451615530233,0.2736229058355296,0.1488797329366207
640,0.24187050386649986,0.03618839814737903,0.03462936389843969,0.1560221710242331
641,5.702753604867043,0.04359183645135054,0.07918685663743154,0.15008782735094428
642,0.32593185418184467,0.00391035384761077,0.0037649460661958903,0.14684189995750785
643,0.5826389865233657,0.19108276203789729,0.18831998577262282,0.1454705991782248
644,5.6377820260136255,0.12666778903620757,0.1559663102527289,0.14704567706212401
645,20.436307751409124,0.25578963381396064,0.29244948810271976,0.14727602014318109
646,0.9635758410390123,0.005780930041922772,0.010112374856669082,0.146305066999048
647,0.27320247910122203,0.003316370507476927,0.0030008475378511578,0.14596234308555722
648,0.15719614354765238,0.0017619452179621477,0.001369196358753955,0.1472293408587575
649,25.111068051741242,0.2636878095730397,0.31960293452343,0.14730852283537388
650,0.21243791308288357,0.0003427498168416909,0.0018490615083387033,0.14056228334084153
651,4.044846029027031,0.030337116279655685,0.04196197801492579,0.1426977701485157
652,20.51713215716516,0.2391193592571141,0.13538927587988792,0.1462752018123865
653,3.201497817140404,0.4081087808401633,0.40481264306331977,0.15134130511432886
654,0.4311417017646068,0.4447054934520034,0.44439412362038333,0.14723427779972553
655,23.71457739741616,0.17650301856945214,0.2852312372445662,0.15240843873471022
656,3.6731105793829557,0.15598530315048284,0.1432136747080366,0.1448831306770444
657,2.607914726183887,0.14216583676388886,0.15651475890552818,0.1429049321450293
658,13.781248191646773,0.28812612589192993,0.3273878279177191,0.15401969384402037
659,2.9177816138363695,0.35298417649357633,0.3722196973464151,0.150123352650553
660,21.073085717781982,0.25652256445192173,0.3286539441944929,0.14657592307776213
661,16.46538518116331,0.24090923584157958,0.24575829625561946,0.14660166576504707
662,12.801683143670775,0.12196668140691769,0.20372165481243168,0.14584169629961252
663,0.5805964989852231,0.005111233466436942,0.005749511259432368,0.14696002518758178
664,0.6003058027031823,0.007350264520910914,0.0039046602107437878,0.14624140225350857
665,15.977952085176764,0.24571999059188662,0.1886481723795722,0.152304420247674
666,8.698522090466241,0.1191276154062642,0.12038397707766431,0.14639966981485486
667,0.35422442805490306,0.0027917578593757474,0.004363112814977609,0.14679979905486107
668,0.3804928571837084,0.002185750716963631,0.002956616588295626,0.14626530976966023
669,25.6784824891268,0.32849087094769314,0.3808099864498842,0.05893167108297348
670,1.642608433498738,0.011759202896163395,0.02210479227742988,0.14800809510052204
671,0.5170540646913983,0.0008671831183542367,0.0038720554952717755,0.15168298687785864
672,29.221192057865682,0.30115204305168236,0.3038165129071792,0.15577420080080628
673,0.643479588076744,0.2099554282769388,0.21073718413118456,0.15063721407204866
674,0.6417474555538505,0.005794645692377768,0.005086709922562318,0.15787554113194346
675,14.635045294385334,0.17198145518213073,0.15935368456891835,0.14840152766555548
676,34.005679560208314,0.2823929045177738,0.32305560826419744,0.14640374295413494
677,9.323715758505084,0.32939204085065454,0.34569239609858543,0.060251292772591114
678,25.46082937094982,0.3485093308730695,0.405831739310657,0.05743932165205479
679,1.0398442505857792,0.2853039690288155,0.27859696060622463,0.1488355929031968
680,0.10465759515260373,0.002235449805451532,0.0019312282650880187,0.14514189306646585
681,3.0151132356140193,0.2273452048597439,0.24254193719660394,0.1498926253989339
682,0.4146165743999242,0.003215678692806695,0.004093655481849535,0.15245991805568337
683,0.35902600197800794,0.004613638196309352,0.003876925917713091,0.14907571719959378
684,4.5318779967097536,0.20489203545803703,0.1891418237845298,0.15332547714933753
685,15.546132458375014,0.3284234210321286,0.3967298773509422,0.14725714270025492
686,0.38907522885698487,0.001688172493822083,0.004202396730637346,0.15696491207927465
687,0.8181497718565355,0.16384352299273658,0.167972026491992,0.14744354924187064
688,4.131206223309245,0.032800181519523616,0.05328360067454823,0.15266767796128988
689,28.805903419996415,0.2381659733786753,0.4057612685308431,0.15014452813193202
690,13.75170056335671,0.18367549465963254,0.1377698062815548,0.1469700699672103
691,0.39574208584426507,0.004269623563151491,0.003034698317908922,0.15786989079788327
692,0.2615216244222288,0.004825640833513263,0.0035368632848298623,0.1466837921179831
693,4.250897630189433,0.036629777650386997,0.05145663029627898,0.147040578071028
694,43.71964184721989,0.4490234044321198,0.29222601360561345,0.14747726684436202
695,5.966992700512168,0.037970175371241935,0.06612634578999427,0.1535717947408557
696,22.61691338325572,0.2512263748559907,0.330962377866633,0.15550830401480198
697,7.653752095722625,0.09440645472048265,0.12092214660766244,0.15579018089920282
698,17.900360171931325,0.22427756776594315,0.17693674061089326,0.15295332297682762
699,25.589018968138607,0.10534860116833211,0.16416788464649962,0.14990714797750115
700,6.335364007039816,0.03959649179750522,0.06872719996818845,0.15086792083457112
701,0.13299158320999407,0.0018861425878548988,0.0019055874948001143,0.15053733391687274
702,9.370196492272012,0.09284758573335848,0.10508319678911186,0.15085176285356283
703,15.422228351764794,0.18513910773159686,0.19533623733962374,0.14698910806328058
704,0.5869556234830502,0.1365045344630947,0.1405348697869137,0.1473194807767868
705,13.77577329584469,0.1840568549626544,0.221592566947863,0.14894427079707384
706,0.6411707962708151,0.016325436164710688,0.014789810651814523,0.14673776691779494
707,4.501685481070976,0.1286666718690492,0.12844788149480407,0.15639354521408677
708,0.2259535471551195,0.12074393952152461,0.12165929079564224,0.14796415716409683
709,13.087577750873022,0.3504625988845279,0.3027137691009482,0.15028360905125737
710,24.473291821910564,0.2400526730584278,0.2903963913666193,0.15825869282707572
711,2.3687416230445493,0.1665524282984627,0.15434705438422644,0.14134350512176752
712,1.0514296236251603,0.010366805813607867,0.01600979058767309,0.1565333567559719
713,0.45867919591199113,0.0030873060778872667,0.00485592647621197,0.15199964912608266
714,0.7411453071087827,0.25343604343607695,0.25388923077465897,0.1584267388097942
715,0.5775819942800724,0.2822786053962498,0.2815582942871455,0.1543626836501062
716,0.5347857250094165,0.003325517156581891,0.004235094296921759,0.14667480112984776
717,0.9028648972329643,0.004747756476932275,0.005307260670377732,0.14425788493826985
718,6.777237514547137,0.05309322994901802,0.07192982993398409,0.14436117326840758
719,5.829664057169724,0.10902753692397453,0.09371382208124175,0.15692834882065654
720,0.5660492163193171,0.09665197928224394,0.09681096983619042,0.14726438326761127
721,26.365703353368648,0.17701764140232884,0.2388729081714501,0.14673626516014338
722,0.5849931838197,0.008128255279401355,0.008311807201725857,0.14637228520587087
723,14.927374591861225,0.20552871324105956,0.19272260818964768,0.14587905630469322
724,17.15814470589044,0.218681616956167,0.2446654282572376,0.14681226713582873
725,0.6401974164343498,0.0019000113256602668,0.004884621501119567,0.14681865274906158
726,0.6018014632331092,0.10809342899638441,0.11082784433538564,0.14817473804578185
727,0.5165681334751917,0.18594402249001335,0.18717086225641885,0.14665716607123613
728,0.6409702238611164,0.025125844955821895,0.02652053755956944,0.14109219796955585
729,0.3125347628419,0.2551181006933696,0.2539474663776607,0.14938553096726537
730,0.34835491750049047,0.14251388117766722,0.14393642167747955,0.14625465916469693
731,0.22570845080530474,0.0025597770007341086,0.003475829011827403,0.15315902885049582
732,0.447382086975292,0.05240361222080482,0.05248593258357798,0.1464269761927426
733,6.61032712670693,0.05565861431940322,0.09046184856448704,0.1466797781176865
734,19.813121061665896,0.29925401642673155,0.30870956585344145,0.15311544621363282
735,1.7495284126326376,0.022758802575632987,0.0239937053548468,0.14629324711859226
736,0.3181556012847915,0.16512443359087808,0.16478141965718524,0.15822999132797122
737,0.334753436331386,0.002904232060251694,0.004414115157272404,0.1498047299683094
738,1.1539266579606053,0.12782182714110982,0.12660557808625736,0.1463842079974711
739,12.368535961516534,0.1075614606726461,0.10012331743756582,0.15376695478335023
740,5.808133643158145,0.4715158587047989,0.4744586349463708,0.16074560163542628
741,14.153457436114515,0.20558639596481715,0.17715773439764196,0.14788235817104578
742,0.19095161039878944,0.0024863929174425313,0.0030447785647322637,0.14607771206647158
743,19.670714528669667,0.19830261755906595,0.286321170630089,0.14755556592717767
744,1.0432241742961494,0.08615267162008804,0.07794755835392514,0.1390258278697729
745,33.30539084022386,0.35053267017037426,0.2644183364766882,0.14533783309161663
746,28.68108135697234,0.45476118176383984,0.5347111917776104,0.0585266980342567
747,0.34008755518722233,0.0027813402559318987,0.003995834561732019,0.15578334964811802
748,4.145134133969957,0.020288481182037205,0.0535323939468431,0.14772046403959394
749,7.060053526663849,0.09413722020978366,0.07251250302093601,0.14679167373105884
750,15.134418667092813,0.11754917162198145,0.14332095894494074,0.1441700761206448
751,0.30361521697673344,0.015560681411005296,0.017008724878742894,0.14563603326678276
752,25.217644603348667,0.26224002962118687,0.2480349045600812,0.15870473673567176
753,0.43474091167509665,0.26983407028415723,0.2692426051137449,0.15616827690973878
754,1.8535613935632296,0.014327624845967463,0.022612758875986367,0.14333619689568877
755,1.4626544089993954,0.0987022135836214,0.09879698501470256,0.1475821859203279
756,9.544031383884231,0.2480795988754106,0.21711729255288903,0.14742701267823577
757,4.934526098015605,0.1582650398458289,0.1659540287374625,0.14722260599955916
758,9.550502449121172,0.17289884392985974,0.2205305525145143,0.1434424459002912
759,0.5864054498362656,0.268106709745238,0.26751052157734684,0.14429565472528338
760,0.018164165565713056,0.0029283424561936484,0.0028887120606032506,0.13925678515806794
761,0.29932659980197585,0.002767392455339374,0.003157893847885651,0.14633636409416795
762,1.2372271885889803,0.24031832053112342,0.2410490372535033,0.1501406952738762
763,0.7033219160650498,0.28070353002008386,0.2817708495342556,0.15752044366672635
764,19.67195645205237,0.2888813597440906,0.3864519530806124,0.14753717696294188
765,0.23043204536612205,0.002364298439817671,0.002352526308772238,0.14671012200415134
766,1.2152745827290572,0.3287709606056479,0.3214116751947849,0.14701773412525654
767,0.2777763110961897,0.0027114849667875867,0.0036554398326007083,0.14486814569681883
768,0.27302452180034487,0.004983649391976899,0.005815243568319887,0.1480729770846665
769,10.842027936265588,0.11162786722668948,0.13323780317074188,0.14707653410732746
770,4.414093019581287,0.07123009092679483,0.07558235814543343,0.14720949809998274
771,0.1131839089852838,0.0026933145017581676,0.0022172394114070067,0.14673677971586585
772,2.9888037887293524,0.14982351787424367,0.167576241330741,0.1535705430433154
773,11.005799130221327,0.06771488092470408,0.09241955350146902,0.14706732193008065
774,0.507770699923885,0.15912739478332424,0.15842214282258357,0.14639907702803612
775,0.3964971752943441,0.004124791642359352,0.0033929990090356783,0.15582829480990767
776,0.13606782451705943,0.0035815848676995824,0.003505888020007553,0.1475781132467091
777,37.460526078263854,0.39085950118479823,0.43715070594336375,0.1463074223138392
778,1.2870986280013752,0.06976574755673152,0.07285777387768766,0.15294547006487846
779,7.9343057682996,0.060657790099776066,0.09609536444435655,0.14418654097244143
780,0.19878834122954062,0.0016169374309529074,0.0020103454971409887,0.15387343801558018
781,16.213592172943674,0.1017656170511724,0.17853671688040992,0.14808354107663035
782,18.083729011616278,0.1274895808924158,0.19430100651946353,0.1470899428240955
783,8.441333658753665,0.24729329002329514,0.20574480575257872,0.146299053914845
784,26.18039478618506,0.32334969664001945,0.3780827392972661,0.14881046582013369
785,5.408168233478841,0.2641985027024248,0.29318252963173025,0.14656464010477066
786,0.6369864341658831,0.26340553476619777,0.26728526135375924,0.14800541894510388
787,14.089950953268954,0.215921315703501,0.17424799998985088,0.1468703611753881
788,12.986186335715955,0.09628170478652052,0.15088503654934357,0.1461603818461299
789,0.2466080940779161,0.12513420804845904,0.12640050325813326,0.14644740289077163
790,24.48656504892425,0.26018955212021316,0.36161105924037107,0.155794448684901
791,2.566559240228837,0.09993775522790582,0.09728167795161347,0.14725956786423922
792,4.797031401851372,0.030083214961153074,0.03557134987403169,0.14858075510710478
793,3.304696167575716,0.14643138365329111,0.14181363202883862,0.1353528080508113
794,9.673954542713032,0.08676108564001772,0.08522084232846332,0.14438181184232235
795,20.982190625498152,0.19239229399604052,0.29566172072072655,0.14650480402633548
796,0.5356166838209268,0.19836525308224232,0.19852116700600886,0.14699924504384398
797,0.24866714884549035,0.00407113897990581,0.004722128340247665,0.1465368326753378
798,1.7022970251252154,0.18069851660445202,0.18559465308801457,0.1470129108056426
799,0.3044385690553187,0.011379334548785583,0.011775891311464521,0.14537439681589603
800,2.873597265562907,0.15807301916624975,0.16720856317476207,0.1458343779668212
801,15.163406196310813,0.2211197792750245,0.2510667460041965,0.1471247891895473
802,3.280149170068134,0.40350104002809395,0.4058961301928916,0.1519491490907967
803,9.574378411074118,0.09291515710535331,0.11013670818780644,0.1439554220996797
804,8.853827944288017,0.12554003623182894,0.14746388671083188,0.14498785184696317
805,1.7451796464371023,0.08676067130795263,0.08182497469989357,0.14850753312930465
806,30.344892697794457,0.32792637281596876,0.3606684357340475,0.15624726982787251
807,0.6901453503255862,0.008789086099840002,0.005243055709524082,0.15306756412610412
808,0.195864850326274,0.0017842556229518854,0.002716187094106738,0.14675610419362783
809,1.1877418551459713,0.12561601515450602,0.1254691851617643,0.15426236996427178
810,0.19926636529315647,0.0014374485336966106,0.0022522586409830818,0.1554740141145885
811,7.393816868472384,0.1418843817888664,0.14183781090244407,0.14822461223229766
812,6.883632032317523,0.04494815084261997,0.08436551055874314,0.1476845438592136
813,7.068331449545413,0.07855261055493294,0.11464723063267293,0.35616001673042774
814,28.36932505151374,0.20226384341871118,0.25975913494727,0.14652538998052478
815,0.34242044450974024,0.0031640334838568735,0.004201204114733993,0.1463563716970384
816,7.084899609531041,0.3325145110204781,0.3638189275390596,0.14928366523236036
817,8.285525953439215,0.0768624425393478,0.0975689333436163,0.14723302517086267
818,0.6171909398708594,0.18946789053695032,0.187538811726439,0.14662623405456543
819,13.473154756741765,0.2356653498055427,0.20826016173758785,0.14381118398159742
820,0.41543759766392435,0.001999937575269653,0.003677362865120948,0.15823621721938252
821,31.70379407946752,0.24565487238928937,0.3253718598802309,0.15572555176913738
822,0.1907461236244374,0.0024987507221827473,0.0034916065699924902,0.15767820784822106
823,0.3904600311539162,0.002602404961481116,0.003084675944799427,0.14942741813138127
824,0.5406572706365527,0.006074363488064073,0.004500228026091038,0.14841584395617247
825,15.717745046494455,0.27225818078973074,0.319792785930125,0.14605469722300768
826,57.959806936421685,0.6946197111986167,0.5749036626200262,0.15686488570645452
827,0.333121337617389,0.004144563122407612,0.005012279900480957,0.15025139832869172
828,11.796277671285724,0.1953724441825262,0.2356443480390031,0.1488933297805488
829,0.20607153662857264,0.3339458561113857,0.3346609203279312,0.1507953996770084
830,20.907332987012246,0.3141096367682578,0.37260887372674945,0.14815741125494242
831,0.39843005970693207,0.00134025893966854,0.003754195043580173,0.14648858876898885
832,0.19816320431065151,0.0015903269533059658,0.002201090654604961,0.15785024594515562
833,29.95373919017848,0.3570107221912509,0.4573838061262453,0.15220649680122733
834,0.3123105475867348,0.002623333486478115,0.0033401391785426553,0.14607380330562592
835,0.5723552032127232,0.0016898776348532995,0.004264854148153618,0.14892254397273064
836,13.7717067115575,0.2513750708217426,0.2843930816468059,0.15263123391196132
837,19.46455586109712,0.3754585957905006,0.35037997325102715,0.064944913610816
838,0.22998780805977345,0.15730695074641643,0.1574102042890212,0.14824393391609192
839,16.60918868997204,0.20055223042988707,0.17228014351253063,0.14949176087975502
840,24.592937835580145,0.4203101376947996,0.45906171431859366,0.15816893568262458
841,11.18198919975177,0.4326387465376154,0.3658838424997405,0.1549037997610867
842,0.6348167280765769,0.0035217604396279517,0.006997583927114965,0.15656640194356441
843,0.12163484358844384,0.0032544947928863123,0.0022818929922261036,0.1487805931828916
844,22.284101031786232,0.2910167069671233,0.21655700998956698,0.14586480101570487
845,17.66772106024989,0.5938430933933218,0.5473012086083359,0.14635751908645034
846,18.996945222879603,0.18418555122384833,0.24343231644559443,0.14453658694401383
847,14.22616780909142,0.14560621908749416,0.17943471580784967,0.15813024435192347
848,0.903723176331343,0.0112478552799216,0.014657384150972378,0.15835728496313095
849,27.857402826198623,0.2001713494759213,0.3710430503463895,0.14976694295182824
850,24.920426460896252,0.25480613732509133,0.2492329535762132,0.14809447573497891
851,0.34338788222316313,0.11905109321905628,0.11950659252740474,0.15853869635611773
852,9.233534337554795,0.19685758665911168,0.23945403654431133,0.15860952576622367
853,1.307702379274226,0.27307325989879605,0.2732258018248539,0.14906931994482875
854,0.12838576998381782,0.0033601764067647043,0.0034620146468660575,0.14281454775482416
855,23.51606100825566,0.16768967142269683,0.2571332243034234,0.14637003606185317
856,0.33563358114638553,0.0036505451191589863,0.003006120273812314,0.1455129161477089
857,0.13238887410266606,0.0011150141091289918,0.0013564851744501708,0.13923957012593746
858,2.4871061243224406,0.015943034448131645,0.03632707765544142,0.1474289414472878
859,25.62547542368356,0.1781354246431911,0.1770789018634362,0.05810992373153567
860,8.237348058355051,0.11352861061670413,0.09805758843498637,0.15232576616108418
861,13.98824886718762,0.23411215554452783,0.2494516863859347,0.14649797836318612
862,2.026708179006919,0.20747369177184438,0.20690787148835402,0.15470620803534985
863,20.626036561895887,0.08233494544596723,0.26299928593381017,0.16054721316322684
864,16.02834842129052,0.2931945622807194,0.2841604369707199,0.1525313057936728
865,0.44601226389347204,0.004104638111848507,0.004233817870034415,0.14621969312429428
866,0.12586294434163314,0.0012660877305712235,0.001997015496989096,0.14607197232544422
867,1.7556022467587982,0.053472177230882725,0.059583239561002976,0.14678604621440172
868,0.26694599809913877,0.0027899818214746908,0.0019295529057622308,0.14656906900927424
869,1.7806701023690432,0.12777287639588136,0.11828103022738556,0.1458708019927144
870,0.9093111195934731,0.1292383939803799,0.12733702837901767,0.14540640218183398
871,2.803748036207379,0.13214852536191876,0.12806870312460245,0.14653969975188375
872,0.3267919376178714,0.003170923929318597,0.0038084093417735214,0.1482759788632393
873,8.320596271509963,0.24208235608925918,0.2728440250770534,0.14617695286870003
874,0.29266048314536647,0.14522356376249998,0.14395724343752306,0.14721594378352165
875,12.016936028074259,0.0838616429865207,0.13488643519728855,0.1539562069810927
876,0.27752858658548085,0.0015771452469189927,0.0033679980278163196,0.1467371890321374
877,10.444428628920019,0.17116252579784924,0.1873825856543011,0.1410773410461843
878,0.6160617895617048,0.002260527374453554,0.004376109545866095,0.14708569087088108
879,2.3979697498085026,0.015443304724396853,0.021361691727515845,0.1480008540675044
880,4.340060281773735,0.2254574711091867,0.23240983430233583,0.15268126409500837
881,1.24434931341029,0.02046400991010217,0.02190410046472684,0.14983488665893674
882,10.26724568829172,0.37708097111591277,0.35526603184302213,0.14869838394224644
883,0.3116958198909745,0.002131673866331485,0.005449957939927279,0.14555897330865264
884,22.62149934117426,0.12105793599647738,0.26483809528772906,0.1497117797844112
885,0.31428334995248147,0.08404922449827928,0.08208471614720358,0.1460611498914659
886,1.5869912937228707,0.13647772392203675,0.13886526342240418,0.14699832303449512
887,0.10320813897821042,0.17323604394802058,0.173577258177832,0.14723671087995172
888,0.2971322719740795,0.2643926291045029,0.26276374626919047,0.14782789396122098
889,11.231165784105647,0.05878841034698889,0.14148357865665978,0.1489360872656107
890,8.519227312572864,0.3441005478579043,0.3700769818963663,0.14806933561339974
891,17.403748689183875,0.2207856877953531,0.19876362513812287,0.14987528696656227
892,15.051043225394967,0.16435701578925452,0.15193330101001248,0.15043669799342752
893,34.33453219855337,0.30447935236161344,0.38826320945457443,0.1466444837860763
894,10.754051452598324,0.10328559609890697,0.09595395873553647,0.1496585737913847
895,0.46847129248670594,0.004512973124724605,0.00398357415833783,0.14683594601228833
896,0.42854449580193876,0.006182365118547003,0.004188520175080918,0.15640594577416778
897,0.0705817561138004,0.012386549656136425,0.012623695060616096,0.14855157816782594
898,0.29015280945443084,0.0016489080143899794,0.002610825284280311,0.15412322897464037
899,7.372842831391668,0.14341674351868344,0.18221495720006806,0.1480765207670629
900,10.722003737491198,0.289032068535012,0.32201822286141535,0.14829255733639002
901,1.2622883549740187,0.09486552471147261,0.10278798179052168,0.13676788890734315
902,20.591649550063917,0.2541834229981506,0.3130132333324639,0.15065869688987732
903,1.2759868123299143,0.01477724917574869,0.01481411698679821,0.14700853172689676
904,1.7439528514926341,0.10406789216548615,0.10785234919382153,0.1467706928960979
905,10.792788624752458,0.05301201530534425,0.16004342957694823,0.1471956199966371
906,25.94413509052608,0.2685371510303781,0.30373300147068655,0.14933976577594876
907,6.105241942168091,0.29923251344137997,0.27659387618858217,0.1579172289930284
908,9.832480560364038,0.2608207095694319,0.21022238973947313,0.15101991733536124
909,0.41381367185262286,0.003680556409335041,0.004016525731348289,0.1579657387919724
910,1.3592114825276176,0.40587744177791046,0.41196771377757946,0.15361439203843474
911,5.240955227136737,0.1089081919755054,0.11508433147783216,0.15163907269015908
912,0.5935334052630007,0.24172519964936254,0.2428834074357353,0.14718612004071474
913,0.4762289642475474,0.24395150654105904,0.2450475952232144,0.15625859797000885
914,9.562569516294555,0.549647169140598,0.5482657306052144,0.14766948111355305
915,0.36568157505786364,0.002006202277687459,0.003622144012268224,0.14315759483724833
916,32.55862227909364,0.35544366119020565,0.36003139798208816,0.12680730503052473
917,6.139751699411619,0.4381857511222601,0.4096638901835845,0.15259075863286853
918,32.41677717219221,0.1310729779122537,0.2944705053270876,0.14699641661718488
919,0.1684305311177149,0.0016015484327641474,0.0028655829070435537,0.159040872938931
920,0.29787069013112943,0.10966105735690473,0.10930827481738743,0.15071770874783397
921,0.1392324545883927,0.0019817534422998805,0.002113062632721543,0.1470813062041998
922,2.3883125908268057,0.13238356842569224,0.13043949321799653,0.1460922360420227
923,16.587730902192973,0.14969482931002814,0.21842044548258518,0.1473149536177516
924,0.16442878579603556,0.004870468995866963,0.0029829130818971967,0.14654733566567302
925,8.979658560229884,0.08506655637523965,0.11471244860229608,0.1463349829427898
926,37.3728492896545,0.26415872626288567,0.4054574395747812,0.0630959733389318
927,0.39239744642305324,0.004020352997916191,0.004651365105189198,0.1540978248231113
928,16.221821576497206,0.10188513740257167,0.13726832303684894,0.14448281098157167
929,17.857160556430028,0.23958971227179282,0.3080265281411425,0.14598579611629248
930,39.933324161775886,0.28078223402660907,0.42726508939849694,0.1462809657678008
931,0.1856986227735445,0.0030730768863889246,0.002617468460826366,0.144164077937603
932,4.231678545621877,0.02229452905651443,0.026004030769602532,0.14709109999239445
933,0.2771831112063575,0.002780712242862581,0.0031122512429900976,0.1465077088214457
934,20.78032498095019,0.19570287390044466,0.3122827156568551,0.15755218267440796
935,18.99095174388607,0.09581652372345006,0.10743465153625552,0.15692308405414224
936,4.374795047147176,0.058845240572409786,0.06455859746498267,0.14689913764595985
937,0.738804605963834,0.20264360033501283,0.2022629763239311,0.1469081388786435
938,4.8778128903400875,0.11206991538242855,0.09408517517976388,0.06001281691715121
939,1.5851563732152874,0.1733610498237335,0.16750004651485356,0.14548663096502423
940,0.10927327019081544,0.0015732811570889611,0.0015176791920772776,0.13268682919442654
941,19.29045507606059,0.08847431660442005,0.22926127519040515,0.14637333201244473
942,40.87536503419458,0.270207756397461,0.31591817588072985,0.15900554414838552
943,0.7530276620673084,0.1399270002375247,0.13895825752144939,0.154168832115829
944,14.68169668162511,0.2542199828964404,0.1889867317129623,0.15749826421961188
945,2.122265516191924,0.03889817494124956,0.03292930899320176,0.14329000655561686
946,16.834578693008627,0.19558272546637917,0.21715341385174222,0.15228577982634306
947,5.838279780360129,0.1676173376491412,0.16875639669104167,0.14703275496140122
948,3.188051714984158,0.32128941278141915,0.32368362608363505,0.1431237207725644
949,1.5550333392591158,0.14670834301187227,0.1552611931636267,0.14836129173636436
950,1.12065188292575,0.25173998252286883,0.2549905464501893,0.15215413691475987
951,0.10858270341608744,0.0018881106598161155,0.0021433944560927762,0.154926304705441
952,0.3061574330387267,0.14990413683485865,0.15024383500406174,0.14682648982852697
953,29.64389682770185,0.21896303529524927,0.2851693493666975,0.14675181405618787
954,4.076179413345085,0.3133109012768231,0.31504522268649376,0.14563585631549358
955,13.424115520057818,0.4403896657387761,0.44394842977071763,0.1496303933672607
956,0.4626619730288047,0.003650705113604464,0.0038335605402310484,0.14758910797536373
957,18.152833300973455,0.22546372664446412,0.1934480232698294,0.14690846670418978
958,3.2486462572042223,0.2178905568979182,0.24356849876984216,0.15002203825861216
959,0.4018783819287733,0.00491894899668461,0.004633465542348357,0.14607091899961233
960,6.14386729923028,0.06137900348115422,0.07607090548331603,0.14596607815474272
961,0.3810471974523744,0.0019815277162190835,0.004991768868936717,0.14556803414598107
962,4.491105641991642,0.12129036376156355,0.1227204452926994,0.1435125540010631
963,2.490504997896637,0.37540160362824515,0.3873297606016697,0.14600940700620413
964,3.9486929375056623,0.08338505657425481,0.11615269961975791,0.15172489685937762
965,0.28338475540347385,0.16504247899675908,0.1657574887000827,0.1566221471875906
966,0.5867651903187147,0.3874355256555522,0.38593331745798043,0.14405132504180074
967,25.487916475765044,0.10958711612804009,0.19958813020394064,0.15560671081766486
968,14.098579765294105,0.1966978639023157,0.1879339344213151,0.1580542209558189
969,0.20709841451585537,0.002764344887839692,0.003677034189768964,0.155817698687315
970,0.22868761802238305,0.001618968989515931,0.0022156963025181838,0.15701134130358696
971,34.45470545263908,0.15204586323879957,0.2912094177496281,0.1526331310160458
972,13.38317998314352,0.10992099169634198,0.1691431609663567,0.1468016980215907
973,0.3149379439448162,0.003951747002483216,0.0024679189990610456,0.14341250900179148
974,0.06037027456891538,0.0016194731129920785,0.0015069370809288618,0.14743416476994753
975,36.35881387700707,0.14756614750890767,0.32290841137271875,0.14279712503775954
976,20.632631116141656,0.33265104419269176,0.40930577232446563,0.05822543986141682
977,0.9317638523320367,0.009325589295105567,0.007940099053767144,0.14646721631288528
978,1.8700043905670583,0.17835084419988298,0.18771034627074681,0.14753979165107012
979,4.064582600670492,0.06543064041414093,0.0792431456659546,0.14766003610566258
980,0.14607592181981757,0.002562571599062693,0.002724470653017599,0.1463654632680118
981,4.422107974193769,0.06397459523025686,0.06661742915280469,0.12578481016680598
982,24.740858277220454,0.25701251872086467,0.36064066504010234,0.14709122898057103
983,14.960694409997881,0.237113208318269,0.21040074311586318,0.15917332377284765
984,0.3036051341829523,0.4865699741965416,0.48444854539163124,0.15324678923934698
985,28.095298488550142,0.2322425263243412,0.3167950016242561,0.14623374864459038
986,0.2356891407735181,0.0018553325129255559,0.003750995057690565,0.15532291168347
987,23.331642529380876,0.3187155706440786,0.33367148800263546,0.1574278841726482
988,34.18357985713064,0.44551385844899594,0.4979717226873949,0.06553670205175877
989,1.6844524579513205,0.014476979440334518,0.011279727077898673,0.15393600706011057
990,1.8161253006728673,0.002854896752673141,0.017692683317569277,0.14606964914128184
991,0.46718324545450857,0.04499350192348507,0.04236895660145379,0.14865352027118206
992,8.826901521559131,0.08739235451408947,0.12665593493533336,0.14996852399781346
993,0.9676634341473381,0.04703996926836879,0.04846854275056075,0.12884100200608373
994,11.95057660828958,0.12247841966746563,0.1405603970229383,0.15558940079063177
995,1.6269044691806411,0.5471966881885174,0.5476145813592015,0.1534086838364601
996,1.6784588872769801,0.013204865974299063,0.014972006460355253,0.14907036209478974
997,37.2540302628788,0.3565316821602809,0.387691752283049,0.15274533722549677
998,11.331242946712207,0.10220257548718444,0.15854549129443604,0.16196167981252074
999,34.19440592479601,0.37272021238130937,0.3967408181079167,0.07817012397572398
1000,0.5177503636889944,0.2043468127843739,0.20161624153082783,0.16803337913006544
1001,1.9793349784892236,0.5567516445244666,0.5665541821631024,0.17121981270611286
1002,8.092293821942576,0.07911390700678175,0.12286767573879308,0.16576693020761013
1003,14.618735227963,0.11544789991432976,0.1562716296312953,0.16733313165605068
1004,0.6802098171123765,0.004806486547182861,0.007134146650479687,0.16564034670591354
1005,4.6441878172761175,0.15105919241820864,0.13774112668450444,0.16814191080629826
1006,12.9941612176389,0.3431679986309216,0.3426806184200957,0.1691400408744812
1007,25.540272174697055,0.1715502150615918,0.22779630908982731,0.16459679091349244
1008,0.36720129712204524,0.015201034099080834,0.01606234369094039,0.16798562509939075
1009,1.9713215779585342,0.06742163518240678,0.06082012842359372,0.1651499578729272
1010,0.40758115723088906,0.0033412094238024167,0.005032029913946422,0.14621223602443933
1011,7.29821583332816,0.07905386095975458,0.117360387387058,0.14465588005259633
1012,2.260045201993721,0.024742866183089622,0.03288042173126716,0.15264577884227037
1013,6.319329762262824,0.3380320403215842,0.3422145085803459,0.14724374189972878
1014,16.883117241839194,0.18257009187706186,0.12007366617343974,0.14687336003407836
1015,0.6977069554626909,0.01679659269610608,0.015218635113416087,0.14675306482240558
1016,0.1630363755120555,0.0035534621161274595,0.003132612925824698,0.15942754410207272
1017,19.486959875662947,0.14201168558501512,0.13814485168764987,0.15123677626252174
1018,0.8757473958302898,0.01379534040399869,0.017501187283662137,0.1465888828970492
1019,3.4694440515587095,0.13799847580604188,0.13527992776899542,0.1447727596387267
1020,6.29023707125738,0.06802633039025655,0.08305120674151978,0.14653387712314725
1021,20.585715446429727,0.2369991631200626,0.3183750976654418,0.1453244872391224
1022,5.713719371723416,0.05986788882704967,0.08410619376494943,0.15529516292735934
1023,0.3286029512579695,0.003469802196989609,0.0038437510108669964,0.14502118900418282
1024,0.3117358726408462,0.00365811594268621,0.004906508963088638,0.14613086637109518
1025,0.6431393747000014,0.06803028078134869,0.06971918665856863,0.15222442103549838
1026,21.533348592778786,0.20712394986528776,0.26540952645641086,0.15295376256108284
1027,18.259736327546708,0.24756716686592314,0.1464809637235291,0.14430454606190324
1028,0.25507272683579035,0.003544568904725531,0.005440520834089129,0.14319760631769896
1029,0.13793091549883477,0.00183101454390407,0.0013634838626154194,0.1459091119468212
1030,10.041951829929605,0.10916528162658908,0.154745823687078,0.1460343641228974
1031,0.13533252530079193,0.03969726247487517,0.039722863438979655,0.1462324052117765
1032,0.23349485163921427,0.0019765010400423113,0.002882441218131947,0.14127799030393362
1033,4.159175159641661,0.16537251186723098,0.16662159252403078,0.14629377704113722
1034,13.054388845060158,0.2278595482326374,0.24883615649598623,0.1471454380080104
1035,32.44942128252115,0.261455027817531,0.35142073703452514,0.14702286617830396
1036,0.7274420878438675,0.011156584477919014,0.012356852267223837,0.1467958060093224
1037,2.2768263107126354,0.037818926871898965,0.04394947930825692,0.14593175565823913
1038,21.032556809278056,0.1701440920049917,0.17145664410117098,0.1532688937149942
1039,13.01721652915312,0.1160577328882555,0.16491816244663254,0.3904120191000402
1040,10.462880236792765,0.14874703358140012,0.15446020589361414,0.14826480206102133
1041,0.704593313157464,0.07050769395974257,0.06683955173147817,0.14548604702576995
1042,0.34148264252622984,0.004415943457836505,0.003138613697184476,0.14946933696046472
1043,0.886768343903179,0.3529288010374603,0.35183462926793607,0.1503469878807664
1044,1.1434133421943198,0.0033735241736781987,0.005926768018506956,0.15725285792723298
1045,0.18711866036512523,0.002260694353912316,0.0028911373166766435,0.1529025761410594
1046,2.256974916369469,0.18874990396111044,0.2026129025836172,0.14626049296930432
1047,11.797169533654369,0.15453360738102465,0.16928759460465156,0.1461885180324316
1048,2.013220063359841,0.02220735777570986,0.025156140259814958,0.14935393584892154
1049,0.30787355011217227,0.0024054633667594276,0.003667212089623056,0.14797600684687495
1050,0.7254730222154027,0.14605447957581194,0.1464023221682916,0.14974448597058654
1051,1.2592675804127658,0.16856845379787658,0.16903736652397586,0.14957568794488907
1052,2.535350544677809,0.18603387792886525,0.19422920793652065,0.14849203638732433
1053,0.6960625594969156,0.013143195138568282,0.009781818537779466,0.1450799349695444
1054,12.235593814244893,0.15853357587299288,0.18669973153178196,0.14860618393868208
1055,2.256720182892107,0.048043924353024924,0.034700443146578074,0.14681465923786163
1056,5.694500028658539,0.07741277616687098,0.07875087240927366,0.14659544127061963
1057,14.018430074258793,0.413759189735051,0.45880922983691685,0.1493931687436998
1058,35.838593054903946,0.2287334456148033,0.29120985983441205,0.1500344448722899
1059,1.9716954556787059,0.019380917485825804,0.023473438149899703,0.15784081304445863
1060,11.53819798467068,0.20912550654896603,0.2890461150828369,0.14676284603774548
1061,11.413255041651869,0.2990656609283378,0.31222922975672573,0.1540789920836687
1062,0.38211627635953394,0.04718199188369184,0.047604565051106135,0.1476821987889707
1063,9.324670315763766,0.1754995482582897,0.13703632563775411,0.15759828686714172
1064,8.436953307510207,0.09610954191887526,0.14147888301648628,0.15635094186291099
1065,2.127175597472706,0.08894990717625871,0.0818640655788049,0.14728427026420832
1066,6.905152807321578,0.39584956003391736,0.3979119725683845,0.1475796070881188
1067,0.2813172349658984,0.005094665644147082,0.005289694966122333,0.15416971128433943
1068,21.82598411299367,0.2290761355978958,0.29424036817638727,0.1525618126615882
1069,8.044246257994557,0.054417775550487414,0.09797602842585539,0.15295762429013848
1070,22.84275870479734,0.2192779594509161,0.18911427341758794,0.14548690430819988
1071,24.349226595937818,0.21003180977798888,0.18030259801979526,0.14604945201426744
1072,21.556585273908485,0.2606910934111966,0.2667839133543346,0.14657034538686275
1073,0.3769790530148949,0.0075351618352107845,0.007049202524168306,0.146207382902503
1074,0.6778706556872035,0.0069608857563893,0.007989966112795255,0.15252187382429838
1075,28.06096349019398,0.16435190464359553,0.30117239152282305,0.14426121907308698
1076,0.7385378290079447,0.005727885568075022,0.009964328217851965,0.1528278519399464
1077,0.12286768049025709,0.444540756503739,0.4449963689700965,0.14699615398421884
1078,11.722916661793434,0.10466167047990438,0.15567745271861066,0.14713506493717432
1079,0.5619039753498086,0.2523063580200022,0.2534284372732298,0.14565013209357858
1080,3.694271569542499,0.22458126170832649,0.2090707348098192,0.15234546596184373
1081,19.34655064240918,0.0743960056990154,0.2120128955677072,0.15844468865543604
1082,33.11436120861505,0.2706978661798769,0.2908461712138843,0.15124046290293336
1083,0.8322833321327978,0.12320864858623173,0.12475813368563644,0.14534189319238067
1084,21.973656921101394,0.24953340258790288,0.27536726858681776,0.14677162189036608
1085,0.9113048570638179,0.010652354767659553,0.01278929673879475,0.14735230384394526
1086,0.23953624526231337,0.0027259394795759455,0.0026016945213172046,0.14374560210853815
1087,4.3969060920727605,0.15591567905554862,0.18200852612034044,0.14244601363316178
1088,0.09193070493737956,0.0006934519363359069,0.001015548791382915,0.1577373780310154
1089,0.08542867480357515,0.0035703443556079997,0.003295584972374775,0.15669671026989818
1090,0.17650277064415634,0.003621731812338019,0.004131385249551911,0.15523237688466907
1091,11.891600846704494,0.24806749583901205,0.23028167237336386,0.14811438973993063
1092,24.66184218935565,0.4649330524022056,0.43458810497370237,0.06053752498701215
1093,0.4730798163369687,0.0019249741169161906,0.005239242858656796,0.1443527420051396
1094,28.39265462286928,0.07383332045660843,0.18651907568815312,0.14845223585143685
1095,3.139964163099793,0.20564048295359447,0.20574928068365156,0.14851129474118352
1096,1.353819056018453,0.0902934399992554,0.09671797076773854,0.15377247985452414
1097,22.73372238615997,0.21967514367651833,0.29481600166345234,0.1563207688741386
1098,0.574600868274323,0.004746307089425344,0.0033077446383524573,0.15766824083402753
1099,21.293519579644087,0.4441456184498181,0.5058087384653048,0.15336780808866024
1100,0.5246479429728648,0.13592574148579836,0.13247896890949035,0.15505540370941162
1101,19.88230863252012,0.19810425701769535,0.27322491029628615,0.14587326208129525
1102,0.28155085334819874,0.0037320750835436144,0.004209668498960902,0.15683350525796413
1103,0.19111578228951803,0.0019309895842377417,0.001695860480668631,0.14962232112884521
1104,0.7187202848176528,0.005809053503170024,0.007188629647288773,0.14535133726894855
1105,0.4109956166897678,0.003650129712909562,0.004628806949339275,0.15149706741794944
1106,6.440813899944871,0.13165010868311017,0.16603593512760018,0.15019655087962747
1107,35.34190060947899,0.2757590895094479,0.3775607798272701,0.15676623163744807
1108,13.97282271650341,0.2350877639236529,0.21274324603372044,0.14526354102417827
1109,21.732281013005455,0.15965197567247122,0.28327296220864023,0.1571687888354063
1110,0.2400756683035657,0.0023001511941542624,0.003582274510134043,0.15597510104998946
1111,5.368047880278506,0.28789025459678425,0.28866242891030425,0.1468899012543261
1112,0.12896640460195052,0.0010640076450947856,0.0016302902340749137,0.14655246678739786
1113,19.172753825785623,0.10479944717889231,0.1317602158199817,0.1469641039147973
1114,0.7004726410112743,0.5415605423230889,0.5362036884916165,0.15829722909256816
1115,2.7952716204483905,0.018213915983737734,0.028257106823593454,0.1534312590956688
1116,12.113732625240809,0.1735530486174497,0.16925693255474702,0.14591835159808397
1117,0.0377670075347024,0.0020181062529023306,0.0018838691782519345,0.15887200878933072
1118,4.8701596444971,0.11212418624178636,0.09494915837876564,0.14673338923603296
1119,2.6631587305084086,0.26155981083841556,0.2638566812356826,0.14635509671643376
1120,3.2690990274445304,0.12270885935454513,0.13492912227698847,0.14644695818424225
1121,0.39248011119038223,0.0049176736001983155,0.003712225594856799,0.15563643304631114
1122,0.21033097707947576,0.002496549789495959,0.002370150448315233,0.15529693895950913
1123,0.10875810513883599,0.067109704865535,0.06772677496493237,0.1444354448467493
1124,6.835342936077643,0.10294841707049587,0.10837864145989894,0.13661347096785903
1125,20.858943017194672,0.28313534386349554,0.34301920174489314,0.1477631558664143
1126,34.58598245413554,0.2829631230495887,0.43599406875249325,0.15747931273654103
1127,0.6345744859481722,0.15457753886684275,0.1574875485617177,0.1466671791858971
1128,15.589176532479906,0.2393557738311105,0.22232557947570383,0.14673857390880585
1129,24.249703924142153,0.09327059443196449,0.2883320775482802,0.14625272992998362
1130,12.576919649818151,0.20862777453735554,0.23979949451552557,0.15083941398188472
1131,1.8807792575027622,0.2556465880218022,0.26343551359093487,0.14632416516542435
1132,2.145265816491521,0.12862834075854845,0.1365219801124607,0.1572897881269455
1133,2.3135523243194247,0.13554719652483577,0.14923168500116282,0.15604497911408544
1134,0.5794210767841314,0.37161282658647404,0.37474628446961405,0.14852128410711884
1135,5.1498722781596085,0.07659627117145394,0.08162635639543903,0.14629117725417018
1136,3.3494743387611403,0.0961120970726357,0.10242464802625123,0.1460307789966464
1137,32.18602455418133,0.3551517249761592,0.4753099401053641,0.14723846409469843
1138,11.505357017382384,0.1583554192305188,0.14796332377277388,0.1429602922871709
1139,3.5290326245504144,0.09378937263532922,0.08726891564111118,0.14543770300224423
1140,0.14950571638541008,0.06808948679862055,0.06857435729216986,0.13939482299610972
1141,9.696457998719493,0.13801678147367,0.18252571732118714,0.06587036931887269
1142,16.364959056179252,0.08889615792774067,0.1673814265121578,0.14196066977456212
1143,7.406085065695777,0.09254197759988166,0.1111801017267477,0.15553877502679825
1144,2.547053637316459,0.12004870299466867,0.10647573051507547,0.14276475785300136
1145,4.551467319995002,0.28509416561338435,0.2938875528681378,0.1463065966963768
1146,11.858999450532723,0.06066781026271708,0.15049014427608925,0.14630103204399347
1147,17.72985007628482,0.2098964355628015,0.19558018584161274,0.14711457723751664
1148,1.0312071720341158,0.16905337708010446,0.16931352882951517,0.14493752690032125
1149,0.48979910731919485,0.005575658635635165,0.004343384336408713,0.14356203889474273
1150,23.019162906984295,0.16867772902776434,0.17479423235692354,0.05754698486998677
1151,20.360323725746255,0.0923716013787252,0.24289482871466464,0.1468682186678052
1152,1.3326847631680296,0.007907762300254665,0.013345821307183727,0.14643269311636686
1153,1.0420178920572678,0.20257251758341271,0.2006754182839594,0.14578043669462204
1154,0.26811339901343806,0.0012448240328950956,0.002922927479525737,0.14636059291660786
1155,0.6330909003834018,0.008826232549622285,0.004541504643631298,0.14607480634003878
1156,0.7799698199549828,0.23144333063895822,0.23072672310184428,0.14726506918668747
1157,1.8667035480671286,0.2924627538884,0.2930587309315124,0.14499542489647865
1158,17.222759777520928,0.26812545769361473,0.2501289151282783,0.1457927511073649
1159,0.20215566316525083,0.0034663425583733413,0.0027743309381445076,0.15471927914768457
1160,0.35810127092902583,0.004308612008649527,0.005195565272035028,0.1462706271559
1161,4.301544638031836,0.06778300695609392,0.05454181740803612,0.15805598115548491
1162,1.0411399215864932,0.005058230088811494,0.007282982500670997,0.14645390072837472
1163,6.636101003813774,0.11240769616344291,0.14694741006150028,0.1453258660621941
1164,20.39085776865135,0.16567175985310761,0.19972864988369723,0.1462690830230713
1165,0.2389810641638753,0.003436264294437092,0.004064330919446206,0.15044871484860778
1166,15.378133788041222,0.190301371784773,0.24528530932474615,0.16026947693899274
1167,25.986858891133,0.3539278109271846,0.2706773939722656,0.1464879810810089
1168,3.875217942785194,0.08806849147775567,0.09324802050951997,0.13190397899597883
1169,14.982732091082223,0.23164214663593502,0.2719361208281806,0.14411457302048802
1170,20.119300588972102,0.1439063866465023,0.2102196632683942,0.15114950900897384
1171,0.48021401941203623,0.1403157453500203,0.13882189204782952,0.15462131006643176
1172,4.209314320358579,0.05636865882954907,0.0552512871811053,0.15432345075532794
1173,15.185392701168507,0.1856990022312036,0.18988937992245916,0.14961995324119925
1174,18.987604754261426,0.3449575612383812,0.3063379259843944,0.15263600507751107
1175,15.989496578384701,0.17343448788068205,0.23444223057370261,0.1571247219108045
1176,0.994119441747383,0.02020669744602601,0.023395368176549164,0.14666389208287
1177,26.523211616931228,0.08224294102458767,0.2654820525191867,0.14277101773768663
1178,18.764294666935097,0.13589378481951944,0.24108829918164495,0.15774898696690798
1179,0.8131365602743532,0.0063910415310130956,0.007241249257235373,0.15788449393585324
1180,31.582404104793586,0.34308214065312514,0.4504108614264121,0.05783281289041042
1181,7.226928702759447,0.12548428925769503,0.09483474599911884,0.1431503240019083
1182,6.315524241131612,0.1983634360413549,0.18447913180061382,0.1468598530627787
1183,32.782527263300125,0.4017649860549677,0.35799848665996153,0.14626423828303814
1184,9.485933594517968,0.19306413007905984,0.21770321212953703,0.15287799993529916
1185,0.3281497575120321,0.28394789098267764,0.28546506701617214,0.14737317198887467
1186,0.33660522421297057,0.0022649499361544144,0.003392731576027474,0.1574791190214455
1187,14.270405338503638,0.16544935004223407,0.2331330969932498,0.14372732304036617
1188,10.204519042444131,0.15094499591942054,0.11769536498320383,0.14644384197890759
1189,2.428668064354296,0.11955451156559674,0.133165932618248,0.1471510138362646
1190,0.540284822601958,0.15153137870504133,0.15166425213280232,0.14606719836592674
1191,16.759562076467184,0.2003538487606393,0.23094985915335606,0.14666611701250076
1192,13.38032370239542,0.12292564280978253,0.21604005852185218,0.14458002801984549
1193,33.28783701164734,0.3235350848837122,0.13626935808345203,0.14664574898779392
1194,0.2869225604164145,0.002176161161005923,0.0026749027450969015,0.14306851802393794
1195,15.381971166932598,0.07955417710467626,0.1206044030081403,0.1463434132747352
1196,6.804357258906363,0.28773212199722664,0.2699806114775431,0.14580400893464684
1197,0.15346219546171058,0.0021898845924782718,0.002643929820756889,0.15177047718316317
1198,5.379220948867147,0.15743993856563848,0.12586169147644632,0.13196008699014783
1199,6.21257127659225,0.09827987589864619,0.1091677365671797,0.15468626888468862
1200,0.3386705893792647,0.005721186003472176,0.0048350326552244515,0.15441065607592463
1201,8.704243248339889,0.13102773120082928,0.12830626119734018,0.1472062449902296
1202,10.902227647377233,0.02665453830895254,0.10444341727734588,0.14240591134876013
1203,11.778547518385805,0.2012646787537047,0.1951946563207862,0.14422568818554282
1204,18.68270679361931,0.2621140130294112,0.3115604219976504,0.14680578699335456
1205,5.322837245822629,0.11025857255073736,0.12402570690184705,0.1420570146292448
1206,12.081975973806754,0.05778969628403733,0.15220823656516702,0.14676531124860048
1207,13.844555337753839,0.16970268951636086,0.20864825292995687,0.1453921920619905
1208,2.29901629915901,0.1550371738821621,0.13899187600543159,0.14410491799935699
1209,9.276775741013331,0.12081828813066542,0.08955152940341574,0.1577883828431368
1210,29.80615853736013,0.36860144947233947,0.2619497317727863,0.15266530914232135
1211,0.2766436254060471,0.22269305758746827,0.22184079747213903,0.15716878278180957
1212,10.456622781299005,0.23240035120705282,0.2762446757509515,0.14638708624988794
1213,0.38611123407381137,0.0022477725234335156,0.0028249795040301167,0.14489501900970936
1214,0.3366785919979717,0.22233083994276623,0.2237672956439919,0.1479868576861918
1215,13.850036528326724,0.6424411977253239,0.6574297108487345,0.14522454235702753
1216,5.170965383119776,0.20227912330969533,0.1977219502218991,0.14644972886890173
1217,4.408593695474885,0.019429159139349943,0.035283602309654306,0.14768161065876484
1218,0.23538523045754903,0.0013681215568390596,0.0017003170104331403,0.15256656287238002
1219,5.534893062172119,0.12823922987503977,0.10647311427841186,0.14098788984119892
1220,52.752197147665356,0.27012400103292256,0.5124165543756716,0.1466149901971221
1221,0.9849964165743564,0.7890591201064475,0.7894198707826476,0.1572166010737419
1222,1.3647447457831028,0.17498941531855366,0.17401154353896897,0.14686362585052848
1223,1.0483670678534631,0.28034639138184203,0.27395665804872693,0.14638715703040361
1224,36.30880637381379,0.3076007307916104,0.3532085129738359,0.14648834988474846
1225,15.638729145548991,0.22531820865260024,0.22153329418669182,0.15502389380708337
1226,0.2671628081609054,0.0029677195489438493,0.003052177349774302,0.14604711811989546
1227,17.92659138244293,0.18960978010320406,0.23202047792176417,0.15172954695299268
1228,6.112872729299406,0.05984411182318909,0.09327748728450856,0.14650293812155724
1229,0.6407054591638857,0.11271426774253163,0.11516928698153123,0.1464899843558669
1230,0.22728944227347617,0.005042584642038614,0.004532901827487157,0.14748756121844053
1231,24.808439271121294,0.18150200351680887,0.31419441095760847,0.1486805989407003
1232,16.314700802981626,0.2743891001487973,0.23179261102062773,0.1474305121228099
1233,34.376408092086486,0.3666702638890273,0.4140182683013535,0.1443715742789209
1234,0.8072332267873528,0.3273631774680863,0.3274873847173488,0.15695246495306492
1235,13.90321941523418,0.11992984332279764,0.13343438989826478,0.15450075780972838
1236,8.76089849333952,0.25809341894073246,0.2923067896960583,0.14463720889762044
1237,63.08359098849995,0.362512852563029,0.5629221064637888,0.14712675707414746
1238,2.4923256043513056,0.10825279744470648,0.1256396650825363,0.1467868578620255
1239,8.536231879967927,0.26647060579731524,0.2950985559422297,0.15566145023331046
1240,5.749428205342102,0.32843894722135003,0.3474023601108566,0.14756243396550417
1241,0.3004726121499935,0.0029623326785343817,0.003740267525384056,0.14501899620518088
1242,0.3231929757628294,0.00348953059806624,0.002559404698912112,0.1463983771391213
1243,10.756541056783504,0.14825105370347436,0.1805426794525376,0.1478136689402163
1244,47.422375538147556,0.4447444505771982,0.29523066966481437,0.14807342598214746
1245,0.23560167413504202,0.012040122464952775,0.009477894953583161,0.14456108678132296
1246,0.3223749736809611,0.0046140562291885475,0.004373453884542133,0.1522540128789842
1247,3.2934112036717225,0.16777423638084638,0.16463793176957575,0.14753850735723972
1248,9.715802967031614,0.2966411105963157,0.28468235431437555,0.14747207332402468
1249,0.4125463118992299,0.003562807991464274,0.003854078783497102,0.14664216013625264
1250,1.647270414591139,0.04335042406471098,0.05230230855531724,0.1393978949636221
1251,3.366810096905508,0.11571164974033459,0.11159208279595385,0.14407362882047892
1252,0.14440984803346232,0.0033061996061335202,0.0021418915998224117,0.14530041301622987
1253,0.13312187699083478,0.0015268742873673538,0.0023139861983037663,0.14754928788170218
1254,14.955526996610876,0.09293499698303183,0.1176401861205595,0.14715798012912273
1255,0.5186925332227715,0.2149171443613798,0.21514483229676767,0.1465649176388979
1256,30.102103432131106,0.2198099503365378,0.28446492680303714,0.15482437098398805
1257,1.2189718601378494,0.2849824279219526,0.2810318693545081,0.1471595629118383
1258,0.19861324116143395,0.0022960231505361707,0.0029682288175762795,0.14615337178111076
1259,0.5133761276497047,0.014964866593438856,0.013998515615104764,0.15195291815325618
1260,0.22457462884507984,0.0023712063870704064,0.0030622848371533,0.1568050840869546
1261,35.95782892566508,0.2883945759677564,0.26257789256435216,0.1469611544162035
1262,11.752236521140832,0.1621490959714676,0.16649242833861141,0.14807253517210484
1263,0.22324132682503228,0.3008309135203201,0.30121853507600904,0.14670342579483986
1264,16.711527492854344,0.11487294054443711,0.1733829514568879,0.14701553713530302
1265,16.18640605561529,0.16159638381050972,0.18359527620441868,0.14596009394153953
1266,5.039195971777204,0.2165146073909397,0.24027426814235128,0.13368386682122946
1267,0.6799018749676589,0.3268184244703785,0.32767284180547046,0.14868376636877656
1268,23.316963207170584,0.20264258455862946,0.2898485616955083,0.14484224701300263
1269,24.08450176672795,0.36299594231766075,0.2640814142377334,0.14755907794460654
1270,2.1485829199196735,0.01470131098242686,0.02419638711612853,0.14266146393492818
1271,9.17357725349308,0.10913007654642304,0.120540984266582,0.14651541784405708
1272,11.047585264217833,0.05711170227605871,0.054555436674340554,0.15561017207801342
1273,19.821056277718448,0.6607831413084628,0.7187548395724594,0.06483564618974924
1274,16.525985879688747,0.4298697026038645,0.3627216375295099,0.15559357218444347
1275,0.3393504670990025,0.005227520039142518,0.003796279963800141,0.14829624304547906
1276,0.1533911143653338,0.0038322178306806672,0.004561196526409024,0.14702152414247394
1277,0.26320769973333374,0.0013599037130070644,0.0032660285377637236,0.14694266393780708
1278,0.38391293418655037,0.0018140181190642714,0.004326070203175299,0.14727773889899254
1279,0.36891127658549566,0.10504134142849607,0.10652599270025731,0.14652612805366516
1280,13.974633611012,0.2205201580926949,0.23057422758268395,0.14546608412638307
1281,2.800013948047829,0.20110558321797234,0.1899005885349107,0.12995420023798943
1282,13.438542089753843,0.12736016562533053,0.11403771609222661,0.14405448222532868
1283,12.609130016371857,0.14865476943588227,0.16383011884605236,0.14703002106398344
1284,7.368252913906289,0.08823992869748024,0.08499175104027874,0.1436122697778046
1285,0.6074526387427124,0.002827753004702381,0.0033378638412928418,0.15807473519816995
1286,0.3042326192439978,0.12293252382571249,0.12437006855866659,0.15568737825378776
1287,10.8236160348227,0.18261695313636953,0.20810910333943386,0.1462666359730065
1288,1.9755600288112043,0.0027901395750454675,0.016601643618698536,0.1467670858837664
1289,0.5959959109394968,0.06080300340251342,0.0638222671275957,0.15650017000734806
1290,0.48524577801142815,0.0023787785268639936,0.004300637178947276,0.15485336119309068
1291,0.23055051263056328,0.001961793279563844,0.0025817869828413933,0.14711003098636866
1292,17.813723029220725,0.2754105633616052,0.23521150045367178,0.14695745706558228
1293,0.3710772510021098,0.19107325004297218,0.1922321982549895,0.14715385902673006
1294,10.301208491616825,0.08581192913814188,0.0801482353655078,0.14693863037973642
1295,2.4469802290269738,0.2631722510033759,0.26962569084918786,0.1481806761585176
1296,1.4608724109899978,0.006266005742537573,0.011627861088239181,0.14644240401685238
1297,0.6292482916975544,0.003447544236839928,0.006022403183121685,0.15627579484134912
1298,3.8548235395738946,0.21603109386014036,0.21979161236537423,0.1440669149160385
1299,21.223573635743666,0.20718163050804314,0.2652164801548058,0.15646748198196292
1300,0.36014950883016655,0.0040538650552878475,0.004952574529886769,0.15011832071468234
1301,7.445542250662394,0.18019811223853474,0.16542169258324035,0.14719529077410698
1302,29.092059447760672,0.13792956693106628,0.3489127216252616,0.1526769590564072
1303,5.398061785736646,0.0783943238525383,0.08150305437007181,0.15167843410745263
1304,26.78599229194692,0.31934421382426753,0.2934745102025436,0.1439674780704081
1305,1.0971915227920226,0.1370023944090671,0.1381723919735857,0.1478499467484653
1306,2.93260840938002,0.22219578829300446,0.2056559822014474,0.14698672899976373
1307,0.7215423881593528,0.006702968639313284,0.006570923700337351,0.14726959681138396
1308,0.23667783160597586,0.004121337443160294,0.0029477623665165645,0.145704691298306
1309,20.742607861957108,0.24034056153561206,0.23876168379039614,0.14681795611977577
1310,3.8579753789986175,0.030918303014198942,0.03410372045498065,0.1468046079389751
1311,0.1728462136031182,0.0024172340580604205,0.0026169521107499588,0.12652859883382916
1312,19.08204136679625,0.30092736571284506,0.33249676388965427,0.15771507192403078
1313,6.310952048439885,0.09094914232742901,0.06276307404478947,0.15820175176486373
1314,31.448747255201287,0.3632995108814205,0.3322553297496668,0.15722926799207926
1315,0.6171949204359375,0.11325128762746071,0.10984873479966996,0.14861638704314828
1316,9.5179309322906,0.01260195852497282,0.09306231243498674,0.15689546894282103
1317,0.3549514435136623,0.003605293978571982,0.005177683771942887,0.15562698990106583
1318,16.54228036080149,0.024936424146047572,0.1617054990458426,0.1494898940436542
1319,0.1558098120620976,0.0014178041952859445,0.002074011852578221,0.1311993389390409
1320,14.965624701044062,0.13719127402683304,0.16893206117768783,0.4405865608714521
1321,0.30149736054277204,0.003640218564988074,0.0028712227940128334,0.15020175790414214
1322,1.1746048744779198,0.12732153705318697,0.12877803304095395,0.14878462860360742
1323,0.32257990845654055,0.0019099096863631718,0.0026444616754012335,0.14654930122196674
1324,18.095224217236115,0.2605752031484762,0.3521173406428492,0.1500531672500074
1325,0.3009051542434138,0.0009535851010548235,0.002497706312235575,0.14732234133407474
1326,0.11741313679609174,0.12406776581312635,0.12376209305569348,0.15564199211075902
1327,3.5657613884940265,0.02839129349611261,0.014238598976755243,0.15002844016999006
1328,5.082728589578914,0.04682399632272926,0.0509625800771822,0.15517702512443066
1329,0.23908597204207918,0.005206046269427989,0.00527149442132961,0.1557888756506145
1330,0.631881742911986,0.004854790072648806,0.00740255684359824,0.1541339298710227
1331,18.246482871961206,0.4125827095946529,0.47525830745611625,0.06466359784826636
1332,0.1775334332633064,0.0036301294578214727,0.00359455373663645,0.1559867481701076
1333,0.38971453384071264,0.0024599361925343104,0.001840409647101191,0.15412790374830365
1334,40.85965997405442,0.3034171680441849,0.446355127589772,0.15198462223634124
1335,0.18305894004289888,0.09257996058163524,0.09261209159406437,0.14492330001667142
1336,12.209837129370765,0.48896235523802184,0.4428109208891364,0.15228270599618554
1337,0.4041309798060916,0.0036009864579090237,0.004206089883618657,0.14730651210993528
1338,22.019279155080753,0.15943908346154104,0.26623179850308676,0.14756928430870175
1339,0.5151727102201686,0.005114106777174135,0.005855923903933972,0.1474538161419332
1340,15.810886925457316,0.10768896270857621,0.17343217643872444,0.06294978223741055
1341,21.771265039029803,0.29369233912282666,0.4554737206395684,0.14708905713632703
1342,9.041191213456774,0.036752491811442446,0.09056422528694577,0.1162606286816299
1343,0.21752778448685067,0.15065395534512788,0.14892773039612855,0.14704184606671333
1344,0.30079897510646036,0.0029455330448188754,0.002912611775180296,0.14448556397110224
1345,0.2980922232593622,0.25348731163194604,0.2527919665889666,0.15036451816558838
1346,0.35248232902287796,0.0020857070825012164,0.003801487888350535,0.14652547566220164
1347,0.6193612565912814,0.0038597657971587616,0.008636102077934988,0.15058190282434225
1348,1.0303998226787947,0.10297231240418722,0.09751065047856715,0.14657241711393
1349,0.3626478047137594,0.09339874816711355,0.0925728668433843,0.14685808401554823
1350,0.09425289571588809,0.0019454499950088667,0.0018058845727368777,0.14609069097787142
1351,5.860865760307716,0.23457089676910153,0.22982542504042683,0.1465053791180253
1352,0.37571873341666484,0.0015252445254428188,0.002861348434639856,0.1471422929316759
1353,15.786520115571392,0.2796300295497781,0.3159354572091329,0.14710045605897903
1354,0.2919135766480402,0.007100504993351565,0.0053439501899614,0.1467797728255391
1355,1.8079723303215358,0.014607472010827889,0.016284167266094274,0.14702472696080804
1356,17.18873213813061,0.1396062856870296,0.21981522838339812,0.1444586832076311
1357,0.2651301994491822,0.002444050415815756,0.002558857484728896,0.15723626175895333
1358,26.14553196795433,0.293770001466556,0.2373761996085189,0.14902264717966318
1359,3.9208772240591343,0.17726959295344094,0.19012123115925422,0.14727495098486543
1360,0.46989669886988317,0.004102271615538217,0.005219418964863812,0.15001099882647395
1361,0.5931252898712688,0.23662944923701903,0.23436975318558326,0.14650750625878572
1362,11.060411783204,0.09181998814363435,0.10149524888311388,0.14669702714309096
1363,10.668633208533516,0.09516663180277449,0.09564027777980977,0.14711692882701755
1364,3.0897211832970606,0.1960438496048663,0.2042192201121781,0.15679326560348272
1365,2.30809263327511,0.022710134503812717,0.01850108557877045,0.15648389514535666
1366,0.44296534350376787,0.003918425481651645,0.003165834221441858,0.13986073806881905
1367,1.240862733303063,0.06114169619686582,0.06496839133502659,0.15005212184041739
1368,9.934406424131257,0.12633051836435402,0.14674791007199348,0.16325966035947204
1369,0.1329375535179576,0.00216153874175808,0.002119387034142627,0.150136339943856
1370,3.7080778587996224,0.07273620375010806,0.08030359518240668,0.1582140726968646
1371,16.039438990156494,0.13029649452967101,0.10828798625932197,0.15173348179087043
1372,14.44837001258812,0.0993996067508223,0.1521180467395626,0.14861099468544126
1373,0.09023862767255314,0.0015067812920649582,0.0012556217332618078,0.14623755030333996
1374,13.008522311364176,0.3384999906793089,0.2945327305104817,0.14812262821942568
1375,0.7894224844114315,0.007088089454158479,0.007482430959774697,0.14691141992807388
1376,0.416701180436143,0.004608933206999956,0.00378178274921965,0.14683239068835974
1377,0.6181412424424744,0.04752412188005804,0.05165284285912341,0.14916122797876596
1378,17.175456839604127,0.207749633081745,0.2535595466415582,0.15938611328601837
1379,11.014140501929834,0.12282439034439202,0.12724117325793527,0.14927267469465733
1380,24.12681655466964,0.024737084751790733,0.23956479047522194,0.14832118013873696
1381,58.33998246231302,0.45637207121191087,0.5080626455503301,0.1487851799465716
1382,0.1120395831869627,0.005545858329164009,0.004958848119451031,0.14786018384620547
1383,0.16996018598317192,0.002689420925105913,0.002930912956759466,0.15018653823062778
1384,26.898360972129332,0.26099910182397,0.3383264097927901,0.14609800511971116
1385,0.22289024494187537,0.0050550781743125784,0.006185651281993781,0.1464807060547173
1386,14.480872102221433,0.1864579370659443,0.19820575122336032,0.1477472959086299
1387,0.9209515257945715,0.24620230953166908,0.2509725410749408,0.14777280297130346
1388,1.1715140949960254,0.00959356793317874,0.004719298477952189,0.14667320111766458
1389,0.47022163578751974,0.03443415402024167,0.03038404333346651,0.14656597189605236
1390,0.8450792914516084,0.002336825050366861,0.006034440035426648,0.14772919286042452
1391,26.439035406333645,0.2909591276478242,0.18297536822283028,0.15465944726020098
1392,17.0153667382416,0.2454976869769385,0.2705109679554129,0.1542490436695516
1393,10.751001707808427,0.15104701851273628,0.17639931919642426,0.15371118299663067
1394,0.39391394289631915,0.26452768098287344,0.2650101696568933,0.1505018579773605
1395,40.186057075323085,0.4266288377169009,0.32876397408304503,0.1474684700369835
1396,0.7564262482615683,0.06628246746423057,0.06173324425668132,0.1559944818727672
1397,13.765294328022753,0.4867503539814746,0.4252829809568329,0.1530415820889175
1398,20.752442465891445,0.21688863178580767,0.19552335031209972,0.15910947415977716
1399,2.504525990740584,0.13516802527474994,0.12637464463434148,0.15515658492222428
1400,0.09946446385734499,0.0015698804478390675,0.0019935792027827074,0.13174633588641882
1401,0.2915208864963282,0.0048716502020959606,0.0030717715806904025,0.15573668060824275
1402,0.3486552184444605,0.0025212003561229496,0.00429715860057816,0.15291849803179502
1403,13.960472774795292,0.08234309204475544,0.20132250194562631,0.14341955725103617
1404,23.945989058779393,0.21041393091401875,0.31911331998268544,0.1640118369832635
1405,4.147858519073663,0.20926986443679504,0.18353258706928452,0.15032171364873648
1406,0.14033802554862448,0.0018943139852050134,0.002316941654819008,0.1472914218902588
1407,18.440313445692084,0.13996457773714993,0.1588933185247771,0.15150627680122852
1408,0.4262488964874371,0.0041021928867450074,0.004658691505330464,0.14687354303896427
1409,3.1382314779537412,0.10477239097530654,0.1137990021446034,0.1447911779396236
1410,3.7762355738520874,0.05060098777528115,0.05137228414082397,0.15719087235629559
1411,16.577294264433313,0.3291381522133833,0.3554796738713103,0.15626011416316032
1412,0.4963340832305688,0.004205658974874024,0.00573229294688092,0.14671458303928375
1413,2.359464946417487,0.11832512455114003,0.116401612225185,0.14091199217364192
1414,9.516352366265211,0.06209343061780099,0.09652343873272753,0.14328848291188478
1415,0.6556321228328782,0.10766462898440947,0.10815466971163183,0.14118842408061028
1416,0.5310968510579035,0.017362793501418495,0.017485479208346564,0.14653844013810158
1417,16.60115986718256,0.17149392674061498,0.16987201845266567,0.1473508202470839
1418,0.2763279206443584,0.0017556689712962495,0.0028738889973780085,0.14719174103811383
1419,0.3346932518796193,0.0035216617470900996,0.003683942829279962,0.14015782065689564
1420,30.39402770771484,0.3246987657486344,0.30839923284709875,0.15314667904749513
1421,7.459127893237369,0.43848533121451466,0.47383140544024727,0.14777978882193565
1422,12.066267703235352,0.10187392479923446,0.15932762578882023,0.14370218897238374
1423,30.762900212014355,0.38809518284024475,0.3535208181411808,0.1534545850008726
1424,0.541285022822584,0.004055444231890129,0.0054721340542132025,0.14582875790074468
1425,0.16194133665441593,0.008492760314130673,0.009287910885815417,0.15368079487234354
1426,45.827251565744206,0.5107439274619919,0.530822138478062,0.06709457421675324
1427,0.5446891335723891,0.11137982469590713,0.11111354411227505,0.1516002300195396
1428,28.86780429695485,0.21077123520764354,0.3007469782810768,0.1466377410106361
1429,94.39221344419698,0.655810249720094,0.656971514548324,0.14708882803097367
1430,6.297681180574122,0.2521873397455123,0.22044416290646326,0.14663955476135015
1431,0.9030591633666248,0.061865114161228744,0.05880861815812896,0.14032830204814672
1432,0.2586372105831788,0.0006508144703576998,0.0023336681209719257,0.14284188766032457
1433,7.363347676850614,0.12115925627810371,0.12231969848217518,0.1459916471503675
1434,0.9437586158441711,0.1283576149459071,0.12896899814592924,0.14613386988639832
1435,0.4515438960610188,0.006098409403701469,0.005546556423757297,0.14670817088335752
1436,5.801548169174263,0.12945827660549414,0.15446150362133718,0.14531875494867563
1437,0.22589664549805388,0.00428445897774144,0.0036490561154320887,0.14657629188150167
1438,0.2644053347242928,0.0017840657070877274,0.0022211977227148557,0.14529240503907204
1439,38.489403660281894,0.2645834386415309,0.2914164363102618,0.15656655933707952
1440,0.2386395435504483,0.1971170485980012,0.19771275449981546,0.1560048582032323
1441,1.6517884454848335,0.27398895094541176,0.2728362535796656,0.14849932910874486
1442,15.366580130568158,0.17488520659637904,0.1517045909456979,0.15200810879468918
1443,46.215391560932495,0.3594917508858809,0.5481460367976133,0.15595980267971754
1444,0.31704623859733944,0.08174538535594289,0.08224470442017676,0.14341645315289497
1445,3.4320054087194594,0.04237695315367302,0.052837025518635464,0.14298279397189617
1446,0.2863710663695611,0.0018782164365547152,0.003771016946409972,0.1432036990299821
1447,21.111710189911435,0.18046558158391143,0.18211201807882468,0.15275666769593954
1448,0.19173127316404237,0.0024626369233083116,0.002501285330873035,0.15468264184892178
1449,5.022102893777925,0.14927568505384273,0.1609550499274578,0.1470182971097529
1450,0.07856566090766526,0.0011750962834267157,0.0009146158691094414,0.1507799052633345
1451,1.9407696592507624,0.028891101295241875,0.025495610800161807,0.14564846316352487
1452,0.26012691012927697,0.002159376922606733,0.0025457622694271924,0.1588716241531074
1453,9.065586075229009,0.1827353170947879,0.19365671699142,0.15332645503804088
1454,13.988226973418827,0.16233390826554173,0.14026669246159842,0.15313827991485596
1455,0.9401726834710158,0.3214678561607356,0.319357517030356,0.15381288575008512
1456,2.4014831402152503,0.1875737155704087,0.1857223495288219,0.15784820821136236
1457,1.3220291869932037,0.16980927665669407,0.1637963162721743,0.1518788132816553
1458,11.24680742438298,0.17722040994745267,0.2772960969541866,0.14708789810538292
1459,12.01740794359031,0.2025979593192032,0.1826605152854283,0.15596584556624293
1460,0.038552241491786675,0.004345799929472713,0.0044861774742555715,0.1465154360048473
1461,14.319280703838988,0.12920019536830551,0.1753768629878821,0.14689462538808584
1462,5.497722521276439,0.04062739185956565,0.052180301932490486,0.14701255410909653
1463,7.271173955709756,0.11796049570523509,0.12605541029119774,0.145294310990721
1464,8.554575365651901,0.02519658515003751,0.11681469126888619,0.14718969212844968
1465,1.9558258591834097,0.01346712179303147,0.02094780121312345,0.14692855020985007
1466,12.551017593720083,0.12567406677798107,0.16300060588722942,0.15912206936627626
1467,0.6948126674941828,0.06567218199635287,0.0676762612986587,0.14644508715718985
1468,10.063850887439727,0.3113809221627779,0.2710153184669213,0.1509899660013616
1469,0.19265565939551843,0.004068816297651363,0.004365158208848298,0.1432793471030891
1470,1.0294763585597355,0.008631691305080865,0.005181923200638942,0.1544828866608441
1471,21.003615143946895,0.18962997282789557,0.22121616283902334,0.14730399893596768
1472,9.005567864372031,0.08000914533755582,0.12119389052998958,0.15027812495827675
1473,0.5496702545449879,0.10960399816437896,0.11003383614800111,0.14659743616357446
1474,1.2792252482395456,0.014494870858841411,0.02330378368528586,0.14666595170274377
1475,0.19434102506014436,0.1257600560819812,0.1266209545103946,0.14677878189831972
1476,0.5345188024543798,0.002393441501496463,0.004926217020316538,0.14674616092815995
1477,2.8056949224923695,0.04260205121772072,0.0386778524599689,0.1470205020159483
1478,0.36253158907991395,0.007386005279697164,0.005724561518630762,0.14677362702786922
1479,2.50612923258032,0.08838059674764236,0.10969820151646222,0.14818805269896984
1480,23.64658256267542,0.3063144075578369,0.3655195023545354,0.14764702832326293
1481,13.396730788889645,0.25892103302061936,0.23301619486220795,0.15701259300112724
1482,9.061305491098297,0.22785507065646785,0.2157085082325585,0.14701339695602655
1483,28.70054909958428,0.17861148016762513,0.2869970652353932,0.14839026192203164
1484,0.5521777015298717,0.007208256135278302,0.005202291960930624,0.1562194488942623
1485,9.993690354621222,0.16267766276306242,0.15055912664426926,0.1555550410412252
1486,0.055238020214669545,0.002493657022210623,0.0026111929288051535,0.14344596909359097
1487,0.47021767156038663,0.006059289629269313,0.004861751887974863,0.14709897991269827
1488,0.5005332706791072,0.0054142477537695135,0.005656379106728917,0.14642937621101737
1489,3.6749994318907766,0.0387048787743378,0.04880172072528447,0.14639468910172582
1490,6.758664179354366,0.30837471460283905,0.3172229181590576,0.1468485970981419
1491,1.040563347539555,0.07761935710058863,0.07882034246151777,0.151989980135113
1492,10.988246221700493,0.2893820204838116,0.28939038980149306,0.15140055632218719
1493,4.300051186154184,0.12322376417325595,0.1481573697898757,0.14445897610858083
1494,0.25984286591437916,0.005249748609979813,0.005045133754996853,0.1542695160023868
1495,0.20266712090754366,0.0019417804396122801,0.002441294989610032,0.14795697201043367
1496,42.28673741461834,0.3023124552928655,0.27037325604087303,0.14672299707308412
1497,0.2635640287440171,0.0021463515990301626,0.002587600609268904,0.15488246781751513
1498,8.04819685304484,0.08710316566332738,0.14869580883657244,0.14754642685875297
1499,0.8594984137212103,0.21349418678557805,0.21186626483039547,0.1455938881263137
1500,30.60288261997029,0.4342368379506613,0.4445894046561633,0.05768293607980013
1501,20.521666431017525,0.18003739048069667,0.2830384280966682,0.14680428942665458
1502,0.3565212608535643,0.05540888029966239,0.056532111596423344,0.1495718234218657
1503,1.3396721123653756,0.004633950674215862,0.014043139508153944,0.1475992389023304
1504,15.175285147498066,0.11697389921908032,0.11633546596919177,0.15068008424714208
1505,0.31582431505433783,0.10161217213491137,0.1011877171346149,0.14784421911463141
1506,4.680424739111975,0.2575683536654189,0.27192925972142595,0.14637590572237968
1507,6.903897149353926,0.07823572059311434,0.107760076285094,0.14699533814564347
1508,7.308817890199017,0.017775981290836153,0.09418005030132136,0.1464887778274715
1509,21.86753322722839,0.2072544848406869,0.2890486359476114,0.14689760422334075
1510,0.7876395053662475,0.17742293168892245,0.18141909745672247,0.1474414560943842
1511,13.585244109860033,0.23505831294028826,0.23320122131684712,0.1472942321561277
1512,10.3512411386839,0.14369589501702343,0.16499539272131414,0.1478470079600811
1513,0.07124932444210348,0.3150485706799272,0.31541943329703,0.14940836187452078
1514,0.6468017582690432,0.007308673593519389,0.007888621257594089,0.14925526827573776
1515,2.143136467111846,0.24436358363050228,0.2448328395697443,0.13925655419006944
1516,7.770126285411504,0.07813836515366292,0.0792882933997454,0.15113129606470466
1517,11.280017617122848,0.22783410602235107,0.26497957160819546,0.1491594580002129
1518,18.626710543377374,0.23390168555091345,0.34862264732567677,0.14858953468501568
1519,4.963626178198916,0.04577775772864229,0.0675544063096736,0.1467227153480053
1520,26.137112280262745,0.27389481192289594,0.24857281362552897,0.1478041773661971
1521,1.5173251464978865,0.15691768295393788,0.15317981957093305,0.14645101828500628
1522,2.965012757502232,0.031069016326500793,0.04306555646275898,0.15194427268579602
1523,0.3424632502721199,0.0023334486479007163,0.004166011874835056,0.1470340033993125
1524,9.963926624991648,0.05559921524851902,0.06598208818639316,0.1475680200383067
1525,3.9586252627071135,0.05294682553015826,0.04642961004656317,0.14904735703021288
1526,0.39558094017420026,0.0065191600976128895,0.005057860516317747,0.14667500322684646
1527,18.499384220481094,0.22119261712165225,0.23005820371908642,0.1477434989064932
1528,0.34860598459840036,0.003354749374604154,0.003703730150712069,0.15608166996389627
1529,2.185449550618679,0.16483355879783063,0.15599717145610345,0.1440064930357039
1530,6.884976868984421,0.0985583522152357,0.0963422917665259,0.14284262293949723
1531,14.526962551509856,0.12918296115540207,0.20857341167451862,0.14715308602899313
1532,12.930569167942139,0.21896417901329848,0.19530113475462013,0.15736299427226186
1533,2.7096586828778233,0.12714810194018872,0.13899874655928765,0.14081267081201077
1534,0.2931876321556695,0.06026073465950611,0.06057599602656361,0.1512461667880416
1535,0.29421593510517563,0.11269053192493375,0.11231135273191514,0.14982764888554811
1536,13.084228912824088,0.0760886318197463,0.11470809214431242,0.14968864899128675
1537,7.952560207400548,0.13837836243475762,0.14974970223082132,0.15887723863124847
1538,31.880215170698328,0.2595563144325603,0.29662054547780276,0.056802837178111076
1539,2.6578873051366405,0.1080632586163666,0.09509822968372143,0.14652138808742166
1540,0.1881769136950011,0.0019566972628857326,0.002034859818846132,0.14616982080042362
1541,0.4987201429203128,0.0020633885624408363,0.0037376591941684924,0.1571307978592813
1542,0.8274520392053686,0.01653791243323214,0.013361693888268506,0.1563325859606266
1543,11.753409968098637,0.13569911812195343,0.13169846577635283,0.15743632009252906
1544,10.617348366029871,0.21138114410068642,0.17116904747248804,0.14685737807303667
1545,0.875915542884367,0.009197710775001032,0.01209461267619578,0.14586963085457683
1546,34.42372090511272,0.3339373054178767,0.39804755249150214,0.14689162839204073
1547,3.811492189333538,0.052961674188360654,0.06296316013057478,0.15652342326939106
1548,15.663047604344884,0.12286525784928988,0.17803982928429574,0.1456700498238206
1549,17.221671833331087,0.11426574418514625,0.18874431915681064,0.14805467519909143
1550,0.2733227804142844,0.0036112987551902057,0.002978945627324235,0.1479014321230352
1551,0.3169421368958514,0.020456932916352345,0.022365898879568222,0.1584508358500898
1552,7.7540694244795025,0.07825467424464,0.07518761556996043,0.146190719678998
1553,0.7958663194101739,0.19910981625409827,0.1980726531774811,0.14620794309303164
1554,0.3162977075754808,0.0019769089908423577,0.002828826510710202,0.14694233611226082
1555,0.643207302968404,0.007985371900910497,0.005357960124814539,0.14803665643557906
1556,0.15331539427339685,0.0018503005716819139,0.001733723040005632,0.14223608933389187
1557,31.777108825432027,0.3505960963697767,0.36212108940944293,0.14646982681006193
1558,16.751988192056434,0.1251612837434755,0.22166557789283964,0.14691328210756183
1559,0.2806708638352677,0.003200196755992701,0.003636026476830973,0.15785184083506465
1560,0.5146133997586322,0.01385135360813099,0.015169510454114965,0.15599559294059873
1561,23.26463469667155,0.3425597419058639,0.3032842160098929,0.15108695719391108
1562,2.0190752871580555,0.02518110451728063,0.020510877379924016,0.14733862364664674
1563,1.1267377137022039,0.00794408248307683,0.003181735170564032,0.14635527227073908
1564,43.0553365566636,0.5664668030860194,0.5880151731977775,0.15652551222592592
1565,13.60884218802625,0.20672542053703744,0.21759452154973266,0.15006037801504135
1566,0.2329518934703277,0.308449289192564,0.30908004823050933,0.1497631287202239
1567,26.5505568784193,0.22963959887978927,0.3793822025993961,0.15765198273584247
1568,1.4454305254084474,0.03134183650530271,0.03296851246154942,0.1473669637925923
1569,6.093481861088567,0.22552035534244602,0.26123020046451223,0.16023651091381907
1570,0.07793323627208401,0.006109517761659316,0.006218804129747868,0.156204953789711
1571,6.678607438371722,0.15363605890430718,0.15162157931685102,0.15667392825707793
1572,0.23324027942622544,0.0033786393697870097,0.003375727928130097,0.13723501795902848
1573,0.3134863356042177,0.0038937911858178535,0.002631389324990196,0.14667078433558345
1574,5.234102328068664,0.3154003035756842,0.3431594997515989,0.14696739008650184
1575,3.012897284370415,0.19833133583838086,0.19888255189741924,0.14633831987157464
1576,1.1151932068156298,0.0776313349384275,0.0715211051966117,0.156498609110713
1577,29.26508756323918,0.11544472475618413,0.3208459427440239,0.15849529672414064
1578,3.5039949961769623,0.04126366920262598,0.06374352258913508,0.1498223626986146
1579,7.762840024295357,0.0868791459261473,0.12492589234589203,0.14752480760216713
1580,0.28468974418828297,0.004936548521560359,0.005538904654244174,0.15444491198286414
1581,10.708149831478284,0.09515393105447995,0.12602512636121663,0.15155259193852544
1582,20.02521503235794,0.2484545792732177,0.21699755194506037,0.14913647761568427
1583,17.224779895068643,0.1435289326218523,0.17790340083622724,0.1505626980215311
1584,0.7291498662399547,0.39683152223251367,0.4004333254738459,0.15552105102688074
1585,0.14507439715550258,0.15328566270190597,0.15381807482258888,0.1472282987087965
1586,2.554976233105985,0.10023292245836468,0.0995822772000091,0.15677251433953643
1587,14.0069517202613,0.2626685312760613,0.32516762435136337,0.14986893720924854
1588,0.1953302789971114,0.0030599336595060088,0.004219638961776059,0.1474088691174984
1589,2.3325300731918572,0.024549701125462956,0.029188880653571593,0.15627983072772622
1590,0.3740732967796269,0.003999428340594648,0.0034149225284418063,0.1456930642016232
1591,2.1526789341788644,0.22476252476882372,0.23791449694172095,0.14633082132786512
1592,6.224804465960763,0.1086994197038305,0.10720975352474275,0.14699815399944782
1593,6.495900624188269,0.07763540997935894,0.09832872502081477,0.15958805521950126
1594,0.1869347514719663,0.0024507325219882596,0.002176706412749003,0.1553225088864565
1595,1.239660182403295,0.011039364735606613,0.012697583310106678,0.1468468508683145
1596,23.89024664366118,0.21560772321019483,0.2544473916695897,0.14592694211751223
1597,1.12378106820058,0.15587207507661874,0.16040817971152302,0.14919300377368927
1598,0.26091975304202836,0.008141244118860178,0.007564261885208271,0.14843261195346713
1599,0.5169387378218677,0.003601677980497134,0.004307810679233789,0.14665950974449515
1600,13.800521911440052,0.11714401007477859,0.17771532861159586,0.15823605796322227
1601,12.14426263088341,0.16519728035215042,0.20223347094825853,0.15871719224378467
1602,1.6325513349134524,0.09293200436809396,0.0878339333432763,0.15618333872407675
1603,0.1568943790402936,0.002091898071634632,0.002467038546673534,0.1464195209555328
1604,0.22770624286244992,0.19663388383654595,0.19740716623347584,0.1516812019981444
1605,8.148120998726363,0.11537431866216923,0.134009672297167,0.14949743589386344
1606,10.211386220336,0.13533412764570807,0.16637252161096078,0.15042219776660204
1607,8.129518182767848,0.05974136961681455,0.0946641852302504,0.15765497321262956
1608,4.057265161071969,0.06140221701493652,0.05163430141056962,0.14848826080560684
1609,1.352993078599328,0.19585797379174563,0.19136030083662575,0.16026793885976076
1610,2.712784573638966,0.12003491579282723,0.12264734353410214,0.14816194772720337
1611,0.5440405771274258,0.0034193074154522177,0.0054720849433061314,0.14823482790961862
1612,0.7534576311895878,0.004923442295391235,0.009596774038664506,0.14797229506075382
1613,31.515096827404626,0.24034444591650705,0.19741260121825213,0.15667766705155373
1614,0.5976476513219905,0.13708736341016148,0.14031395443842148,0.1490727048367262
1615,10.222211109860996,0.2894839441832209,0.28472746658215176,0.15253597497940063
1616,0.8418956903618113,0.07497540448681343,0.07328259368999296,0.1495179319754243
1617,0.4355969183016768,0.0024906027401113725,0.004764422560717399,0.1571032446809113
1618,1.489054256141202,0.19370252917304448,0.18870394453916584,0.14645299082621932
1619,0.40118128419044213,0.2748804903946694,0.2738493959705959,0.15755939111113548
1620,10.947199297965685,0.10452938915622108,0.0856071611097326,0.13852467201650143
1621,5.1315233343461895,0.27589162953901614,0.25591872894605283,0.14908779272809625
1622,0.15647347589850297,0.0014318266793726503,0.0019838206718466433,0.15760132391005754
1623,12.861962963272157,0.11254618955623565,0.10920914484588276,0.14704655995592475
1624,9.851185432006869,0.10658469473563627,0.09063112962738752,0.1463935561478138
1625,0.26298155111395727,0.008010176567451763,0.006641784582607441,0.15019530477002263
1626,8.432145703943307,0.23974381119490537,0.2545526214132882,0.14809787226840854
1627,0.2164468178835489,0.002027616479585889,0.002632189213474386,0.14800872700288892
1628,20.432830369765096,0.24170287200328866,0.26191492360815544,0.15253087365999818
1629,8.332421562845845,0.01009886734107073,0.0790276242039829,0.14180170930922031
1630,0.08241675628531019,0.002169318614482084,0.0021933959943317895,0.1525435820221901
1631,0.25951388477855447,0.0021614373947960856,0.003062539708138784,0.1559800347313285
1632,3.9871049431543923,0.17981531711901788,0.20581021035313624,0.14503324031829834
1633,7.643960831199106,0.16304386043502944,0.15521887202946974,0.1458974308334291
1634,0.1723270855061558,0.0018552790519173992,0.002438664383816386,0.13882820401340723
1635,0.2827281959531137,0.0021103782689873723,0.0034440382880403966,0.14625861030071974
1636,7.210046640756606,0.0943167977910604,0.06280769722199858,0.1527391360141337
1637,27.209895331039213,0.3170154507019338,0.2320303043247459,0.15048390999436378
1638,1.5994367942065055,0.06588728786412851,0.06898962584188599,0.14803496887907386
1639,2.303904234971897,0.1476025171158603,0.13928144188458144,0.14754536794498563
1640,35.33466750753773,0.4006877135543926,0.3452045962674698,0.15789869287982583
1641,0.6349227049125731,0.0058888606589956385,0.0049347828223003706,0.14761240407824516
1642,0.22587697758898645,0.00212094560626399,0.0029828979826703396,0.14915866404771805
1643,0.29412790918034537,0.003347965508187136,0.0040596875283535954,0.14632322126999497
1644,15.173421714695914,0.24666045076161203,0.2607365516239924,0.15732048824429512
1645,10.369819124324252,0.12237509016437156,0.15971676529454448,0.15583692397922277
1646,0.9815016967238277,0.10192285610530849,0.10664244915817576,0.1581554408185184
1647,0.6133413751568535,0.00759885140217255,0.010361941181584405,0.15059995790943503
1648,7.469159208118518,0.3422050284734497,0.3305429997284991,0.15802558371797204
1649,1.2369638368507523,0.10618813165781398,0.10492774117058308,0.1472387509420514
1650,10.809889991246,0.16773317013071157,0.17926178882421961,0.14467446180060506
1651,27.117681486988218,0.20831999890014216,0.212042059735215,0.1469714129343629
1652,9.054034557956463,0.08275861534811159,0.11710740981462328,0.15410042507573962
1653,0.16150914624696106,0.004401763788499963,0.004695731526705509,0.14349017897620797
1654,0.30339914353977243,0.003713748372294482,0.003728588881628099,0.14524224121123552
1655,0.15090273447658237,0.0011848462554772498,0.0019352023229346619,0.14756103325635195
1656,4.927842647176411,0.06189831693252179,0.0684568949917086,0.13498420780524611
1657,0.9199020419730833,0.12903457385252015,0.12881152910512944,0.14692204492166638
1658,2.9429264489140565,0.0441968711538469,0.04206715291331594,0.14589198678731918
1659,3.3058110458159677,0.14032281928691168,0.1320135622914943,0.14694918179884553
1660,6.935192713619665,0.1054847992102621,0.1077728633128321,0.136440334841609
1661,13.272970628991937,0.2506957690942836,0.23938689811196903,0.15033191815018654
1662,0.26910320921296366,0.005366118758036104,0.00447293772309971,0.14704832201823592
1663,0.28774316057423543,0.0025361020046858443,0.0024728668103700465,0.15294740488752723
1664,0.3457526755862227,0.003193288599738693,0.0034616455887062497,0.14662907412275672
1665,7.94379055084735,0.3193315130918666,0.35359301210066985,0.1471597240306437
1666,16.468171478811662,0.06122167964343269,0.21989657376843902,0.15555939823389053
1667,6.307179191685058,0.07423900055095223,0.08429050113444186,0.14713507192209363
1668,4.033775473552453,0.002061157728711739,0.035119906065468644,0.14667044673115015
1669,0.3360687441800064,0.009179578398407428,0.007796127994278401,0.1468787151388824
1670,1.3745645600990437,0.08158112098626454,0.08229857176789095,0.1559716179035604
1671,17.790690651985805,0.2634588767120671,0.32340561612975366,0.14412741782143712
1672,0.27302804714041995,0.002013391589557327,0.0027965646897861324,0.14706605998799205
1673,35.629435889376616,0.5103869480404509,0.39500275940904195,0.5117992619052529
1674,0.08649950578533545,0.0018216847109758221,0.0020100794672371363,0.14532393403351307
1675,1.8667874770078376,0.2047142072361424,0.21535712982495914,0.15249081514775753
1676,3.8601277299319405,0.036506928058486585,0.030849483850528915,0.14594652969390154
1677,0.4184399514932255,0.0026584394996676006,0.0033972775812863365,0.15494406735524535
1678,10.814305094011992,0.2429872038967686,0.22967058374535726,0.13554056221619248
1679,1.6193966839996443,0.02194767094199558,0.015588081126308538,0.14592148177325726
1680,0.3095924417585944,0.0067644782147101455,0.005411623016174023,0.14713655319064856
1681,29.920533749725514,0.2653844936376099,0.2043238602031714,0.14918705122545362
1682,1.1708245558966552,0.08804766733492546,0.09162555979086813,0.1401577559299767
1683,0.25244901502625106,0.002312212566937287,0.0031129956575183717,0.15711589436978102
1684,0.1835457954805476,0.0005948488869175841,0.0022770526177300805,0.14638085337355733
1685,5.502975555555709,0.05786063411588562,0.07154243153955127,0.14602850377559662
1686,6.823046063159502,0.06684400648389037,0.09019932713634997,0.13684332417324185
1687,14.282779555287675,0.23949039134811312,0.2236870409391483,0.14689944870769978
1688,1.071807552940859,0.18023761311267103,0.18395511260000866,0.14547039102762938
1689,0.22767270364112696,0.0036361409932697836,0.004774664581176733,0.14658091496676207
1690,5.574592698004515,0.05903698193275371,0.06869040767948735,0.14709516894072294
1691,6.586343234902173,0.2487842379187587,0.2554954121889962,0.1504212310537696
1692,34.282648303323015,0.3738192593631816,0.45384373568471204,0.14715545903891325
1693,0.3002916963893833,0.14646325517090064,0.14481609610022836,0.1481067962013185
1694,4.381961260383334,0.054704403039944394,0.06392511554130118,0.15307272877544165
1695,0.46352124074543594,0.3051596703039595,0.30707985263213816,0.1466941200196743
1696,0.6757041084402677,0.00355516172604771,0.006712844972378169,0.14702284708619118
1697,0.3606464040447013,0.0034819401545900944,0.004553192681766448,0.15589827205985785
1698,2.8920730544379425,0.2032036760902115,0.20446143266040734,0.14721878804266453
1699,4.323230769546054,0.11072470182109824,0.12943385181697387,0.14751573000103235
1700,0.5580138006366377,0.003513406702271189,0.004932326260985674,0.15211899112910032
1701,0.30176551760587816,0.003943868492895291,0.004983214418157439,0.14355023205280304
1702,0.1393251920666148,0.11911857652986838,0.11891480357315275,0.1457818392664194
1703,3.2361251208260238,0.140160363183656,0.1302920154283565,0.148709487169981
1704,7.420386363308765,0.2300971432950717,0.2562556818082777,0.1466892077587545
1705,0.4192192598426932,0.003164304253772597,0.004044031988458144,0.14688039803877473
1706,0.20485383530578263,0.0019768322024415566,0.0030317639209570075,0.14572964701801538
1707,0.7229572441555693,0.007285897959515193,0.007197201837856198,0.14643909921869636
1708,0.4175179639890909,0.0024606735951013987,0.004015141979785987,0.14535277988761663
1709,11.023302705943657,0.2196171718498734,0.2349069876622944,0.06328720133751631
1710,0.1735580094492053,0.002860984948832257,0.0031297841364773867,0.14694067277014256
1711,15.717023009780164,0.17369196943539428,0.22885499855334424,0.14669050136581063
1712,5.638761359309834,0.1510379083822765,0.1810405200612538,0.14519287599250674
1713,6.813257161347032,0.06729272546773386,0.09376094202432193,0.14706876827403903
1714,8.21825058176944,0.10958038302424043,0.11225783958614173,0.14779566880315542
1715,10.292764477912113,0.06066632945496002,0.08649045998108107,0.15242775110527873
1716,42.44944866944437,0.35224512044214495,0.4491966996319274,0.15308894123882055
1717,2.8243635965622764,0.15904458656928,0.14951955168665337,0.15373798366636038
1718,0.22347398510355,0.0038103189911403495,0.0030088184710683496,0.14808354107663035
1719,0.14372713473885265,0.0017723096013517764,0.001615528459253634,0.15369381289929152
1720,0.8317530590389322,0.06212567039794922,0.06504200401323927,0.1542702610604465
1721,22.123091146222617,0.25531147526349013,0.25046302501229295,0.1538254600018263
1722,0.11198584374935908,0.007766280340463489,0.006988915850593542,0.1448855926282704
1723,19.514239871779754,0.140453643613982,0.18412291148362417,0.15055555012077093
1724,40.87039833061353,0.35893435201222673,0.3019818219881667,0.14281447790563107
1725,0.2360762196561342,0.13575622100540133,0.13541215110973776,0.1472484553232789
1726,0.6644501315899961,0.007657759758502114,0.004344606477282591,0.14661739207804203
1727,0.9237140516569655,0.49637885293170003,0.4967238136272617,0.14872759208083153
1728,30.582212782745252,0.35150052803184273,0.37955149663967996,0.1615387392230332
1729,0.08887138896540167,0.0012916140008555584,0.0017670965342242038,0.15548252779990435
1730,23.651171162808122,0.23181521145126324,0.3103802504983875,0.14978172816336155
1731,0.9331809016548056,0.00842552624383297,0.013332197394118697,0.15143773704767227
1732,1.1418170519385729,0.0049294725829889295,0.01290234815775561,0.14903654530644417
1733,0.33444432923169437,0.001060720972698022,0.002564016398320114,0.14790767803788185
1734,0.3118342485485476,0.0016340485614325805,0.002725322656132278,0.14814757276326418
1735,10.538807705685368,0.17280628168034967,0.19383932100408824,0.062077314127236605
1736,0.2885390715164271,0.004038186115156361,0.004821501657745369,0.13709103409200907
1737,13.83854286607003,0.09811128802532451,0.1489348557024923,0.14944043615832925
1738,0.13867743887289896,0.03507136769703855,0.0355135358058613,0.1477536610327661
1739,2.132150731962062,0.08378745539540716,0.09224098406380576,0.14972775429487228
1740,5.042601834715511,0.16438316570165343,0.13809847988045104,0.13906470406800508
1741,1.03145027629105,0.007948859176041632,0.015189596937072872,0.1478469930589199
1742,0.18496946777356693,0.10068512658025568,0.10089103859147379,0.14903759071603417
1743,3.5090838685320014,0.15499309859730284,0.18426969122338605,0.15539675671607256
1744,0.3631959474645795,0.004810097647196444,0.005115133276912179,0.1502435221336782
1745,4.6912256425807275,0.04003173065068851,0.035627971944983516,0.1523812860250473
1746,2.3708041702837943,0.02299707317454549,0.02894311101871223,0.14798569260165095
1747,0.49301057029398043,0.09784214049534004,0.09848630081093071,0.14633912732824683
1748,0.31307728004675994,0.22360142516286224,0.22369712497519118,0.14633105928078294
1749,0.6932336303795414,0.00977780287978215,0.009770387248842773,0.15016993135213852
1750,4.094813679236032,0.04241007129045135,0.05418938989507362,0.1479631750844419
1751,0.8327718851762892,0.07456562074325447,0.07375726260004103,0.14964857185259461
1752,4.529071754620136,0.04594905071065609,0.059456653816888784,0.15355412801727653
1753,0.7873744346910241,0.0017336980003142435,0.0036806129595266033,0.1466828710399568
1754,0.382643872545338,0.21918780881345637,0.21895475201035647,0.1477279751561582
1755,0.22826501761069729,0.0013729224406089844,0.00207081344684056,0.1464317860081792
1756,5.599452232766413,0.05961125954795633,0.06748200921944962,0.14530110685154796
1757,3.9177122669456215,0.06508244748600651,0.06299964707546135,0.15350974909961224
1758,24.362735482440616,0.12543071516343404,0.27467529225582604,0.15031131776049733
1759,4.869023446933612,0.03814785365602142,0.048549220209418015,0.15300351521000266
1760,16.021105096305337,0.09563302335596964,0.07109002747616915,0.1547678210772574
1761,17.420315341685903,0.1636923633838214,0.19567037257011907,0.14819199685007334
1762,16.1758309933358,0.09481340864011573,0.13090876133634605,0.14662352437153459
1763,1.020940717444111,0.4214563499141101,0.42919105925822876,0.14566618762910366
1764,32.3578992523873,0.13006804467575933,0.33582812452314426,0.1459394209086895
1765,2.2967960819167663,0.3199790664874694,0.32284812922495126,0.14607222797349095
1766,4.62809294354525,0.09302143811692369,0.1061271515449104,0.14732205728068948
1767,32.160975143071106,0.20395566824611228,0.2378416140072118,0.14645410189405084
1768,4.551135032015776,0.2282262805147175,0.2435991461297073,0.14645383367314935
1769,10.914413443367183,0.17570546265460696,0.20795136287225618,0.1491356990300119
1770,3.4170261423769306,0.038315551221337,0.04357990710127184,0.14686703588813543
1771,8.168251343123314,0.28139890087391384,0.3088742242543715,0.14663481898605824
1772,13.579866625886034,0.13408906922829164,0.1576105929541747,0.14643184375017881
1773,11.945811510884111,0.1280810179270754,0.19043924991347266,0.14625244587659836
1774,4.0540567739013955,0.4256645884909325,0.4152321144145584,0.1550234379246831
1775,0.7322308618616064,0.2522350587467879,0.2515191666890612,0.14902571309357882
1776,15.941081440952667,0.20280570123257938,0.23918898399495367,0.14641728764399886
1777,1.2206632886791302,0.045016597548047634,0.045200289316379455,0.14599047880619764
1778,10.232074191622047,0.0667170698298989,0.09066320930674288,0.14660394098609686
1779,0.996831589429634,0.20597537106284908,0.20436451137890763,0.14610794000327587
1780,0.40312936171271857,0.08602834518614863,0.08638780860467789,0.1446359041146934
1781,22.075739712853238,0.1929435471351894,0.2538680057622081,0.14793460397049785
1782,0.2633056907062689,0.003392792378292981,0.0036200775820751678,0.14591544633731246
1783,0.4509407715405572,0.0023832404349181492,0.004356531899181684,0.15467222686856985
1784,8.63318462609585,0.019964059907575594,0.10150993607685078,0.14390795212239027
1785,3.34699203562336,0.17839554523986165,0.1863736592470251,0.1374068041332066
1786,32.270742112006516,0.41117445083334714,0.4540221294832286,0.14814235921949148
1787,21.36010989172621,0.2977676062804683,0.2606450654506498,0.14727146783843637
1788,52.54867863788355,0.3325399383843181,0.2446261062869657,0.1466795252636075
1789,2.2861534519370568,0.06328758021619023,0.06216560141230626,0.15601096907630563
1790,21.486998123031558,0.22927553504521556,0.26138778017401426,0.1433099159039557
1791,3.11686408562815,0.021723924553275584,0.019129396786209087,0.15432750014588237
1792,0.12245090271314711,0.002212363754495733,0.0022570062967451304,0.14636139757931232
1793,18.958658225722317,0.24457010579494895,0.1800819765055999,0.14146313909441233
1794,50.18563243448959,0.4942085941295623,0.3589288796154197,0.14646250009536743
1795,0.9277303674212286,0.031045297822149303,0.0264981628861808,0.14416884304955602
1796,0.4569711665154334,0.01543667287022635,0.01696814443749429,0.1457449859008193
1797,0.2634092056008067,0.005455068735018048,0.0033448608348772154,0.15739736426621675
1798,75.37023081819216,0.587812469664384,0.5186987730324566,0.15970953088253736
1799,0.1333497532872416,0.2363663786794968,0.23545303420653604,0.15870152600109577
1800,76.92682753746665,0.6554409933507359,0.5385680369487811,0.15844489866867661
1801,6.745688345631028,0.4818282247711082,0.48009696868614204,0.1495225070975721
1802,13.022541998205002,0.08779015761327288,0.0945967582778061,0.1536618759855628
1803,6.137294672243709,0.08544288108518287,0.0938355839342799,0.15961555065587163
1804,0.28244236289613306,0.0013254568407313554,0.002954671082199464,0.14937496790662408
1805,6.523903199734314,0.042383336814800165,0.065325052043941,0.15703745605424047
1806,2.178314195403318,0.08546197981304793,0.09450600437352434,0.14923942973837256
1807,0.2772337165329931,0.004358626186989881,0.0029061095902155397,0.15542199928313494
1808,25.607720439296155,0.33001161637225335,0.2988068214463757,0.1504220743663609
1809,22.760389527933693,0.09253454976721441,0.27717327177820206,0.1510907239280641
1810,11.465035429985342,0.21522828035414945,0.17054868547668,0.150196042843163
1811,20.269021534416368,0.28484059795002,0.2650005709322534,0.15809127502143383
1812,1.6497625503183921,0.18891062311598092,0.185828493685774,0.15030276495963335
1813,0.2638247286589335,0.0004770346202186849,0.0016986116183421815,0.14583451068028808
1814,18.515752311749047,0.1599104152675882,0.2928876437574143,0.15777450520545244
1815,10.625991486927093,0.11140406128393732,0.11066171804297646,0.15915027307346463
1816,7.037330104320623,0.18819887519533343,0.21033912895617352,0.059034254401922226
1817,1.4337428056940824,0.2811324823931485,0.2766771066305011,0.14662535768002272
1818,13.766784904686329,0.2519384290935574,0.20286740828062538,0.14629682106897235
1819,21.75244834372571,0.15840568942051542,0.3043998569806257,0.14791858289390802
1820,8.340372315092923,0.36429492352873405,0.35954581813593,0.1464191828854382
1821,16.165852998793966,0.176647055334835,0.250436372252665,0.15540121495723724
1822,23.477190922177424,0.36281758816148224,0.3675608238913625,0.15164072066545486
1823,2.8411642265902155,0.0724796371252347,0.07507397823549729,0.14688839297741652
1824,0.23084176289758665,0.009867858173697633,0.00805655264857662,0.14295289386063814
1825,2.8598832898315876,0.06946447947655152,0.07955274509074453,0.1528333080932498
1826,18.581736635800127,0.12239804896006658,0.14881211946570982,0.15149633400142193
1827,4.914869147925809,0.16586844869975512,0.14685854468037757,0.15402141399681568
1828,6.3280197848887125,0.050908005362285194,0.04257979409899786,0.14591736905276775
1829,23.497608305900375,0.1297635089984433,0.25618300081475315,0.14566647727042437
1830,1.1162418114114485,0.4628656421691917,0.4577792712390622,0.14910266222432256
1831,8.50036631641856,0.08678962659663103,0.1168987610669448,0.1460305219516158
1832,1.3823510034312714,0.08861506112238417,0.08235290283302794,0.1500366171821952
1833,0.9538505796479122,0.18465323401227482,0.18687147928569325,0.14590861974284053
1834,25.10534536642692,0.30903786955606444,0.33259006914623823,0.1468142350204289
1835,1.2511475132515009,0.011834230780273876,0.0170158500930206,0.14596917387098074
1836,3.7935736403982565,0.04986193380851237,0.054059182306794136,0.1458623898215592
1837,2.4793692745943026,0.003605943833139283,0.028772779073922974,0.14591519813984632
1838,1.401898240591601,0.1982103252457785,0.19526587998630884,0.15394483087584376
1839,2.1561076942105184,0.00811279617478577,0.026790216586402977,0.1461572488769889
1840,27.243152640706192,0.32343655486478656,0.4334794215743207,0.14634581981226802
1841,30.019487709859956,0.3151547130486506,0.3537000696965591,0.058601115364581347
1842,0.46418159036529083,0.0033251135220109416,0.003467292312531998,0.14774293405935168
1843,2.1374841733423136,0.32704446532269443,0.32209422878553695,0.15578787494450808
1844,6.7360903642904155,0.05647550561541675,0.05297994520630593,0.14631297998130322
1845,23.309192979700796,0.3654350930477381,0.32608174857313815,0.14621518086642027
1846,22.058312024313693,0.1923087652829235,0.30616389073148037,0.15515442518517375
1847,11.569724150572535,0.12428249129399442,0.15102326477888553,0.1464334880001843
1848,1.6668886704103858,0.14619802025688117,0.1474943891527737,0.15401857672259212
1849,0.4095027533631799,0.003839530946626496,0.004143826687043987,0.15266039408743382
1850,2.759814170064427,0.17538933911983107,0.16951484355665253,0.14545736415311694
1851,9.17466558421499,0.2757528008329213,0.24757660460425535,0.1432845718227327
1852,5.7437483002348575,0.22646061739142653,0.23559568356019492,0.15037573873996735
1853,0.2832911784493693,0.34500785427674113,0.34660138372871263,0.15840070182457566
1854,0.31045933065627795,0.003826568115362489,0.004697828027053123,0.14841753710061312
1855,0.7748778521529611,0.0955642222496193,0.09698398820840387,0.14789815293624997
1856,4.509356245887503,0.09119795907622333,0.12064108556208473,0.14797786576673388
1857,0.8562114549334676,0.09861729495458824,0.10586269412137551,0.13157603330910206
1858,11.823460806466068,0.06093210659653757,0.06519005210848576,0.14786177314817905
1859,8.226956387423623,0.10325859385774462,0.11386162142879609,0.12272968096658587
1860,24.737848894000948,0.2397006671602639,0.25004125629605634,0.14802108006551862
1861,2.1369028393541973,0.15285626552211795,0.1667876252418341,0.15491014206781983
1862,3.9198299146589037,0.35044829698244356,0.3521146316373042,0.14695695275440812
1863,1.1668422405753927,0.09064733638112087,0.08650789977569179,0.13185784174129367
1864,10.068573995945252,0.035127219224612996,0.09835089773704586,0.14568189904093742
1865,12.695447328860967,0.09752442766744132,0.12914225695419695,0.1553041017614305
1866,2.869547590862127,0.24304366755807125,0.24444561277666974,0.14649609196931124
1867,1.2380170594833741,0.09792414141737552,0.09746597390917013,0.15149783762171865
1868,21.9111634801475,0.4538969564448086,0.5002493270564611,0.14817990874871612
1869,0.448757091995909,0.007556187863254204,0.008484215480082989,0.14623203687369823
1870,49.6549472172507,0.500477379318891,0.5356937743996274,0.15208974666893482
1871,28.62975984246978,0.3585595771302481,0.3277368183422009,0.15442988788709044
1872,21.926996101623327,0.28257355299630954,0.2716113400809899,0.14648713683709502
1873,0.35722010593453024,0.2835911579622973,0.2830174498290246,0.1481136791408062
1874,11.77846703952347,0.21403267198772108,0.17775184682121944,0.14634443866088986
1875,5.374256256413129,0.06263115763539788,0.0435564485147946,0.14635243313387036
1876,0.08494118120358277,0.2193104440152558,0.21929507707105028,0.1469746590591967
1877,0.29461379113337033,0.001220025668870888,0.003382986623857154,0.13875959580764174
1878,0.23309788481868524,0.001833740027826117,0.002741187585081412,0.13123613921925426
1879,0.6262786720710929,0.008001010337967332,0.006746365850881671,0.14728301670402288
1880,5.926120646775055,0.04047284848601428,0.08071481507896709,0.15271668508648872
1881,0.40380983445857327,0.017372284028574925,0.01970123115526422,0.15282682608813047
1882,13.91798974408825,0.29849929010166215,0.2653589720749366,0.15439347410574555
1883,21.047528660447913,0.17722149826067224,0.22419712575870163,0.14900137018412352
1884,29.270171752213173,0.27241563330573687,0.2322937571993249,0.05861785961315036
1885,7.176475148619511,0.03718363026675046,0.057301285702193075,0.146458073053509
1886,0.2385094914962506,0.006746068337011514,0.005955139487958876,0.14796009799465537
1887,10.279763853376902,0.09426550646920309,0.15953788733516505,0.14671666780486703
1888,12.944179730970298,0.09905280312373564,0.17841467132979977,0.14675720501691103
1889,0.5871292899691706,0.044516030211191084,0.045870028265922985,0.14360389299690723
1890,21.126412406635545,0.18151557780584163,0.2889926526700883,0.14769045310094953
1891,40.84697388127014,0.5039797720136484,0.4905704041438385,0.14686829783022404
1892,7.43960471975637,0.06865388246431131,0.09997324905930405,0.14697481784969568
1893,0.3541814698534233,0.004688502621296656,0.0037667927259227543,0.14677077811211348
1894,3.8558608331985647,0.0932847530644666,0.11715270193920567,0.14751769416034222
1895,14.400210301828983,0.10980974523243432,0.1603644357321385,0.14667616924270988
1896,9.79448893571821,0.20176642906426734,0.22318738998356677,0.14662808598950505
1897,31.971195333636178,0.24599584178788103,0.26129462481865345,0.1228824108839035
1898,5.685185083053318,0.028138830452188474,0.05259821052007182,0.14680532785132527
1899,0.6551190616202669,0.005617148416152229,0.005303199033306908,0.14419654989615083
1900,0.18771093961186358,0.3519623746121366,0.3523941843478311,0.1535499799065292
1901,0.5381474996203602,0.0014510459989438263,0.004490593482039594,0.14391735987737775
1902,0.17596684085328632,0.0018824788689624466,0.0021820110523282097,0.14673722814768553
1903,17.54660660117727,0.19860279579472184,0.16874991805884135,0.15520045813173056
1904,22.288908712046812,0.26756296012994635,0.28790254456641484,0.14715146087110043
1905,0.5541207757090036,0.03826980822827854,0.03643977601081743,0.1460149739868939
1906,6.5727862227219305,0.06289842041470192,0.09055638069956722,0.1464235228486359
1907,5.041165871771325,0.25289735465525454,0.2226154921995761,0.14658227236941457
1908,0.27410276620188884,0.004600725663811624,0.003600416344270708,0.14626273419708014
1909,18.423797290435623,0.1490193620564991,0.20169660497215436,0.15559040242806077
1910,8.374794060597413,0.08695331160713726,0.11114476870457797,0.15564185287803411
1911,11.48582084760162,0.2513802356788092,0.24119651434000275,0.1466047652065754
1912,0.2084413993712674,0.0006641441387299537,0.0015661185784755195,0.1583537058904767
1913,0.8298322930041694,0.031125824916877366,0.037828229169706275,0.15135776670649648
1914,1.1961676069114866,0.2367057109262293,0.2381594704589968,0.14761671284213662
1915,0.5020688091706272,0.003221193709087969,0.005002738600189035,0.13522045221179724
1916,38.276607059985466,0.4443842416932273,0.5096063755690392,0.15838048420846462
1917,0.5852039967375036,0.003680145995875549,0.00444509041947747,0.14620649768039584
1918,0.5166093055186389,0.21759003120320694,0.21603890508240134,0.14599537523463368
1919,0.5208464259800688,0.02509750473645406,0.027455187878156366,0.1459738160483539
1920,0.2724290467683449,0.0012901383457763933,0.002798245597199603,0.14628486381843686
1921,0.2679784819589158,0.002041744127705007,0.002391566147400486,0.1506456257775426
1922,0.5160928298401507,0.006787384487011128,0.0076713253978926196,0.1462709279730916
1923,23.438892782616236,0.3485806427848434,0.3628441985378979,0.14648997597396374
1924,0.5547417352439395,0.0024090484600389696,0.004841494797695452,0.1532363099977374
1925,0.14368775374023252,0.0020288951672025133,0.002318222546755485,0.1495243702083826
1926,12.764469730578348,0.1596820871567789,0.1376880842609689,0.1461980938911438
1927,6.58531235318814,0.08746614113802653,0.11641932633006023,0.14482707576826215
1928,5.122125172419368,0.0673912408047711,0.0756178557811673,0.14579541003331542
1929,1.8881101429467253,0.05243334557619006,0.06295221470293778,0.1442268630489707
1930,8.602895022376185,0.3557994630596587,0.32843233899711505,0.14559565205127
1931,9.078136096581863,0.09997304480032107,0.14177671789030796,0.14775666408240795
1932,0.7597821916165614,0.2015545799746718,0.2013838398498403,0.144652359187603
1933,17.559508898544898,0.37240787936180886,0.4127176601562513,0.14994651498273015
1934,0.9229546750277651,0.41506457392124657,0.4195294661219301,0.14759464003145695
1935,0.2115413806451578,0.0016836574597849608,0.002612820041642445,0.1576729160733521
1936,7.72828888146945,0.16600532300383455,0.19069585708603226,0.15186163410544395
1937,1.1030734646445053,0.10073434931755187,0.10812701800952754,0.15211760997772217
1938,5.14768106557323,0.09828086511865736,0.08713845320834944,0.14845383912324905
1939,0.5716403492397006,0.1667288935569472,0.16815279154933,0.14825568115338683
1940,0.19323775233174442,0.002079950475094495,0.0018382049533388317,0.1493119657970965
1941,0.21486266728085068,0.0013041989245351061,0.002665682409953677,0.15605744114145637
1942,0.3385278630287246,0.0035775384375763713,0.004393251336266946,0.14870954118669033
1943,5.0484613642269425,0.23371186923493417,0.254071315441412,0.1461149612441659
1944,25.43295300157319,0.2060534841927314,0.28021691508133617,0.15696984296664596
1945,0.31288277039955525,0.0023353734582254745,0.0031324517303001954,0.14893652591854334
1946,4.509619298670679,0.05136145147756697,0.05272514991201621,0.1589888921007514
1947,4.99480701314755,0.09004652714827954,0.08891037821204222,0.15813005715608597
1948,30.621894033061828,0.23678894204398884,0.2847391500707339,0.1558571388013661
1949,15.710659151752116,0.16113373239661818,0.2190357462638121,0.15109442826360464
1950,0.41988470954028934,0.0031013150545378984,0.004585602155082487,0.14573094621300697
1951,0.0934155800458769,0.003066093020766887,0.0031126433134429942,0.14454159094020724
1952,0.5171910212879005,0.2955610606688066,0.29655770535332315,0.1376367500051856
1953,30.457404181848123,0.28848976864725023,0.3665639199507523,0.14740966074168682
1954,0.3535444769488732,0.014783159201941821,0.01380475185622346,0.14166617719456553
1955,0.5248840343136715,0.2021192666849763,0.20211721297131516,0.15215469291433692
1956,0.1402869003823582,0.0011224107080119957,0.001569848555957464,0.14616564800962806
1957,10.660291996848791,0.09481356091938097,0.11413517503609864,0.14411454321816564
1958,11.751611252852117,0.12151911364493696,0.1635111886782939,0.14378145476803184
1959,2.0360371455933453,0.3156212368133594,0.3092555388333067,0.15319876512512565
1960,29.63950012418785,0.2427267759344386,0.35353465383719257,0.1457172562368214
1961,0.2331138063430507,0.0025082787105840136,0.001762759005649622,0.1470774388872087
1962,0.3754321996630942,0.006233122714707972,0.007051756702154639,0.14261306589469314
1963,21.40137222120445,0.22961356679341968,0.24336695324520582,0.14738198602572083
1964,0.418253171046542,0.15112860578670137,0.1513272829963297,0.1463630893267691
1965,0.18964903630747876,0.0040359734439135275,0.003084979111157167,0.14971054019406438
1966,2.0498283934069366,0.061623454805561376,0.07689583197098607,0.14797608694061637
1967,0.06130325132828979,0.0024190629059086225,0.002972659183167221,0.14560630498453975
1968,4.654198370011696,0.10754829307588404,0.10981755182488903,0.155018107034266
1969,11.917517139722309,0.08318329829513779,0.14644511540121988,0.14637638069689274
1970,0.15275421693237048,0.0011239629176598629,0.0013260401803206366,0.14244137285277247
1971,11.611925174568599,0.31953512053410416,0.32000190666651374,0.14646429102867842
1972,12.557249877785566,0.24800768826280642,0.2696709931759942,0.1469250163063407
1973,0.1331353017170345,0.002728390573060062,0.002804491101144897,0.14895770559087396
1974,4.792371609340625,0.13271751633085543,0.1372323703029745,0.1458113230764866
1975,17.3943172302191,0.2182158631146337,0.22323810844276068,0.146687223110348
1976,0.35965661730742865,0.10017437138206903,0.0982756954274169,0.14963930193334818
1977,0.7115443495495698,0.008393373749146253,0.009254770526660927,0.1572318021208048
1978,13.92737414145946,0.2844632388538489,0.2798482772528268,0.1464858721010387
1979,33.07112541668725,0.1993706779375869,0.40132453322614436,0.14697740087285638
1980,1.1409489441457914,0.015318997209440308,0.02193215136156847,0.15659841895103455
1981,0.25093475361553835,0.0027607308030128653,0.0038775773157287774,0.15795909240841866
1982,8.117595540669605,0.1017210817483662,0.13036489729276624,0.15150190889835358
1983,0.3483083302199488,0.001997312959368191,0.0025063818770644647,0.14895268995314837
1984,0.1715136898748138,0.002316055994777802,0.0021374772511807377,0.1460553160868585
1985,1.248731198047084,0.38326506726267806,0.38254845797286535,0.14856190187856555
1986,0.6306331952970975,0.07313085952641374,0.07151890361012946,0.14990110509097576
1987,0.2510831333186668,0.004181069672932758,0.004246158369376184,0.14955336693674326
1988,0.3368416972360422,0.0010178178717710406,0.003289190633802284,0.14724419871345162
1989,1.7434212065844765,0.2538578748473994,0.26073885754576337,0.14484287798404694
1990,7.534724254152763,0.2866666897128892,0.27845000497293615,0.14674705872312188
1991,0.2077447110808192,0.003952805342087294,0.005208032483626831,0.14391537010669708
1992,18.21782812744994,0.12450885277894787,0.1440007127710139,0.14966383902356029
1993,25.438845193833593,0.1719321968983191,0.321463265126926,0.1468584001995623
1994,24.241437313533336,0.29965114620800504,0.26945781313513906,0.14710045186802745
1995,0.8964939922651588,0.08900571986712778,0.08837517057618648,0.14670861838385463
1996,2.291870247438092,0.30051044496705087,0.3044170136718012,0.147942622192204
1997,3.656902515122441,0.07393790563768203,0.0636585495306298,0.1455662939697504
1998,0.10579284339438191,0.004961014588219106,0.005206121060473292,0.1458963151089847
1999,6.2650183270280975,0.05912240690557833,0.07513209955659228,0.15539583005011082
2000,0.23937911036728854,0.007724456678826374,0.00731734483973763,0.15019319904968143
2001,0.23507118680198064,0.001579884239355729,0.0028681486802317195,0.15015984512865543
2002,0.17525819570908807,0.12700400532688108,0.12697683762190523,0.15786908427253366
2003,16.827496695079756,0.27099939506816323,0.2336170631320366,0.1577039398252964
2004,20.16499413155948,0.28653472925500983,0.28742126026469017,0.15499327285215259
2005,29.91692599730129,0.17142365359892434,0.3425669012897462,0.15587331959977746
2006,0.19447965691887012,0.001792731120141648,0.0025575926478161623,0.1583330910652876
2007,0.8299912984074008,0.05580883529875136,0.056332660059789604,0.1555465841665864
2008,0.0979321113937203,0.001893734942676723,0.0018875254006188546,0.1568018072284758
2009,0.6966251648451564,0.28455090934936783,0.2819950419426987,0.14826648496091366
2010,5.588013185340714,0.20695993256616316,0.22508446013877742,0.14690402708947659
2011,0.15161881367019775,0.002668815827949335,0.00284155436720966,0.14706735592335463
2012,1.4037004954945398,0.016433372086444874,0.01387628607994293,0.14705277467146516
2013,0.4939890446103161,0.0017966373384866116,0.004954495449907644,0.15289304964244366
2014,0.5697444600786286,0.2837034645649872,0.2833338424782468,0.14461873611435294
2015,35.60035565513867,0.41011914190612303,0.3894442138966818,0.146055162884295
2016,6.0507877190863075,0.05502022489198455,0.06581659153910381,0.14695492526516318
2017,0.5133583534105538,0.010923725164539337,0.009293100405296325,0.14674820192158222
2018,0.5080622602310745,0.019098842606651477,0.02086808242453924,0.15331466309726238
2019,16.28426161039725,0.10768752974270338,0.15336996049247656,0.14618168026208878
2020,14.888525679587735,0.0957163780846212,0.17632414755579828,0.15272775385528803
2021,17.68791415989603,0.2846173670622641,0.2760981398162832,0.1524089011363685
2022,11.842520392822246,0.22171527425185902,0.24623911006631943,0.14672236889600754
2023,6.725111861450145,0.19286895996093836,0.2170552672231314,0.1462234971113503
2024,17.314848187734885,0.5430471813039761,0.5637159230384188,0.1514021186158061
2025,0.22492885976642382,0.0026739376488243063,0.003228312061401861,0.14693536376580596
2026,4.302602620557027,0.16395121323876563,0.1399491191475955,0.15272784093394876
2027,0.18810475043566297,0.17839918198026186,0.17900416225499344,0.15314633399248123
2028,0.58392242847063,0.004696676822453445,0.008193673327154892,0.14590364787727594
2029,0.15515853601285295,0.00411052886121379,0.004256067819003945,0.14597271662205458
2030,0.133249518765586,0.0022150645052341138,0.0016495955882529396,0.15559709817171097
2031,0.23395912882895553,0.003077136329359211,0.003449454521876725,0.14679400296881795
2032,11.70212539440904,0.10291900311414107,0.13416060788298623,0.14757180912420154
2033,16.857547365618736,0.0760626823303751,0.1681974594200781,0.1497869319282472
2034,3.341082229899176,0.01123869916966448,0.03247522493176362,0.15814503096044064
2035,11.948683973464236,0.12571592937781725,0.19345227079367772,0.14731532521545887
2036,0.20138269261293182,0.004114817967659914,0.004144912409315504,0.14828516403213143
2037,0.48936291458334513,0.0018799319650313114,0.0048296563012293105,0.14952858909964561
2038,5.204491549216527,0.05721164908055224,0.0637090125251592,0.14541390165686607
2039,16.634829153957515,0.06938368747098873,0.140619778934131,0.150399724021554
2040,16.38065128318438,0.1745055617056345,0.21721452620606524,0.14866459276527166
2041,21.946548415564486,0.17899581707634515,0.2235358069780701,0.14750341419130564
2042,1.5506107434328935,0.016265709544953884,0.020039532188306546,0.14856981160119176
2043,0.2581218446669829,0.0007919828785992526,0.0019534460441047396,0.15289569087326527
2044,0.37815664695459544,0.0019093472880549022,0.0034116628252397934,0.15646555181592703
2045,7.368532349310933,0.11712018126196144,0.08791393937963783,0.14761757291853428
2046,6.1348727519296515,0.0642033224884072,0.08301965282333262,0.15413328493013978
2047,0.3921667686897171,0.10355295498177733,0.10311142175450956,0.14437073282897472
2048,42.06991087862283,0.506149829749384,0.3480021306363401,0.15577903296798468
2049,3.895323823211556,0.056781202679221404,0.061950806782697244,0.1540141641162336
2050,1.6636094079416162,0.2277607658209233,0.2166482940234675,0.14572514686733484
2051,58.8867143407588,0.7298706460790068,0.6011043725935327,0.15854511503130198
2052,0.526048574291463,0.04308634907510034,0.044833394078849564,0.14649206912145019
2053,16.158100189758585,0.12912717092811754,0.2018290019837049,0.14595646783709526
2054,0.22188405779870246,0.14471299846166902,0.14529431656744687,0.1468129139393568
2055,36.43588574890052,0.3759875280250655,0.5268889413074496,0.1449331589974463
2056,0.5658994629938897,0.00420649753546241,0.005996547602054873,0.14334804890677333
2057,12.701790020177915,0.06422030688162417,0.1454466908067519,0.1437745289877057
2058,0.18762602407491233,0.003736748057227682,0.004097289709740405,0.14647411881014705
2059,34.23514424278161,0.41377742511999543,0.5263092344242917,0.05745483608916402
2060,6.382490997357093,0.1260828512483725,0.12002319505250819,0.14770515682175756
2061,4.170910318280982,0.051566365302833435,0.040482119075574224,0.15680553764104843
2062,18.660553211232934,0.2928717162456507,0.2894988232096438,0.14790588105097413
2063,0.18518428435240025,0.002713662982846289,0.0027874566422600795,0.15799984196200967
2064,0.6395906404599755,0.0073847762873268255,0.007388070037577528,0.1556669338606298
2065,0.6819040457327921,0.2296365589470635,0.22814713846423307,0.14731062483042479
2066,20.77238996942252,0.3097922473484098,0.3196585324253247,0.1514020566828549
2067,0.21488699576667694,0.0027581584042713388,0.0036060009947323675,0.14663505693897605
2068,0.687615912561373,0.004054259659746633,0.005009808114461631,0.15321680903434753
2069,13.310253433280627,0.13980697888582388,0.14931365420010972,0.15245040599256754
2070,0.49241223477467616,0.00351380327794773,0.004428288036825922,0.1440380858257413
2071,0.25590386251548236,0.0032019084675679143,0.003368645826346674,0.14535487070679665
2072,0.28392889231257296,0.0011822440083588226,0.0027598259456497664,0.1436443948186934
2073,0.3638040989366419,0.03250570852652968,0.034789397051819056,0.14538452960550785
2074,34.79485776293532,0.22585967063908666,0.21527234174046628,0.1456183628179133
2075,1.876159090383527,0.07905617977627727,0.08275131745997961,0.14687610138207674
2076,3.92295215094702,0.25057798495339395,0.24418007171998737,0.14628757117316127
2077,0.14847003915305512,0.005110614580382422,0.004177315011442602,0.1452545509673655
2078,0.22781833584380515,0.003442283524366123,0.003267580756514021,0.15288088424131274
2079,1.4084258408432393,0.11374651038784066,0.1201253777056102,0.15376919694244862
2080,5.145156139599243,0.05892929197933721,0.07069779146120608,0.15287083620205522
2081,0.5532281565967915,0.001918420992256116,0.0047188049825656955,0.14673406211659312
2082,0.8677102318945579,0.022144419422132387,0.025328620623512283,0.156669232994318
2083,0.676406996648582,0.0014701882844311575,0.0063997519756328084,0.1423665122129023
2084,5.928275829499294,0.08448830326907113,0.07013662702337142,0.1465062969364226
2085,4.6188371153268175,0.046150691773407554,0.07564709658255396,0.14428777201101184
2086,0.28125773504503837,0.001783645118295809,0.003012002160414857,0.15403448231518269
2087,22.50541713108458,0.17850496877565045,0.20311139577478077,0.14783812500536442
2088,24.09027570978764,0.2800973349746618,0.2931962151495478,0.14932269090786576
2089,15.057276646556483,0.3878556102566066,0.42225379842280525,0.15332422172650695
2090,45.24654362791751,0.34039259865227317,0.1925950159050799,0.14979890221729875
2091,5.03092973227616,0.2529260328971665,0.2742169100662551,0.1477382411248982
2092,2.2233179240117726,0.01552334960344281,0.01375683745746749,0.15637563494965434
2093,0.41730633638409376,0.0009366870428116358,0.0038214655645384178,0.15679318271577358
2094,10.582894965159289,0.23381533021853934,0.28340053931274417,0.15265467204153538
2095,0.29804369175137385,0.0011031963398048666,0.003316390553339468,0.1497642770409584
2096,0.2345316717031077,0.027371732295834922,0.02791978345240505,0.15002122288569808
2097,2.4892329124849324,0.02348723417725479,0.0310449567996738,0.14894150290638208
2098,27.877600782175456,0.18067734450232995,0.1568486947255688,0.1507643898949027
2099,6.588867372643209,0.08679484471948277,0.07715034277586408,0.14644443010911345
2100,0.5339601748185606,0.1485073939438112,0.14997281324735226,0.14695909805595875
2101,11.417227076742021,0.08638023461806708,0.08166609678912687,0.1472046277485788
2102,3.7903664021417782,0.13645780556099768,0.1362388401153567,0.1466675722040236
2103,5.611648972099266,0.2935189423928235,0.3009774567013565,0.15586305782198906
2104,3.6887240871192626,0.010665750586942933,0.036640852324417494,0.15043606888502836
2105,0.6703270668271646,0.27390053427206806,0.2744609632113222,0.14991223067045212
2106,3.6645046502041323,0.1178148417831731,0.1125050595713166,0.15021578129380941
2107,0.2524811148512829,0.32471224174085467,0.3257333647731555,0.1507368921302259
2108,0.2740574563914217,0.003973897036829172,0.0036325100307811483,0.14744696207344532
2109,24.637880177272454,0.08025787104009807,0.2592388931528355,0.14930953597649932
2110,31.150817698069748,0.28593867851218013,0.43824417193758797,0.1507108616642654
2111,0.09110691620208954,0.003633471964231255,0.003653878743179778,0.1484949286095798
2112,1.185305453330101,0.06518965410464221,0.06908682082204529,0.1427310397848487
2113,0.44929868220881797,0.013471828293659671,0.013363692319355495,0.15228170109912753
2114,0.6864482636616805,0.016678502207252633,0.01876340247244033,0.14815706200897694
2115,5.082410223401949,0.14651803627993967,0.18185704467868016,0.5665142391808331
2116,1.4439395304612073,0.012418420083599122,0.017489509550243372,0.14645429607480764
2117,1.0325837028437856,0.43132089347458685,0.4367641749401431,0.15926863811910152
2118,0.36530120662989124,0.09567772393785612,0.09573686706732439,0.15718636708334088
2119,8.231441570750931,0.165521046542546,0.20192591744301383,0.14883919106796384
2120,18.176609872074906,0.1009053100457519,0.20440960752062573,0.15710743237286806
2121,9.258530785403892,0.08221071118466512,0.09673413862184135,0.1473895199596882
2122,1.6533247778533138,0.129911881275826,0.12998634218397398,0.14586173510178924
2123,5.253986651088061,0.06383771088052405,0.056613932628867845,0.1503655919805169
2124,19.337804797427275,0.11262679811432985,0.23855848412817085,0.14534683478996158
2125,15.004108355900808,0.11102744588583198,0.17431558048213186,0.14757661428302526
2126,35.845549206958744,0.22219936158514667,0.3792601426081408,0.0687041929922998
2127,4.8601605661248275,0.14384560421529863,0.17233638930259798,0.1420820909552276
2128,29.716345404663254,0.23577002538689842,0.3722554757080509,0.1485163331963122
2129,0.19581729058716926,0.0016739418224021344,0.00251361694192073,0.14414264494553208
2130,4.191664202466813,0.37757401331008017,0.3949877554858752,0.1508474168367684
2131,31.3790798327496,0.45770408618349145,0.5602444694575657,0.06122025102376938
2132,25.376147659225136,0.21418342466812573,0.2626898262428489,0.14768425608053803
2133,1.7968859002391386,0.30782796186578415,0.29638404336573354,0.1493118624202907
2134,0.9826380018931575,0.14343714260010812,0.1440273342057949,0.1457644859328866
2135,0.3600203794212253,0.0026726250993513024,0.0028093060306429306,0.15331911901012063
2136,0.22877772564481355,0.18153946039746408,0.18106136124656844,0.14711371390148997
2137,1.0887191914002246,0.27205112018984523,0.2743899305553925,0.15561376605182886
2138,7.733259076937809,0.06234517750975362,0.0666967635018704,0.15059679793193936
2139,0.7574027940775767,0.010108333165188816,0.014250340606186365,0.15269548958167434
2140,0.29282321258840965,0.003510987019984593,0.004665460408860597,0.14789660787209868
2141,0.5359589124225735,0.354912404955709,0.3561939167415856,0.14757339470088482
2142,5.612405528739507,0.2258517171451684,0.2536482698570322,0.15725135896354914
2143,0.12304804691252966,0.10822257931027425,0.10788685263202868,0.14581613196060061
2144,1.0672178845491693,0.3672416165286707,0.36891819530261605,0.14990181289613247
2145,14.039670859181141,0.22558512901164987,0.2488728322216088,0.15243235183879733
2146,18.82749411906247,0.24730114471321424,0.2475416132183132,0.1497474629431963
2147,29.047573415213062,0.23476140820038213,0.24995477990699322,0.14620657777413726
