pair,rre,rte,rmse,time
0,8.68047094598795,0.09556701321776902,0.11416574316561771,0.6158878491260111
1,4.165673100217477,0.10946492854575218,0.09594543852842251,0.18826244678348303
2,4.2998554686050445,0.1339732734984487,0.1442432900737372,0.36579367984086275
3,4.622730550618912,0.02507295180402894,0.03610817918731541,0.3320925519801676
4,2.680318958361589,0.04297730233996819,0.05553986903374228,0.8289385749958456
5,11.563527754151675,0.1580470110726258,0.1704816898520034,0.40274357004091144
6,7.26915153215624,0.11990027159684405,0.0822108236266545,0.5873364941217005
7,1.9069792605597402,0.022052408933182707,0.022992035342392542,0.23899531969800591
8,7.292842205070746,0.09586680574153764,0.08773404144670004,0.9270347431302071
9,13.156425319087413,0.22254426757004586,0.14097691006808674,0.44711001217365265
10,0.8332033948038885,0.13692542988529893,0.13550018655940704,0.16947928629815578
11,5.2638610013507865,0.10257873355272007,0.10208279529993618,0.2319209543056786
12,1.0571589470456846,0.01882664322198784,0.01885301509375634,0.4945434299297631
13,1.5598287053524633,0.013560452959898165,0.013020111986135549,0.3224422917701304
14,1.1496108736330932,0.021756523068935333,0.014868997359783006,0.3235733872279525
15,3.666273527333954,0.030732825029887136,0.048871093278215344,0.4319089287891984
16,9.51622748102288,0.2375815254477915,0.18462147909781929,0.9139770991168916
17,7.349007871015215,0.057340801490493164,0.11910214412879964,0.5709891789592803
18,6.22720564276207,0.08125371871133205,0.10511243919819334,0.9008205798454583
19,0.07803898374371104,0.0027143368096034354,0.0023808153933919064,0.12987836869433522
20,3.2289479999693924,0.1724277388205221,0.18058534340856824,0.4035061849281192
21,8.164921949375985,0.07378321862884078,0.08765933460415598,0.8641059068031609
22,0.38473372379197507,0.005300955412881199,0.007240600418767837,0.3938536709174514
23,2.452741820511089,0.10030092736705565,0.08735744013828618,0.2632607938721776
24,3.3630935649339633,0.041539020435682035,0.05084930640554665,0.26075399573892355
25,0.6739243530464568,0.003609226843092805,0.00616648656152879,0.281331900972873
26,3.9103642486781007,0.10899616368579208,0.08753959462609553,0.4030457246117294
27,5.711366895461653,0.05759612734111051,0.06074592352920038,0.15723356138914824
28,2.6691733743684862,0.10361362307230039,0.09619433207546267,0.6949177100323141
29,1.7227721100734434,0.01954230857547263,0.022175177879789672,0.46397444792091846
30,4.483358009795156,0.05522710879870086,0.07758659225283474,0.4038142221979797
31,4.1399398036092245,0.17351742900216177,0.16068903314734231,0.9151868331246078
32,4.760780725161582,0.07728666220761703,0.05986017881451338,0.7512054210528731
33,5.754511244078987,0.02965725158573984,0.08187083682828937,0.32219882495701313
34,12.783625991523287,0.18999220344021858,0.1789107500653058,0.93869115319103
35,2.6040749110715193,0.046007252026805646,0.06077017014997457,0.4588408758863807
36,6.899761901472283,0.09597741352125662,0.06306899871270955,0.38564574671909213
37,11.286015101525779,0.1135538882448758,0.13409877105243384,0.5671539246104658
38,5.594081041156061,0.041763199575245366,0.08009644357217095,0.4774360293522477
39,4.952844323100628,0.10452879379174701,0.08610211739372266,0.4658780228346586
40,8.616832587888393,0.03927223836423609,0.1048332734659339,0.43914097221568227
41,6.825558323794138,0.10196459152970758,0.0739706974138785,0.6040844810195267
42,10.052994580408877,0.11738092802351506,0.14209106325567428,0.39367886865511537
43,3.166616937632609,0.10175943650392201,0.10564805015707053,0.9168995418585837
44,8.509568343957087,0.1012640746441726,0.12267623216966066,0.9168739998713136
45,0.6346773346001083,0.11476143762295474,0.11914180861523392,0.21178018394857645
46,8.882958182606279,0.10997741901276575,0.11452998533700443,0.34891824796795845
47,6.939374439560962,0.015290732533713916,0.06176798672051399,0.49543419294059277
48,3.904096314211679,0.1032599758227261,0.1306582626030004,0.4577465448528528
49,8.974708884395222,0.13788676303637387,0.15534070639440242,0.26781872287392616
50,7.147553549028289,0.15637832160936666,0.10599347214132103,0.9016038086265326
51,3.232567969935566,0.08563926595941762,0.11854398807006115,0.9177072439342737
52,9.198596271926236,0.17839208041005084,0.14735105280513855,0.7896303180605173
53,3.4162683183323037,0.051586893908185306,0.059105725188803325,0.9213150907307863
54,12.08146010298194,0.08553229792068531,0.1863273989633748,0.9147860030643642
55,11.626533868670336,0.11353773966488186,0.11560688221752716,0.6777623542584479
56,3.7837889670510867,0.032237230344222816,0.06809303905490575,0.2328183138743043
57,10.265087856825629,0.1275011031807097,0.15066404697918884,0.7902788990177214
58,16.128825513656253,0.14444362468661795,0.17860982669543385,0.4758996870368719
59,1.3953805812391447,0.02560878672847966,0.026933325465963696,0.33042446291074157
60,0.7402970319188136,0.009043321278103667,0.010966476799844449,0.3395516509190202
61,4.445405894145781,0.11271999554611857,0.14007251987151395,0.6965059447102249
62,6.095079743074774,0.16639377262817562,0.16663832115972518,0.4025454609654844
63,2.9122431273726943,0.12718198384981208,0.1397954838633128,0.6944984989240766
64,7.086532058309119,0.1627820152533472,0.18163289734287552,0.3854625914245844
65,12.266149781847218,0.054693555057004475,0.13378505580532288,0.6191738466732204
66,0.4284842581277303,0.004142518120728082,0.0036112398292973877,0.14833486313000321
67,0.6498167831592944,0.15661614998948353,0.15757829176223045,0.7502652769908309
68,0.9406829347491618,0.15086681206939007,0.15170709787059547,0.8761983900330961
69,5.13901051980431,0.10165563135893187,0.13282577651494692,0.4399612508714199
70,1.726792088026644,0.10808076482193138,0.11537903501085167,0.923568906262517
71,3.849648145571728,0.09037929240611725,0.09312269087526993,0.3116913177073002
72,7.614380761055115,0.09907992149363014,0.1117936786524362,0.8544149361550808
73,3.0512249792756427,0.11181056073738131,0.10488477680332087,0.421172680798918
74,8.869037007078628,0.11531257090156484,0.12537202376200862,0.4221094148233533
75,15.196125838974304,0.11970811930041547,0.05157114059378984,0.8853030321188271
76,8.21620967413628,0.062103432988528225,0.0908622677382884,0.6235964139923453
77,12.839633713605556,0.07614389703731031,0.11929721432018238,0.4314242019318044
78,3.3330955691455557,0.05302829734744321,0.06328642795014358,0.16889485018327832
79,8.400797065714219,0.16105695185341387,0.11242905248636062,0.4769824310205877
80,3.1023639114254054,0.02904931241374808,0.022729588118557312,0.3844916168600321
81,5.194044901510485,0.08879755351898966,0.05906475258186515,0.6042779418639839
82,3.2454833733104675,0.12038725771138867,0.13061277482703929,0.9148438931442797
83,1.4788749867957538,0.1256591474825703,0.1258671777940366,0.21168669685721397
84,3.346707203508801,0.054606762519049154,0.042855719131515285,0.3300916119478643
85,4.2004972436578605,0.11727119617605289,0.1364235864803801,0.8777099577710032
86,10.559410833816091,0.15394321209976045,0.11892290908548317,0.3479075417853892
87,14.931340230455184,0.12098795090420064,0.16499559051464444,0.9177837730385363
88,7.815078513651808,0.029470963470475314,0.0652661517028482,0.21580891078338027
89,3.48041603541639,0.01763477295688644,0.04461991304779918,0.2690584077499807
90,9.3726435525306,0.045532519337854016,0.12455042615267477,0.46432157000526786
91,10.977621895947033,0.12536682523564627,0.1001387482808369,0.37351828580722213
92,10.08361789384423,0.060767850321759596,0.1246940792586594,0.6411688537336886
93,12.985447180038621,0.14328635555221425,0.12123258196003767,0.40291726402938366
94,7.07841683214357,0.09770352796813447,0.11102842492175286,0.4806034457869828
95,0.7038016920323452,0.03752698643172412,0.037602728372755106,0.14771934831514955
96,10.203141026101246,0.10720419046733917,0.08042938554744884,0.8900148109532893
97,7.995890246965251,0.11856013668715343,0.10372703709285742,0.6046163490973413
98,6.9707013830859665,0.05529707438599271,0.11791385985850286,0.9196560527198017
99,4.710174798083986,0.05151985465480682,0.04879434059467647,0.3574244952760637
100,5.605573419291117,0.14344804349192736,0.12419362016635992,0.8429950303398073
101,5.616546967896825,0.10348172801609591,0.13253599436257354,0.909352071583271
102,11.690733153777082,0.08261455360794814,0.13134765562513745,0.6016700859181583
103,9.183108555251817,0.11516890162011074,0.12539158778273843,0.2377103492617607
104,3.058637835941504,0.04576273128492034,0.04296156533914276,0.6598705053329468
105,3.930268896684183,0.18611428908613054,0.16928778826891897,0.4760458539240062
106,0.24879777377738385,0.004579788490228652,0.003939546241987157,0.17845856305211782
107,2.7777224859690395,0.019637438313159356,0.045109108956868704,0.41094882460311055
108,1.7762147296694288,0.007133929100671342,0.013304038956227506,0.5674378969706595
109,30.845680373186795,0.22101397852464644,0.08911161681573798,0.8432939299382269
110,4.9075652479179395,0.09671057142389594,0.10711669825629395,0.9868702068924904
111,5.135159630534888,0.07138891956104457,0.05442059906017223,0.293545403983444
112,0.3737464259281311,0.0052891001914240465,0.0039169837876014595,0.18138506496325135
113,3.6640573850256577,0.17081673843614878,0.15080148361245094,0.1693401886150241
114,10.969652331829138,0.12247765941083046,0.13861197168753053,0.5863771340809762
115,1.2117014819018743,0.020942138100548187,0.019446196141279452,0.3047283482737839
116,1.6834043490986508,0.054477862982408566,0.05476811400760701,0.49508144380524755
117,5.162871558431764,0.12579145620984314,0.12692710011838315,0.714138740208
118,9.573119370024827,0.1137822530237477,0.08396496854643579,0.3832454178482294
119,0.6712502868467972,0.047395589777128044,0.046906883872616045,0.1741477707400918
120,2.562369069455562,0.07332696608543565,0.08006610679302596,0.4841110627166927
121,2.296614368257864,0.053167749823466545,0.06724334009088839,0.2068512039259076
122,8.598978357632554,0.10542287863023017,0.1325617183821005,0.7337827393785119
123,10.161185432982586,0.1280755086457505,0.13125246306757388,0.3291441132314503
124,3.9283027576862284,0.11677347703367262,0.11268505341996476,0.2524664760567248
125,9.088143589253276,0.1585237270571963,0.13842230627719254,0.29323648381978273
126,8.545742736837138,0.11778749964597217,0.11827638180643806,0.9128550901077688
127,5.175486060381582,0.0896282076002266,0.07184514671101347,0.7699470082297921
128,8.534459687527587,0.20525749957787187,0.15156684876555743,0.5314049269072711
129,0.21283672767029574,0.0028997902443076004,0.0033424925659058433,0.14712244598194957
130,14.255755168377945,0.12801495342824426,0.14724890065432478,0.34656941099092364
131,8.078097866537435,0.04976740405665176,0.0721447750728459,0.8902956247329712
132,5.332866974207348,0.10834128850868056,0.11845235020098525,0.5085444739088416
133,13.306784580768124,0.1067407634342562,0.158628654784813,0.7156270523555577
134,11.706817944707124,0.14127746738735136,0.15939399159371764,0.9235279960557818
135,3.0504579618891943,0.052906409129687845,0.052847342474333495,0.5673708128742874
136,4.64130321871356,0.07938063168417778,0.12099868711095602,0.5126024708151817
137,2.455682221776883,0.03676402656396217,0.04580631923036551,0.42068422259762883
138,8.539739811602622,0.19506128327154507,0.14731010004869682,0.7706595021300018
139,3.9208037417718957,0.09021599631157091,0.1241994885870515,0.1529414700344205
140,3.40144155313553,0.05813747595866018,0.04230628021968792,0.3228520657867193
141,9.85459540566166,0.07944182993108799,0.12769829873411226,0.3746395348571241
142,6.105428445838032,0.10662069795605222,0.11146860294746486,0.4101023180410266
143,1.6532866843252132,0.0008740303421344137,0.014356162277491574,0.4998451671563089
144,4.194441402930419,0.07348337595533076,0.09024041515384916,0.3668819908052683
145,6.423336728225411,0.18485631551057904,0.16382994050668612,0.29334918688982725
146,15.82083311560274,0.15358325299820982,0.13775855404460413,0.6768974461592734
147,3.3044329249174123,0.042625210121612425,0.053239921575493135,0.30448189890012145
148,0.9830602563288207,0.01567138098558402,0.010180329163783093,0.36563685070723295
149,2.3471353016884526,0.12096427805527107,0.1420036937666897,0.6046060379594564
150,3.208656770093622,0.05607165524445271,0.057063052931546863,0.4181725438684225
151,9.267609030769892,0.18230181554327668,0.14639276212905336,0.3664581240154803
152,4.776745014567473,0.05346693329346473,0.05454229667742944,0.9201123532839119
153,3.9198324607133985,0.10241819438831237,0.09512775445301706,0.403150649741292
154,5.184242204485291,0.06376995280089011,0.09465137265566446,0.915454467292875
155,2.2546730674072033,0.0709928044373295,0.0780357054115309,0.7527761091478169
156,1.6168161930944984,0.10681271546596016,0.10494017291680831,0.13625030871480703
157,4.60107748942861,0.16757979990789568,0.1578202634617026,0.3481280552223325
158,7.722690547718755,0.11130388411454216,0.12581197175053596,0.367017372045666
159,21.594619711100787,0.14763694177584344,0.3014812792041375,0.9857584573328495
160,13.153291176367718,0.09221206871449023,0.10420883164059273,0.9149678791873157
161,7.575645396306304,0.04249358926770377,0.03883721994543409,0.2295941859483719
162,1.9363092286644736,0.08935660727614657,0.09171423097911335,0.4586355281062424
163,6.672863820102083,0.09442977292185496,0.14263449485098273,0.7868800251744688
164,1.0472629599748764,0.1698461225451427,0.1668241818620689,0.7678327457979321
165,6.639175816473901,0.04270330308966639,0.07576627240397901,0.9166348241269588
166,2.7068511303179004,0.08188949953400702,0.07712478601624671,0.40396057814359665
167,8.187084788301124,0.06793243139602266,0.1250391720094353,0.42317609721794724
168,2.60241204719474,0.019192623765079114,0.02193969172125717,0.13561004912480712
169,1.4046912293497746,0.009007896767965876,0.018742548305719395,0.340329856146127
170,2.5456068331492747,0.11282668278931154,0.11555984458175361,0.2683046259917319
171,0.14899898508272927,0.0053494779635518235,0.005498006583294743,0.2514182822778821
172,1.2977707439808555,0.005330313510830593,0.01224133385050395,0.46521113300696015
173,8.575834363926308,0.09609660801391239,0.09923318445863374,0.2390749049372971
174,4.032316343759573,0.07853777428876715,0.06746995574041878,0.8054968533106148
175,5.030851821828748,0.03001805437109739,0.05768306890344416,0.3844645726494491
176,6.740448879944134,0.06549551819850515,0.07340925692156834,0.384999793022871
177,4.6604175298718085,0.02575131382259485,0.06725686647122389,0.3214447102509439
178,12.043815836974254,0.254179804179504,0.1778383605871058,0.8062171819619834
179,1.7656880380236526,0.016074578691262432,0.019064479197273384,0.21498172590509057
180,5.36427885562483,0.09802125146692726,0.1185069921044493,0.4321877043694258
181,8.511397646440972,0.10504081148974026,0.09300690655410049,0.6235088021494448
182,10.750204045940524,0.06407908050381199,0.16459946796621278,0.9156263154000044
183,3.069073279222858,0.08088143789890768,0.09330011166387069,0.5001422488130629
184,5.490425616030873,0.1522588939548503,0.14043595576353368,0.18940246803686023
185,1.601605627169992,0.011317923001586338,0.01713583532909883,0.23247024603188038
186,5.653188421926249,0.0946863743977871,0.10262499073120762,0.6635607490316033
187,3.0306021980933298,0.033615707703282656,0.04110227804914241,0.5358895682729781
188,2.696512206767646,0.09282317820929153,0.10939112332505525,0.9107146859169006
189,3.892608136531922,0.09951658618971411,0.10928093311125327,0.8230618201196194
190,2.691752574372938,0.019269008386463726,0.020434321294700564,0.6138991499319673
191,9.814998757182652,0.18470297185062404,0.15496925029397526,0.6402922798879445
192,11.829498300903566,0.12858085053655177,0.13052669984030324,0.9161244123242795
193,10.950001781552759,0.0613191146759841,0.11583837751640406,0.962934612762183
194,11.150600497594592,0.14986779021429814,0.14554701276015436,0.8434976642020047
195,8.690038000831956,0.0386072495962528,0.069174979229652,0.5064400099217892
196,0.8877038380985363,0.02882304778289979,0.02849720718335055,0.17365055298432708
197,7.741345166782234,0.10065702422981355,0.11125006245749726,0.5876962030306458
198,6.290792462572584,0.15299411101623578,0.16158328485043463,0.44047416327521205
199,8.091220220842018,0.09570739485724725,0.11107928835241078,0.9188135918229818
200,1.0084164776050746,0.01341933940685115,0.01062035791099797,0.7214367487467825
201,8.132670209299732,0.05294301455276203,0.07632988292374611,0.5499563664197922
202,9.92529999941079,0.18146815737390848,0.10577435189338742,0.34638992603868246
203,8.446887639098627,0.055387980801905344,0.08325254227624787,0.9162721140310168
204,1.6172499427731217,0.0590055947496111,0.05482560221657384,0.21548584569245577
205,4.434149541965282,0.13807765871838262,0.11825537598527101,0.5700003677047789
206,4.0130209999404896,0.13833803105302625,0.12762324823123278,0.9165174947120249
207,2.374029785820758,0.007372625597905644,0.01671264223064346,0.4281348120421171
208,1.2946365802315312,0.008724298879422538,0.01337973448750485,0.2617931617423892
209,6.181366384732145,0.09490086273790148,0.10437358287464603,0.644101136829704
210,8.714086418611776,0.06765375636675484,0.08013851388293294,0.5178997102193534
211,0.32284814243636173,0.010133208375810197,0.007857342684877408,0.15315615525469184
212,7.64955385774973,0.13574670223804952,0.15569273644378595,0.33986513828858733
213,0.6918086521192067,0.1584955098123384,0.15773048001246417,0.43810183741152287
214,3.802212332056624,0.1556698505635301,0.16094685367812198,0.3660695399157703
215,4.044267485575862,0.058190987443516896,0.09195104189362026,0.42798850359395146
216,9.454867377149936,0.11543614132944419,0.16690178366977798,0.6406839857809246
217,9.043562406207847,0.10674599566335215,0.10623054077150373,0.9609086448326707
218,7.643850190002513,0.13666193631108164,0.09255809901074825,0.695635087788105
219,0.469733223733629,0.01740294996583764,0.015681112116900063,0.4288091608323157
220,3.346535080825396,0.12647702841778238,0.11676396717472563,0.6403762311674654
221,5.788730092731901,0.12211734200651837,0.15965704751666285,0.45859578298404813
222,7.155384538205574,0.09403308086837055,0.06304785354959502,0.2869504881091416
223,16.086653720277074,0.13836726228988155,0.18919717548740914,0.9212203929200768
224,1.1011765727589256,0.013751419109384306,0.021522953366402888,0.46517756721004844
225,6.217414964652243,0.06017480573510307,0.10345644254792502,0.35631345491856337
226,1.1905747024873214,0.033216893501604505,0.03503507310691768,0.6244734870269895
227,2.0834680495519207,0.02517621363577256,0.022989911409447922,0.4818758168257773
228,5.573338153688746,0.128636747518542,0.12998084201063972,0.6107034310698509
229,1.4441303090928408,0.0130648947132919,0.015886055601577083,0.33283004024997354
230,7.728578968949886,0.09644989673591546,0.0975531633916378,0.5526356631889939
231,2.1105009191029573,0.010680156090842377,0.02319919814849476,0.37770760990679264
232,2.327206270472305,0.07757685718991339,0.07383790371863248,0.2929746559821069
233,14.194994472746927,0.15262199110572297,0.11228874446847822,0.29577164771035314
234,3.8408483698848834,0.11460454540182832,0.12685115159610166,0.5356110651046038
235,1.9806883839606781,0.13965971289846985,0.14247134852836174,0.6771483202464879
236,3.483970262546613,0.10244346750622081,0.1275715512438752,0.5860200650058687
237,3.8234427357422183,0.025073025340627914,0.04318906645886375,0.2869850257411599
238,4.001579130074526,0.06530964953873379,0.061465334050878596,0.22033942490816116
239,3.9908629728147655,0.10752879543314774,0.10647381711586194,0.34750285698100924
240,80.04364782332954,0.5368854722640143,0.32264078766569093,0.9111541397869587
241,8.72407375129949,0.10903325695368993,0.1403076815935659,0.9161190651357174
242,8.403615135757834,0.08738940977364411,0.10588539782434844,0.5309120179153979
243,1.5658932814841895,0.1268092079141998,0.13046257335560255,0.8976600873284042
244,5.676069031148146,0.03119124614759986,0.0682191780198794,0.5851855822838843
245,0.6981255340856506,0.014100157988878557,0.017799791723681,0.5910849468782544
246,7.5853382252102755,0.07714052289940475,0.10169310445552687,0.9148194179870188
247,0.48652486112630616,0.006252776973943276,0.010680558143355286,0.8442208562046289
248,2.4846964615699703,0.02385745249613031,0.028071785607028464,0.1394767123274505
249,9.715455329360648,0.09982075948269777,0.14229530405118174,0.3664444349706173
250,6.830792910215503,0.11143544809239428,0.11343021528073569,0.8585588573478162
251,5.263970613788867,0.04491060352301121,0.05697613887962814,0.2149186199530959
252,9.27260352113078,0.10786487545362752,0.1069852734411355,0.6054100040346384
253,1.866689885084663,0.011505225031006048,0.02247788912828493,0.6295535881072283
254,4.498680369404029,0.1634821321745248,0.16655373535955617,0.767466361168772
255,7.502909212133861,0.1115496906017385,0.09215828125465657,0.8233466614037752
256,6.310162781664827,0.05636034635069208,0.06725689502568018,0.33780592819675803
257,0.8143978282076102,0.006060789964680608,0.006799115526125075,0.17658797092735767
258,11.0457928478256,0.08299496794983874,0.12390027931077925,0.36713214591145515
259,1.2637903152090346,0.01970055730936501,0.019285623273391245,0.6618781168945134
260,3.2998106184271334,0.09963057736772575,0.10773089957955023,0.35735615715384483
261,4.7493831797562,0.12827812961822727,0.12755407988255058,0.6771415011025965
262,0.914272643579359,0.01543793622280584,0.009942902034841189,0.1701524960808456
263,1.8148747553337414,0.010634794382963884,0.01573466318054075,0.4948652512393892
264,7.399595673356595,0.053086752710842774,0.07281410960252302,0.3306917380541563
265,1.025353885311453,0.005616093902360378,0.010581419777664797,0.6969450609758496
266,1.4202635029070763,0.13504212830489234,0.1361304321742341,0.40253255097195506
267,3.7705194257843333,0.03706200910092331,0.03326071105797441,0.5714065972715616
268,2.9274920430761058,0.05520993992569574,0.05734119227853386,0.5171298310160637
269,16.384018604085608,0.16213453652120402,0.1317068692847858,0.7495101578533649
270,4.244820981078492,0.022228637116395777,0.04648855309587798,0.9163328488357365
271,0.8138863676205621,0.09896778148570422,0.09916055440481547,0.16419774014502764
272,18.7037402841881,0.23194680486196428,0.2182229169290866,0.9148017656989396
273,2.796850398216708,0.060255483913087916,0.04581549686730104,0.19672313099727035
274,0.3523289140828314,0.00361252957306632,0.003168204925145418,0.2862913040444255
275,1.513839271311821,0.014210764165437517,0.015146044478515124,0.29349868604913354
276,1.7594892286433959,0.08656496845876513,0.09185577463322367,0.17391298338770866
277,3.6033495121024437,0.036541094799345086,0.040992397954225504,0.8963458896614611
278,4.519126647600864,0.05182491362336362,0.07055742529584498,0.6413213112391531
279,5.649375879380211,0.11128693752889313,0.1202784986144358,0.9166743867099285
280,4.9295631261259345,0.13429889917983864,0.15482645785618734,0.21560200909152627
281,2.7876672877445725,0.0695373199262499,0.07224715221596148,0.38413950288668275
282,3.7157721766159546,0.15199643860364925,0.13435078050809082,0.385053435806185
283,7.904986511363737,0.13379171549659766,0.09093630508434006,0.9858168698847294
284,3.8288652133336916,0.09261761984884581,0.10560328397996434,0.15406894823536277
285,1.0006170868280613,0.01823420270717782,0.015441083522338432,0.15150567097589374
286,0.15209552900748283,0.017094265232728542,0.017393646304588766,0.6770622250624001
287,1.1781292414464246,0.17568360820767845,0.1780156461376712,0.5671788761392236
288,13.363441391367738,0.2393525334297189,0.16060217206904429,0.47041526017710567
289,7.089068037481439,0.12094422840703793,0.08923953289489792,0.2738249287940562
290,2.2258674420406876,0.023895022994158105,0.018046664322154658,0.1794225419871509
291,4.508724271854554,0.08115154290023449,0.08067043386855961,0.5504701058380306
292,2.7265201871441826,0.1421472834783326,0.14464421523218357,0.4946384970098734
293,1.782461587158632,0.042493665336406354,0.04218036501533689,0.18798834178596735
294,12.786288149364244,0.07600214490801964,0.16339691307690635,0.9154497128911316
295,6.181043027986934,0.11501428049321673,0.14689974186061877,0.33040612703189254
296,1.0259560098521634,0.02667524235342921,0.03488287807574001,0.44043040089309216
297,3.874713728420909,0.07096355751933352,0.051047754649490636,0.5026524239219725
298,2.8120707859840675,0.11080995611288422,0.11467864340404497,0.9187144320458174
299,1.6007247156209379,0.12108617055578538,0.12311815646120673,0.8094536890275776
300,5.633074530047798,0.06593295344542706,0.06744371762090814,0.5306079159490764
301,7.484605103572416,0.03339425157583751,0.04226533722057811,0.6597322151064873
302,3.653753698769841,0.07951587807077927,0.07537565334539596,0.3218575338833034
303,8.51927710530781,0.0721896369390367,0.0743067936591003,0.2497765221633017
304,2.2101553535549177,0.12581947355611783,0.12418652619129983,0.9152357433922589
305,7.165260228347105,0.05920693422211263,0.10176295487794879,0.27458369079977274
306,6.379435335347899,0.13729834062316235,0.15104030295547985,0.46177215594798326
307,9.726081986346106,0.15841966746248304,0.13860453732160383,0.640881990082562
308,5.002466573893127,0.05921146512179399,0.06890386103999166,0.45192296896129847
309,21.38433406063005,0.08677097359043512,0.07618072443770073,0.8180005550384521
310,1.607461063986611,0.08531637977432276,0.07703807880087167,0.1530572222545743
311,3.607401670371253,0.09219010042596865,0.08958609687446314,0.47579031623899937
312,4.2933161756873135,0.029053766153189917,0.03418944450358273,0.5256346059031785
313,7.908236969849818,0.06020919934605939,0.0941353209151851,0.27452933602035046
314,3.988643062497286,0.1569365206881773,0.13647185342899595,0.19803078705444932
315,1.3565329681577674,0.03920981188869279,0.037755802604967505,0.11853776127099991
316,3.051211339540503,0.15657541005462783,0.15538720494619385,0.34927635872736573
317,5.912911363734683,0.11842651568933214,0.14069227231784046,0.8221935667097569
318,3.7657728435489974,0.16824930704025703,0.14573508111548872,0.5671827420592308
319,12.39763453292031,0.22291729066048419,0.1517696287209179,0.5142444656230509
320,0.4617819985486316,0.011090263316159638,0.010981617990023219,0.11895474186167121
321,7.331882956686409,0.11529240182354471,0.1016112342598394,0.513728350866586
322,1.8784083468528618,0.01329446117100915,0.021699806657671003,0.43108116276562214
323,4.183606502308268,0.08062675973255946,0.08694542804035678,0.7719975491054356
324,3.073137541871843,0.03644265516944206,0.031832235868847945,0.5998010351322591
325,1.6160143464365049,0.008483590552753169,0.018542225890698517,0.8259212300181389
326,1.6534694647785904,0.016831781990162588,0.004895849528250399,0.7725936733186245
327,11.354033621703612,0.03861956320337841,0.14686025595581526,0.9390040398575366
328,0.7362164972331223,0.12248212961088441,0.12525192595070395,0.14793532993644476
329,3.5488831222701056,0.04177459153575222,0.05119547638645644,0.8428137279115617
330,7.012975233013061,0.08066124427559784,0.09605598613158997,0.7988829179666936
331,2.0496397130153894,0.1204096792119922,0.11735098066220435,0.13524929387494922
332,1.8124138036682076,0.07293509198041329,0.06699680132024412,0.8380032130517066
333,12.543043017987467,0.13214674757760764,0.17302005113826116,0.36647844314575195
334,2.81160675283258,0.10963203887804548,0.12648367342334702,0.13627200666815042
335,1.5468444330182953,0.08304108716206879,0.07891956026912092,0.3314780378714204
336,4.6228364219981115,0.03999062067097928,0.027777185594472745,0.31335031520575285
337,10.812818344786342,0.10863883589188053,0.08818548662439708,0.3904051617719233
338,11.12750274150749,0.07868053718540235,0.11868092596915351,0.9209887911565602
339,4.472411895858511,0.08849272967797775,0.12636388500648668,0.1884518968872726
340,0.9726817000084645,0.030151849497675964,0.03125188149604164,0.9141373168677092
341,6.02132907822951,0.08954988714060398,0.09396602155418611,0.5671216631308198
342,3.100340620152667,0.03511066210968974,0.03960442127439157,0.2682126029394567
343,3.567053973067314,0.017425607983225393,0.021368790233664815,0.22905444167554379
344,7.9308099324509564,0.13179501845164207,0.14378239000173296,0.6783318533562124
345,9.178957838771504,0.12476126010804212,0.1453460993699948,0.25609090784564614
346,3.1855789373994283,0.1375425561205538,0.1326802788199383,0.15209761494770646
347,3.0648038301377873,0.12375494794829801,0.11477999853047754,0.31117143481969833
348,0.30868513652538426,0.006846901839132091,0.005068076642507639,0.17466078232973814
349,0.20020875091257137,0.002188359237335669,0.003899385138210764,0.5727539048530161
350,0.7737263373334778,0.0069383163857804474,0.008175169989107414,0.55550527991727
351,3.9368370740382703,0.05482773448913346,0.061969600735819155,0.36644973885267973
352,10.13266746352439,0.06669751568314686,0.09817697670330983,0.8242911640554667
353,6.452952724591006,0.05114534893552951,0.08046286211888687,0.563476137816906
354,11.763593143276195,0.14585963991882706,0.1449041904504389,0.49481877591460943
355,6.033869382800466,0.020357965483662695,0.06345106102642441,0.9150060061365366
356,7.518933457068654,0.13758159507893655,0.16302150223194498,0.43936349125579
357,0.1439025531701922,0.003529810211875971,0.003631153109922765,0.12806223426014185
358,4.618064384850602,0.12099960564978562,0.11341029897198554,0.30340685416013
359,11.079067882569419,0.01394206672861854,0.0836561808911248,0.5024487404152751
360,8.018295615567775,0.071419406181995,0.12636175230909347,0.45749790174886584
361,3.8862613582443015,0.09091952791852241,0.10349427008221182,0.7325859167613089
362,8.03808881372514,0.10839176111041318,0.16629402572697138,0.35698830196633935
363,4.654421548830343,0.08423733411599643,0.07288631229647531,0.29576465114951134
364,1.4012951052172578,0.1321582859048154,0.11757738421719031,0.18869016598910093
365,1.5852434991060986,0.01500837283411508,0.024668117028900836,0.9147929782047868
366,2.018854254949077,0.10586438935834833,0.09743645248577028,0.9184939539991319
367,4.58667448279334,0.13150508185705503,0.1289466404731024,0.7114387219771743
368,6.792407725728092,0.0861142586466294,0.13350758460505716,0.8962173867039382
369,6.960762838416623,0.05398973322743348,0.08397953175631036,0.7874666787683964
370,8.470389531916354,0.13049672085976138,0.06483174572968077,0.938386308029294
371,3.353267429191147,0.13722272864234633,0.11485614133618537,0.9155230359174311
372,6.148705853736814,0.07267166557628435,0.06356562261550137,0.40283291693776846
373,4.209826212365323,0.05019927058450592,0.0740588489952046,0.36694457195699215
374,1.6613454759826651,0.01842472185591952,0.02133879929471362,0.3488258710131049
375,8.840597353628553,0.05340332503082076,0.10994976836622793,0.8360717920586467
376,2.6178698709245976,0.011955965294710996,0.014012882767520801,0.2937486772425473
377,1.3729179490697014,0.021002144880398938,0.02109751583772497,0.483725274913013
378,28.569793874443928,0.23110717511008738,0.2397822157250257,0.9613321130163968
379,7.2114652573963385,0.06321476142016745,0.09931550118619259,0.375019540078938
380,2.420208286580133,0.0114368913489971,0.0249348211630895,0.7896754392422736
381,4.955005152799722,0.013852584905996897,0.023120745829078054,0.32816367829218507
382,0.6296984540703718,0.02194265297038268,0.02014551174618755,0.15256911888718605
383,2.888553443153892,0.051795205797626774,0.06245909048775781,0.15403694193810225
384,4.543326168600723,0.04214930585253792,0.07193896196845624,0.3487676330842078
385,8.913222547610259,0.046862566455691625,0.09207854699903828,0.32170357229188085
386,13.937790262510923,0.11739974853144669,0.1235585188188494,0.8382062651216984
387,5.067762544576746,0.0971391499625984,0.10461805741722036,0.915702089201659
388,2.088450304952931,0.025270096576350654,0.028486554050432843,0.4883325230330229
389,7.099798763436014,0.14466304594335838,0.14877330361257124,0.5637186262756586
390,2.5729112516494985,0.028003874387087676,0.04136028841361403,0.6632505231536925
391,3.485681175649366,0.12317320772063405,0.14050703117514704,0.6031242520548403
392,2.2986168433865863,0.03048437673899341,0.030639487666383386,0.3302007061429322
393,4.119444415839109,0.08126071644402762,0.08764181502831818,0.16973799373954535
394,3.5403638066856007,0.10494421261072974,0.12566022726727388,0.16981631005182862
395,4.7107846584484765,0.12009302612543586,0.14148528330773966,0.6945631988346577
396,9.689557411849648,0.04571211597135324,0.14554775244570128,0.9024920011870563
397,1.2792990622071758,0.013824298416046503,0.021439235235962275,0.5315176867879927
398,4.127246213923532,0.024017740971768196,0.04868664571664907,0.5495741460472345
399,6.371447922653635,0.08608704793105432,0.14675343211773706,0.5530008738860488
400,6.451864075615805,0.0445069692814809,0.07379687262175348,0.8982253121212125
401,4.75016976524771,0.06496387149241337,0.06261312892256092,0.32243185210973024
402,5.1059033670899225,0.06875984997091673,0.07011776041281625,0.9092262131161988
403,14.293672184454191,0.16982778017094716,0.1542988686447605,0.48085909336805344
404,5.815717853518675,0.14749388291436094,0.1028543104842444,0.3678558566607535
405,2.8827057037312844,0.02959275405075045,0.028054487365194506,0.5494546331465244
406,4.009892733420308,0.07782216304237052,0.08768388290970111,0.17353405803442
407,2.8137455051785687,0.1539597082334935,0.15101449686116117,0.18367877788841724
408,2.931767779016386,0.06213037835507861,0.06711859280149318,0.8426150977611542
409,3.513364244431317,0.10538953380327429,0.11470761716516147,0.5027666101232171
410,4.5338985058418,0.14512742119846533,0.10962690194916867,0.3595788339152932
411,3.5391112627893477,0.13629639881420838,0.16444822592482994,0.914919066708535
412,8.721085147563903,0.011404245746588111,0.07599765496016607,0.9613811993040144
413,8.976114665528472,0.10433871996487268,0.10499402377795714,0.16874484904110432
414,2.521627644972145,0.1513542167935248,0.13706969192420065,0.6755197900347412
415,5.194620495437722,0.14440329229888688,0.14576959148603752,0.9180301539599895
416,2.0523400162595826,0.020142897751977987,0.021565430001315878,0.5892504760995507
417,3.248746393652057,0.04094062823439603,0.0445175322840173,0.43090078607201576
418,0.8758965751366329,0.01632236400163404,0.010063959962167374,0.5366700021550059
419,15.42029907653168,0.14049792683741788,0.15025424415417596,0.882663237862289
420,9.107136765274918,0.12175505521720487,0.14418263987319282,0.38551997393369675
421,6.869613763967519,0.09362631575908167,0.07411707070268754,0.5581314689479768
422,3.574013754759318,0.029668325949879462,0.036912071685054317,0.3298980216495693
423,14.846453068914679,0.1063791967848444,0.14617951605622037,0.7739584580995142
424,4.313501801929651,0.0628218987144732,0.07405040743534963,0.2731276098638773
425,4.844668090799411,0.06653513591227112,0.06333313599460748,0.6027187681756914
426,11.94237601290567,0.1374448771847758,0.12823947278658712,0.9157308619469404
427,0.35372345161041263,0.005411034923322925,0.006021886685797001,0.3948891991749406
428,3.579879635922455,0.09013299260567205,0.0912207645877123,0.20876688417047262
429,10.362704365183617,0.16808970433073409,0.14459802327096438,0.2906305859796703
430,5.400814285976717,0.022471118490766412,0.06580983091561862,0.508895447012037
431,5.840418463093641,0.0792367863133288,0.07635516235258596,0.4682490546256304
432,2.715556294525975,0.10080168013241468,0.0784106241020449,0.923805037047714
433,7.182030756641806,0.16348279139319163,0.12570740775191058,0.6579983439296484
434,3.2507080145095393,0.02013840471871964,0.027673358317843715,0.5016365288756788
435,6.356312332990527,0.08084402041474968,0.08256284313775679,0.45314419409260154
436,0.9309421591055035,0.014416234833507081,0.014060094622910678,0.44918545987457037
437,2.9487189739283313,0.11090346157387006,0.1288097354174615,0.2501281648874283
438,9.759572761323197,0.039565234051730784,0.09604427845013222,0.3845808091573417
439,7.225965106910743,0.07048114269213113,0.045362210190765535,0.44012236688286066
440,1.40626037325798,0.013122995187618789,0.017982242952247436,0.13620528439059854
441,15.659056898063131,0.11365141654256879,0.051702110105710485,0.780124600045383
442,0.8186271087761353,0.18807360293884945,0.18379217709166523,0.1604503090493381
443,1.281584921881015,0.02363621202327717,0.021518261252288562,0.5364560675807297
444,2.2565973892727973,0.021480380818129734,0.0402520456435406,0.7140647568739951
445,3.193922004166814,0.10330737803433626,0.09482202354044407,0.6982396841049194
446,4.310935547265328,0.044695266845568016,0.07299072721557297,0.6982658682391047
447,3.235510070991108,0.028777358662522567,0.02495062671725482,0.5913318446837366
448,4.731326961925565,0.025126850259118098,0.04748524147175603,0.36634111776947975
449,5.694684876153131,0.12985914363811293,0.15186707087597678,0.41317687928676605
450,2.979305075857995,0.08532941213047567,0.09160017911231898,0.9019086612388492
451,6.397185691299298,0.0638295876395449,0.1051371978005807,0.8977953470312059
452,3.4408843922951666,0.06805929148359423,0.053279488459542584,0.3851910261437297
453,6.682518199936621,0.09099346741010098,0.08732044632951873,0.7340662591159344
454,2.988027086331742,0.17389915097081088,0.17965546572953148,0.695412680041045
455,2.089289154509332,0.055268210731952455,0.08359238833132024,0.37626469787210226
456,4.336439204246587,0.09389314406346658,0.08860940920452164,0.5754012768156826
457,1.8451475690534629,0.02798841792494391,0.017598676270578636,0.25075884675607085
458,4.200667080335105,0.10925319328610865,0.11503970824660385,0.9181640557944775
459,9.74357197384498,0.24059302060292803,0.1909135501733045,0.3477588063105941
460,7.3362976490174425,0.1923580358766761,0.16467608473790113,0.3091417900286615
461,2.8231827968278824,0.04236781870441986,0.03673439026723155,0.38567574694752693
462,10.268836664530514,0.17136886075989163,0.1331449398351426,0.9180464912205935
463,0.5429819407591164,0.002745965795910649,0.004163965062843835,0.18824229296296835
464,4.645079990519315,0.04112946188750743,0.05220764500418509,0.5149100990965962
465,6.200512893583275,0.12232245565265025,0.14558299697263674,0.9266461892984807
466,7.785180549763436,0.05167211413550358,0.0645555300109088,0.8709931178018451
467,7.33353640137378,0.10267062041871738,0.1167011282141027,0.7884664316661656
468,3.1853411406732537,0.02058761883623471,0.03561466368385714,0.8441239967942238
469,2.2233244343873446,0.15096364052350705,0.1415481385654268,0.6994618847966194
470,7.272444674215621,0.135865981761105,0.14253635212366184,0.4213892798870802
471,3.386716593832107,0.024037702880333352,0.03893731342065646,0.27552045369520783
472,4.61282949032884,0.07416621553392272,0.0769776142253859,0.912597896065563
473,4.610025766882138,0.04525844849183296,0.07118333694475473,0.9188045579940081
474,5.495182798886588,0.04308374951657334,0.0683805739454066,0.28726554196327925
475,14.429999222506048,0.13776037255753204,0.18359440379040762,0.5535574671812356
476,13.203711559824068,0.24870340636724358,0.16713567222115996,0.47704404313117266
477,1.7812403794518537,0.10315577813623764,0.0954210556746648,0.33904155204072595
478,1.2251905097265519,0.010165497104154302,0.01672847998004584,0.25073293736204505
479,3.494210711993189,0.05407191377646715,0.04392112013243648,0.26280190609395504
480,10.59097150205432,0.11206842040551128,0.15601226025355802,0.6042692777700722
481,4.451020245424609,0.11824263767959843,0.10900401196440945,0.6213884619064629
482,14.8710208394155,0.1810650314739513,0.1192012844304796,0.807251688092947
483,1.7480687652048323,0.11118751128960729,0.12165704736115543,0.5907078650780022
484,3.0292478406521104,0.04708905239173783,0.03571519098218811,0.11888605495914817
485,2.964688582773006,0.03872322742638314,0.03671689830434631,0.33946929685771465
486,1.4939289004004945,0.046392496743011255,0.04033208038564908,0.3300622566603124
487,6.3112185975336255,0.046634550479073875,0.0789763656624822,0.3486186992377043
488,0.6411122237390816,0.1491303379019025,0.14741070065756307,0.9147251290269196
489,4.876148289095662,0.03684268214619568,0.08001558706666621,0.920442664064467
490,4.358111743587548,0.037668965215267726,0.02907199709662457,0.6589116030372679
491,1.540429521958506,0.1381037405262863,0.12755219983680674,0.34742647083476186
492,7.456225487209217,0.04602088064815976,0.07977674511012423,0.4506663689389825
493,4.358816628314774,0.088846006338639,0.10581568831659097,0.8576521426439285
494,4.061211065035457,0.10375469782689362,0.1334794465389127,0.9381717131473124
495,5.738134481975797,0.05751867470694469,0.06114110452034234,0.5196132380515337
496,0.7810298338939444,0.04625903567031144,0.041964874301511274,0.29563532723113894
497,6.4858965441114025,0.0987677869054519,0.06971198164651819,0.8921789629384875
498,4.560405466573858,0.07268265988242743,0.07728942548751584,0.6768417069688439
499,8.097314652970768,0.030415930875917933,0.09000577519575195,0.9148475620895624
500,3.0642513452614333,0.029555794192267323,0.032474949956051345,0.2865788098424673
501,3.3568249837615562,0.12584882782339096,0.12697342165204473,0.36645212303847075
502,9.50199995565165,0.11547912228249219,0.15243022569389522,0.6570288632065058
503,6.864273417089124,0.11759683982591283,0.15244933067220107,0.6939255576580763
504,2.7920806890247016,0.037660830362344716,0.03269897695561061,0.21506561199203134
505,6.979424150485116,0.10460879977374848,0.12252415008418843,0.6415595440194011
506,9.465198714667526,0.14794819695655992,0.12230201547031244,0.6380489049479365
507,7.737371269283534,0.08094596227969988,0.11639366017462853,0.32220783783122897
508,3.822408579998687,0.12261217139465938,0.11561402535728459,0.9156316868029535
509,6.233729055611208,0.1170881147600457,0.14543498777320796,0.845581638161093
510,0.24128108199737938,0.001429258163556384,0.002062612547308284,0.14344483520835638
511,11.541215446444069,0.11918481592127661,0.12434262081024057,0.6956685679033399
512,1.7980433502967363,0.08565350991434052,0.07795419875262082,0.2067585838958621
513,5.386215546723116,0.14186071040401504,0.15935412320886339,0.33031912287697196
514,5.909467318517506,0.07195766946536002,0.1070408739018814,0.9297690000385046
515,6.488957451067995,0.09581953354169477,0.14635344661747807,0.841211651917547
516,0.8089765710959905,0.005656700885260889,0.0051915943036164045,0.11893740482628345
517,4.77099135397615,0.1340818540169858,0.16085747553048793,0.7676813448779285
518,11.935691848463009,0.18138290838673593,0.09534238970643902,0.2684109718538821
519,1.0631313342343545,0.1267853583646655,0.1352205428135567,0.2639800049364567
520,1.5968270546989067,0.008509878978983393,0.015023170717951628,0.4100662390701473
521,6.811633745971505,0.03638345936782902,0.07862202423407459,0.8675457090139389
522,6.667029736580519,0.09805962954422494,0.12429984718425645,0.5307585611008108
523,7.749680638643747,0.07424782797421622,0.06340129597488879,0.8670416558161378
524,3.4014685728869676,0.15163606195191928,0.13849471103561312,0.17313382402062416
525,0.616499503628555,0.15732814284297447,0.15451503637600464,0.19635927909985185
526,9.041476335720152,0.10515912404053346,0.13828778315313645,0.542400763835758
527,4.062183096584335,0.05576804906899002,0.054334799836233696,0.5516472342424095
528,20.434167934788345,0.2096729578234674,0.1590320604419293,0.7863464211113751
529,6.572451990052692,0.0971474654785332,0.11762372220842608,0.7668968611396849
530,15.579983592505398,0.0928431296270761,0.19101002262528757,0.4946516710333526
531,5.495930852401011,0.033313853128654376,0.0638032873292814,0.5764102567918599
532,0.753893346302677,0.0051312928152217096,0.007157131480496619,0.2148562311194837
533,0.767536356600006,0.17650469239329405,0.17770579421497762,0.3933523246087134
534,4.3677077429607145,0.07314817923983309,0.08823348029793474,0.34905150486156344
535,2.597520073059942,0.14818268154923847,0.15020913465979402,0.47566991299390793
536,3.014539019900111,0.05267440791667992,0.05993383833860122,0.18899002112448215
537,4.255044385515463,0.051405574617906805,0.06009553593159009,0.37511237896978855
538,1.9854108191774251,0.059888879514204234,0.07141434066267084,0.4588053277693689
539,4.790510938646014,0.1516626164042833,0.1461810766963489,0.46083842776715755
540,0.9344722167165631,0.01158002677921256,0.01067827769563857,0.5583432819694281
541,12.943188969181868,0.11848024382780976,0.19103663988857067,0.49627082562074065
542,5.7158605670273035,0.08300778958209593,0.07164081142401615,0.29386485600844026
543,6.976217236737912,0.06569593387509635,0.1210786089403784,0.9203238277696073
544,6.420916083662051,0.14761760415323077,0.1479076012894026,0.9166508731432259
545,5.900452505587637,0.06253203066516576,0.06639650894318862,0.5683110961690545
546,10.533263750057593,0.15478793707868516,0.13436139001058903,0.9408631157130003
547,5.963412025330238,0.1387109320185727,0.1323646089759131,0.752628605812788
548,2.4889808981973967,0.0722142670485173,0.07446666614192139,0.5306207835674286
549,6.145740777227659,0.05446171075962418,0.07051187466140092,0.24410726176574826
550,6.8551324913662395,0.19127185385084086,0.15977285735414945,0.2945232018828392
551,10.27098700597212,0.0852169156984992,0.10063249253365708,0.7707103886641562
552,2.9501564306087986,0.11894764678515415,0.10438797140623737,0.36599201476201415
553,4.400105261482792,0.021344564689832323,0.06491662230971854,0.5215045600198209
554,3.6447416954531393,0.1430786206018019,0.1461803996198512,0.6353947827592492
555,8.767521122268327,0.12924868016444224,0.1408187482728856,0.8970838896930218
556,5.8443050823515845,0.12476960271055709,0.11084691230352707,0.5689012450166047
557,2.8887426145262944,0.09599872570209976,0.08853204161013078,0.19736839598044753
558,10.839060952577757,0.09156838661071372,0.12065034793552608,0.5130184679292142
559,9.875035411271638,0.11042478295801228,0.1454266041362709,0.4407792817801237
560,3.6899258981818384,0.144950180352076,0.13275725448289985,0.33976376708596945
561,10.464269414335005,0.10130591780589594,0.14078819932021694,0.9423275720328093
562,10.057020928073985,0.1759935818175741,0.1293317334982427,0.6418040171265602
563,7.293983475012629,0.12429126620664015,0.0879452387700225,0.8200130509212613
564,4.49661381490112,0.11723804641206753,0.16666128823786788,0.5129032880067825
565,6.463244058060574,0.13942949627716195,0.13218653592033644,0.6012673578225076
566,9.074883592951302,0.06821546758147046,0.1054186162105791,0.36636174796149135
567,3.8044231042614873,0.024292588732457442,0.02674158586366276,0.5582281327806413
568,12.141222319122212,0.07099378475884537,0.14169811890483155,0.601843349635601
569,9.69697648879011,0.05004786880820054,0.10915811154012654,0.5860025002621114
570,1.9561024058902161,0.17504979002804916,0.16190356825367833,0.27531100204214454
571,8.992725203220209,0.16662906435803562,0.13398391634452875,0.7249170299619436
572,3.0002401839787303,0.1404045682080609,0.11566917125585187,0.13542455108836293
573,6.8659939766866716,0.07421818236819651,0.0778106634234332,0.3305315519683063
574,4.4346017558648105,0.11188975993211657,0.14153718839555546,0.9203506736084819
575,9.596724135230865,0.13030485471945086,0.11060713301459436,0.48163760313764215
576,4.251055501623442,0.126218813005042,0.11738535179745797,0.9320079819299281
577,3.875573493609267,0.049917738720302834,0.045869574677936946,0.6595271341502666
578,2.646680270500616,0.0966248671130214,0.1118398337372351,0.1692839260213077
579,4.487868003926104,0.11397110823401564,0.10688010551936777,0.9146096841432154
580,3.887234440285724,0.11602065262934587,0.1374886125848614,0.3840094720944762
581,5.80702785810098,0.06595978636031977,0.061277479083744014,0.8722902820445597
582,7.780637393337207,0.09076619838633851,0.12068313789359615,0.9375777379609644
583,8.034870338599106,0.14587352868312994,0.13842526055178087,0.9186192122288048
584,11.360500686499485,0.11563225712491737,0.12850473233452553,0.9137937920168042
585,8.768350095894757,0.13484390495231557,0.09765634461836756,0.2577306912280619
586,10.117671028246653,0.10252075144237709,0.11812485724892557,0.7335780132561922
587,5.426274200483019,0.08286003845795627,0.0962998719669718,0.37236111192032695
588,1.2079078860897094,0.021062961183802503,0.024748696960372726,0.9145321622490883
589,5.108568332563594,0.15484060856472154,0.12739841089064,0.6942794090136886
590,4.382529531196341,0.11258061172966416,0.114067221131713,0.6364600611850619
591,0.37411384985885,0.003997034547500577,0.004612759939476918,0.5536369611509144
592,1.0021452777790105,0.12444880362370443,0.11864268315450849,0.25597458984702826
593,7.394584786017538,0.20236803460014258,0.15123719915822686,0.9142165938392282
594,0.4751984693501826,0.004567334399499786,0.004536778117513695,0.1913749249652028
595,8.7243513114855,0.1078066414071748,0.1261380471009703,0.6429483420215547
596,0.7623305975125648,0.013832408643032966,0.016105542622154616,0.4041900527663529
597,7.066203856932791,0.10321740944941364,0.10001042743745207,0.3940022876486182
598,67.79727743885078,0.6294958679830649,0.3788637137233486,0.9142406396567822
599,3.818802205158321,0.09554713676969288,0.0991813711105909,0.34908445412293077
600,0.413218013428345,0.015524903527401575,0.016931875293793898,0.30509267281740904
601,1.332739538838585,0.058938888302659025,0.07152685866483106,0.29680953826755285
602,0.5861739854740802,0.007244814533258236,0.00859285795304839,0.6057588318362832
603,5.070611680619787,0.09194233840749591,0.13582502695874962,0.3846784899942577
604,5.631856083521688,0.059267325333268284,0.09207646626786735,0.476372507866472
605,10.583197253734763,0.06621237543087924,0.13630796864998582,0.9163175481371582
606,6.7810322869940824,0.13292600667165352,0.15110306247875438,0.513326799031347
607,4.241307780177058,0.06209551149381407,0.08209223479011636,0.8960880381055176
608,8.772406138984943,0.1335991699407943,0.13558610186823514,0.7863358682952821
609,1.1896474778050743,0.1679339324899292,0.17983644751677202,0.3842787458561361
610,4.019944196558486,0.10244734270062673,0.10654269512557227,0.4691509329713881
611,4.032617893772974,0.1109953224650529,0.08553499366925785,0.677044624928385
612,0.9762083049897511,0.025587221335183975,0.0280980708932484,0.17855258798226714
613,0.9608047888134714,0.012204378047707782,0.017422939204710435,0.9145529470406473
614,4.029329460565496,0.04554853561702795,0.03587497162280556,0.3573651760816574
615,1.7989567516176623,0.02345010515346991,0.0175423744375241,0.26163305388763547
616,5.27050978641964,0.036727388448118195,0.053227999160146366,0.32232452323660254
617,9.955717729889956,0.23187996574823047,0.17508293088307594,0.7133404221385717
618,0.580042439261023,0.007508714827911308,0.012023605298275269,0.3750782087445259
619,5.2389894821463985,0.1137316970438136,0.1503529148510639,0.3301850212737918
620,2.434598889098345,0.034890485887105936,0.03076194283079443,0.466434339992702
621,8.113924457154086,0.07953622126395356,0.09544862556494087,0.9166422537527978
622,6.149125368179707,0.07340438309912783,0.10264681537749058,0.9244993692263961
623,8.55507930641824,0.09825719475593409,0.14826390027659284,0.6022085137665272
624,1.1492286260971178,0.02927825577978627,0.02757890644950252,0.13533672131597996
625,7.368475630958043,0.10628275389290956,0.06456321353374726,0.45070403488352895
626,1.955193431528134,0.06570737342172903,0.06452665694966671,0.8954045227728784
627,3.9582921245994984,0.09427831089816308,0.06375895091161647,0.18630203511565924
628,6.294022125496142,0.05264570630942453,0.05770867126084653,0.4518954041413963
629,2.8542162126131503,0.08249996624262557,0.09943434820518401,0.6278600301593542
630,5.732065459558402,0.10832243002428352,0.09294272408607224,0.8589505502022803
631,24.06016417581053,0.3078127574976705,0.27617012750589576,0.9379145978018641
632,2.6573922562377716,0.037093045110265795,0.03995672853417208,0.9209611336700618
633,9.572868747401612,0.14115464863683805,0.1508196006037498,0.28523442102596164
634,6.656400650271776,0.06701693903832236,0.08797367812999189,0.6952526457607746
635,1.326531913131763,0.018791281615490173,0.022138606353388095,0.10411194572225213
636,4.429547735513685,0.08578706312514034,0.0873499996854324,0.6571180280297995
637,10.341497587498305,0.1423602058720669,0.12140210014526118,0.42165332986041903
638,9.147630240040328,0.13972857924945303,0.10043734855839535,0.478893403429538
639,7.590737717075913,0.14881805400904485,0.1000594494513483,0.6969737811014056
640,4.599495832612393,0.09461618489498422,0.06089285374546531,0.18423607992008328
641,2.385606604292679,0.1517570564815624,0.1389205253339694,0.2152256751433015
642,5.372834533805836,0.07960656639993038,0.0660016741377649,0.2205316941253841
643,7.382067370292807,0.17634346311959886,0.14933434452621622,0.7316642319783568
644,6.584508948335098,0.12545988645655984,0.12378106740339276,0.40284236893057823
645,14.788793493282974,0.13626382723542008,0.16007275671177804,0.9618835388682783
646,2.4671356811939735,0.00979734469230284,0.03370675696389382,0.34804814774543047
647,4.051161176757099,0.07881986407786827,0.07923542041663659,0.23208998003974557
648,1.6872921179749212,0.01213550527544917,0.015211860198355548,0.4212320428341627
649,4.660180804373868,0.06130344330390183,0.07132306815674633,0.9615161409601569
650,7.470436043302142,0.09225076079758948,0.11347137569005374,0.5891889529302716
651,3.016209847265509,0.042558286521756625,0.03938237892064539,0.36758465925231576
652,10.075268482830367,0.12275019883682145,0.08955301438824687,0.9156718240119517
653,1.622236811793332,0.00978321657011201,0.018218781446620817,0.26880683936178684
654,1.6110673606473214,0.011753290415055769,0.010126772044685404,0.2021471750922501
655,7.240519881215786,0.11182516949703726,0.14932763366830348,0.6945934039540589
656,3.04151170554191,0.0775587765452675,0.09004339253720024,0.20690638106316328
657,8.77471317164268,0.12893048643234287,0.15200242852501947,0.4759349259547889
658,0.6338742388304452,0.00659213728564763,0.006105779815207462,0.5198500868864357
659,6.939074912241299,0.04091532164234007,0.06144391229827509,0.23344076797366142
660,4.101873852831346,0.12479027071609579,0.13107489529562286,0.9164437353610992
661,8.468844508731989,0.13426313474937657,0.11355621884386377,0.7915254887193441
662,2.822594753492821,0.11464253585388746,0.13275598296460459,0.8957952340133488
663,1.3109778475308207,0.0881429450217389,0.09003278446273807,0.5592682571150362
664,17.282624574174548,0.14477354340293974,0.07724078889987979,0.8191402950324118
665,3.749075390497402,0.07324454053993953,0.07098353612229215,0.4055102369748056
666,6.3492814924599275,0.1629658013395591,0.10193871829711666,0.4760714303702116
667,1.0417752789927914,0.019922052249511758,0.017899729292866328,0.48313044058158994
668,2.9945448181816494,0.16382299779435416,0.1618731057172192,0.31113110296428204
669,1.451084168963235,0.06892001707238418,0.06134595809293799,0.5009340769611299
670,7.017490184167192,0.0560867675680794,0.08870404296838942,0.5069536780938506
671,7.871469326570374,0.043898820542941724,0.06360106429853202,0.676487160846591
672,5.5633156386178415,0.05822622967594564,0.06383978323972032,0.5157105787657201
673,11.66128930929445,0.03027526998137727,0.12663806317007492,0.8910517189651728
674,6.750817957428177,0.17515026682716262,0.17390232932305075,0.3294635717757046
675,7.962693123888612,0.162224950068325,0.1454770350562395,0.4769728472456336
676,9.989003807711915,0.1611948802647354,0.12052174891425974,0.9191642659716308
677,4.095877622050747,0.11564759007961273,0.12265107769555257,0.9136374341323972
678,3.1213299579484715,0.15060023622153115,0.15664887986270726,0.6037662238813937
679,3.123918249911744,0.03790488309544696,0.024092406951711883,0.3581772786565125
680,7.265131880218938,0.07521721740381955,0.08841310022710142,0.43997687194496393
681,5.082445700576792,0.08429403458907946,0.0522647071737185,0.19094111630693078
682,5.160843174460364,0.11344214644251846,0.11063452515795837,0.9151963912881911
683,8.289100052817412,0.12403538038332422,0.12741735442459728,0.7514300299808383
684,10.281410611869296,0.049387480761810015,0.10730809342359261,0.36629362730309367
685,1.704347789679726,0.14553232931530932,0.14539904129759224,0.5507998680695891
686,10.302370460287646,0.0697494507381826,0.15122135573579448,0.9140337137505412
687,11.901834487082349,0.07645461136085187,0.12850971534782285,0.9314925270155072
688,2.188846688045504,0.024337244406062955,0.017941801746998935,0.2968370299786329
689,6.422942268897569,0.052628753934533125,0.07570267354755392,0.6226463569328189
690,4.300875914296308,0.08229558914445022,0.09988376737186513,0.7334098150022328
691,5.63880144840939,0.08109657072455369,0.03246556009365483,0.45216518780216575
692,2.3122297191031382,0.06580407330786563,0.07747180643805905,0.34794343495741487
693,1.9530596652524315,0.014418468071425921,0.01042042640720645,0.44616035418584943
694,8.90448862513163,0.1826801717556664,0.10494859852982293,0.9385163430124521
695,3.157308208938778,0.11664794737155595,0.11352783977774766,0.8845302201807499
696,5.526438651182048,0.10253767659063061,0.07431038657026547,0.9186149649322033
697,8.039626855827372,0.06351394290050764,0.10949611368095605,0.3563291300088167
698,9.607457532735584,0.13944723647954882,0.10915201121595676,0.6600445257499814
699,9.326282025961456,0.05390026577590899,0.07401124507381202,0.8910628571175039
700,3.652196119063231,0.1262070107111648,0.09925906358932848,0.9614063538610935
701,6.520050881192015,0.0761657478941377,0.07237199207216582,0.5487474440596998
702,6.400568027174123,0.12618209374148306,0.13713704751654068,0.33847780991345644
703,6.693997097943776,0.06465901847540678,0.07790100251695366,0.45943024894222617
704,1.5978834440160927,0.1602122163211515,0.16176205695766915,0.2862342270091176
705,0.9632774553280714,0.009864758812232186,0.011125106015371259,0.8048697491176426
706,4.0034203662882755,0.0354035954509212,0.04368522394315022,0.10162124503403902
707,4.085420663063674,0.024499754657137305,0.053682422976549245,0.9137168959714472
708,7.497736526369944,0.0480548279306207,0.07324778770181614,0.2443089303560555
709,13.48373197678517,0.1848941680324113,0.12868296695890274,0.9241692731156945
710,11.547690203566134,0.06650153773504161,0.11689269472445561,0.9860671977512538
711,2.3072166161614027,0.031124716837360927,0.023648260589159375,0.15683234110474586
712,9.503159824274151,0.07305638171135691,0.13929655586693382,0.9021035959012806
713,3.007500380972279,0.11029914529427842,0.09952690132939362,0.7362466887570918
714,5.055148626940842,0.13581674748453282,0.11828071551378605,0.7694571949541569
715,9.558884089733898,0.06906635214815997,0.11315975862554097,0.8785572149790823
716,5.164422022911083,0.05863571829664889,0.057986430742018036,0.2755154329352081
717,14.929146389550251,0.11070984213887228,0.10495633452386004,0.9147323411889374
718,5.813171175887422,0.08204923977821331,0.06432325511016909,0.3491852628067136
719,0.3761735996172394,0.009447784153448258,0.008439567849642941,0.14727497473359108
720,1.3133304852525705,0.014918807022465102,0.014800710975515883,0.23854472022503614
721,3.663832343017873,0.03452397085188664,0.05823219059510293,0.5007870104163885
722,5.419406276713831,0.053859098173328686,0.06102845766444004,0.9140545595437288
723,9.614500762839588,0.05021953874894294,0.1682775377563406,0.5838262671604753
724,0.7609479150775632,0.021280746239404753,0.017611609131473967,0.8035265696235001
725,2.951466088600702,0.029884652552968165,0.039349563950661214,0.4138734759762883
726,5.748763342932589,0.10538221600635626,0.09289522969017211,0.4460274502635002
727,5.693038989888204,0.0745535826304908,0.10552809339774505,0.49395428830757737
728,1.4325942566567629,0.01919460130889982,0.019005732790280824,0.15645180502906442
729,2.7609048744562843,0.09603500594921616,0.08733202107311303,0.9204948227852583
730,12.1216733051622,0.08212667097371795,0.14139347921895531,0.567433247808367
731,8.731207822999941,0.07106648146020622,0.08687917884509684,0.8260142146609724
732,2.6624606174115835,0.06581774081417914,0.04996100910318264,0.8940138202160597
733,4.445979538893322,0.07654640737097486,0.09868518138274632,0.6590189039707184
734,14.222848597159388,0.16720301870347726,0.13295068942448693,0.6234908108599484
735,12.613693671989296,0.17084864496893715,0.1656734795339991,0.5132280611433089
736,5.815394664954784,0.11344608526550672,0.10475102345785628,0.3855942473746836
737,5.944581607635712,0.1181512550683995,0.1267928265178404,0.9146067555993795
738,6.939842280327142,0.07583433975879462,0.12309267719404877,0.6419371389783919
739,9.607968959339804,0.05305843079451648,0.09316267737909728,0.8911874992772937
740,12.673286092791729,0.0913236876117905,0.15750501292839084,0.46995284175500274
741,3.9166960334702217,0.1262042799326271,0.1497655439025625,0.915769946295768
742,2.2160066980749495,0.020746803739132996,0.028192424773203013,0.4112246469594538
743,14.431968006554564,0.07704701815244441,0.13814777632133377,0.8474745159037411
744,1.8240387905849127,0.03344115470208476,0.02224443884264288,0.3038276759907603
745,3.097963900387336,0.1048253940198103,0.08806483017195713,0.9147904082201421
746,2.4191694774875976,0.026386006641220188,0.047236948005571634,0.2520300201140344
747,9.994230813181893,0.04562688174812995,0.09847414966856878,0.3385648247785866
748,2.064743031356993,0.020908426543700304,0.02094781564852868,0.33046725671738386
749,3.573529815266088,0.048170593898469075,0.03851825462013918,0.24917386611923575
750,5.604652766329933,0.11074924189208671,0.13934490648529574,0.9169752821326256
751,0.8225464805389232,0.1247746186391226,0.12120777597233107,0.2031615530140698
752,26.79227397119284,0.22738990990325886,0.1457134980609072,0.9359501590952277
753,16.340154017299717,0.2683471307734397,0.17230801521587238,0.8458652994595468
754,8.926622714375204,0.11442320149051911,0.12007209978230013,0.5687021519988775
755,7.399330118954796,0.09270873240539865,0.09519221182388117,0.9142917590215802
756,8.028546296150475,0.10770259302413286,0.15075396216249848,0.3848418900743127
757,2.855152875232816,0.02380825764990249,0.036889548357438705,0.21535107912495732
758,3.362565734523019,0.09029035134441646,0.08902723565297391,0.8052554852329195
759,1.9362110044283767,0.17940253148915764,0.17876921314832578,0.2745741568505764
760,6.559080313266572,0.0571156767020725,0.11310443026084109,0.5307188089936972
761,7.703426698793709,0.07009772383292034,0.12908413256605553,0.4502532840706408
762,6.23666486819192,0.01098561878194347,0.04624384273184489,0.25110104586929083
763,4.859356082028984,0.07975474856304217,0.09403441862669781,0.34759692568331957
764,1.833296909248968,0.014332831707944273,0.02595621040918747,0.7138013108633459
765,8.842718965795283,0.06297138653178762,0.13055557712121307,0.9154493198730052
766,4.116146608944255,0.11317291359549969,0.15064351175129045,0.3940789168700576
767,5.3870133162252225,0.15143807018500832,0.13938511307273424,0.9174689971841872
768,0.5283882778097346,0.004393382506988439,0.005495406902634242,0.1693058032542467
769,2.3604135451695374,0.09037407374020758,0.10171040367988875,0.893494931049645
770,5.803817009615402,0.14259113553383893,0.11677346814621399,0.21154630975797772
771,8.220832218386358,0.05849337341854196,0.11887285325791898,0.9159541577100754
772,5.166328180349714,0.12193350585340311,0.15673021540089155,0.22096043406054378
773,0.8393492915315917,0.014658962837256422,0.011515419053087023,0.6432630270719528
774,5.6685918768647685,0.14629258219824498,0.13836231650371777,0.9155178391374648
775,4.612111367716307,0.046762406370087384,0.06706973955331672,0.2754595223814249
776,9.40758566946172,0.022303690417312012,0.1055980608300058,0.8569295797497034
777,7.236461735174031,0.09418891199146721,0.0861636946864051,0.457215481903404
778,5.502013197367495,0.049654254719822134,0.06394396326317445,0.3750087940134108
779,3.3526563295522642,0.07193774917759642,0.08460368649427066,0.572024879977107
780,6.742119014663285,0.0789124996165631,0.11281788831084846,0.479484346229583
781,16.897673509442335,0.19977092384076628,0.12500571780666808,0.5575371440500021
782,5.346764388904197,0.060910540779353546,0.04493608407486528,0.675668615847826
783,5.87893893845347,0.201600561025994,0.15746235930877708,0.9102556128054857
784,2.761486562358921,0.15652996074287795,0.14935618376667242,0.6983270030468702
785,5.284363582344118,0.09030793878001958,0.12712667989388624,0.21998854167759418
786,6.623155387706313,0.12987197769877537,0.15409812648970717,0.27502990094944835
787,6.9486146246108795,0.10967201876794326,0.06298546721039985,0.215569572057575
788,6.625992938851284,0.0646945750200068,0.09575112716629361,0.6045132242143154
789,1.3168568738180428,0.06232219828755587,0.06766683589709487,0.17845359491184354
790,10.393148167003305,0.03748616341161172,0.09989500636440336,0.4817842566408217
791,8.195419292195865,0.0872618069261478,0.13407439287221815,0.8455537972040474
792,3.4226915827916007,0.0940729289075645,0.11755318674063173,0.4212536416016519
793,0.6129677955797848,0.005858039453490453,0.004231533759107644,0.13532016798853874
794,1.1476229160059372,0.0874191669164977,0.0917147177721622,0.5022100280039012
795,7.694751358481145,0.04225683001511247,0.09409750986405657,0.6757529000751674
796,4.656013183028478,0.12517479402370027,0.1323925920095672,0.40140718407928944
797,7.466088070024491,0.09798522412357681,0.07681357235726886,0.5104654119350016
798,5.213738359628431,0.048575875425405646,0.04316162968114462,0.5891547277569771
799,3.6797318878380465,0.1538570846022555,0.13589857991562815,0.29587604803964496
800,3.8164827045901815,0.1283454157779477,0.14472365676401494,0.19144043186679482
801,9.447302629227453,0.1331360449292786,0.11595862253924132,0.9159120661206543
802,5.422326773288604,0.11977630911616298,0.11658858950202929,0.49520053807646036
803,1.855350199343031,0.10535276697769784,0.10200923051440643,0.32260180497542024
804,11.648443838572371,0.095015374623384,0.14025217336648116,0.9257862498052418
805,6.466945029109737,0.06528075658753135,0.05347255100750322,0.6585436700843275
806,1.986589041249529,0.05380192218880102,0.04609866094456504,0.9166193814016879
807,1.815066812176878,0.09393579270115236,0.08388933322611287,0.8976203338243067
808,2.160231410364829,0.02041898345197971,0.03135153709741501,0.2562414570711553
809,8.735842772179444,0.1670901882883133,0.14278735158437367,0.5114706982858479
810,9.408681784283921,0.1454577349592383,0.114151291681549,0.6044727298431098
811,8.940264052798167,0.012836962350373989,0.07213132537418684,0.40731369610875845
812,5.7824656608022895,0.07658751149838884,0.07960625828560167,0.30305026890709996
813,2.972744444104237,0.21128845224785175,0.19071747370771908,0.9143547918647528
814,5.447890747127066,0.06247592520228762,0.07832468979000863,0.23653192119672894
815,5.308540785268292,0.048468162769881896,0.06619495936952376,0.6387380538508296
816,2.870963383067031,0.02806120517509676,0.03705664135914771,0.311321466229856
817,8.956501239471976,0.03979766311686961,0.08839040159860828,0.5449647130444646
818,12.20062694626897,0.1647628128072364,0.13322928006225562,0.5125880730338395
819,6.729086279638048,0.13684672297611886,0.12346759246456923,0.428511552978307
820,4.8387061752298015,0.12571991156278964,0.14769779213400885,0.302945994772017
821,8.460537832600583,0.07987228336244201,0.08844406254319588,0.47628272604197264
822,1.4760199479169709,0.125658742816026,0.1345650261517461,0.17364859208464622
823,3.4542973948072433,0.08713132606990857,0.10859732832147297,0.5452872458845377
824,4.631026208621071,0.15547294419498112,0.16306222687207433,0.31233726209029555
825,7.604771949423763,0.11066925109156298,0.07316045577682936,0.27331162290647626
826,4.5445934616092645,0.15088478799946364,0.11845082009119741,0.4785556332208216
827,1.927026177609272,0.007481894455277845,0.02740737626749545,0.5446214000694454
828,12.036597099951788,0.15961385611148637,0.1723409563831533,0.4130055159330368
829,2.894461110472092,0.015295409584948606,0.0323040844585126,0.2336510131135583
830,4.526852210068855,0.09132767114767085,0.0928549020169613,0.24429683294147253
831,7.7262281177485,0.08574431491189553,0.0988586096333116,0.4837401215918362
832,3.0912141796571464,0.02881838578282138,0.034206790257971416,0.6829037950374186
833,11.845936899319698,0.20010244866993349,0.17532998180206105,0.9317393787205219
834,2.4130676964894495,0.1021548123888593,0.11065345559044791,0.3595371600240469
835,3.195011868198697,0.07835556968841019,0.07187916451580673,0.31211880315095186
836,4.99548094399934,0.04990658340632033,0.0710310892623223,0.44031348126009107
837,7.051543589435327,0.05186955696458285,0.07141377254936351,0.4106881972402334
838,2.6072347627671846,0.03162718827492255,0.034759714483161744,0.4417381165549159
839,5.923011351008281,0.04561198934728301,0.05719909659843142,0.8300228049047291
840,7.92924364234571,0.09125164181533896,0.09858130010473476,0.48916653357446194
841,1.8930029157248627,0.02878503613532501,0.03918651054816258,0.8979241638444364
842,6.632672513232799,0.03600967106076914,0.05484842396863711,0.2860062913969159
843,1.197738019714358,0.012641686118515513,0.01564442313800059,0.3762521259486675
844,3.515600178643866,0.057864200089081275,0.061281013763438794,0.9174328446388245
845,4.662293699263125,0.13850295241541424,0.11359860366538416,0.9160345587879419
846,3.9506817097711977,0.027292734983914286,0.04590834865519923,0.4215524736791849
847,7.533091662405674,0.05382025455937361,0.10258781988485488,0.3309070630930364
848,0.1891909253706733,0.001871488189926865,0.0020069782304762895,0.15054820431396365
849,3.427387725428053,0.0627557994166978,0.05680448980584155,0.7174135418608785
850,13.612298396204979,0.03044179527940508,0.1302863556480559,0.9392037498764694
851,7.427867600797103,0.08929679981204815,0.08964569247621099,0.5666116233915091
852,1.300296609971022,0.02155207406959175,0.019972526118925613,0.26927450299263
853,0.44198355589268984,0.0029238817407777552,0.0018614744668611946,0.13303782884031534
854,2.468317259881441,0.08379007115119382,0.08366682071185251,0.32693305891007185
855,35.96813715557265,0.28971842208823595,0.4112375904811951,0.9622448990121484
856,4.109359584360334,0.0733319723657637,0.07057532495284449,0.3591129439882934
857,3.179927562096794,0.039541187010008076,0.028237813227938807,0.641824321821332
858,14.62623823822104,0.08553682126423608,0.17978105842890718,0.7862931271083653
859,2.4682796272478966,0.05196128096672733,0.056405283446732964,0.1693559167906642
860,4.228824712990667,0.1163947133015323,0.15154870627812334,0.9381931000389159
861,2.3855767009715363,0.02884671533563779,0.02464082387204942,0.43623405508697033
862,3.390111248787999,0.08157909173626807,0.07669595445954883,0.6437607971020043
863,3.7295823843538685,0.13453600450618527,0.14449916661710402,0.5498027792200446
864,6.831358490073772,0.021842200598087363,0.08788288622852818,0.843186744954437
865,0.8595807012493136,0.018393074136286745,0.02107996984175824,0.2926776227541268
866,5.88183393860212,0.07128039267226405,0.08790820200247344,0.3305229847319424
867,0.5467691643096022,0.030989206796035867,0.030599584333530386,0.6767672603018582
868,4.978585215322306,0.06151459458293673,0.05481770669750796,0.49863080820068717
869,19.639195487377307,0.1939114402034569,0.16087562159813293,0.7116296971216798
870,5.521194727744025,0.04538793289326881,0.05626804121039857,0.3933141487650573
871,6.6511716410537005,0.08103626204152567,0.06278372514132778,0.585541162174195
872,9.143339925427272,0.09322079549710036,0.11547587980950191,0.621133673004806
873,8.543904798089445,0.1994562899568465,0.149319024934643,0.9117456250824034
874,5.305501567912542,0.04690227065243152,0.05523365446417845,0.7689352249726653
875,8.344140468462083,0.06589579424227467,0.1257030559437884,0.6815110659226775
876,5.630840423142014,0.053975923344905044,0.06166791630318746,0.914221924263984
877,4.868781200699406,0.09289918110831381,0.06775606183602978,0.9090504506602883
878,9.821295337876663,0.03070513857124303,0.07709186772439082,0.5899195559322834
879,9.905581239659455,0.16990448271172356,0.13643354962759385,0.7503226404078305
880,5.344212968514379,0.11656834280219776,0.11551286703728804,0.62620405619964
881,13.210422169271016,0.12585446581779244,0.10787660953681631,0.3476534802466631
882,0.9858284128220864,0.1627332242312302,0.16844268444644334,0.43948640720918775
883,3.041357190950514,0.16564927784461672,0.15110286617371496,0.32970789773389697
884,9.641359846044141,0.11359102001652817,0.12677462912980872,0.9170503080822527
885,0.6992643978258269,0.00871137218407861,0.011501256459521691,0.24995248764753342
886,2.6572802202470163,0.04065277888198413,0.04412571126793844,0.7130813919939101
887,4.429338234404967,0.12541025545711013,0.13554874001575887,0.8611562349833548
888,3.6059904778122713,0.03651940368107775,0.04855111187119067,0.2512580370530486
889,2.0220471333634515,0.11012154086575025,0.11874895266006436,0.8462676098570228
890,8.987252951218263,0.12889677405720362,0.14951356070892258,0.5440552900545299
891,6.405353728861302,0.072810433677139,0.05437404679777559,0.6768679218366742
892,2.5333502558757175,0.022964024010742302,0.0201683308950916,0.6258590365760028
893,8.487354490477841,0.08477796301576121,0.1115846709270031,0.7937011499889195
894,3.6394722493928353,0.051257932026431904,0.05898044295872706,0.7694184281863272
895,3.7197718939710978,0.031245912009727855,0.04073130924047335,0.35683749290183187
896,10.368265583237367,0.14306356944206702,0.12337596797267715,0.7877814504317939
897,3.4386354656800413,0.010939642641326647,0.033402242346482966,0.6226182067766786
898,0.636548971656219,0.11121716919193952,0.11133325409753839,0.3845165381208062
899,3.722998510461353,0.0743721971315445,0.07240806578515871,0.36666296422481537
900,0.26975503459955996,0.005031127022149881,0.0057673659689874346,0.3745645438320935
901,1.8753134528358917,0.1355870378896463,0.1245761740116384,0.13624858995899558
902,3.1310439689073397,0.1278460793602505,0.15416325111973672,0.8051931280642748
903,1.7581577028183974,0.013842007713904522,0.015020935142835399,0.6014040629379451
904,12.464300524202228,0.16576299456594784,0.12461247275629649,0.9198789880611002
905,3.204824041601042,0.15582773772416927,0.16906450655984684,0.27559431875124574
906,1.3268183786390053,0.061078369925039226,0.06631725768021489,0.7152683157473803
907,3.2345869395668254,0.0965722731662683,0.08851593078810659,0.5676894308999181
908,1.1680313158439213,0.01956622633919161,0.016794124324960847,0.3044139016419649
909,4.62449979760437,0.07458067663282406,0.08913460476181774,0.8911180808208883
910,4.581618504010551,0.14553170973446086,0.1283534985600873,0.503331599291414
911,10.497983132072033,0.12316618374012729,0.13606819012729152,0.23227424221113324
912,5.756054984935428,0.13154351817218804,0.1326850363555752,0.9145503910258412
913,7.5356342524435584,0.12639467058505308,0.13825695035406257,0.3306540520861745
914,6.0123835446842016,0.09280657934762668,0.10035754805579783,0.60420954041183
915,4.912234324216405,0.1266015051139385,0.12348719374574293,0.9154466548934579
916,8.273091108540177,0.08598893387031491,0.0975820837857831,0.6395842833444476
917,1.513079449769673,0.03338998535932946,0.0467371328389563,0.7490042233839631
918,0.3806730199481517,0.0015560824598515387,0.0038165211225926546,0.25707880733534694
919,5.560351118745185,0.13663509528663195,0.12523171721530396,0.5857972200028598
920,4.421637961587121,0.15280843396250984,0.14891405205964145,0.8067559851333499
921,4.8740363347121,0.049122210718704526,0.05732238318979803,0.4643113221973181
922,5.34130585758804,0.0919592839205489,0.06756256363917841,0.29334314400330186
923,1.0984027548473787,0.13456233663734035,0.1378616663395083,0.9148994763381779
924,1.0333574537048278,0.09540412063829798,0.09432199787358003,0.2703529968857765
925,3.7874788471171215,0.11777470150722413,0.13813244747073739,0.28610945912078023
926,9.305257586600911,0.054115682117980554,0.12302212559868045,0.6622314909473062
927,1.14465180669609,0.008884702080322143,0.016260647420654042,0.5915635069832206
928,4.487426751654794,0.009710327210176253,0.03855685528797631,0.5706256129778922
929,1.7845541411613721,0.15675382071651636,0.15830670546859513,0.34807756124064326
930,1.9252070026293178,0.023144943833894288,0.02417548020747663,0.901904315687716
931,2.823441249969782,0.030183188425402418,0.030850658488568432,0.8281221371144056
932,7.350681341585386,0.1280372027075528,0.11663095479468971,0.8896766463294625
933,3.3629555379797322,0.13955863895678983,0.1605699299892324,0.43997942795976996
934,3.128325876921608,0.1975886630353452,0.17144137076537708,0.49415361788123846
935,4.703038543575514,0.14182076460634505,0.14323938669824265,0.9137461869977415
936,3.942469724473238,0.08808798145280368,0.07946336620553875,0.23300182586535811
937,3.5924945070274186,0.07983555642698774,0.07373714605557063,0.2869837530888617
938,4.153939526151794,0.057553333264738604,0.0696995598931201,0.25005256524309516
939,3.693394602737609,0.07755317597326307,0.05608139563179676,0.5379980830475688
940,2.3180861499182654,0.015051849762985042,0.026998788497744723,0.6771003101021051
941,3.897768858632337,0.034792425466818634,0.048658207978900296,0.9014621321111917
942,9.02880528922808,0.06443061941854018,0.07038347315256006,0.4832991468720138
943,8.733490202179025,0.09305867380952784,0.16257600060913366,0.45831206208094954
944,0.5214967798677346,0.007381423318426249,0.011222417702384775,0.6789897461421788
945,1.0622012293744112,0.1101851612421124,0.10282715282092823,0.16992924408987164
946,14.00430899274869,0.013194857968767341,0.12979098115457843,0.9393618339672685
947,9.493331981478853,0.12469769581208551,0.1312523653504487,0.4294835333712399
948,0.20205932778642455,0.10340503082845165,0.10297573120883156,0.31243674317374825
949,2.3459684544847597,0.14441138229437817,0.1324351604497595,0.9153709588572383
950,5.376079193235622,0.06597378934961978,0.06139921214336438,0.3479101858101785
951,7.585416575822721,0.15545147344165577,0.15424831544239945,0.8230399549938738
952,1.8558233459589542,0.03133785180774755,0.02266896153580854,0.286277046892792
953,2.0065571948702354,0.060977517168465244,0.05792319092091327,0.8341492041945457
954,10.302564177174407,0.04858026938318335,0.1012376442774691,0.75078259781003
955,16.507941182567134,0.16792639631547115,0.18766752726619282,0.9327076012268662
956,11.196924781410381,0.18955828067077207,0.16851643444862535,0.4027839140035212
957,9.40984520521633,0.06134500238857982,0.06339427250710665,0.5714442986063659
958,3.6717522535250526,0.0662042393365687,0.10748827235379996,0.3849753336980939
959,7.783614646066561,0.08696347164725149,0.07948139130036547,0.2206478170119226
960,2.9127996678407513,0.08458783197424634,0.0781342970342154,0.3110012738034129
961,2.9933796672816437,0.12274242471434961,0.11500382950397844,0.384346931707114
962,2.2695335629232543,0.11147368695887708,0.0988194315944341,0.8920174459926784
963,0.5228259614649133,0.006387988684879894,0.004721932340388494,0.3941572611220181
964,3.989916299015324,0.11168436193871588,0.13085977146694278,0.27350626280531287
965,0.9007668759652735,0.016323713155491904,0.016793595211094307,0.312566845677793
966,3.8070672509080263,0.05004296112880205,0.07060570322297959,0.34084718208760023
967,0.591596169689115,0.11454867095633965,0.11605765922368555,0.37742060981690884
968,6.7241233435947425,0.13348407222443862,0.12075692977546351,0.2680708556436002
969,7.446361182312397,0.1300545573215413,0.13586343488522915,0.9142021629959345
970,6.68466105991539,0.12616058593784618,0.1299855505369911,0.7113319439813495
971,15.020299026333097,0.07537548979054735,0.16621534059548482,0.9630708806216717
972,1.2776693316244012,0.03967817120807448,0.03429078940309103,0.17328356998041272
973,7.713539141150898,0.1718760185309847,0.14930795728929172,0.42209215508773923
974,8.131723660711412,0.15582284727071335,0.12458274725152035,0.7151131010614336
975,2.6098780902325585,0.06321609583484572,0.05781776151099307,0.769970856141299
976,1.4657155743460226,0.1164262889656739,0.12774747466963468,0.20752215757966042
977,4.204696873272136,0.04926960041846556,0.043696825179825274,0.3469958947971463
978,1.0356365352205943,0.09142255739420498,0.10011348179534191,0.25165998796001077
979,3.663253864039196,0.11940462931951243,0.09108748504567762,0.42963750287890434
980,1.3648228458205822,0.0058012510195542,0.012124853749279761,0.5013312348164618
981,4.54105278836324,0.05618132045080731,0.037992287639601455,0.1748106791637838
982,10.496196887839302,0.08140564295398339,0.14169130516752015,0.8814777289517224
983,15.366025631358372,0.09177111957307288,0.11695359189706216,0.19223455805331469
984,1.7720059427256034,0.10584019904778738,0.11386835622096662,0.458890110719949
985,0.8053638540513837,0.0918192333160063,0.09580181939848985,0.7689523538574576
986,6.955635955969753,0.11948347679470418,0.12415905471925492,0.9003172749653459
987,9.21991602829558,0.17618332842159967,0.13564158754922204,0.47669259598478675
988,11.084843184071383,0.17967362155283825,0.12494591371017048,0.5717686777934432
989,14.389675753167504,0.1540925730213381,0.10248777483790655,0.15997948683798313
990,10.783913919822687,0.116558764492506,0.14433523818650382,0.36610888596624136
991,8.221785497706216,0.11320341532029297,0.11489832689027367,0.3302228869870305
992,11.362648846019397,0.11144974789842928,0.17870800829642638,0.20748870680108666
993,8.612402619032048,0.07328202776206026,0.0962027926962447,0.7672565630637109
994,2.8611675274108843,0.07572887804438592,0.0598395104520586,0.9414061522111297
995,8.057792954324071,0.09671442597870157,0.08466849433889173,0.895803929772228
996,9.115450832013245,0.09272323758425757,0.0945920921660105,0.19157956913113594
997,5.17552194537817,0.10490718077873742,0.12474216499899092,0.9400014989078045
998,4.882269794885204,0.034503035199625096,0.06723352337238285,0.3675503102131188
999,6.346828663371955,0.06695689280304037,0.06001787273263576,0.37535701412707567
1000,9.076703099681824,0.18047970153365991,0.1397551584904632,0.3752539250999689
1001,11.98557580097268,0.14546379781513843,0.1394557669701942,0.7141634109430015
1002,4.735928262607003,0.12852551878462024,0.133214582179916,0.9153051101602614
1003,12.225882392719992,0.06542791112690746,0.13476500379331005,0.4695939519442618
1004,3.8461750906555117,0.15646372034326392,0.18982695284399612,0.3660707990638912
1005,4.691755721626478,0.11622571612164458,0.12217210414360652,0.25025330716744065
1006,0.4813757567685099,0.01926758532735036,0.019355934799601144,0.7332163490355015
1007,0.3965921026409079,0.0026747338953975607,0.0030894883586620333,0.5406736289151013
1008,3.5486297066991277,0.12835438634307145,0.13943461679507407,0.7861632932908833
1009,6.047025143961806,0.04321858399036593,0.06025583652144768,0.4824788770638406
1010,6.645309976642218,0.1327852291660331,0.14602783918421952,0.3651178157888353
1011,9.516284536626765,0.07276931339343218,0.09961457186011244,0.40109519893303514
1012,4.7427555002647726,0.0873079823384643,0.11179854741009565,0.21994171384721994
1013,9.59352289430745,0.17247874506982996,0.1328156035258131,0.3320773900486529
1014,0.665581672646193,0.004631959821940836,0.0055870389619369415,0.5214943820610642
1015,3.252206294346371,0.12275602732387532,0.1053448423093953,0.21467658411711454
1016,7.664064397579785,0.08172821384046833,0.09980045078090055,0.6614745790138841
1017,2.570699068133527,0.07413008565688567,0.06672667391887244,0.4754307931289077
1018,0.9523513151942804,0.09029466727889383,0.09320708519669116,0.16942264093086123
1019,2.7480633560283554,0.04234198329937215,0.02961248215971126,0.2507346118800342
1020,5.010584047116001,0.08637074887062231,0.12136908544951037,0.3121792930178344
1021,3.7518613473841556,0.11077526890314593,0.12060084669268303,0.4135619327425957
1022,1.0607950864472337,0.02151447699046393,0.013404917658341597,0.7877123332582414
1023,6.4881949329220925,0.07620653187772733,0.09000130997321883,0.9148455988615751
1024,13.143266425880977,0.11180601132329004,0.09669175440972869,0.499791472684592
1025,4.321502236996099,0.0544113077211041,0.05060206452185759,0.1186155560426414
1026,11.082002313691786,0.08334053057517334,0.16692775198301357,0.5947348871268332
1027,6.142985244282473,0.10710109100078263,0.08776938245607901,0.2756929756142199
1028,9.102661083033064,0.07143223310983747,0.15201625062961754,0.4345705737359822
1029,1.6425883840063167,0.1390602969073111,0.1335129123580017,0.9196062958799303
1030,1.4525208158052112,0.017956310025811474,0.02943123570010414,0.16975482972338796
1031,2.39707947933474,0.05921349793186887,0.06516866152833493,0.19308718014508486
1032,10.860146850404199,0.12717279885630814,0.14269495089006556,0.7879909947514534
1033,3.063299785153484,0.05116908201400212,0.04867170093197809,0.6437012371607125
1034,5.097906017793821,0.170491680304458,0.16605290419398622,0.6763205709867179
1035,3.137137923877105,0.10620176393536575,0.09838855186732759,0.710303258150816
1036,6.80032435972818,0.03758742034962628,0.07991186314773263,0.1655953573063016
1037,0.5967573046887951,0.031539972708799255,0.027217973223589622,0.13532691821455956
1038,7.161003807711101,0.10903513584436068,0.11209080897806621,0.5026478450745344
1039,6.821206704413781,0.10710834343625668,0.06799151998860233,0.5541741983033717
1040,10.584323301985123,0.0714111589931059,0.13098079336437157,0.9153214632533491
1041,8.45332512529775,0.11645971894387025,0.11533377648469462,0.4950118251144886
1042,3.9961725708924027,0.05184030057597418,0.052139425006804664,0.2339466609992087
1043,5.656766407146766,0.1126877603700434,0.07186805380970183,0.8245976190082729
1044,7.3888222245495285,0.09797042948232562,0.07079887580643755,0.8690842161886394
1045,3.926366215792829,0.15749948181705184,0.13990842618701535,0.6971365320496261
1046,5.3437923196199275,0.03285576869612585,0.04552215170647695,0.6018140106461942
1047,1.1453281219620515,0.031554410751447236,0.022192993264801782,0.3582789949141443
1048,7.973566732004772,0.09722680541906671,0.07426743238780759,0.6011815858073533
1049,1.4616420541829824,0.01775314254380213,0.021198041961369502,0.5419833022169769
1050,3.4339975032604735,0.019922626110339327,0.040523503110609004,0.4119861419312656
1051,1.79072261431993,0.006402144710435925,0.019466032690265433,0.34032053407281637
1052,2.848727507207461,0.109115267043729,0.10365347752997041,0.39355107583105564
1053,4.8502394323191815,0.1631166936364159,0.1406719276982494,0.6225277469493449
1054,7.342999510293953,0.1224926235139134,0.09790425713937287,0.28633776772767305
1055,0.16299723075147202,0.002946081640751439,0.002054279015060783,0.2076211920939386
1056,1.3425111049887088,0.02274800975676845,0.012906875269453322,0.7315791151486337
1057,1.6972529214854666,0.17297418922918767,0.16071227515278974,0.4407688328064978
1058,0.6906408190530079,0.0035438387372074246,0.006127380938474056,0.23839921783655882
1059,6.564296552268099,0.046638644633313686,0.07988971396328853,0.39947278425097466
1060,5.955747926708407,0.09526465907609082,0.10798777457131602,0.6230796119198203
1061,8.485917210258592,0.20252953608229252,0.1624108141342462,0.9096739608794451
1062,1.2287312718117835,0.009045242711010966,0.013784711483809657,0.28679868672043085
1063,8.828654643516986,0.12768687905561799,0.10755638908497048,0.47631159564480186
1064,12.004912428378079,0.10346837476803078,0.1501847931810501,0.3937644767574966
1065,4.891477723010112,0.06128417820359749,0.0641469010267496,0.26811901293694973
1066,4.673725754713264,0.13330739329884783,0.14135586560624197,0.4583263462409377
1067,2.7188107864332913,0.04728090570095457,0.045624270991017554,0.19743536785244942
1068,11.444964401102116,0.14256476995575404,0.1339210531130754,0.6777342311106622
1069,4.867972011305779,0.02887554614949731,0.05199239526991672,0.41761247208341956
1070,27.375799537062043,0.1857202734090539,0.15521057653264114,0.8933621440082788
1071,4.898901133754943,0.09297746836708927,0.10060522155694626,0.5698578399606049
1072,2.343026219564099,0.022014778835860997,0.031975256209594245,0.896979306358844
1073,8.425905745597229,0.09488836984715318,0.12344147383862833,0.26800696086138487
1074,1.5301714515305003,0.04472430428502646,0.04390367621296859,0.11864602100104094
1075,11.975499775498722,0.10491665758815455,0.1471334635227601,0.9199122828431427
1076,14.849060287875764,0.17007471364825907,0.1374858163776428,0.6199682978913188
1077,4.267483667129751,0.08840910570333309,0.10108329653750826,0.8630238231271505
1078,4.608774318459676,0.11114078489830803,0.11636664642247159,0.22580304509028792
1079,2.4733507034565143,0.026601218264439404,0.04715468530764443,0.485336157027632
1080,4.088886368113672,0.163120184083725,0.15817198466514867,0.25766201177611947
1081,5.829873410044602,0.07932295102397836,0.06796880048289809,0.7135000880807638
1082,1.1997860192213776,0.008500515248874413,0.016383944953916908,0.3234202009625733
1083,3.131990251658446,0.04231910528905299,0.05530018544937311,0.3573516928590834
1084,3.097367043893954,0.027364534792723032,0.03859046096446658,0.3666672380641103
1085,3.9291374475576304,0.039938419206939704,0.04929032434614439,0.11825512396171689
1086,5.272852422681001,0.047257109340231127,0.06135989967363056,0.681330322753638
1087,6.713002506532859,0.10288950588752624,0.07954643175144238,0.604403967037797
1088,6.620322525095692,0.05273789897398921,0.04681039025784567,0.9137736759148538
1089,6.726213109878485,0.20730262062991256,0.15948560814435936,0.33020365703850985
1090,1.6117114801764303,0.13586647531197227,0.13571350732213594,0.8421998061239719
1091,8.784735172252711,0.14441743369677604,0.1400679147360861,0.3859389773570001
1092,2.0261561647224755,0.07788193313545654,0.08120673622073288,0.42935876408591866
1093,3.347512723808295,0.07646834210027327,0.05849978559540268,0.23360087489709258
1094,6.718866476850352,0.07246598774711498,0.06976915785006252,0.7134105628356338
1095,5.114870077255893,0.02942416533086837,0.052932196347575566,0.7329084249213338
1096,2.178496972935512,0.10013895449324929,0.09797771313047864,0.20070452289655805
1097,6.181500042612271,0.16711463321363396,0.1436278004235609,0.8468135921284556
1098,5.299083544459831,0.17140478850517005,0.162561773883707,0.41954744094982743
1099,6.096897692357638,0.06359928912743128,0.049924294376544116,0.9156042891554534
1100,6.387963807919097,0.023580111330171807,0.04328408680149723,0.8913837317377329
1101,3.2133165796978176,0.05462023613783183,0.05945829433495748,0.9028886766172945
1102,7.865838451449827,0.101029662856938,0.10751588128246267,0.9183208532631397
1103,5.3664102027588045,0.05067357884197493,0.05666800695396793,0.8212779369205236
1104,19.21213132136341,0.11074576949320011,0.19645605767348978,0.9163248520344496
1105,6.221055279885158,0.10440148609713401,0.08055422533144393,0.3485135422088206
1106,13.479257313275905,0.19278942535832094,0.15006173058511305,0.878271987196058
1107,2.250440080854257,0.01359886680821102,0.02507321409566515,0.7721075983718038
1108,5.281329573600595,0.16090715074073755,0.14106818797736867,0.5312113449908793
1109,2.0749324885303424,0.042348956299805444,0.049691695874300425,0.40437720622867346
1110,3.9132586058070427,0.10768341467187446,0.10702394152922745,0.43919610418379307
1111,1.773270376193242,0.032647191592608246,0.027894473758059347,0.21515356423333287
1112,8.086422345045975,0.11488290270524179,0.09679734118916947,0.8794420147314668
1113,3.440370775037117,0.05791352093961816,0.054811462874726456,0.421924966853112
1114,12.507081489527767,0.10346929634406,0.15225478817125618,0.9318021000362933
1115,2.6817982216769027,0.044297940023681155,0.05056128102800296,0.9151989691890776
1116,8.681549489385072,0.03596498232556241,0.1091258551424742,0.6072198809124529
1117,2.7558618472531564,0.037074430736427855,0.03689379759935041,0.6442370968870819
1118,2.8448428684657765,0.026606179036914795,0.03773965858543926,0.349053128156811
1119,4.603024922277524,0.04470419020939929,0.045173496163374016,0.3758169016800821
1120,5.314255323468216,0.06676792175498646,0.06137310131462021,0.49471551086753607
1121,11.252600137982688,0.0898271481237026,0.06409159999420123,0.19785163225606084
1122,15.684342482999941,0.07516378621076414,0.16649796751039225,0.6962448628619313
1123,3.0280438108205323,0.16010863907019598,0.14394612004106516,0.6970468140207231
1124,4.728553568087554,0.07340166299525296,0.05693505827188724,0.7277582585811615
1125,6.253262004239016,0.10368108074194787,0.13195113404259723,0.49587119091302156
1126,7.013904446121621,0.058304746817219824,0.10471784133583294,0.7177048390731215
1127,7.3115810823576375,0.09481719066380291,0.1297946292841626,0.5493201208300889
1128,9.900070725583433,0.10538697877951361,0.12260258140436216,0.7689543487504125
1129,6.724730792336098,0.10209338947294756,0.11756337560858807,0.9202825389802456
1130,2.4401841259007853,0.030146413374256525,0.02598234717313506,0.3577024410478771
1131,2.130971001225807,0.018625678862510892,0.028843620969501937,0.37610997911542654
1132,2.2655124674948324,0.0076944831728523524,0.02253143779685927,0.6037714541889727
1133,7.443153028412288,0.05173811986339961,0.05488985474375997,0.5715055712498724
1134,5.455555062692183,0.10873412872684576,0.1194494643700879,0.8968657776713371
1135,5.1640931423397864,0.06056392149183599,0.06127538688288683,0.287226771004498
1136,5.152965233993998,0.147409128347646,0.15588553867449723,0.24974929308518767
1137,12.202586831066776,0.047516579918208436,0.17387570805435743,0.31428465712815523
1138,5.121811311293542,0.035075669269857813,0.0726414987241045,0.38529732916504145
1139,3.4472570220456547,0.06620450773763341,0.09462135014057448,0.8636497240513563
1140,6.506948816723291,0.11548996507353795,0.12888155033312398,0.8463844270445406
1141,4.759228012674799,0.14346257631984471,0.10200250085438169,0.4767149146646261
1142,9.159124474250241,0.1452615726290951,0.16631268066414692,0.5252415440045297
1143,0.3791524358815603,0.005397283983863239,0.004508773635544852,0.5867038378491998
1144,1.874074962194842,0.04941176301802116,0.04252857147116912,0.1358380583114922
1145,3.171873087873287,0.05863132010177312,0.06610086845074958,0.44123567594215274
1146,5.714183345236604,0.06678406904216685,0.10744513410293137,0.20228629605844617
1147,3.8526659036422797,0.07052983408760123,0.05979652418590352,0.26804040977731347
1148,2.860243820171007,0.028792920449035607,0.027280566158381397,0.8255651309154928
1149,9.131094885584801,0.05111147373783511,0.10522246541969389,0.9156272239051759
1150,1.310687834782247,0.1176937099354721,0.11762238433202982,0.14894311921671033
1151,12.599098153075193,0.041956728831125174,0.13976168018172314,0.8428328530862927
1152,6.578159612613018,0.08781508767483148,0.11056272285264501,0.8144044247455895
1153,14.418202909252866,0.051987900543720114,0.16315648007274036,0.6591500430367887
1154,5.606628173726941,0.08097797320018335,0.11343025536936914,0.6771745020523667
1155,5.475436367444977,0.08239077000783412,0.05892840807163233,0.303660755045712
1156,1.7985820274796922,0.12274136645765622,0.11691455177342888,0.17002298776060343
1157,3.6229898917225625,0.044953587806663586,0.05008254690143091,0.5504561271518469
1158,6.371401035644023,0.1418776336899006,0.14526581979808442,0.6009153947234154
1159,3.09909854130086,0.17412572340219004,0.16485833432441735,0.3854376873932779
1160,2.9730335109863537,0.16442139166895353,0.16467349625922192,0.34770750207826495
1161,7.8084016101936,0.1461803264579984,0.08656239467713976,0.5140714938752353
1162,3.1938101614365926,0.04455244142961652,0.047864915005766916,0.45751209976151586
1163,11.038025696050253,0.0568493464412567,0.12368875804352476,0.41097678104415536
1164,14.131321306465562,0.1675648268026303,0.16993489084392613,0.9180263062007725
1165,6.771790840108173,0.09891822324130708,0.12391551314761605,0.2635968611575663
1166,7.452020205717197,0.10366536054180252,0.12982112802060217,0.4226558627560735
1167,6.256041242737003,0.14290189073607049,0.12936490149090246,0.3848826289176941
1168,1.3311736560582377,0.027670099883517457,0.02711796962071944,0.13190540205687284
1169,3.5527295374955905,0.08498567791694651,0.0745275128628532,0.4030822869390249
1170,7.242009956561141,0.11534511677966841,0.11492467804467014,0.9241030090488493
1171,4.566708602919596,0.06971843322503649,0.04366660753741567,0.5021603400819004
1172,1.467157319626755,0.019528864280306747,0.020249389981322478,0.43298411928117275
1173,7.456531763847733,0.054300563760816226,0.0870410937209295,0.3670386793091893
1174,11.460985671677582,0.12751457645882722,0.08635446784647821,0.7468502302654088
1175,5.963056443111311,0.0682991740066755,0.0753518457244425,0.7306005889549851
1176,0.5128191474537791,0.011873821107521963,0.00977259650070257,0.13085275189951062
1177,2.650560725079872,0.1250601710202689,0.12005942475841154,0.8059706906788051
1178,11.908332508963626,0.08748691821260399,0.14118504486045594,0.9050196171738207
1179,9.872267542656372,0.1285290921807281,0.09737765673253501,0.9155945014208555
1180,12.112377671397635,0.09013549627914692,0.13937269983476158,0.9169595958665013
1181,5.660352199292351,0.135882029078137,0.10978552736399738,0.5332333738915622
1182,6.280512754908159,0.05233981890598139,0.11755062862218305,0.300758995115757
1183,2.9896678529217313,0.029985861437082033,0.023098359799483454,0.2937498181127012
1184,5.685651391968665,0.1083733667320593,0.1143583230804255,0.7703257421962917
1185,8.101349617203049,0.1362199693336288,0.14601655431298804,0.2864238596521318
1186,8.193732981089724,0.028325519617637303,0.09638365426254972,0.5131080490536988
1187,5.581707095386296,0.05943690856774163,0.07067736456026763,0.9161517713218927
1188,11.948641937701419,0.06737392714051745,0.10759944014385801,0.7878533280454576
1189,12.418534371521263,0.19148326927037138,0.115879327581012,0.8942693378776312
1190,1.004880930796099,0.005727820071264,0.013949320562620446,0.2693101651966572
1191,8.258741899149765,0.1309953191073576,0.09948824768927049,0.9162549041211605
1192,0.46809063232899784,0.005612411009442383,0.003698084496815675,0.23887533927336335
1193,17.08842509630817,0.18440473138290037,0.07797298335241785,0.8042611479759216
1194,10.707272456463759,0.0858871260616397,0.12383787891178268,0.3034334541298449
1195,4.951280057954271,0.15273189904490478,0.16492093818674647,0.4027292509563267
1196,12.590576318461833,0.1470096198388235,0.11836612330669716,0.20208087610080838
1197,4.495824608788696,0.15738790370365083,0.13898533936714683,0.2742530810646713
1198,1.6644971682771745,0.10662659119986,0.12291032278267171,0.17488817078992724
1199,4.216443716979949,0.06752120280568004,0.06110509839205983,0.7702693762257695
1200,15.703202175542897,0.16425289359885675,0.169671810754592,0.5002224068157375
1201,6.19309636438857,0.049940087639328744,0.1192683215119582,0.6605682983063161
1202,1.4315430041227892,0.1148148562980786,0.11836287160826607,0.752652807161212
1203,4.950567825501485,0.17019480420594002,0.1703926355349505,0.4585870639421046
1204,2.014104428944653,0.031392861048512376,0.016833384591493757,0.6053429776802659
1205,4.550293729880055,0.05264162620629358,0.08470346249646074,0.5008039600215852
1206,0.997627100077976,0.14577540933669159,0.14415482418456124,0.9187456201761961
1207,4.118764185734627,0.12446988982672144,0.13601621146733894,0.6401352481916547
1208,8.95011513493547,0.10921277977549393,0.10237165064020844,0.8912815400399268
1209,8.993874672322557,0.07741927570186355,0.09051710483483792,0.3577516903169453
1210,3.183485264546931,0.11606684448098863,0.09481365604487693,0.7855205670930445
1211,6.115306228581619,0.07588010453169317,0.059204048763962625,0.38637759117409587
1212,5.647219969051047,0.15703735528410379,0.17095486784535546,0.49622165597975254
1213,12.37360268084782,0.16595348014247815,0.11265177664620334,0.3043236378580332
1214,8.468381626537694,0.043792837789088296,0.0956077000752989,0.9189190831966698
1215,8.237496530480573,0.15677634598374734,0.08514738068232254,0.638808405958116
1216,1.8525284994433882,0.01900409790172094,0.022564182081820063,0.7670485069975257
1217,2.6207036602336466,0.07020102401057321,0.07219259441699379,0.13487486774101853
1218,8.279731380219532,0.12707299110907863,0.11254050310433196,0.7865134151652455
1219,0.11695640197130788,0.11159125253091988,0.11074967513243339,0.1570000508800149
1220,3.8387814143347594,0.12488084181255373,0.1056533019330756,0.57216258905828
1221,3.600329919071381,0.09405645028108647,0.12178048964468163,0.8443628889508545
1222,1.5677033410552579,0.022166934604965494,0.01651669182244686,0.25024030497297645
1223,5.277783106672892,0.10568119657019691,0.08177216257128928,0.2204242250882089
1224,7.8716910078744595,0.12405418876796712,0.08276428858368018,0.3752694088034332
1225,8.812257085035199,0.1551686723268454,0.13271655070557278,0.9166499227285385
1226,3.848876876526232,0.06647093302195133,0.06434902071040331,0.32251175679266453
1227,10.581504414791796,0.14848602457762042,0.15051926708351732,0.4039941066876054
1228,2.184356666255742,0.14972824364308013,0.15442394078974236,0.8046289347112179
1229,6.027728651827083,0.04926115067087116,0.05845935955641908,0.7319887829944491
1230,6.485883038249939,0.1131710422606939,0.12482389952613694,0.9161014528945088
1231,3.2714639101542273,0.024438182299212033,0.03610028780563607,0.8691568952053785
1232,9.299001765843268,0.10368605994856075,0.06097704754074947,0.5526962927542627
1233,3.5161916305755074,0.040920204621072355,0.07938536697938896,0.8996727680787444
1234,1.3026053674776836,0.03254458616053257,0.03491821823043631,0.7879228466190398
1235,8.74120050897264,0.10074809512801622,0.09959699353973833,0.4229139778763056
1236,0.5083149993818112,0.028654589353002302,0.024495380168102175,0.5191702600568533
1237,14.41171990910882,0.11929302668514404,0.17880203425815394,0.9237391809001565
1238,5.0052008055419694,0.08412045429527669,0.13456811482300726,0.30417902395129204
1239,4.372926038652617,0.09588894820527133,0.07619219647879735,0.22087951516732574
1240,4.5695318698960765,0.15813340269904805,0.14279242260414296,0.459597562905401
1241,1.7966417086960365,0.013283710066719771,0.02250587659391076,0.2015590169467032
1242,7.435351360328084,0.13914423270404094,0.12129727132977375,0.3947849520482123
1243,6.934088597037349,0.09098138024099983,0.09545780359906116,0.6401491449214518
1244,3.6130116101672547,0.04303683878000635,0.03200778528773212,0.22039014101028442
1245,4.951951518569094,0.09610199465182206,0.09353781757442897,0.6064480091445148
1246,6.92992653172442,0.14117915604816866,0.10984461572043237,0.4120231131091714
1247,0.6096220993459721,0.010899403111830647,0.006182217404021801,0.18311149068176746
1248,4.440445336337946,0.07683518083227472,0.08217367587544713,0.2507981308735907
1249,12.8143401591527,0.07379773055429813,0.173109310680886,0.4706463757902384
1250,0.5865137966834348,0.1296505753201188,0.13264966907129472,0.15267465775832534
1251,6.675398428053639,0.0639719384050129,0.08460587453070045,0.23248591925948858
1252,2.396361249984657,0.04427745882346446,0.03154291956261103,0.5873962650075555
1253,4.364512123134237,0.16710140491205389,0.13247185721088955,0.7710017771460116
1254,4.126915936046497,0.030460217392431984,0.03170230373155372,0.44596241414546967
1255,4.5589461376292295,0.1600139928316536,0.1421204057353014,0.43959241872653365
1256,5.931592719469378,0.10361190286178076,0.0854596888796643,0.8895630668848753
1257,4.717166395789622,0.14316116993389905,0.12332562125046193,0.914764563087374
1258,2.4829568657426115,0.03506512698214096,0.033448309911576435,0.34513861825689673
1259,3.323440311949104,0.082234702368318,0.08474498438600167,0.14630684489384294
1260,1.235604105353862,0.05374257504492787,0.04886462218043628,0.34878925886005163
1261,3.9850388132269225,0.12293130113038811,0.12352297527928127,0.31196741107851267
1262,2.8004775844870506,0.05881263282673913,0.053400424841195164,0.48875691229477525
1263,0.9694742536730391,0.008632474898401226,0.015991371894420684,0.536598804872483
1264,6.676648577991789,0.07737588535816323,0.11882805564488616,0.8072349582798779
1265,3.378098962503196,0.12558945588386064,0.13796710221674482,0.662118733394891
1266,5.723934539885804,0.09720987023636037,0.06754591614378593,0.1788169676437974
1267,7.990848533263764,0.12412671492714702,0.14618706636606868,0.2865827321074903
1268,10.029166660218706,0.1250944744934108,0.10422980949416841,0.7153175342828035
1269,4.961701222381568,0.16129595537555672,0.14029895053320846,0.9236691682599485
1270,7.8758531340815665,0.060888746377996364,0.09727573081985628,0.367156726308167
1271,5.617267112242626,0.19972344622386798,0.15392422570370856,0.44031627383083105
1272,9.214818831227921,0.1599594545871352,0.1405050862925342,0.5496696401387453
1273,5.804112181396834,0.14924509375419212,0.10555108416690372,0.8619907349348068
1274,2.054531704690837,0.0838152475914141,0.08833901773715071,0.495524562895298
1275,12.068036619740488,0.08519455483850692,0.1546805501607663,0.24471656093373895
1276,2.4265105311163966,0.08967414464411944,0.08607077090554623,0.28681463608518243
1277,7.475576993324189,0.1394131316269604,0.12577575511339859,0.6600021151825786
1278,4.509002458513473,0.030747140110812504,0.052385570170316066,0.49563711090013385
1279,2.1613709660083624,0.08126654565732838,0.07653105971102474,0.6467159138992429
1280,3.4644914952575343,0.11354971310004848,0.1179531427358608,0.6961812293156981
1281,2.3307037111359348,0.016940962331122602,0.028296446252623543,0.25075632706284523
1282,3.6561321625101866,0.020459405041643872,0.04189495547291781,0.6073796655982733
1283,3.756420560829296,0.05639274191475767,0.04925411213147112,0.6965702790766954
1284,2.1211359969648633,0.15508254002066493,0.15550704757325254,0.289298209361732
1285,5.92486041790856,0.04725534817849299,0.06435338594741387,0.5391743807122111
1286,2.253516543820875,0.049243160593084576,0.04158660867816616,0.6268370589241385
1287,4.243183813459462,0.0862301839517941,0.10307096019072602,0.6416035057045519
1288,3.252160339169965,0.03354720272041347,0.05324139452304328,0.5864437650889158
1289,2.4669962183392085,0.03346605727431673,0.028290729679158466,0.23289709724485874
1290,2.466817989745708,0.033989856242157085,0.041365867482940265,0.4646447468549013
1291,8.82868709598491,0.1664925409034875,0.12270305857786108,0.6094871978275478
1292,3.5535973039481417,0.16052897790846077,0.160322971534827,0.8746299217455089
1293,7.830394346420503,0.06733805549860361,0.09358124631227879,0.4573673829436302
1294,15.252563439957592,0.18667044108603223,0.1860466210073182,0.7330470201559365
1295,2.4563338201883074,0.07660415153240577,0.07943840142673092,0.1532574468292296
1296,9.039614022266967,0.1031646495906167,0.10216479387495948,0.6951343528926373
1297,2.382694474975339,0.05957353255510617,0.054246027950178514,0.20765088498592377
1298,4.898373516265543,0.07523157220314478,0.08266483942664307,0.428546448238194
1299,22.453829145131934,0.12195028930774722,0.24243440434960256,0.9399291523732245
1300,2.7014914735528675,0.022182711274985733,0.03474294634465626,0.513242004904896
1301,5.296873431619301,0.13567508536201403,0.14612838986436258,0.3975629680790007
1302,3.4966307576530644,0.12400979620115246,0.12780224856566505,0.7151490771211684
1303,1.394725382814287,0.17418629168015873,0.18186736793273606,0.27492999099195004
1304,2.191744568146573,0.08143255601598184,0.07318891474273304,0.5322805866599083
1305,2.960853375836389,0.021608989507582364,0.03157558767188812,0.36607402190566063
1306,1.903837503291549,0.012728603957283554,0.023611231681223862,0.30552340811118484
1307,6.736963711357778,0.09802957472295432,0.12612855364081,0.4813745627179742
1308,3.8222221828784018,0.08432984589814889,0.0766202707880156,0.3231561481952667
1309,2.441509767874161,0.04065609446096758,0.04125792474443197,0.268005414865911
1310,8.620907549120233,0.06431812770840879,0.09416328597132488,0.23926600301638246
1311,3.2573927558674725,0.08971814910388082,0.0982943342609168,0.7511945222504437
1312,2.455780110197548,0.13582427960219337,0.14807148498697717,0.512492723762989
1313,6.44352876541345,0.053167462358776306,0.05946351321152162,0.4825226739048958
1314,16.22267199892712,0.20878800177575904,0.1423637081337588,0.7701796088367701
1315,4.946810809045609,0.09236836477855088,0.07845793796331224,0.28246383974328637
1316,11.648479032798662,0.06374808459784537,0.13254027562955928,0.4895506389439106
1317,1.4310453319022525,0.011945978268479372,0.01534694587193114,0.6678838049992919
1318,6.885767704187406,0.09578609094968613,0.11516235719428633,0.9238519482314587
1319,4.1270647963624105,0.12280357362663938,0.14481669674979927,0.6417542090639472
1320,5.574598411986396,0.09038629550195866,0.12396030843588231,0.7138794790953398
1321,2.2032475400453397,0.06865826459532266,0.07496376292704172,0.6061678794212639
1322,1.6188232472435362,0.1117429599892355,0.11601147120075275,0.13613234693184495
1323,5.429248996085177,0.05055913362742991,0.05912252657362755,0.25704524479806423
1324,10.746452529121495,0.0658413660600504,0.08344453830070987,0.5227878540754318
1325,6.377224957757542,0.10419278572362915,0.1169310528240116,0.4212982449680567
1326,3.6712208825351538,0.07244184349033687,0.10484298596496942,0.9232095419429243
1327,19.576551812900362,0.14515699474284138,0.08316226182170146,0.9151448952034116
1328,5.076189729012736,0.10070978072638312,0.09811084461382963,0.48265758575871587
1329,3.81755142563764,0.06764763550582263,0.08079781354449009,0.21226584911346436
1330,10.888648635248956,0.07492669176637064,0.11080509588329855,0.34802066162228584
1331,8.921785023382315,0.09571585359688033,0.1421776079672718,0.2388182389549911
1332,3.7396027202861464,0.005328769300793183,0.03646615016743583,0.7166646500118077
1333,0.6311504589443594,0.012774313243441136,0.011734567757211763,0.19690864207223058
1334,10.526727220733015,0.06692203619878852,0.10295180237706857,0.8797688758932054
1335,8.328645683809379,0.17012777867853043,0.1403834114449308,0.7872838657349348
1336,5.101808852081784,0.08545720865650827,0.07746399828447414,0.9170217979699373
1337,1.830382424387654,0.15305139231914167,0.14861401577415229,0.18829447217285633
1338,7.9709028710458725,0.04599834792311431,0.08667146908682634,0.8849030048586428
1339,11.319713571690093,0.11476255732774458,0.09385289208364841,0.61976787308231
1340,4.738002673864418,0.08428549486364427,0.09500108547910126,0.27590485010296106
1341,9.4831917657111,0.1474262749030345,0.14946851550691886,0.9221621020697057
1342,5.432936107261976,0.10439133637599095,0.13252616793398964,0.914390942081809
1343,0.5174457495572885,0.003787931374858955,0.003165686983087192,0.18650503503158689
1344,0.5484134342046023,0.00991306055501641,0.007049025915202785,0.39372969791293144
1345,4.09593328007712,0.11761905836669141,0.11521146855338414,0.4215477127581835
1346,1.3289540262579373,0.010793909353644375,0.01464429857936963,0.3117629620246589
1347,7.189426172260205,0.08427695781058532,0.09490884491077924,0.3872199119068682
1348,8.9320740785445,0.12678964495969422,0.11487915031803937,0.912778084166348
1349,7.866533425509449,0.08752278452772488,0.08564879956803506,0.3387444717809558
1350,8.872627059964351,0.1137083397276865,0.1006409454847385,0.5860159280709922
1351,26.37255756519371,0.1857188277644494,0.26420614299024014,0.9284783778712153
1352,6.028565889946945,0.08019418388492774,0.09687687720343838,0.6775230690836906
1353,6.451106447696758,0.10414369556810105,0.11728532833556587,0.9164069993421435
1354,2.5895388179659102,0.06474293200478842,0.09161348576968745,0.2631171001121402
1355,2.9010737466329672,0.0893397294865808,0.09447606291438315,0.41299291606992483
1356,7.933838451640827,0.15846639557661157,0.1279787338325814,0.9385374938137829
1357,2.3689061639807036,0.14696121981825053,0.14813213317262236,0.6767949941568077
1358,9.290396852374673,0.14452430991281906,0.1217843650869478,0.4029737510718405
1359,5.396526255280692,0.1439620214228875,0.11467801139607556,0.7501741023734212
1360,0.9677030961138604,0.024136563110590085,0.021964457815825993,0.45285699889063835
1361,6.443925220117355,0.08353185080503178,0.06501380985641744,0.2521489071659744
1362,2.744769538970712,0.04304502134955325,0.03414495901632502,0.27009435184299946
1363,2.7231333039486563,0.07667200953618813,0.09409466365522624,0.569486447609961
1364,1.9018605278279306,0.12154469997283927,0.13015497233586076,0.173240315169096
1365,3.9642761910267197,0.0611576373284523,0.04550584302278981,0.30359068466350436
1366,5.174169575113783,0.04048132183873828,0.028748909286065234,0.5675640921108425
1367,1.0867323920855185,0.14945427791293683,0.14828374672045505,0.2564039849676192
1368,4.421264900097667,0.06592419034959054,0.0903806059356481,0.20669034868478775
1369,5.406952980586028,0.07309076302045893,0.0741860343560683,0.3475239626131952
1370,6.737677897621405,0.0812860878974845,0.07621046329304394,0.29268762515857816
1371,8.792263052576368,0.08966682320556035,0.0629387696987807,0.26836410677060485
1372,1.6618696874841807,0.022666393025931753,0.025029258156840414,0.8063521021977067
1373,6.565400994661529,0.07671591668690127,0.07002690548169653,0.4934116038493812
1374,1.5942291547504328,0.052861415616633205,0.06386210866052604,0.7665925370529294
1375,4.164213439148335,0.10570126045113706,0.09726563922116521,0.49411178892478347
1376,4.41353259763059,0.04487797771772193,0.056299381184066674,0.5497334902174771
1377,1.0670363911104184,0.11447220450345302,0.1098607354130945,0.1358315097168088
1378,6.678422312318166,0.14904760472983136,0.13021392959404154,0.5488537307828665
1379,3.1478762488129983,0.05615518731641137,0.03943505780914367,0.8247942579910159
1380,3.906081816620187,0.12151920719905045,0.13695838036407768,0.7315074033103883
1381,3.5489478943151718,0.02835332106906845,0.024836976072942333,0.3587113171815872
1382,1.150899589146574,0.12534199913219218,0.12426049760101592,0.9146935348398983
1383,8.396827384262984,0.14024980775709253,0.16865724153148598,0.4206061619333923
1384,8.410161916517184,0.03797490913062994,0.08866275192564456,0.6809452380985022
1385,5.615581842285738,0.15993295665471366,0.1274564056133559,0.2952802483923733
1386,1.6341439949839713,0.015505729326187613,0.0165984804527417,0.8445578790269792
1387,9.928543765802397,0.08000342887506745,0.18294713189757286,0.9177747489884496
1388,2.9516344806548265,0.13052162239959053,0.13206312625088268,0.4990887348540127
1389,4.114684728037999,0.12907474972020844,0.1518730369950738,0.9147820118814707
1390,13.375496205721205,0.054124746033675813,0.08761461284801605,0.3751633232459426
1391,2.4750277968328738,0.047253669212137334,0.03025858435683262,0.27518489863723516
1392,1.1572231762539789,0.07904807751667825,0.08047176932619356,0.9147720038890839
1393,3.7896696184811307,0.03753581676906357,0.03887218038064298,0.9148435047827661
1394,14.689080268686686,0.12050691023562674,0.14929207734724395,0.9142998810857534
1395,12.440603022325833,0.1528023581465861,0.09808301463695843,0.8900385750457644
1396,6.346991736982033,0.1332083039480946,0.16161636377067456,0.913606490008533
1397,6.314591000608908,0.0950160894605558,0.07451641596317715,0.8961976389400661
1398,4.006877309856948,0.037713175181398786,0.02810828323155445,0.7129302653484046
1399,0.1996854327194822,0.010419898324680231,0.010986567727920367,0.23264754004776478
1400,4.456064974578037,0.11246225728537078,0.11617015780230114,0.89158621057868
1401,3.93805138065509,0.14308592908644094,0.16855646942773556,0.366895065177232
1402,8.791731698974791,0.11431610933824253,0.1826249217749546,0.5665870830416679
1403,2.1025264396914753,0.15827602247482916,0.15784252852737923,0.3844569060020149
1404,7.422643220235108,0.07465571406486853,0.13238408019035058,0.9236990842036903
1405,6.051597766449109,0.11511428184346699,0.17156064728441872,0.4389540757983923
1406,11.311977449900985,0.09468133601623187,0.16301938172830266,0.9380031409673393
1407,3.0195286313903633,0.05757545186620261,0.05016666587897581,0.3760629310272634
1408,4.268281537000356,0.08515543911955896,0.09189207289006748,0.4105927422642708
1409,7.663060973845652,0.0810515082558678,0.11603564982652408,0.5885080192238092
1410,1.5280025070277694,0.0885683920571756,0.0814060014761339,0.1357401618734002
1411,3.8074982262369605,0.1239788479019282,0.11657525613497988,0.8985788519494236
1412,9.027693534656532,0.07214407958288263,0.12277453119281927,0.45692681707441807
1413,2.533440555565972,0.11450818012211879,0.12015831192379421,0.1533901635557413
1414,28.00547230208714,0.21229717370148676,0.2972908441217888,0.9362203991040587
1415,11.177289469513143,0.12744213495623488,0.0952467352092404,0.609946777112782
1416,1.4031832173300125,0.12629240778099388,0.12631055736755642,0.13599558966234326
1417,4.449976628626437,0.1500493870808557,0.12702168046463286,0.8773067859001458
1418,42.35731688633941,0.3454444791487769,0.2732861227297376,0.6947469357401133
1419,8.167039040783578,0.1238406351110083,0.10914416055335298,0.4374856580980122
1420,5.314150925398408,0.07596956136492833,0.08031931754241584,0.9177398658357561
1421,7.291528691591818,0.13147949214625324,0.09518213982517534,0.34022254776209593
1422,4.998244746049295,0.04680000628255403,0.05695539612629741,0.6982664014212787
1423,15.060054415256014,0.027451651754178085,0.10635771472195937,0.5356007539667189
1424,2.0747533830038667,0.0025468380092175482,0.01105205233930529,0.557044732850045
1425,4.70223117041462,0.11659957927835415,0.14101828059847646,0.25641476130113006
1426,10.403142533447092,0.07020146398669666,0.08354944783420544,0.8700347323901951
1427,2.383011595720806,0.07584922004989984,0.07650285060132506,0.22491942904889584
1428,0.692743445698905,0.11964572405852815,0.11651801324306843,0.8423506189137697
1429,5.372906184100594,0.08277145623036404,0.07482031772056627,0.30359078804031014
1430,4.049665081227328,0.1460054623329887,0.17629305812428914,0.641715251840651
1431,7.362812947218923,0.08155401331134304,0.07900221375713007,0.42855158541351557
1432,8.717049726076219,0.14321323134809663,0.16240205300831675,0.275036346167326
1433,3.0313884593485407,0.024315729561153614,0.026642594908889778,0.662116289138794
1434,2.4605193741310685,0.008452765447352588,0.02457689442803856,0.41069816518574953
1435,5.976939858386236,0.09976218315408676,0.07802914163564417,0.5125977979041636
1436,12.291974677376798,0.10758175202112136,0.17795775471214847,0.7766015501692891
1437,1.9004784482328203,0.12765122859579509,0.1202624950655941,0.16935276705771685
1438,4.152818375579445,0.08540109738304721,0.11967251974658323,0.3044008258730173
1439,13.329453786947655,0.03730438909230179,0.1016609289075164,0.6924091340042651
1440,8.495104129396621,0.0937595212231242,0.13589353611983876,0.38480744510889053
1441,8.873851330011382,0.10840515305933716,0.10490035802146615,0.584907618816942
1442,0.837753596631025,0.04498662951551472,0.041078092038280195,0.3663991461507976
1443,1.5989745931691937,0.048271006131598404,0.03687833135829127,0.3582406039349735
1444,10.242864023739743,0.13569198156823176,0.08111918191404173,0.6920734909363091
1445,1.4916173512587558,0.018075928157602856,0.012995680084699469,0.29378477530553937
1446,4.837400131592892,0.04618717798600417,0.051477361221732285,0.3656945377588272
1447,11.091889571753377,0.135582420117597,0.1479361210732006,0.8053650897927582
1448,5.020420485607439,0.14921437557376183,0.12927938594027796,0.9375656880438328
1449,5.997649768067221,0.11323660205264763,0.1158868826509854,0.5149250058457255
1450,6.889166491219945,0.1353794531925358,0.150972379552156,0.9404176422394812
1451,3.0875906595315388,0.05128689836165804,0.06933972856996905,0.626434228848666
1452,0.9610342916272384,0.01340825803592845,0.011522153683496683,0.20682477904483676
1453,1.1858046554224233,0.11937506348860503,0.1243954222179031,0.6042317948304117
1454,2.3905630545040735,0.10310184926137238,0.09683308063395482,0.894978694152087
1455,10.49869289929022,0.02427409470788017,0.11741084807384923,0.2880712258629501
1456,11.088952643691123,0.14175344476385407,0.0754255921489233,0.455614916048944
1457,7.268008420215145,0.1305060334355077,0.0901261548588439,0.5307213817723095
1458,5.2614389321925605,0.171793952056962,0.13900202726716032,0.9173444579355419
1459,4.069208793806818,0.06068410443508211,0.04064447342110844,0.5308585022576153
1460,1.8216801599869565,0.047555180930569464,0.037880320386296865,0.21467205183580518
1461,0.7946489615132541,0.0026637110615792617,0.007834777063873347,0.6816003997810185
1462,3.9981491339442137,0.10579758124405536,0.11336238297921794,0.7132594189606607
1463,5.223598552885874,0.09617165341946302,0.10631276303452267,0.21153424307703972
1464,0.7542913710371656,0.13529610717527052,0.14101238177864914,0.6967402822338045
1465,6.602687743505491,0.08700319758208994,0.07649582920381609,0.45805245405063033
1466,11.970868490609755,0.08054157580474276,0.16116808370143307,0.47727407701313496
1467,0.8006703636047283,0.0021460218446637783,0.005869324311693559,0.1353161819279194
1468,2.5386869336977034,0.0909890037492546,0.10417647614903336,0.7122186589986086
1469,2.3344728969607558,0.1288442225241225,0.14831175956335385,0.16989845829084516
1470,1.6372368609060455,0.014040236125674444,0.014587195419602217,0.17893868079409003
1471,8.338092199283103,0.12292001904039819,0.1180541572006249,0.9146462436765432
1472,8.276773148584507,0.012299300534708296,0.09390850522298677,0.915374365169555
1473,4.1767441722848355,0.08388438029441114,0.09644466798451505,0.7714529731310904
1474,3.6101450562635318,0.03859095194458354,0.03370101419302599,0.19761773524805903
1475,2.230422500369014,0.021941425028182974,0.024011160164742137,0.5288851601071656
1476,2.2311901833964285,0.13628792846484353,0.12838700952093726,0.15643709106370807
1477,7.060720174732667,0.036902055272638165,0.07757081094396132,0.4209957611747086
1478,11.880226176244717,0.19024646967648393,0.12309560904530187,0.3402078407816589
1479,4.335833525743457,0.09160505979717985,0.06748600098804773,0.25098573602735996
1480,7.810590219106236,0.11768933220370437,0.13940422167233416,0.5134558128193021
1481,7.291973651364612,0.15246042610399715,0.15271891466721738,0.4644431727938354
1482,1.8098581669442189,0.022019761876145807,0.013520935474325748,0.28084391821175814
1483,4.4572274968587156,0.046937829301283894,0.06780125272389131,0.6412088619545102
1484,6.1576530076804,0.09341544517274843,0.07313647448611417,0.5305267670191824
1485,6.512343376124162,0.05888234760700412,0.0718422808065451,0.22703789407387376
1486,3.5351306349253417,0.11119399227287578,0.10667361818197471,0.6409943010658026
1487,8.2409746777801,0.10069997595969606,0.128941750945059,0.9147943947464228
1488,9.39000677119251,0.13109417357716022,0.12656971593654437,0.9277067631483078
1489,5.607257632412991,0.04272933105522513,0.07707901646125263,0.46364759700372815
1490,6.613612715199653,0.14320832694274693,0.11085236567940902,0.6240086681209505
1491,11.318261996690454,0.2240812437041923,0.17578033908984073,0.43956004083156586
1492,3.7854024622673905,0.05856845081299142,0.05850874246511814,0.2572959279641509
1493,5.7556975364553615,0.07565941969976211,0.1260240165046341,0.6774454433470964
1494,9.068371276079437,0.10844323297119976,0.13597735333853775,0.3191840429790318
1495,2.5240759002672633,0.02712358519633745,0.020461102115151276,0.35737913893535733
1496,6.960215414187432,0.1113760328525104,0.07277868944601888,0.8672794229350984
1497,7.575394798005709,0.09673639775671043,0.1291710039516599,0.47786278324201703
1498,1.776489456359523,0.13011579520259803,0.1237709572617531,0.19157264195382595
1499,8.59847253452345,0.12220191844331256,0.1309600262530358,0.8604916078038514
1500,2.5213514354949362,0.014084741493030187,0.020880120990861017,0.5534506989642978
1501,2.7797939984825466,0.11858482932946142,0.1373618641079327,0.9137104479596019
1502,1.2596657637129014,0.12182452696560765,0.1292961745339188,0.1701725870370865
1503,9.332549361747603,0.03631579848002607,0.13470368077415631,0.2867736010812223
1504,3.936421382461631,0.0757138175251094,0.05725261016054933,0.9141669669188559
1505,3.605746658125666,0.016135550273630395,0.04378266764765137,0.4035044792108238
1506,5.782485862276037,0.04869304511867679,0.05172163349227556,0.8271145010367036
1507,6.085362496070624,0.07933756575741828,0.12077046546714935,0.7886075670830905
1508,2.257210311015836,0.04535047240095808,0.039458757482530055,0.8027375633828342
1509,3.7538344974367357,0.016459193937835202,0.0518913216651445,0.3310820898041129
1510,5.492946129018053,0.15462886341682125,0.17915709280262146,0.4111832296475768
1511,1.568652094772553,0.004048381134995379,0.012743466968724913,0.27508940920233727
1512,0.4397281324278292,0.00843849110214382,0.009118308021602163,0.21233863895758986
1513,0.471602843028235,0.18826458519841355,0.18910159726138534,0.1971718529239297
1514,13.040239343811466,0.06251927720035919,0.09764500745478844,0.5681128408759832
1515,1.6410295157586872,0.004740152816296292,0.017414614861914625,0.22711886977776885
1516,12.103986527626972,0.04957310863931022,0.1505709241451883,0.9237530459649861
1517,5.980574849207276,0.07992440026857299,0.07271513971097682,0.8074951921589673
1518,2.3975338585679986,0.09872571725026824,0.10740622793762192,0.8465141309425235
1519,6.346014845181596,0.09860912919820645,0.14355807289123856,0.42145738610997796
1520,11.670075585639953,0.20544721210209185,0.1499321844106166,0.7690995871089399
1521,7.25510850779179,0.10128777318319913,0.11752201159156407,0.5174123039469123
1522,5.501727183982203,0.049759712713497085,0.058858518970274935,0.34860640624538064
1523,1.6019646435870813,0.004932751157015211,0.014177748204057474,0.40393194276839495
1524,11.036666166556724,0.1328429982059996,0.06934337585620985,0.8443855713121593
1525,0.2834784650928465,0.00241099895530462,0.0012922686561615902,0.17563990084454417
1526,11.066744585196625,0.08574833763608525,0.12326377010954495,0.2674562227912247
1527,13.016342614157136,0.14012501653612316,0.1337225723983114,0.916797571349889
1528,8.387297394271057,0.12956447594550513,0.16377163857114432,0.40231133392080665
1529,1.2798367233218042,0.009913623153054751,0.012746418450405812,0.590706774033606
1530,4.014662882724794,0.10023040675369442,0.1318305257282663,0.6037782370112836
1531,13.057945565414416,0.12312899538227566,0.1482113313557456,0.9396870578639209
1532,4.312686024913364,0.028760505899542037,0.05188541605156829,0.25016611302271485
1533,0.169383004258863,0.0053418010573669785,0.0042112335465448,0.13286259770393372
1534,3.794961604513649,0.027679547566631046,0.03324355553200708,0.5709350742399693
1535,6.591694338551615,0.1288604680641382,0.1533186914733086,0.40283333882689476
1536,3.751737478072194,0.05651139468591117,0.050318771736411645,0.5325846099294722
1537,10.225482860839554,0.10793557193302222,0.11750270853439183,0.5008175540715456
1538,0.6559090665013846,0.0047432595239356445,0.0059424036483499455,0.1924426481127739
1539,2.432909230253321,0.1384575382020938,0.1335643408496185,0.11856415588408709
1540,0.9867385569119239,0.01559413278609373,0.011049094643872255,0.25286518689244986
1541,5.842850118737239,0.13098404295096758,0.14640670096977998,0.548309818841517
1542,4.42310603345891,0.08750030498865564,0.08058365391034446,0.9139233180321753
1543,5.384832652004967,0.08106975657628038,0.07822548805968993,0.34798826882615685
1544,10.495921454274757,0.20259966569275653,0.14717835989703476,0.934378223028034
1545,5.559198292666514,0.12586948711224885,0.13436415490503625,0.3109937170520425
1546,9.107319641631115,0.1055417126710274,0.12701114668933855,0.3485716809518635
1547,4.728841251420752,0.10185797602707564,0.10325569664682342,0.19182155281305313
1548,7.994955823630991,0.10469074048628481,0.12082134682982328,0.9132347721606493
1549,6.177635325790635,0.06047908248533979,0.06380367850106229,0.4403681010007858
1550,5.2075868084664085,0.09382107493430622,0.12057860435910005,0.4946765569038689
1551,5.27445296093629,0.02838219445045215,0.09924066417838741,0.20734498091042042
1552,5.829977987624169,0.0645978116502017,0.0633070664523482,0.3852992127649486
1553,2.7140061565947136,0.16317114092145116,0.15005736138412856,0.24434592807665467
1554,1.7459734023080045,0.013531819942704859,0.02347334981248659,0.2275319481268525
1555,2.8641838498189274,0.19733395231045572,0.17952271473474266,0.5003273477777839
1556,1.1742115223034462,0.013769381748831832,0.012400143815428267,0.30378519324585795
1557,7.440470120037885,0.08841146911750233,0.13342735492203245,0.8276100591756403
1558,2.3030546078569087,0.17526725131146814,0.16786092943652026,0.347983465064317
1559,4.252835376313742,0.047113290596541166,0.029140751731978904,0.15386054385453463
1560,6.328226533095064,0.16777706457730351,0.17785066513173028,0.7862301878631115
1561,8.669062570979932,0.09210303047880922,0.094844375495406,0.9178565749898553
1562,2.6896425040581327,0.03969730767049952,0.03615930559347737,0.33981219166889787
1563,7.330606643447415,0.05395117436618465,0.056805280204059214,0.49265337688848376
1564,8.171224918235138,0.05984039208180845,0.10134164757871224,0.3866637167520821
1565,7.268193871261212,0.12702662612480625,0.11165230908537267,0.6055073486641049
1566,7.172661231204411,0.06848185282163818,0.12567275688548138,0.4110967079177499
1567,11.047720362978223,0.10089891113590423,0.09256109643377465,0.7185955778695643
1568,7.52217576056536,0.0889747485823211,0.13391985487001493,0.5182791482657194
1569,6.962004633908464,0.1464972286060871,0.12620731846118036,0.37481580255553126
1570,17.676083847930105,0.12479498811597689,0.15797602162465174,0.38435349706560373
1571,3.07871351793601,0.0522603857863172,0.04448034500801511,0.49451783625409007
1572,18.29922208947791,0.20822328451395966,0.21966469390677043,0.9847462391480803
1573,2.1743724101191217,0.03997717245372325,0.04360821986477841,0.26865751296281815
1574,7.446763059450803,0.1112396376865217,0.10368982696950256,0.8792797969654202
1575,7.300035214168382,0.06677665593361651,0.09696964877721487,0.9163589882664382
1576,7.985947307261264,0.14527780135504711,0.17242577409878512,0.43741442589089274
1577,11.66187392479587,0.12069463608748587,0.1576963894048002,0.9400811539962888
1578,1.5222732944808621,0.08962427227622675,0.08072683149885906,0.17991144908592105
1579,5.008044106944849,0.13595366725424235,0.12150067739060891,0.293334832880646
1580,5.598449585043946,0.043700948931920176,0.05352239190736058,0.31489655608311296
1581,6.098168915054277,0.05804181322345703,0.07219326322585781,0.9159099627286196
1582,5.3192755626614385,0.0809364633083619,0.061960034058622666,0.7487115310505033
1583,0.9554452066266881,0.006145838061774031,0.008528692767165136,0.34108034893870354
1584,0.8638830447927883,0.01599322140740182,0.01356370697298078,0.6110427123494446
1585,1.8701853061737899,0.029982761207462006,0.025614112453009447,0.6099238283932209
1586,2.305577285177346,0.11128386710597388,0.1125103075128666,0.5119870603084564
1587,15.870330214582689,0.16359321874026095,0.15051710298246396,0.46474418323487043
1588,11.077211123680485,0.10007967263073415,0.13507469560752125,0.6814844231121242
1589,0.638773556645292,0.005513306686542217,0.008105126009139142,0.24475411092862487
1590,5.655910475303362,0.03436897206776667,0.07577856883981396,0.7888720389455557
1591,1.9404731865734632,0.08483505714924987,0.07511129160376959,0.33902500895783305
1592,4.358667633041218,0.08523336007819596,0.0830902575918617,0.1737582879140973
1593,1.564168033398515,0.010939211724270523,0.013722213206422416,0.33903517900034785
1594,4.080239248790428,0.05900229271345783,0.06459555276027037,0.3227856527082622
1595,2.481247842503778,0.03788954070912161,0.05734515294519607,0.1857520188204944
1596,7.4025134614159995,0.05983020952290388,0.09295010834606802,0.7325808857567608
1597,2.188746909825915,0.14277194045428412,0.1476193534635944,0.4403907801024616
1598,3.4285377690141807,0.06166738538287007,0.04044316318561548,0.286150764208287
1599,4.210653614283485,0.03651826740695319,0.06824832627575046,0.42112172627821565
1600,8.713587356593804,0.11965008104343244,0.11827590510543542,0.4292634967714548
1601,5.291238631346605,0.10907795905212378,0.10911398888608254,0.7308411686681211
1602,8.408737539905001,0.08615450008084045,0.14650721212473128,0.9139159983024001
1603,16.53324323396463,0.14337273257185965,0.1504448977833682,0.9330463642254472
1604,3.8374442785694187,0.06499229908881439,0.05116504211523827,0.257265648804605
1605,7.893077693111399,0.150041564241113,0.1320680788706722,0.4594477070495486
1606,3.7359024731950696,0.07223532010474425,0.08763724590203524,0.36566385300830007
1607,6.489029148361024,0.074918598622897,0.0765033508563655,0.3671026937663555
1608,6.601471073324082,0.016920650444876464,0.08262657910644744,0.7340317401103675
1609,6.40629246743115,0.13085848255356866,0.08761554969846509,0.5718061421066523
1610,4.461144726246867,0.04315146221263825,0.04959257988029437,0.15380286378785968
1611,9.464713694112156,0.04456417632490637,0.09064858661735559,0.2603391520678997
1612,1.369016913998087,0.06425981736981673,0.06965360770360972,0.34714292315766215
1613,14.855010775064926,0.13680235947018743,0.14195963475595264,0.5748044471256435
1614,3.4376786377482733,0.0832761131769627,0.08082369587280842,0.34807012882083654
1615,13.420037359622507,0.18535277034411876,0.13137623350939331,0.9189797979779541
1616,0.8927042926586239,0.016943790854156798,0.015952101559348085,0.24625041475519538
1617,8.626406649961003,0.12329657812453267,0.16396758490923513,0.9150263871997595
1618,7.174454701567362,0.039926896165462224,0.07077554788962906,0.4655207130126655
1619,3.5847538870450997,0.16383180585734064,0.15243855106315662,0.4211623319424689
1620,2.2587024928154906,0.0705812799850943,0.08851120408109682,0.3302361792884767
1621,6.116211347293311,0.18722579085886543,0.13723573850979826,0.38571481220424175
1622,1.6497161150920758,0.06107096198941728,0.062140076233731696,0.31232984410598874
1623,5.660719799219406,0.04377310642031381,0.060883132812009334,0.9139111721888185
1624,0.2863397316845023,0.003433568136333458,0.0036664938714258666,0.1428743340075016
1625,7.952045893492966,0.14390240595387702,0.10223585473467774,0.323153424076736
1626,5.894321309362929,0.15811204500438808,0.1575208679363951,0.9151402711868286
1627,10.544343902784606,0.11844947178330877,0.1080552468830196,0.4936386928893626
1628,4.811435288427657,0.09821503778668357,0.07598404166895321,0.6260326188057661
1629,2.056468694161989,0.05077184603174651,0.05459414707452815,0.8784120720811188
1630,1.953304088598997,0.1295720192801923,0.13662371106329071,0.45728461677208543
1631,9.17477215556956,0.13416303325844983,0.13370011610931803,0.4207672830671072
1632,6.0681166440420515,0.11336862127127426,0.12112687756906014,0.8968186127021909
1633,5.1060660219858764,0.07035766611026095,0.05881986775525209,0.4116447470150888
1634,5.744151769944005,0.013127160992973798,0.0460629414891305,0.5012881541624665
1635,9.720589389012806,0.14503836396094075,0.1462109941853385,0.6236108257435262
1636,1.7110604479329092,0.026606233155778654,0.025823221046867493,0.25014342507347465
1637,5.583491062278554,0.09539338270029758,0.07991354842766989,0.3215507175773382
1638,3.7522355187902448,0.027758729293532937,0.033893306230251004,0.135698395781219
1639,8.634756141002491,0.11602544352630326,0.0963734360280942,0.36637162510305643
1640,16.173854506073738,0.1903710409253266,0.1352794469168168,0.9396649962291121
1641,4.360192854143367,0.17697586353472686,0.14674264331541784,0.6041578552685678
1642,8.56611414924576,0.16835849820971802,0.1253268151711849,0.6407282226718962
1643,3.061030756323545,0.017956359911972006,0.02599449133310098,0.2697969446890056
1644,12.989653017843516,0.16590408077534916,0.15649474971586097,0.3842551801353693
1645,2.8690903167155284,0.022653981977822434,0.032460300266079246,0.25014496268704534
1646,5.824293550220159,0.06937494640754198,0.11929688658860849,0.9152460568584502
1647,4.567710640416498,0.07649504690764647,0.1100411204953832,0.3311280678026378
1648,4.509078632916251,0.0748325888002079,0.06580397495285813,0.9152049561962485
1649,0.7646487273846153,0.003629439518597162,0.007088596605594048,0.13521114410832524
1650,2.0844961610591706,0.05839344133876844,0.0821153547045567,0.6199017236940563
1651,4.041811116750024,0.07371952606522879,0.05507951074695442,0.7082293867133558
1652,1.5872060505277366,0.028760932433338028,0.03740313994615937,0.732393067330122
1653,10.896649716459248,0.15568086960832558,0.12734501604396042,0.45753074204549193
1654,7.4284662280627805,0.07327658359358828,0.08202413293092543,0.20930374413728714
1655,9.089900709374788,0.13626228925905287,0.14734730442241362,0.5858066598884761
1656,5.160780146093235,0.02037201853728501,0.04738552802925795,0.6060029389336705
1657,1.0014218439976945,0.009219247286819155,0.012179618763978963,0.4286082247272134
1658,1.865091396044003,0.08467552104552468,0.08198074777461288,0.3596336911432445
1659,2.7690178052722407,0.029414481836566878,0.032846095699613095,0.7124722837470472
1660,0.33946366729104105,0.010241160550529418,0.008729212182899498,0.22141259210184216
1661,4.388291126454492,0.044429080978261364,0.05315344344786352,0.7725998261012137
1662,8.502245629155066,0.07863085359171992,0.08110782282926551,0.39233754109591246
1663,7.136408085520062,0.04806126470084004,0.0912012880791271,0.47645097877830267
1664,3.487357375954161,0.13258030527312917,0.12929135479726886,0.9177950578741729
1665,4.173354587611406,0.03628462305293213,0.07515623620193236,0.8742625308223069
1666,3.4056324174586736,0.07978351372805412,0.080756846907613,0.6777622387744486
1667,11.02028756633645,0.06173944049773216,0.13837218944130938,0.4987844442948699
1668,5.055171398773726,0.09093948021675903,0.11169374183169838,0.786578263156116
1669,1.9773196513314288,0.05482125175176053,0.044115739588529636,0.16929980413988233
1670,3.238195378817394,0.14940217272539272,0.15898267818961737,0.2322919061407447
1671,1.1734625090450388,0.15420136410660182,0.15412877359859867,0.4032959807664156
1672,5.857609443716756,0.04024822074755238,0.0741861203130079,0.3033409779891372
1673,6.3670984341906145,0.10448234731265353,0.08935458692870034,0.91415277402848
1674,5.43923705416984,0.11989608894803114,0.13625835606960132,0.6990999076515436
1675,2.381482270618707,0.03407922061265539,0.021797457655123906,0.375051727052778
1676,3.220361266439761,0.031158416946003617,0.020042662840245352,0.28687034314498305
1677,20.459194233566315,0.18564750695968998,0.19263384658538912,0.8931750957854092
1678,0.9869345831195374,0.02421554412532462,0.02294270067625585,0.3403151757083833
1679,4.617498354088955,0.18434611307456011,0.16174753046268206,0.5490443138405681
1680,1.642840691105648,0.11522329892732361,0.1241557506918694,0.7499502417631447
1681,5.449736073735839,0.08136280432959025,0.06045863128907943,0.15260522905737162
1682,0.6288531674378224,0.006231320707719093,0.006459218647608742,0.1367485667578876
1683,8.48321925241681,0.10166110371327221,0.1314229214965473,0.4220625967718661
1684,6.3330256086187555,0.09389241762697706,0.09276124812336219,0.6762761902064085
1685,3.4650026772025364,0.1272826749641259,0.10428444535369008,0.24563811998814344
1686,1.0497077923615556,0.024522001268722858,0.0290689621267077,0.3217489612288773
1687,0.9835374388137514,0.028375571578707286,0.02554104486809948,0.37639354076236486
1688,3.8838529001661946,0.03959665193279868,0.03248404514946174,0.5924795516766608
1689,3.6181846700674494,0.05301465549386959,0.0523583158143187,0.45672961696982384
1690,8.016275161743044,0.028735005151445846,0.08301993351881261,0.4759398838505149
1691,5.497682157491192,0.063886403272544,0.08478291764457836,0.439760428853333
1692,8.726191974494546,0.04800901560217436,0.06928304470041269,0.2567985854111612
1693,3.922741905089178,0.12213971258548414,0.11086435292596633,0.7506593498401344
1694,6.22273124008508,0.05824807496814685,0.08008640085360587,0.5355669050477445
1695,2.1011987929406812,0.15180701893824208,0.1606517580438781,0.34855891298502684
1696,9.491046938324985,0.0673110066087963,0.06802650906718671,0.40241393027827144
1697,7.326690771901128,0.0773973529356859,0.05040142000199206,0.37507139099761844
1698,6.608654817811704,0.06427002447741928,0.0682489018090672,0.4285243842750788
1699,5.18103695801037,0.1096166443463787,0.10627953925190106,0.2674429942853749
1700,8.865135258603036,0.06995835982492349,0.07147233962097428,0.8590137190185487
1701,10.92885568600215,0.16239289271201815,0.16106963883501318,0.31057143304497004
1702,4.421463008016926,0.05906792893634148,0.03513022458448042,0.2941148830577731
1703,3.972267688714378,0.14060504965460738,0.15804835077281365,0.25015204632654786
1704,4.303074447987161,0.015730232670568507,0.05134350140398642,0.287005890160799
1705,3.8566981672929557,0.09757812722023823,0.10781767558860139,0.3048214828595519
1706,6.614316563676662,0.05081086965875989,0.07915463939008163,0.45858903229236603
1707,9.245475467512044,0.1111846347901825,0.10788966634894125,0.26835315814241767
1708,10.43778281293417,0.07210437929083763,0.10284850110044964,0.9165118671953678
1709,3.5899228502073046,0.056728426766123136,0.03392948160283637,0.44574045669287443
1710,5.178519562289045,0.11511320191306669,0.10394858640422032,0.5310422978363931
1711,3.214685335654545,0.07760576265263194,0.0870050271153286,0.5532882446423173
1712,1.9197477235297251,0.12978926603405735,0.12675850363961103,0.1568222539499402
1713,5.035276764555403,0.09207306106746016,0.11312075112659051,0.9149886262603104
1714,7.947488340775378,0.15855890242130577,0.12215598808804924,0.38431449932977557
1715,9.201585986618792,0.0750532926395034,0.051967971985127065,0.3646002500317991
1716,1.6738226988386877,0.021188784320379062,0.01809320412343946,0.5121353571303189
1717,0.6061981087972298,0.015266872945020169,0.01145778200440306,0.3217043620534241
1718,7.049988515365251,0.10595247620806154,0.11811308043017932,0.3476834809407592
1719,7.6438445144949805,0.15718166296201003,0.12355699474181703,0.9619214651174843
1720,1.5360103040506627,0.0096978241269989,0.016261783179136475,0.4773337570950389
1721,15.770707057971466,0.20715484546246477,0.17187064462483978,0.6778630251064897
1722,0.6083324796306889,0.005145601487406274,0.00874934421833427,0.15057278936728835
1723,6.543964798570437,0.024230326898286355,0.04800641342134224,0.42156823072582483
1724,2.4209397612156898,0.11591570732626295,0.10781758871220241,0.6274281037040055
1725,7.474621911964403,0.16883502787567867,0.14461060170978204,0.5856733052060008
1726,5.426110717550459,0.06829616682887989,0.04318965550252181,0.8906278098002076
1727,3.077706556591644,0.09505908086357175,0.09859009963839359,0.8077047970145941
1728,6.720912272715357,0.1932652899642169,0.15435034811964368,0.3041418958455324
1729,2.9442758839993663,0.10703922415346426,0.11050202471706075,0.8233633413910866
1730,1.138071356006384,0.0029595102575436802,0.016852752147447622,0.3785214386880398
1731,2.606604774896282,0.1338757990674287,0.11878678205959742,0.33954756101593375
1732,4.35292731146233,0.05168888974496594,0.10438274342997728,0.4956286633387208
1733,5.629074339078843,0.03594649258631368,0.0664683096461702,0.2375575490295887
1734,9.017638519508047,0.07168950189812434,0.14892766875814906,0.6230113599449396
1735,3.4710302724515594,0.13244894197325308,0.13485611502181138,0.5862266439944506
1736,3.668826750158627,0.08222845463249208,0.08572052220757573,0.622956058010459
1737,4.15982434210828,0.03114287048149616,0.05889860718596345,0.5124582257121801
1738,0.5104976009031496,0.016675760493394958,0.01823887464056712,0.1655101841315627
1739,9.632572821322007,0.08997657121588533,0.1186708205181995,0.6616254239343107
1740,7.125275026749,0.09335713882779122,0.0769718238717742,0.33913446916267276
1741,2.772440532034918,0.10348299601113384,0.1280532852149291,0.27458165725693107
1742,6.5687267391587545,0.1073847424159682,0.12188314157123797,0.7864627791568637
1743,6.0935018492084,0.08634604008742616,0.08396401153553752,0.49278093688189983
1744,14.926767577388281,0.12999006941650126,0.1544003266188013,0.9359181337058544
1745,5.155750894993071,0.052884026564896186,0.10597308903472567,0.15701251663267612
1746,8.804299079218392,0.046175789412778084,0.09005414277077073,0.5326682860031724
1747,14.830537627024873,0.017201013143265772,0.1575889531143869,0.931440413929522
1748,11.327152477855742,0.1618207245359918,0.1278192503153412,0.367573537863791
1749,5.5689693721002245,0.14038136918952696,0.1299222593996264,0.17378135491162539
1750,10.371394475236889,0.02401792891352986,0.10933817677146868,0.5400821003131568
1751,4.250424466639783,0.04762835888678192,0.05328517123079708,0.1785244126804173
1752,7.280444486285738,0.04316998615631279,0.10006290320805453,0.4037217781879008
1753,8.235170870428064,0.1437904062646782,0.14760023929260663,0.42045116424560547
1754,6.01692135022252,0.01886670096494695,0.05635297032168406,0.5199970728717744
1755,4.171708782580554,0.03257606120874103,0.04565355241661426,0.4229417759925127
1756,5.276061498459907,0.14804912693089445,0.16651861472120352,0.9161059428006411
1757,12.786857459603068,0.10832254251006479,0.15513501765537865,0.3479256588034332
1758,8.2120879258794,0.1547195166407355,0.16560573745451398,0.805133521091193
1759,2.2684161332710384,0.08459270245360496,0.09860938047754694,0.1483320528641343
1760,18.574078771233207,0.1233974357167114,0.08796377442469877,0.8432751786895096
1761,6.743110914727312,0.14637867892579362,0.14163214025897713,0.9221578636206686
1762,5.0366703772343495,0.058979649845135644,0.0492411874003362,0.9222405860200524
1763,2.2420842944482833,0.021864193014468382,0.02493321259536756,0.8749212138354778
1764,8.393043435461008,0.16116486197595314,0.13366520969640458,0.788661312777549
1765,4.693750776505534,0.11632674203386628,0.11189247088958693,0.15272333705797791
1766,9.133121095029917,0.12454394581167427,0.0984126596258656,0.4041706547141075
1767,2.6084470196670906,0.03249326954829444,0.03882354293546664,0.8767459536902606
1768,1.707610545197125,0.1269602155882258,0.13211492009261014,0.31192605197429657
1769,3.8576917622211404,0.14900255156117648,0.13868587431617543,0.9136594166047871
1770,1.4498399780893416,0.1351352120721036,0.13118137977880492,0.4821098349057138
1771,3.9184014897652344,0.054349615205321826,0.03691233257467885,0.44007099280133843
1772,7.177470492647031,0.189694314243779,0.1586117311794648,0.42148846620693803
1773,5.279446100275337,0.13286513877840136,0.12117363334057138,0.6036563036032021
1774,4.09423371762722,0.14682812939757411,0.1466515081138192,0.9152844212949276
1775,4.201421675190081,0.16284750482052487,0.1759923381238901,0.3922517281025648
1776,4.779684505740643,0.0986738050610222,0.11849082212285915,0.40504826605319977
1777,5.66433017995541,0.12131788701992065,0.11534762697204931,0.41546839801594615
1778,16.61183204829518,0.12033042221973707,0.17482115555328798,0.6581387720070779
1779,4.303515364298441,0.06783385052012186,0.07524354166688733,0.39276853296905756
1780,6.7056050517064625,0.10378502684613439,0.08274917486749851,0.4637390938587487
1781,2.04711694024163,0.10721949739470564,0.115012200081513,0.8946994179859757
1782,4.987080412315606,0.027069439371491408,0.0499495159859436,0.6975406389683485
1783,3.934874341950008,0.05008522085464054,0.038170734355778745,0.5850622379221022
1784,13.084092319291052,0.14083635026022634,0.15984310672608307,0.8236038996838033
1785,2.9758614183708403,0.1228196303610822,0.11497812948876794,0.1529647409915924
1786,3.3391068527538303,0.11937825546249056,0.12602822324677598,0.7535062530077994
1787,3.645679413973483,0.05268571432045514,0.0317428294911833,0.2990656550973654
1788,1.4307000664077811,0.08400235551817431,0.07866693900922564,0.8718009511940181
1789,3.277801387880844,0.10607240952393403,0.09944876721884355,0.256605988368392
1790,7.307631617733006,0.13033245794857012,0.11504966248999658,0.6188716450706124
1791,2.465706602445118,0.04210830019999243,0.029124589740795313,0.2261432409286499
1792,1.5733169166158443,0.03899272255924155,0.052574478270269995,0.15430947812274098
1793,7.405948467468211,0.06931159304327339,0.12516476067050328,0.6377402571961284
1794,9.940975574039449,0.15359792280314588,0.10602960274319845,0.7701002131216228
1795,2.5816155000131804,0.06251980895658722,0.051120189648025824,0.18466884410008788
1796,2.2887980364753906,0.044549801643817576,0.032552147246665705,0.22590029379352927
1797,5.8909561266724655,0.05348990408198329,0.06365888406138223,0.3927531619556248
1798,10.332900667750275,0.17305700922297734,0.13645997141525595,0.4940339997410774
1799,2.156318715628485,0.05720689955770105,0.03675623812691367,0.18857111874967813
1800,12.109483196009743,0.08574573049915454,0.13129110116134193,0.7168059782125056
1801,8.695971455550957,0.056965067980210164,0.09685630612221166,0.3483905759640038
1802,8.392441077177182,0.14232036260601533,0.11995314610082418,0.440250544808805
1803,1.3106534550080646,0.00656833875505533,0.009183772195245882,0.5359419560991228
1804,5.366698049008517,0.06719698924802822,0.08530637338268651,0.2965102447196841
1805,7.292231681957056,0.11697137352948289,0.08510927540074943,0.38280680822208524
1806,1.1901189065283289,0.030353254424562902,0.021373716784080687,0.17374604986980557
1807,7.634803669052764,0.09257780195143027,0.0674564516888221,0.45701477071270347
1808,4.029537890201464,0.1887498478751152,0.1604480979716594,0.7526187677867711
1809,1.9221368526184266,0.11455803419974372,0.11389925637792411,0.5137057630345225
1810,5.224377922415711,0.15622190207101727,0.11418869771710648,0.1925395061261952
1811,11.27026197004233,0.09105154777668002,0.11919071621382529,0.5293607129715383
1812,4.794735039535277,0.1322418407670928,0.137929453425826,0.32746735820546746
1813,7.417482075269071,0.12301120045820053,0.13514252569599342,0.27463877387344837
1814,2.7465843996764963,0.09439077349063073,0.11062634104652368,0.9218284301459789
1815,8.555780617840563,0.15163865264795118,0.1360423823957447,0.48828999791294336
1816,8.429585298796228,0.11802810053929252,0.11251952746052758,0.4028229648247361
1817,9.802311626040803,0.1657657826858939,0.13731304462455532,0.16068181721493602
1818,4.300901137999951,0.16926539915969407,0.14488765423113947,0.5673806676641107
1819,2.019048136860368,0.17241934462797592,0.1625154692272129,0.8996083782985806
1820,5.446114310218124,0.14094363066230226,0.14994687641274132,0.6087752659805119
1821,5.1938233284169275,0.14829457662061313,0.1294435600217252,0.7342438390478492
1822,2.6923337259045557,0.07862621723603606,0.08853518128569203,0.5186636811122298
1823,1.5286432955229143,0.11729917647178845,0.12253459170174567,0.2153121060691774
1824,16.001675693510673,0.14249818012746204,0.15719953480680413,0.3849947676062584
1825,0.38903803951391003,0.16058041139045956,0.15768503782982907,0.3675596206448972
1826,3.5450116906552798,0.09684545841801695,0.10004172639974453,0.4952545971609652
1827,4.583555962123575,0.11974464640511578,0.11470147552404805,0.4031111649237573
1828,5.21155392956052,0.05203394395538256,0.059214585645281786,0.6219829586334527
1829,5.427568770373198,0.037054885124383485,0.05642183665829015,0.9187082191929221
1830,6.405377259308531,0.014091963228507582,0.07256874912082835,0.6951202880591154
1831,11.866677579469329,0.19963599838902826,0.16667120375906258,0.40467830607667565
1832,4.273227201109457,0.05844653865240531,0.06795269641790903,0.6605016929097474
1833,8.106417211215147,0.09544275475390515,0.12384071471383606,0.47683448903262615
1834,4.450574929478251,0.08939925056088648,0.1150843057681706,0.9085561288520694
1835,5.147301053202471,0.07779283862098534,0.11042151924009637,0.6219086819328368
1836,1.56428966068027,0.02292688183061764,0.02692852680835787,0.39237169036641717
1837,12.81170632348725,0.04674047791154699,0.16243923321349113,0.4133124672807753
1838,1.808902694091098,0.007780097921892638,0.011367431520146895,0.3126175981014967
1839,9.575061698917334,0.14988809695835553,0.1694177530949786,0.6587521662004292
1840,8.510079684713928,0.07173066780141196,0.14276547803373874,0.6046271747909486
1841,1.185279218821034,0.01503285688537134,0.014085871404731927,0.1735846078954637
1842,2.147754554738497,0.11062402083460814,0.10861183759197827,0.1721302610822022
1843,1.8293959155828767,0.019958501710810737,0.020615315576387863,0.17508278088644147
1844,23.797607430285016,0.14087622008311526,0.27005811952204284,0.8229910712689161
1845,1.1693965301626097,0.10289730622759694,0.10576690086733445,0.20638423319905996
1846,6.831264388804805,0.06107967413159286,0.1251478665700582,0.9190785591490567
1847,8.698709592925173,0.0972722532743336,0.13023850781420357,0.3008383880369365
1848,5.286194230343248,0.07997411315061072,0.11003448411104351,0.6247183019295335
1849,8.993425004488145,0.04761855439348212,0.1320241892414198,0.919836584944278
1850,1.8944771630764363,0.01489858420474207,0.017099841850531736,0.33091691974550486
1851,2.9219096574058714,0.04439065897015358,0.03449586412873078,0.394635203294456
1852,0.35970420147687077,0.01139324975321466,0.009658582646829205,0.23346041841432452
1853,1.7109284569498784,0.1720429737250029,0.18253889678200308,0.17616659495979548
1854,9.860258107133864,0.11501313844711,0.15570988794858967,0.9188376781530678
1855,2.5798594019429446,0.12997719414623585,0.1348238036674857,0.21411178587004542
1856,5.695228290997882,0.10345495091855089,0.10002519417645268,0.49391811015084386
1857,0.3306915494839073,0.0024239163540558414,0.0022700510166427847,0.1793689699843526
1858,3.952720818268784,0.08664215437017612,0.06399303838102749,0.32228437392041087
1859,2.8076660287590975,0.03641724346641064,0.03814318153480395,0.29278414184227586
1860,13.474165279041403,0.14628621624868673,0.14459875117117185,0.9157348712906241
1861,2.030512281580408,0.036090758944219585,0.02270106136751389,0.175038143992424
1862,0.7618222303973678,0.01242160128169261,0.010354824028511346,0.27492055436596274
1863,3.6122665225714607,0.09900909098539344,0.08457862455533736,0.6245047017000616
1864,3.17644780225025,0.03046144057382635,0.03578443851607557,0.3763235593214631
1865,5.8532963352123195,0.08217591127128802,0.06211635259845956,0.4763909229077399
1866,1.5889344121584006,0.14715862175980504,0.1347960792213345,0.5186816160567105
1867,3.196467845649195,0.032143605744145425,0.04767087508717496,0.3942163521423936
1868,3.9844871335505174,0.07638468700049815,0.0647170610082587,0.4529431127011776
1869,2.1028421296583617,0.008989025265324368,0.018082392318577008,0.1783715896308422
1870,2.6741570996096944,0.02677806696800837,0.024908462319086246,0.3583559221588075
1871,9.561721546729377,0.2072703244287457,0.14766885449146408,0.4766783332452178
1872,3.352100001591643,0.11263551331525695,0.10236367857959312,0.804323046002537
1873,1.5471011357326023,0.1532038528006062,0.14454944790814211,0.622284886892885
1874,5.417030828330188,0.08273821371492882,0.12282144800065802,0.5890510496683419
1875,2.001294907088012,0.01942341837330038,0.01950699813653086,0.5517028127796948
1876,1.267048182216414,0.027668084440466943,0.03349028348566846,0.8034609188325703
1877,10.113491523799697,0.14587855066379504,0.13404708646377453,0.8418710683472455
1878,9.835695738750813,0.13284531231813626,0.13769535657489268,0.9100866350345314
1879,6.704004764495953,0.13099856757756426,0.11457939761883534,0.5644571618176997
1880,9.907667832292171,0.08370207653021876,0.12418073025779468,0.2683267127722502
1881,1.251470475705479,0.04242901485216821,0.040475858111338664,0.17017420567572117
1882,7.172846246265702,0.167760579289963,0.15404416267087656,0.549779212102294
1883,3.0407867150039043,0.03448268425025731,0.04256605545907655,0.6782205989584327
1884,0.3819673851027471,0.0008777570501080482,0.003270531698843779,0.22720207087695599
1885,1.9472435104507175,0.07958381798536035,0.07180323758012559,0.4583195368759334
1886,4.333980352838881,0.07328326577722545,0.09319995546378917,0.5001869141124189
1887,7.447593495794374,0.14526090776968653,0.1726415249576931,0.917958099860698
1888,6.450541349255927,0.14511035499150188,0.13550341124498058,0.5672409180551767
1889,7.054822787725297,0.028139588829928102,0.06943342211560803,0.25064930133521557
1890,2.251709999825233,0.0822659948334897,0.10412445169731675,0.9147918270900846
1891,8.71246841002148,0.1986338267374536,0.13681376529527464,0.2993535860441625
1892,12.47020271286794,0.0659908691780806,0.12480425618844895,0.938829971011728
1893,3.703096729281331,0.013063658221830072,0.04080012504586152,0.6599305490963161
1894,5.607141104785213,0.013471496909664137,0.061548030340447105,0.2390185296535492
1895,9.963974068203537,0.07412525525202947,0.10242686632214126,0.7687947642989457
1896,0.6104978876294107,0.003507203454508182,0.006832914065942764,0.30378106608986855
1897,30.03154046136677,0.23764323916572158,0.15385092880950477,0.8917166907340288
1898,0.6958738042344865,0.006080045507045589,0.0069086158027176145,0.4658398167230189
1899,6.544078299983863,0.1255413687475225,0.1107901460210626,0.36378559097647667
1900,3.965126561893812,0.06515973656474615,0.03717078565375729,0.2510931887663901
1901,5.0778224907444525,0.06210158762412665,0.07386718905029507,0.7504094187170267
1902,4.26416191348109,0.10786335713596046,0.11085639543941285,0.9169226689264178
1903,15.810187451149055,0.03800016597055572,0.17639556004834453,0.9179071970283985
1904,7.42939074774754,0.04884108974809773,0.08078350835188228,0.6258251708932221
1905,18.425565864137898,0.1084698409895456,0.13419419174486896,0.8519744048826396
1906,3.895488861883148,0.09352523164749206,0.11411741332133211,0.6605394589714706
1907,0.7747186042104238,0.004427250086246579,0.009195361563284243,0.2106171352788806
1908,7.3331712965834255,0.1347672851802403,0.0999852234220353,0.3396073360927403
1909,7.786011360157204,0.17089848621893539,0.1636190578992021,0.8400744269602001
1910,2.2668680124029916,0.1012954997583496,0.09547021321493947,0.30763746984303
1911,10.721006960085132,0.12987719958377236,0.1366263738867266,0.31100147124379873
1912,13.45567948456541,0.08578649492713322,0.14753231207211268,0.3828378380276263
1913,1.144856397993206,0.09294992334708921,0.1020376310785944,0.15631829109042883
1914,1.1725976616950144,0.018963140723536224,0.011322539523349147,0.11894530896097422
1915,3.308554493407124,0.038476732656830256,0.04166781589840009,0.25681697111576796
1916,10.882849701712226,0.1793288300437861,0.1270121440605452,0.5138905867934227
1917,2.288732300232243,0.18910190794766882,0.1791082783760493,0.5302680032327771
1918,7.86593348891714,0.07625837883367012,0.07783635968745267,0.3303270870819688
1919,0.5213330704755134,0.00826678361252933,0.0077323764852032925,0.1353393760509789
1920,6.387400894014421,0.12704951661912334,0.12091390810499944,0.3845327370800078
1921,4.561563757875886,0.09053999567622693,0.1214295240236168,0.3847248749807477
1922,3.18249001689768,0.02405856029249138,0.046261285281979404,0.3119587367400527
1923,4.076817344302781,0.02752883940589185,0.03681588647386066,0.5129480101168156
1924,9.260129614726203,0.06528924216402777,0.10966486209314606,0.2748799133114517
1925,3.187931927783025,0.11113634028632136,0.10646009656836539,0.9170688963495195
1926,7.3727275150091,0.05157110021803266,0.08884200224653949,0.9142909017391503
1927,3.0725704566610363,0.08697779233307576,0.08225551850724687,0.25113916397094727
1928,4.921344384334751,0.037586069987808585,0.08533959683589856,0.23224539309740067
1929,4.761077718275772,0.07333393485269298,0.07349836878745367,0.3834691345691681
1930,9.221784565843725,0.05348723311801091,0.09549582119346571,0.4944752068258822
1931,2.7036413967725084,0.15759665627900762,0.15021295960298608,0.6031586918979883
1932,3.0017842112020814,0.1385562768778186,0.14410843627456524,0.17405481077730656
1933,3.58312003457398,0.03819598500690659,0.046847340968193395,0.6962844720110297
1934,1.5149490022833125,0.013766921560081805,0.0154640234487376,0.6796821467578411
1935,8.47979533505629,0.03684359949301992,0.09643532647149436,0.2749518780037761
1936,2.928392145498982,0.022607315874986596,0.03261426369048168,0.5176116209477186
1937,4.049283151668651,0.03121087677348013,0.04100645562547718,0.197137963026762
1938,7.544814621522889,0.17366448740905027,0.13536483092281915,0.6216471791267395
1939,2.0164075507463854,0.08230336277143156,0.08043566410018683,0.32221329072490335
1940,0.7555273116394917,0.006321450750492956,0.005182984276055303,0.1319100158289075
1941,1.3101324320507184,0.016207804794861932,0.013407933465575735,0.2380107739008963
1942,10.898049138472107,0.11273003149799825,0.1235758777746466,0.7514734659343958
1943,9.336499930934098,0.034449256095911096,0.08668030983999697,0.21539644012227654
1944,7.24046169230623,0.0614581483421871,0.09528667568758513,0.3242952227592468
1945,2.836880457211004,0.04120497060119935,0.03225693102721883,0.3396770525723696
1946,1.1511107303472476,0.008504455523770682,0.009788741421209345,0.135284713935107
1947,4.819172231177119,0.041290735673823215,0.050938625421479214,0.24426023894920945
1948,8.934331483436942,0.08856072904576266,0.10274606601199313,0.6616722838953137
1949,3.2421978728452086,0.015711713839243194,0.03789786249758736,0.5337630938738585
1950,5.063371809713784,0.10216179194618162,0.1299889915105553,0.36576666589826345
1951,3.0842791730519226,0.12939672879440103,0.1139996247157172,0.9214083719998598
1952,11.943117283579694,0.17022371622479732,0.13773908644507074,0.6396922799758613
1953,3.2060518735053454,0.05958071369402028,0.041065857213761464,0.864761505741626
1954,0.2764630737477311,0.005977949191343595,0.005538904595925688,0.14716250216588378
1955,0.9188252261814188,0.0060809193324547215,0.012756364621934147,0.3398428210057318
1956,7.925944444983146,0.11694010966107898,0.13998076122696732,0.8215679447166622
1957,4.152908017471626,0.08782117416259555,0.08697647022353905,0.4295850330963731
1958,1.4133878688723582,0.1269103545346227,0.1294625612038466,0.913955464027822
1959,6.496077772390934,0.0949573954746357,0.06935161482650619,0.22559640696272254
1960,35.39617499668677,0.15489209291098624,0.33513548228781687,0.9376512682065368
1961,0.8805646844591904,0.1756827712285249,0.17748955675076683,0.4767892272211611
1962,0.6750838136736195,0.14633824719656388,0.14260431437420842,0.13584730494767427
1963,1.331732969510578,0.04362109428673495,0.05120109955379025,0.9189544511027634
1964,3.1693111967780623,0.002149201668482764,0.02445177030779373,0.6307658501900733
1965,5.77801803723986,0.14990277675940236,0.11463132523070065,0.5544613297097385
1966,2.50692214034122,0.11919961468440446,0.12912374917816738,0.16553295822814107
1967,2.952499221323417,0.13230918437996617,0.15297952957903851,0.4037874308414757
1968,11.463477352664246,0.13897912822936218,0.15524333939254015,0.3662071037106216
1969,15.38637565707329,0.13640723420078824,0.17665560557251525,0.9302669200114906
1970,3.265693410416711,0.07267223405295224,0.09111320434286865,0.75076715182513
1971,4.900639523413177,0.08644984944204685,0.11085810634246475,0.41006800113245845
1972,7.455415547966178,0.1166738213409623,0.08446640592644096,0.4028835860081017
1973,7.273148275170582,0.06312783050956204,0.11652951249479468,0.9211198249831796
1974,3.9842104263116935,0.040737254474075314,0.03969586294186043,0.3115903502330184
1975,20.458281634268207,0.23413938742857007,0.22628186117432536,0.8578445888124406
1976,3.7038594302966548,0.07945634190232057,0.09220600279542787,0.2752773459069431
1977,1.6263675031978229,0.15606293823148282,0.14550522801402574,0.9104789411649108
1978,8.417017522781778,0.018364835180187403,0.09988728922320017,0.9863467239774764
1979,12.739337532315316,0.08144523456483722,0.1415227327693879,0.9222413161769509
1980,8.616947968465423,0.09345880283166244,0.15702026116801257,0.6060923547483981
1981,2.6699857031189898,0.023332220255331774,0.03766115676357597,0.24952530534937978
1982,3.3136224327267856,0.031250959934334036,0.03574431591217339,0.42946150293573737
1983,5.401874837557089,0.08113402209630954,0.09296618904848333,0.2563009411096573
1984,1.048381326485066,0.010842817037989868,0.011355000157822242,0.3923417218029499
1985,2.8574350175317473,0.022262104084002157,0.03333491362978614,0.44614808913320303
1986,5.366082788145362,0.07833273469384548,0.05568264245638483,0.49905069498345256
1987,8.05643207612723,0.09163790625108362,0.09468844124622125,0.5631541502662003
1988,4.627248334739939,0.13890439703595314,0.15976273461274462,0.840944039169699
1989,0.8791671375020802,0.06716044851104434,0.06587909727211741,0.21885079517960548
1990,3.8650771786104916,0.04709218978594739,0.039419181904866346,0.34789161616936326
1991,1.9103196063530694,0.15822351539090174,0.1715358399619378,0.27500059409067035
1992,5.820291633216832,0.05084931801663229,0.09936178949843966,0.7130877641029656
1993,10.56261359545203,0.22095920966540383,0.18430897109753552,0.9165389556437731
1994,4.77557176757232,0.06090902808950356,0.060821571996988746,0.4953996608965099
1995,5.368810049774511,0.09975372764878468,0.051874782837244025,0.33050132682546973
1996,2.3176384531111283,0.05481465137818778,0.05613840542897088,0.4952341509051621
1997,2.6639062956310244,0.0636035506691926,0.04478662008034384,0.1972552710212767
1998,3.7684536435201474,0.028115297581965695,0.03452648748777684,0.9381461157463491
1999,6.159885389913515,0.0346429582825707,0.07742347084391289,0.36022640811279416
2000,1.6689138648720656,0.09682244898738368,0.10178384335144365,0.17845925316214561
2001,0.06789709346584549,0.010917180207735312,0.011469176444809038,0.31213347101584077
2002,1.3701552722138837,0.007966482714935313,0.018866023907931684,0.6588832810521126
2003,7.512212799111681,0.11021451472771909,0.15809468027930768,0.8078924538567662
2004,11.680290813593208,0.21649827525139587,0.18202968169433556,0.8586495518684387
2005,4.118322149955225,0.09827597094699951,0.11232852405078056,0.5322253038175404
2006,11.745647005224857,0.16240787379587637,0.16416504110727304,0.9364411081187427
2007,2.0299007808766807,0.030187687345381655,0.027107081127063434,0.36538171395659447
2008,2.780187141763418,0.027687473271817,0.04235270528607439,0.3924140469171107
2009,1.0217185283487884,0.008188180425645663,0.010048210510725639,0.6251587360166013
2010,0.920645160855815,0.12168288649559045,0.12260167456867087,0.6779225380159914
2011,9.894314158955028,0.07198655205530528,0.14262458805767916,0.9164535598829389
2012,7.342675107201397,0.16764976459674033,0.1281099234287298,0.5483274613507092
2013,4.650582279092201,0.05579212398884671,0.06236312490412154,0.9195891818962991
2014,9.431997990744712,0.12148505815672858,0.08897779351301413,0.4224431081674993
2015,3.4833216010949055,0.0718252769255818,0.09209093481517013,0.9196745380759239
2016,4.487680537878909,0.042753477658502945,0.04896538291745238,0.25147877307608724
2017,0.6866928028296301,0.00821280325653551,0.007306579096119089,0.42184581188485026
2018,6.989727027476742,0.15830343953287238,0.1702075874143327,0.2927137389779091
2019,5.38534808327515,0.05069269425015615,0.08867173966375315,0.2687997748143971
2020,4.402750570741223,0.10602386075415925,0.10326132162766727,0.3854215294122696
2021,2.067676773409916,0.1598112963757852,0.14605090492840692,0.9162657908163965
2022,0.9478414196702024,0.006523578403843698,0.009488680862720833,0.606131216045469
2023,2.8748027174149526,0.15818207168022003,0.14586371994037678,0.9189556422643363
2024,5.52702458221574,0.036940689978894645,0.06946206699974768,0.8931523426435888
2025,5.65548924269141,0.06726277862019361,0.08763883499501408,0.4458774998784065
2026,0.3818537968350408,0.0025575380597927166,0.0011705708014009733,0.14445502683520317
2027,7.347485198450865,0.1381683567331518,0.1428507119431579,0.3399868933483958
2028,8.681470992732335,0.0663006500136899,0.10307211925981158,0.2501006950624287
2029,3.1704086021097657,0.06235736958841757,0.06966996928802661,0.6261986708268523
2030,4.32527315481781,0.1634632027821234,0.13787549099188726,0.2870251932181418
2031,4.1095559943279,0.12567057559383873,0.10957460883444219,0.8397360378876328
2032,3.4088389505071555,0.09210273959416027,0.1037818187024711,0.9141488061286509
2033,2.2844118484750995,0.03520539220948052,0.038680250601989194,0.6768461200408638
2034,5.76251699059479,0.10547041750262251,0.14223857655065655,0.4423415823839605
2035,2.9443024079196127,0.1554020524516984,0.1666711383146657,0.7326830676756799
2036,0.4240020476547203,0.008925343931945592,0.008328665554003136,0.20690577803179622
2037,7.227923952982119,0.07442505550125834,0.11050522395200607,0.421682583168149
2038,6.314277540185359,0.14880220953493425,0.13040133651060387,0.7696297690272331
2039,3.2890404094627192,0.020031292437415506,0.03172114558629596,0.2635186240077019
2040,1.5679446363726823,0.05532894294460564,0.044374556381963186,0.42242428101599216
2041,9.975252200578039,0.024379651571766137,0.053870721372199566,0.6587424078024924
2042,4.47737044217318,0.14058712318950745,0.13460154609006864,0.28734705690294504
2043,10.720686794808767,0.08677325134541339,0.10489730404275822,0.4752417537383735
2044,5.533924510095076,0.14247368060603613,0.1426306805786089,0.7127044089138508
2045,6.753398240217784,0.1279990740763101,0.13354426165794248,0.6757890279404819
2046,7.175332664703105,0.018078829317954348,0.093378388022617,0.32391561800614
2047,0.7824150451038837,0.01050666829126418,0.010606299586652379,0.1654076399281621
2048,7.575068501840073,0.10893466517600486,0.07727471215321693,0.3388701337389648
2049,4.500487548853365,0.10579634856001599,0.10413886082465741,0.751542731653899
2050,9.614226874860995,0.17516176078871198,0.15264199837233666,0.8920691423118114
2051,5.74445451879661,0.12114245346306832,0.07268398536801045,0.28573572635650635
2052,4.067405773794784,0.11493778671069019,0.11431700050111353,0.9142811759375036
2053,4.250365397683533,0.09177440119107753,0.08776907849606101,0.7871287348680198
2054,2.5199562681684844,0.0458592415903991,0.03761789197283108,0.39346737740561366
2055,1.6879487797605008,0.054968650549361196,0.0679401296969264,0.9196040648967028
2056,10.011216148471988,0.08422265594653897,0.10250279136789768,0.31251647789031267
2057,4.763983081875167,0.015248946945545919,0.06207030436588814,0.8440885907039046
2058,3.790561861591177,0.039544349630385556,0.02700404080779425,0.5038311309181154
2059,0.8075901538825034,0.0033689571994212717,0.00950236686659259,0.5131502449512482
2060,10.57087962644091,0.1248621843085087,0.14293105635614173,0.5440854812040925
2061,16.46637138153521,0.245493545002778,0.13302073109089166,0.5880384533666074
2062,2.3588469210338223,0.09070301729280311,0.09386846743372763,0.917536627035588
2063,7.548530638420179,0.09210031891692977,0.06623062302952208,0.6756563670933247
2064,8.602251173363532,0.11976289002935792,0.11917780134615108,0.32497255923226476
2065,2.4777551412753445,0.0688191552709237,0.0643357845319226,0.3686570175923407
2066,2.053223893588836,0.15806540010761164,0.1466784054647902,0.45715070981532335
2067,3.237016181096721,0.09510971570476838,0.09772122043555342,0.2630586610175669
2068,13.247846129267941,0.14604848178127366,0.13514576433973266,0.4128821729682386
2069,2.5229581016438605,0.04216165992069194,0.05954710019786998,0.5356700369156897
2070,3.6667292247914687,0.05216650603832854,0.05599765487008027,0.88867894327268
2071,11.425273635860709,0.0748225345939686,0.10920496348302008,0.5130493431352079
2072,0.9803540842365194,0.013091158226861556,0.008947480779341741,0.16118206828832626
2073,5.277061593748647,0.09003169371145792,0.08261167505730564,0.4467658707872033
2074,4.861462142635585,0.04723968867115863,0.060449431932162165,0.941751223988831
2075,2.7620003489917897,0.04772696517856191,0.04816568051030018,0.7305912817828357
2076,4.4812451406019225,0.1585254476135235,0.17403582361406525,0.3479814799502492
2077,1.0097419293605128,0.013219518988382294,0.011695353137975947,0.19709627702832222
2078,3.8429811737332713,0.09011951360828815,0.0939314539778007,0.5301077552139759
2079,1.649622534854044,0.11866690663727888,0.11011153872805512,0.13523883000016212
2080,6.657641784587994,0.058756299749683466,0.11196115105958189,0.7863376820459962
2081,5.516173354264041,0.07488022104674481,0.09457600036226906,0.36511607514694333
2082,1.8375169087823011,0.0492054837543971,0.05012729228534545,0.5315786488354206
2083,3.086908388158283,0.022181448088651332,0.02860180405950227,0.33022940112277865
2084,4.041370701781984,0.12593295656374046,0.10150542857541733,0.2632963447831571
2085,1.9215331475303024,0.029613528529622554,0.02393915980274847,0.7321601393632591
2086,2.3912434880268543,0.04289951190371394,0.053454255052526545,0.863226420711726
2087,2.6578919784986774,0.01950481756281576,0.022538134301478614,0.3758479841053486
2088,2.1046036299876216,0.039511461415628564,0.03977114322578058,0.6128439581952989
2089,0.8489151090049037,0.007100078729801837,0.010501004290929376,0.30386227602139115
2090,6.498406062471538,0.14159210595341287,0.1795928895412666,0.8915348928421736
2091,4.591574494759554,0.08215008106670438,0.07249541020665683,0.6062405467964709
2092,10.461388974562924,0.02662987665421473,0.0982272696392871,0.8952677701599896
2093,12.659745131358058,0.10433276591352499,0.1456361295702347,0.7862233938649297
2094,2.251799435835936,0.03164696951100409,0.02719484157982133,0.31202414399012923
2095,2.865313628314971,0.020442659869463628,0.028901341785952012,0.6230128356255591
2096,1.0750492722267873,0.06114714887205011,0.06193242886560862,0.14634031523019075
2097,0.6993033001233678,0.02841945739950177,0.02858822508791438,0.2622262630611658
2098,24.141896827970907,0.112834258501862,0.2281955635934691,0.8079877942800522
2099,8.561047750409658,0.1455407270782986,0.0990161944863325,0.6415049908682704
2100,8.669244132856148,0.1414959218854036,0.17121391777878206,0.3841742593795061
2101,3.4983332444911492,0.03813340698464035,0.03659973537433804,0.3750967252999544
2102,3.917409890186404,0.060523062195179854,0.04257506206582611,0.340781609993428
2103,4.236994003348207,0.1639111262472214,0.1719061623860227,0.6036449470557272
2104,7.22380394224318,0.1002088879379353,0.10531441184558309,0.7528775832615793
2105,9.219548922254624,0.14313284832575923,0.15904080874301008,0.2682966850697994
2106,7.537028475947883,0.09638426148335932,0.08706128596781415,0.40245327493175864
2107,2.549026548353746,0.03508939889717923,0.03229572657997702,0.44714709371328354
2108,4.913045480635608,0.062954179325375,0.05977544013942337,0.3855719002895057
2109,1.6537737338800613,0.009918344720790416,0.014990356599661574,0.8137500300072134
2110,6.827316688636553,0.17734054738825472,0.15925844415491716,0.9193769837729633
2111,5.870606565798645,0.08403863414095478,0.07018325238407114,0.2928446992300451
2112,3.6707716994814574,0.027333914302852015,0.055960406784485696,0.4223562399856746
2113,8.791091708211997,0.11290937033348188,0.11529908147850718,0.5889835152775049
2114,10.278009185212255,0.1030552721216899,0.1095812318896082,0.5445053358562291
2115,1.2905054295764178,0.05740896618964497,0.06793310818185176,0.15353143494576216
2116,2.4782795370652075,0.008528213259541142,0.019479289751000294,0.15441121812909842
2117,2.946935160345291,0.14838107179156473,0.1499937351790514,0.9154271469451487
2118,6.633079392149358,0.032444403184249834,0.05851084933837054,0.48444161703810096
2119,12.043214641641043,0.09876809535213009,0.13123007547124596,0.5449745808728039
2120,11.887837668291235,0.11988226241615875,0.16421790622410085,0.5864979331381619
2121,2.486892921464804,0.028166004323518283,0.02482870641834763,0.2864090637303889
2122,1.54921242599433,0.029791115573314493,0.022432917656400337,0.5572547689080238
2123,9.261363821543844,0.10492364821245241,0.09683167803440285,0.6404240657575428
2124,8.591414122664066,0.057339015830563125,0.10129062290297658,0.32165358820930123
2125,8.126147472703916,0.06260371944198138,0.07847053534486975,0.3852362507022917
2126,4.235703600485089,0.15316370262322646,0.14601241734320802,0.7506128349341452
2127,2.7604944857542897,0.19350948059341286,0.1786247246346623,0.2322308709844947
2128,10.35660948878821,0.12862349041173804,0.15611853575276505,0.6606276440434158
2129,2.0978071131850746,0.025480023699946255,0.02154097630628069,0.21518357237800956
2130,6.526163097206746,0.08458635143624745,0.09601640885950752,0.9157662410289049
2131,2.9604288081797447,0.14243392179178455,0.16592684436862984,0.40319945802912116
2132,6.495412190663672,0.18576658546627914,0.16642801324569925,0.8252411540597677
2133,6.133998559837722,0.07685708881374959,0.0966291740653312,0.7499147742055357
2134,4.126729335789129,0.08715785683604375,0.12755630741161086,0.4462076108902693
2135,9.239622295118584,0.09711153613401576,0.09852777021803102,0.47835405310615897
2136,6.493132992259378,0.1098900832390642,0.1014224504073963,0.4218550156801939
2137,4.125827236160828,0.09332421768427715,0.10597575484579168,0.3378945467993617
2138,2.5342210848175664,0.017932000251472357,0.031734725212578384,0.3130499408580363
2139,1.2241595138950778,0.11518345100438626,0.12268446466467399,0.18809355702251196
2140,6.181611184040567,0.08413349406983463,0.09385859988134607,0.8764100419357419
2141,6.009479874319277,0.08410553269073759,0.07249045344398476,0.7702969941310585
2142,2.591614751988099,0.0182222441432557,0.029685019505532623,0.590440692845732
2143,0.7162173681658253,0.21047290481332753,0.20650447220848925,0.1961962659843266
2144,6.777169273441057,0.15526243194588676,0.148658710788242,0.9142970568500459
2145,6.254650438046922,0.059306757040713684,0.06750907206732704,0.6812374428845942
2146,4.071806454538115,0.0923645190989896,0.11403839281815974,0.9180060257203877
2147,3.1173168542127856,0.07073747972113652,0.0714769208811884,0.7135309288278222
