pair,rre,rte,rmse,time
0,4.612005246009634,0.055519364787415405,0.06508877189101032,1.1554788779467344
1,0.6954898492364083,0.007493684839135595,0.004442321931612807,1.103235443122685
2,0.697849049980385,0.093547612546565,0.09317104249014,0.9490705267526209
3,0.6333281314789244,0.007531524079790833,0.005056782250165558,1.154637928120792
4,25.184941852951948,0.24579357093364207,0.2796585347206812,0.9065326871350408
5,0.15640101609037413,0.0007344466325774011,0.0017539459743722318,1.040375434793532
6,0.17594901573049662,0.0015666920610270642,0.002082536618810852,1.0441687628626823
7,0.10230659019784799,0.002942539761714839,0.0024111594220683507,1.025476424023509
8,32.64376905717883,0.09919174906248705,0.2972435580173045,0.8087889840826392
9,0.5809808204731977,0.05060639815959689,0.054388486745162265,1.031300047878176
10,0.4854550966025407,0.004049150300443166,0.004376907437490824,1.0986185711808503
11,0.5849691979151024,0.026013107468604062,0.028427419292780882,1.0733853788115084
12,0.16222071607090016,0.002178818283073057,0.002140128412583853,1.0794167090207338
13,0.18870628630532246,0.0031065879515930982,0.0023741335433928572,1.0684934258460999
14,0.4244668024877743,0.007074405437674814,0.003970508933323914,1.0701755280606449
15,0.3155822047018843,0.0023005304315141285,0.00299949585497995,1.0704113938845694
16,7.675094398330751,0.12714982722056303,0.1610429374038405,0.9634496700018644
17,0.1648494705308359,0.002752927295900857,0.0024085314767793545,0.9671480432152748
18,0.3197499449012417,0.0025037884255412228,0.0025438170896275192,1.0446755611337721
19,0.39918334076802625,0.004075659594769026,0.002126479020205066,1.1111291428096592
20,1.2549877488596815,0.17640418284211357,0.17974175143532414,0.9382704771123827
21,16.744429135639763,0.17220748297319366,0.1673249601382094,0.9493782529607415
22,0.34099777628507244,0.0037303682135607814,0.002469705165376094,1.0369247570633888
23,0.18901880157907533,0.002935278872164063,0.0033343768840554565,1.1151401419192553
24,0.3114756535707565,0.0029041875924829,0.0020484044907844853,1.1811071778647602
25,0.396629437657982,0.002143074677502332,0.0025368567264401507,1.1031614770181477
26,0.019147281762621537,0.001421082619771854,0.0014315806818024084,1.0431418595835567
27,0.7075300714286156,0.008703081964436466,0.006202801896656198,1.2009774181060493
28,7.107558118420871,0.0333344911161876,0.07947136069729749,0.9697279399260879
29,0.10936998794304933,0.0023948235777576494,0.0021775034319945702,1.076566990930587
30,0.3482594760534092,0.004977870208062055,0.003828066924374725,1.0299367592670023
31,6.527538352278895,0.2117778411135031,0.17038895487799172,0.9454350033774972
32,0.33205193564017105,0.004219263992793478,0.0029069004960430344,1.0641965568065643
33,0.16670797790154587,0.003774402111927391,0.0031455382198702065,1.0509432288818061
34,18.63870181186848,0.24103407533841595,0.20985778356381407,0.9033903097733855
35,0.24903840194103438,0.0016655292307699164,0.0028490016134280994,1.0413875109516084
36,0.5220963655806526,0.002249645327727012,0.0031938211019115316,1.0644302489235997
37,0.29594106196874054,0.0019804046501956914,0.0036363442775146594,1.0476649701595306
38,0.17193457020449765,0.0013388687418403478,0.002412260720683498,1.0388310737907887
39,0.2501030802060137,0.001942977833427979,0.002706621825933762,1.0466880523599684
40,0.20175097361848843,0.0031758266921600585,0.003181159876861965,1.0476833740249276
41,0.1405371879346845,0.002590325756319607,0.0017761967800651243,1.0319616929627955
42,0.10281801905724552,0.0019325838969048493,0.0014886890443506615,1.0169632569886744
43,0.17192623321402625,0.0015003486853828961,0.0020264519348559443,1.019650817848742
44,0.9965855859360191,0.00977227007374971,0.011648035261134424,0.9504745863378048
45,0.2027602374344681,0.002180193852389744,0.001806259801910197,1.1143007259815931
46,0.21341384138672934,0.0010552462056271764,0.002213989694515847,1.0602795649319887
47,0.22266075668603233,0.002022706362541939,0.002746637592051442,1.0480563188903034
48,0.3003328351700919,0.0032613684149662074,0.0040476257604235765,1.0375111601315439
49,0.36336117238064636,0.005282749513025123,0.003884930250401409,1.034679165109992
50,0.18080284917354533,0.0011067774635937265,0.0015097251920950798,0.9951386926695704
51,0.1940454107693796,0.002744466716773426,0.002544397871291243,1.0325643820688128
52,6.457402217651201,0.1242833001159631,0.10050748393231027,0.9574249791912735
53,5.027408299459761,0.01400553895507525,0.05102296155660423,0.9226918108761311
54,0.09621524637097877,0.0010813976283095843,0.001113477102669109,1.0387438191100955
55,0.22821927240437276,0.0018777278150166462,0.00216715302225396,1.0400969521142542
56,0.30497860933584336,0.001954268666311978,0.0030141483786353474,1.0479806787334383
57,8.229082304876055,0.07040619039351816,0.107972677472955,0.9423895748332143
58,0.191802752854582,0.0018576906343299067,0.0020630054827840034,1.0443465188145638
59,0.21164459139806208,0.0019875342632296017,0.002423433136662599,1.0837582531385124
60,0.24592798671233926,0.001114841658162133,0.0024590086234351715,1.0414061518386006
61,13.742632539797713,0.1545008305178222,0.15193494882679423,0.9769425690174103
62,1.8297536593128474,0.14707426118957262,0.15024957312873244,0.9801851571537554
63,5.129365804306456,0.03682916822988605,0.07162499363218756,0.9589866185560822
64,0.17416977930597413,0.2872921544766937,0.28691671023027293,0.9920903141610324
65,0.3270787649741299,0.0018866406775059964,0.0031392664724358434,1.0191910238936543
66,0.29856037031798494,0.006508358531432156,0.004520193073177978,1.1106514050625265
67,5.841673210347013,0.09042986074200213,0.1451325810697834,0.9952106517739594
68,9.718310426397903,0.09927122551006211,0.14820759021176444,0.9289732039906085
69,0.26056377246499557,0.003878337719837881,0.004598194732602667,1.014451271854341
70,19.686864940748272,0.17370896269908007,0.21715542708478042,0.8314357921481133
71,0.24513457839530778,0.0028502328298277784,0.0024892486469446223,1.0221871947869658
72,0.16649632780445714,0.002672807898895922,0.0030176524149928665,1.0549683519639075
73,0.2450026678999595,0.0037400943374953652,0.00354076833875932,1.0084627917967737
74,0.1405661987051349,0.0015927859949183506,0.0020656762764793644,1.0309057659469545
75,0.7837826065742446,0.006707189743143583,0.003116941408272932,1.1469261469319463
76,0.17576180908796382,0.0014273310760581726,0.0014824733987368426,1.0457384213805199
77,0.06959136592217624,0.0039467014176553595,0.0032777228564502556,1.0654746810905635
78,0.3100041212357315,0.002803157564834427,0.002577900781697753,1.1496699298731983
79,0.14047051567164984,0.0009865530628511458,0.0013652762679255584,1.0330589348450303
80,3.0761787749610545,0.00988137036309841,0.03230053968252888,1.0388239030726254
81,0.33984840373981173,0.0016600982732039094,0.0032020892645964675,1.068859617691487
82,14.679038229139735,0.13303778156120885,0.18682765140707577,0.9258385431021452
83,0.3583457247391366,0.003587681692560264,0.0025458607146733783,1.0337203470990062
84,0.19415686780436692,0.0032699104382702257,0.0028942172068465153,1.0535255181603134
85,0.3159583705509774,0.001554131756784942,0.0028531930160879985,0.9516644268296659
86,0.1608376724165758,0.0012399465217276828,0.0018799541520986053,1.0355927790515125
87,10.647611705241934,0.07788065038003134,0.1279362472904522,0.9312388910911977
88,0.15507571145540675,0.0018960826774356478,0.0030722512515606597,1.0389692462049425
89,0.14458837443619252,0.002352432925530209,0.001833705071182582,1.0434690178371966
90,0.16383039980063285,0.003971576972254156,0.003817508493569141,1.0008403887040913
91,0.5643407275540664,0.0035388024555963044,0.005092195373456309,1.0414999010972679
92,0.12425052775791041,0.002429775489916168,0.0034356589254635078,1.046155409887433
93,0.10181376678345451,0.0021805935273514435,0.0023659501993983823,1.0221554711461067
94,0.14654328819052978,0.0016966130897629848,0.0019105541071492945,0.9877324718981981
95,0.34531998867306846,0.00322784609137853,0.0025863262069585587,1.1495937542058527
96,0.5377651233350789,0.005350744208833991,0.003559473867633302,1.0758868069387972
97,0.1828957821416662,0.0018765390166319085,0.0025947984428387177,0.9512229496613145
98,0.43453265601479224,0.0025935406149476133,0.004856982471135892,1.0413384540006518
99,0.2821730509663043,0.003102732047649497,0.00467709637379888,1.1141848592087626
100,0.2798338149992632,0.03549369313737411,0.0357219085662503,1.128543522208929
101,0.08601617919860402,0.001693237818603128,0.001338734076278325,1.0394761310890317
102,0.28662359132615817,0.003725624305175847,0.003805743525850362,1.0554431257769465
103,0.17030833943774024,0.0011287728769601606,0.0017636154469235414,1.0771555798128247
104,0.2702529078099538,0.0024390139205524857,0.0033494044521472114,1.0686216931790113
105,0.6541283810515494,0.1305854560352556,0.1326297958924297,0.8922049729153514
106,0.35097955737488135,0.0035424908164076487,0.0032603244671749903,1.088037216104567
107,0.4085518935580812,0.004183728886883834,0.0029040905871873463,1.1098254551179707
108,0.24476851456590873,0.002554046299137812,0.0022373089395459926,1.0491563938558102
109,0.5733383181226741,0.0027122004343589825,0.002943611432818625,1.1690570949576795
110,0.25437596542394797,0.0014434606813630007,0.002572046113504828,0.9975710227154195
111,0.47709203199020644,0.0023293651644600904,0.002963053337309067,1.0692624798975885
112,0.2903463551645577,0.0032179486588158187,0.003473549222765544,1.1019327752292156
113,0.7811018213265205,0.007676046932428122,0.005929513937163582,1.0938333459198475
114,3.0447253130803977,0.03152702969899937,0.0411841705532895,0.9325372590683401
115,0.19999403447505226,0.0036358993282899605,0.0028518110216246544,1.0305556817911565
116,0.47654994689733304,0.006058906572793209,0.0031590810821826177,1.0608782330527902
117,2.580798812452785,0.02868172799312865,0.03458280924208523,0.9591158898547292
118,0.14084306785925607,0.003526727557058952,0.003577615414335656,1.066856216173619
119,0.660421018091754,0.02778065350358904,0.027297857941154254,1.2126876101829112
120,0.34339149967743243,0.0018450116468045664,0.002942812058083491,1.0387331540696323
121,0.9339901848879857,0.006562444192800545,0.0038523324529680736,1.1298035820946097
122,0.1859122701329696,0.0029747016996816795,0.0034228077377709775,0.9469696241430938
123,18.43877947091231,0.15944671735811866,0.19924432589401095,1.0432944353669882
124,0.24742409666047638,0.0007890320189674556,0.001241449061783923,1.1547854281961918
125,0.2479265305675599,0.002507546088623785,0.0021476482899358863,1.0264290189370513
126,0.2602634656049804,0.0038575421822130405,0.0028112485901584695,0.9935628310777247
127,0.19716965560585953,0.0016163990288755867,0.002830703256039098,1.0417449292726815
128,4.361852182319469,0.0810859465241998,0.06254734281428861,0.955733869690448
129,0.7455485207935552,0.008478113809846886,0.0037941662595863787,1.042110915761441
130,5.411666132431432,0.06528378583275127,0.06626306293287941,1.0637787589803338
131,24.131172315600494,0.18919961349157954,0.11145993225637033,0.9478717409074306
132,0.07971726787619707,0.0007292752008911185,0.0012039610179791552,1.046835851855576
133,0.4270249299905258,0.0009572499686190661,0.0029878667862054792,1.026546468026936
134,12.62979176475587,0.1650270901637983,0.16293568177902587,0.9046696242876351
135,0.09270210026623397,0.0011793189485126468,0.0013708325990690693,1.050339869223535
136,0.43862320136832544,0.0011902917329891073,0.0036966760086791905,1.0400695372372866
137,0.5872106417729775,0.0016630832313251774,0.003633821865463577,1.0717821889556944
138,0.10967952385428921,0.002370323458563895,0.0017391806137826958,1.0119411582127213
139,1.3310450886939247,0.03125893914010516,0.0418017105144057,1.134325247257948
140,0.2966321361976332,0.0016060087837215936,0.003556803130214778,1.0388571829535067
141,0.1631443745141761,0.0019420207004272308,0.002390165806052902,1.0323803718201816
142,0.16793941646568233,0.0018392114447481854,0.0027630640028400806,1.0340177109465003
143,0.28323806576906535,0.0017395881992640955,0.0023855677127450187,1.0881830416619778
144,0.03664625184114349,0.0016266559689489823,0.0016071667394148665,1.062654531095177
145,1.9986518229320744,0.17069453070619953,0.15894731864693593,0.9653080790303648
146,0.24346248372786383,0.0012620678426274853,0.0028917791996505883,1.0192166273482144
147,0.2691639422973338,0.004076952766751382,0.0032873228371007113,1.0537205999717116
148,0.1436584855779547,0.002479206845624534,0.0024535444703373643,1.0227134707383811
149,21.10912011087117,0.07266574492756524,0.26142313752096935,0.9753680010326207
150,0.5093833209454138,0.005781120507305209,0.005259408562839476,1.0441820989362895
151,1.2712642757912265,0.09836067473139665,0.0927649370151681,1.007797523867339
152,9.257075293527734,0.03914725086282453,0.08058791525434834,0.8818572461605072
153,0.14722417749942063,0.00194406238201205,0.002948588539331001,1.0445711291395128
154,0.514657494583367,0.00351218007467337,0.004692588402092048,1.026076540350914
155,0.06257018823156167,0.0018303089132060844,0.0021037527686822077,0.9224386601708829
156,0.5621125372651238,0.005062995238778499,0.0052801083562165315,1.1476936149410903
157,9.980927580704464,0.21183850829803635,0.19691105043127272,0.9684718227945268
158,0.29483495823075817,0.0021879133991141823,0.0034379210406156276,1.0267289057374
159,21.544635207881374,0.13515842206654108,0.29430424433500696,0.8549985503777862
160,0.14777785084073802,0.0026092877327427567,0.003121844444791648,1.0283516319468617
161,0.9080213699487754,0.007553577682369485,0.003940281583921083,1.22089010104537
162,0.09769700173792177,0.0026901395648972937,0.0021903662338906985,1.0250589367933571
163,0.21877124975901552,0.0026819271736214173,0.002164686205836099,1.037673246115446
164,0.4891882567975173,0.19849557113361926,0.19695166113646065,1.0313507579267025
165,0.20247338263840903,0.0032141286753031035,0.002381760460644602,1.0416729231365025
166,0.17246413333282312,0.003052376005785368,0.0023365801028993388,1.0438687149435282
167,0.1248717889721474,0.0027338550628517658,0.002796753866586145,1.0108733270317316
168,1.4008472265525294,0.008500886530296993,0.005173430870249418,1.2039159149862826
169,0.260517035462568,0.0018824825813784408,0.0014503631396354058,1.0797787713818252
170,0.20588980480036043,0.0014714505387768506,0.002279356431369987,1.0136467460542917
171,2.7585038888561226,0.017521258150893764,0.029785494476480056,1.1230484978295863
172,0.18235693511552645,0.003726519731813491,0.003618669336544336,1.043057022150606
173,0.3042058628748602,0.004476526620320767,0.004483687895101,0.9814290860667825
174,0.13633985897217563,0.002025873655243131,0.0015236547841001881,1.0517836944200099
175,0.2488783804877168,0.002485232606987538,0.0019062578527399097,1.0505041312426329
176,0.12394049921006106,0.002465556104023509,0.0028730446731461347,1.054964710958302
177,0.6012744176411419,0.00598313065097628,0.004139430433845371,1.0733180879615247
178,12.50051226593298,0.24777002673852558,0.171479094290208,0.9306924710981548
179,0.47790444471159954,0.0024570217890155037,0.0038980170972644245,1.0910467277280986
180,0.24578362793607098,0.001000191752765755,0.00226837360085236,1.032494654878974
181,0.35372040659623644,0.003970302188007122,0.00282445675353834,1.1370103540830314
182,0.24057972229792068,0.002090496675572187,0.0025424927531847853,1.0531549858860672
183,0.9298362921259377,0.06936826466434155,0.06823905429530372,1.0482518561184406
184,0.2872259752741636,0.004726720242006282,0.002999617681501641,1.1103369197808206
185,0.31176653633970364,0.002578815762407827,0.003384594702138597,1.0083689601160586
186,0.15150241096634137,0.003410392418217431,0.0025307900072341566,0.993454865179956
187,0.399998314389389,0.004618510650526715,0.0030183669525751565,1.0625619441270828
188,0.36079674804200196,0.0018112468726645577,0.0034415062317616173,1.0141944629140198
189,0.17138624951888295,0.0016517189078432174,0.002430178468445711,1.0309232012368739
190,0.22781137339379784,0.003983381541984255,0.0037252279757511698,1.0713601801544428
191,0.09256998527109488,0.0031015765449928846,0.0025489060584957075,0.9874283806420863
192,6.125387911354554,0.038659411397924164,0.06127208363516192,0.9815883082337677
193,7.672418215164932,0.05283761135092822,0.06439613317607608,0.8984517552889884
194,11.986334970379044,0.13553816343187572,0.13182838233046926,0.9455366050824523
195,0.5181187780412422,0.0027037139639170165,0.004214963004451968,1.0884007923305035
196,0.17494991695075834,0.0031009199164663006,0.0031332495457448194,1.170568326022476
197,15.580808303116724,0.14249842158621795,0.1642793766872785,0.8972280854359269
198,0.6611247194809785,0.11961127078585745,0.11951181743527675,0.9642472169362009
199,0.043692149379368835,0.0029003924902570237,0.002854494514569698,0.9534767679870129
200,14.93133425644402,0.05021628556170059,0.16900689791863988,0.903500494081527
201,0.31605319015027084,0.0027150631465595095,0.002593830582026211,1.0580619662068784
202,0.3704758432547711,0.006561199804176157,0.004622855172607481,1.1301801870577037
203,0.21657561192948505,0.0028214720507588383,0.002389825251778485,1.06866912310943
204,0.2298824571069077,0.0012883132687467034,0.0025433002167463198,1.0910122636705637
205,8.249716879629513,0.05587392621281373,0.08373697828862678,0.927625133190304
206,0.19762418725002223,0.002395419449864627,0.0025090337449800984,0.9518505907617509
207,0.21850520408682628,0.002891518951129212,0.0029459636062138593,1.0835234401747584
208,0.16450808195068528,0.0021933708996559223,0.002159741055894889,1.0917255692183971
209,0.43673525650420475,0.0025210840721699617,0.0037424459913784334,0.9511191956698895
210,0.31539018837374005,0.0011623739289616047,0.0032975780827367083,1.0310534336604178
211,0.3016849682435677,0.0021044696363070785,0.0027127045639837263,1.0872138109989464
212,2.3438818301242828,0.08475954380070168,0.10448016190282894,1.063845467288047
213,0.5643219432379555,0.13476346271416803,0.13631763799493532,1.0207848730497062
214,0.9437532425618601,0.06573483904941813,0.06715663815012313,0.9123692749999464
215,0.39387317833514107,0.004078063402851979,0.0032065491480500843,1.0539691541343927
216,0.403639966161628,0.006212223311505174,0.0036550014070541714,1.0280313459225
217,0.4182286278198249,0.0009013504801378293,0.002599997127114391,1.0275047631002963
218,0.25778008075103354,0.003214694009077869,0.002789106554685241,1.0312656913883984
219,0.24208736180695375,0.0019399267405692834,0.0023502483224951197,1.037154491059482
220,4.58341626626305,0.03210673304053862,0.05262140070054128,0.9650140651501715
221,0.6215703942815027,0.06888618810501886,0.070470336363586,0.9456163519062102
222,0.15967155869480937,0.0012981572388849265,0.0020685956104238177,1.0505243558436632
223,25.954255797684517,0.26638943188254577,0.28477737277952536,0.8537027868442237
224,0.19079505849894998,0.001991350724920571,0.0024854109750493897,1.0412073652260005
225,0.14383936023089114,0.005235591232024309,0.004597639264533348,1.0467009469866753
226,0.5677089162245744,0.005193460578528904,0.004724086551699604,1.0526382997632027
227,0.12218672586383719,0.003736808790030399,0.0027787218950883707,1.0913228350691497
228,0.09550932962405305,0.0007932334158698336,0.001139174916370157,0.9966425942257047
229,0.1935519024311446,0.003458576563473638,0.0031939315095959606,1.0644457582384348
230,1.440027629170187,0.013997904413628817,0.010543426796772809,1.0714220609515905
231,12.635658808645175,0.08284353953309788,0.13099153334763725,0.9889177358709276
232,0.16211941109063754,0.0015401996064950145,0.0015166546095411134,1.0919634657911956
233,0.3173722763126092,0.004161843676824049,0.0034349357449418127,1.083573300857097
234,5.235164539282223,0.03847307815164936,0.07165210837332153,0.97601672494784
235,7.360662602151941,0.126886991351666,0.10838410658403083,0.9831770011223853
236,0.35957340883676076,0.0027897805594469,0.004585003584115695,1.0007567908614874
237,0.3034881693652517,0.0022812802362492655,0.00402356003014038,1.0626603439450264
238,0.7998409676831559,0.007084203418468153,0.010512850507284744,1.1670305137522519
239,0.3258425432827398,0.0019252454467409165,0.002763973855787446,1.048893933184445
240,22.901630299532336,0.16175539856291,0.10041159724596396,1.0265390030108392
241,0.2543484683895146,0.005396400790696122,0.0040112287267273375,1.018876865040511
242,4.531811601368822,0.04768245246230508,0.06743172794569731,0.9721327838487923
243,0.40795649217058216,0.0021308356539276488,0.004596484121367127,1.0323588429018855
244,0.1835833724597954,0.002411510327871565,0.002218617176330458,1.034055813215673
245,0.08281219526867985,0.0020099015524760087,0.0013105613825900831,0.6864507952705026
246,0.21620444924696103,0.002199585060644089,0.0032401404642202446,0.9424409689381719
247,17.42338942062085,0.16733536820800785,0.18644728216397743,0.9245174657553434
248,0.7299919890352249,0.007440123094231663,0.001378897525727424,1.2274107178673148
249,3.188847725034025,0.019593525894164934,0.04422840183076715,0.9255704181268811
250,0.2033735667707979,0.0011194983937497156,0.0020367775073420803,1.0337635283358395
251,1.0879251535983976,0.009500989563438608,0.0048805314894331524,1.092540227342397
252,0.18669682130079712,0.0011832743373581822,0.0022506251962803535,1.0535443825647235
253,0.16485799418118743,0.0008367013889253345,0.001991757312059075,1.050486067775637
254,8.637422866171338,0.030506731671954574,0.0985605732002011,0.9054319001734257
255,0.13942666034263682,0.003467043819230266,0.0028656286445899073,1.013656489085406
256,0.22106681145286344,0.0026647503107019737,0.0025655277698522806,1.0795279811136425
257,1.0755151412764474,0.004749265575291094,0.014130872063426298,1.210755452979356
258,0.1752109105003812,0.0029355374395746525,0.002140781712069683,1.0360622648149729
259,0.1376478624593326,0.002790126200359276,0.0024188409550245592,1.0790818338282406
260,0.4338615128097922,0.0031218682777885065,0.0026234130652771615,0.9669076111167669
261,3.568885005917574,0.02829765376524052,0.050221353316289005,0.9592829658649862
262,0.4044799555857903,0.0041908533471432755,0.0033171028485241183,1.0681396182626486
263,0.05631073325874207,0.0007166359492222925,0.001012267044293517,1.0464113052003086
264,0.28054587189497054,0.004640064872133135,0.0028006980879235646,1.050398786086589
265,0.3008517177847989,0.0037348479230925728,0.002470685496375707,1.0743242539465427
266,0.8534207463397538,0.07753525822636244,0.07817562949382721,0.9649014468304813
267,1.9009134933598653,0.017936370561823477,0.012031978038427624,1.12208023481071
268,0.23094070616214044,0.0016541307634196536,0.0018065777316868038,1.0579753313213587
269,0.4394631959006591,0.0025963877625320513,0.0036418642855066776,1.0644084778614342
270,13.080679989195424,0.1608349129479452,0.13462451037130013,0.9078473746776581
271,1.6196791413200748,0.014317765148454155,0.015326554982164026,1.2228727671317756
272,18.525710610208982,0.06374341198055673,0.19797807166984802,0.9362500421702862
273,0.6335650863940122,0.006519587552674811,0.0022522770894879787,1.072403556201607
274,0.20728192461124692,0.0035075377033514524,0.003071588910948993,1.072759720031172
275,0.14512308610746283,0.0032033013611143762,0.0023434533973447553,1.0687779625877738
276,0.5985952590318944,0.002799373130361825,0.007948500504295929,1.1721276878379285
277,0.026302187339008846,0.0005895003068135542,0.0006034094231650738,0.608156441245228
278,0.3852606765686273,0.0049973046191285255,0.0044858928104471,0.9593975706957281
279,6.652284985384279,0.08915991978960308,0.09313010932892801,0.9664867892861366
280,1.2358762854641254,0.11760499690351808,0.12258903291387546,0.969850123859942
281,0.11514994508584807,0.003561004036026744,0.003613825268244602,1.044661515392363
282,0.6796889645580632,0.14265117100062968,0.14062971375542865,1.012824336066842
283,0.2038297475264274,0.0015393025483792296,0.002246737141239957,1.052591369021684
284,0.27691656288937516,0.002134214298833999,0.002719851085534083,1.079256844241172
285,0.4455583840652808,0.0024714503689146866,0.003171073817472198,1.091374948155135
286,5.989768336723424,0.03812620256828726,0.05615250703292385,0.969909843057394
287,1.274452907968005,0.08259072344148735,0.0868267989270554,0.9378114831633866
288,0.07547699243455734,0.0029857566589120347,0.0028133489463025114,0.9766892213374376
289,0.2490400978480876,0.0037528112776950466,0.0044114254831716685,1.0131641398184001
290,0.24942454531899935,0.0014548946148911113,0.0036666536541008145,1.114892824087292
291,0.16386127576472553,0.0008727267527094355,0.0020972611135436138,1.0444145370274782
292,0.8975396265597091,0.07090671357208202,0.07301067734152503,0.9199858759529889
293,0.35021425010120544,0.002460167103545431,0.003368757768904208,1.1213791412301362
294,0.2047571736567447,0.0031839603379254133,0.0028949479623413574,1.0314853419549763
295,1.0679716189868296,0.1381478867380439,0.13808770114026225,0.9352878131903708
296,9.692394157492306,0.06624794591140609,0.10780584554473159,1.0312561001628637
297,0.17003771410019608,0.0012648444080553083,0.0017640191364112299,1.0183049379847944
298,22.30769413975418,0.34059397411792675,0.29343158280923554,0.9094580472446978
299,0.37040026944856913,0.06740585936717018,0.06594508223411907,0.9455208722501993
300,0.25994589855373185,0.00166965813207454,0.002717549826481051,1.045898285228759
301,0.37696513065792164,0.0013040937556974286,0.002223954302021852,1.0811704909428954
302,0.2990937099473998,0.0040979317510665145,0.0036662920255989937,1.0551127451471984
303,0.4048785332068365,0.0033155777586023234,0.0035181299056049465,1.0967447282746434
304,12.304576407491933,0.11058876857571076,0.15020269632264305,0.9545408361591399
305,8.856451459787657,0.01919190365120392,0.09847662665617059,0.9456973499618471
306,21.313978018359727,0.15416791641829797,0.23470685943031447,0.9378658970817924
307,3.8694267923210433,0.07043517563430568,0.056467456234337944,1.0053131449967623
308,0.09776864129580551,0.002113373081090814,0.002184143199040384,1.055137642659247
309,1.183920215664387,0.002720196846685194,0.003041910183914978,1.2115187142044306
310,0.6172007980678956,0.03509252760585525,0.03288120420783139,1.1765776248648763
311,0.23178085714510016,0.003381359977704608,0.003316011027523536,1.0514584640040994
312,0.14188009345095687,0.0004398953269362164,0.0016702055085949478,1.0703872139565647
313,13.535469368044543,0.05579314289487131,0.14174646915107977,1.0359295653179288
314,5.353131361088974,0.15645358075797391,0.13265486119433761,1.0668437010608613
315,0.8625949445254197,0.002519554278032308,0.005095451771941809,1.2077509509399533
316,8.74326069754631,0.1275818208349969,0.13455724379893158,0.9096715939231217
317,0.28572892093425095,0.0024781494361501275,0.0033984978014371943,0.9498748630285263
318,0.14340540487871656,0.0024669085943006767,0.00216360621251198,1.0447760568931699
319,15.324841369415118,0.25920513220299624,0.17284548772454134,0.9633968863636255
320,0.35683364229837083,0.0045077712028986135,0.004699633163797554,1.0963396150618792
321,0.12466010108473387,0.0024764507101652402,0.00216746521742812,1.0428846180438995
322,0.2496562146961538,0.0023212683489130343,0.0029258216264634253,1.0834506303071976
323,15.066201670380774,0.1537554114055552,0.13040255543960863,0.8882392286323011
324,9.203223764922248,0.07007018464280337,0.09573003319982086,0.9395470516756177
325,0.28753841781030487,0.0023205840745401003,0.0033831088033400773,1.0584930372424424
326,11.507771127914573,0.09391334339035676,0.028229133377164435,1.1996131888590753
327,9.157415597250655,0.0249468593506386,0.11497185633056453,0.9378138519823551
328,0.23589164278186692,0.06512351101045692,0.06613085037308603,1.1884305202402174
329,0.18949522801581448,0.003128866017883142,0.0031337996675773164,1.0637864861637354
330,0.13193275030028645,0.001953200237219216,0.0019214306260636384,1.063742641825229
331,0.7718574966890516,0.01752124205919235,0.018317307717484143,1.0891078282147646
332,0.16879007548974198,0.0027519212960207787,0.0033369173985358784,1.047068434767425
333,0.398602596377278,0.004155456740874738,0.0034620002570660644,1.0594666530378163
334,0.5716634575848356,0.0055505566770803726,0.004504290638463256,1.1173521159216762
335,0.352319502887647,0.001704480730249608,0.0028863490177119767,1.0762548339553177
336,0.29958996561097384,0.0047000873849880696,0.0026306499571811816,1.0668884520418942
337,0.5908344788900033,0.005589501037838226,0.00424613270703769,1.0837042201310396
338,0.19831885671439906,0.0020807109474662525,0.0026632545023620954,1.0241319136694074
339,0.27585283091586044,0.0040387404535517325,0.002485640166194513,1.062770954798907
340,3.7141310614883456,0.014848189555981486,0.03495109958963114,1.0010155062191188
341,0.36527506788643094,0.003056536276021494,0.003416749489779352,1.0347414151765406
342,0.28748797608005,0.003858368911917329,0.004187132700800477,1.0998207260854542
343,0.6677853316239063,0.004633328754146834,0.004217699639055488,1.0712802377529442
344,12.154461443413286,0.15343615869172417,0.1612063743393529,0.9589620097540319
345,0.4289221881865814,0.0024191871470333917,0.002925418657467741,1.046789713203907
346,0.6272112642754597,0.045031784757847554,0.04490625165946673,1.1445297286845744
347,0.20310023570561417,0.0009889084210987636,0.0020584613848756185,1.0343892849050462
348,0.3690800651437142,0.004609973272683446,0.004182758903390479,1.0722119519487023
349,8.553592191996556,0.08339310873638481,0.08367456748688828,1.018932179082185
350,0.3459559118110772,0.001901014361368984,0.003274734533549412,0.9992527249269187
351,0.38866037792006225,0.0018278992048238036,0.003765702392848463,1.0533542060293257
352,0.1852570639265686,0.0038642694162458915,0.0031413034329655456,1.0296513279899955
353,0.2623098473350943,0.0021113031924167845,0.0028934870085958334,1.044529974926263
354,0.051583454035777875,0.0026716063991582173,0.0025000262456857042,1.0265486212447286
355,0.1764561229093636,0.004493942988031,0.003571567364195992,1.0715239401906729
356,0.6378332704743882,0.08444754646490635,0.08430116906772997,0.9411614462733269
357,0.42093964648298887,0.004598210871725956,0.004314734658469742,1.1103478190489113
358,2.525261610660973,0.09491694270856994,0.10659556532078016,1.0470490148290992
359,0.16430686146356924,0.003010396170814132,0.003523737524987151,1.0519353128038347
360,0.32434984043070003,0.001149569269217036,0.004502421132634241,1.1130189569666982
361,0.11466819884688066,0.0011880741253601662,0.0017429914316397527,1.0234907972626388
362,1.0361192269244184,0.011118490889333022,0.004046186748796626,1.1178700090385973
363,0.7294118255766878,0.052578813145566845,0.05118505683754581,1.142677752301097
364,0.3479143662010427,0.005353860211909338,0.0036770941702873507,1.1343701076693833
365,15.084318473982504,0.07407061837522622,0.14099506213524765,0.944031598046422
366,0.05564288282457344,0.0021621104795790714,0.002245679836754486,0.9625098649412394
367,1.4054294756150352,0.11161081037826083,0.11558551872564932,0.9676130712032318
368,13.504212912714541,0.20920167627629274,0.1755636892530717,0.9747675419785082
369,0.25783368222656244,0.005588569646412616,0.004057358963949037,1.047043913975358
370,0.5849807475859715,0.0035434047427187,0.002717758146173417,1.0537971169687808
371,11.221940992672675,0.054146800441540785,0.12145829501779579,0.9427465503104031
372,0.25568005437731545,0.0023804084420211125,0.0021457701110224226,1.0516299856826663
373,0.0638848409915547,0.0019819008184794157,0.0018072101869910596,1.0504022096283734
374,0.10095403110186346,0.0011027710112343088,0.0010594487840492831,1.0322766792960465
375,0.022148831018384243,0.0013906565352050212,0.001404739360217899,1.0619465159252286
376,0.12564527820606386,0.0027183471308663354,0.0022178725301552006,1.057682042941451
377,0.3382661968339813,0.003647895862574942,0.002675318510851139,1.0763470530509949
378,0.23458050904582223,0.0018959189383346642,0.0029927737493593205,1.0247528827749193
379,0.26535831971842544,0.005786029263669513,0.006025715750399173,1.0595876211300492
380,0.22026029838859146,0.001397329665435691,0.0021581428599433132,1.0506055299192667
381,0.8786309101186845,0.0023941456223947706,0.003894038837521763,1.1295169480144978
382,0.6502935608568489,0.0062341523051382694,0.008870110681448787,1.2197176381014287
383,0.2524797067749109,0.0017161239837496793,0.0022640086109775616,1.0999966356903315
384,13.857379613052291,0.06494310007137861,0.1494109423525515,1.0081077949143946
385,0.5607930084747105,0.005361908415670486,0.0036217448242636925,1.0745813339017332
386,0.3465992592409684,0.003369179857329938,0.0024454634301459954,1.0442489688284695
387,0.18773480545345375,0.0017797213170967251,0.0027515255961221255,1.017834906000644
388,0.15058468990647572,0.0024013238329999476,0.0020285850098535163,1.07443822408095
389,6.958436591645798,0.04947113999248852,0.079069327223115,0.8811854599043727
390,26.688432578060652,0.1863121713834916,0.2317994360817804,0.8732402739115059
391,0.3636494495255982,0.06429512947790592,0.06330921135447361,0.941918162163347
392,0.34518499119893314,0.002975880367555452,0.003280815747706877,1.062161708716303
393,0.35032838651291626,0.0027524362054769298,0.003270555571824234,1.108042589854449
394,0.21257948314574543,0.0025286990938291356,0.002557506156368824,1.0787764759734273
395,0.5942183323448506,0.0019928833620586946,0.0067230509738350555,1.019034728873521
396,14.620682235733918,0.017292813573184664,0.16763269307652012,0.9706598129123449
397,0.1589392720488923,0.0013870074195606987,0.001195358639005033,0.8564026327803731
398,0.2381434110283454,0.0016702714463929854,0.0026494369635614978,1.0667674448341131
399,3.267661758824347,0.13783766217379892,0.11563486499497139,0.9862425620667636
400,0.18041521579617903,0.0028120087330438573,0.00255386088328625,1.0715657519176602
401,0.376214464653484,0.003435197813967114,0.002402143085255653,1.062462525907904
402,7.414013855184957,0.08223093442771516,0.08813677426471955,0.9480929179117084
403,0.19667691962441464,0.0015523266056347693,0.0026566966116444127,1.051734335720539
404,3.940835032623393,0.0866279556146206,0.05347121659563524,0.9964122669771314
405,0.3773748665319628,0.004164744670956549,0.0028629047122825354,1.0441602300852537
406,0.08909564621929571,0.0012762742065985974,0.0010041511856746167,1.104204948991537
407,0.0844190994933608,0.1521825397050879,0.1526886144482056,1.054930258076638
408,0.047803994773287665,0.0008712813970756812,0.0009860874512464953,0.6871610470116138
409,0.14117878876283912,0.0013960275056458798,0.0020187575698280475,1.0306600178591907
410,0.27506436418204455,0.002095345963132413,0.002958512242232875,1.0806563720107079
411,0.030074388907735526,0.0017829632008547636,0.0017365742020690868,1.006850786972791
412,0.2869285651544546,0.0034652360416820736,0.00352339946507631,1.0623145438730717
413,0.3507419159282197,0.002489792750046128,0.003453127713542835,1.0697037358768284
414,8.034840383589867,0.11041461211236461,0.1047295886190591,0.8685594988055527
415,21.178167966272042,0.3197787996697328,0.2803869546105703,0.8912416431121528
416,0.12525860260942173,0.0007557003072519398,0.0014585087971510343,1.0422627008520067
417,0.41056699768393695,0.0022816288732098147,0.003978214234261984,1.0697393980808556
418,0.2697716854653826,0.002170863582479209,0.0026137685392886084,1.0626893700100482
419,0.17850210166339117,0.0022495210602536176,0.002153308259319287,1.0009204871021211
420,0.34056388953220523,0.00426323748697981,0.0028893360746574445,1.0266739060170949
421,0.2682050165052501,0.005015474702578777,0.002618987978440196,1.0609949170611799
422,0.20648869971816286,0.0010077731720519929,0.001807568471558563,1.0383956162258983
423,0.34260236595754046,0.0025092857917595455,0.003476988441598436,0.9166024997830391
424,0.15367254279297518,0.001559009501310873,0.0021239151259938617,1.0461028101854026
425,0.08137934098947112,0.001410181040275286,0.001221838421313853,1.0411072517745197
426,0.20403565267098692,0.0014608297393872921,0.0025743978898826857,0.9705765470862389
427,0.18116808139723417,0.0021104566525850217,0.003023161018530522,1.0740837869234383
428,0.514388563507684,0.006696313390724979,0.003438624563772724,1.1512310318648815
429,0.14165592012798778,0.0019702743071533402,0.002226536291356795,1.0236802729777992
430,0.1506043879141468,0.0011319473315190888,0.0014526825545810777,1.0572093431837857
431,0.30054827853516364,0.003994661016074887,0.0029084396577811157,1.013984824065119
432,29.039125582324143,0.41933832988346914,0.2736987471738395,0.8434858461841941
433,0.17371273440217583,0.0008093476368179792,0.0018193304713249162,1.0310823819600046
434,0.35098433172696714,0.002647606555466313,0.0035649923314246693,1.0742095611058176
435,0.4186299201549686,0.0029089721402754784,0.004119951412731877,1.0428574397228658
436,0.44022693001136787,0.005336799749930245,0.00405251044005482,1.0375861441716552
437,3.6818119521340695,0.11348928217635662,0.1313197046236691,1.1071092328056693
438,0.46976541427013174,0.002559492849252144,0.00408039873672316,1.0501548629254103
439,9.795204669026369,0.055915590337249584,0.112713891690055,0.9406025125645101
440,0.660410574251242,0.004712332182602561,0.006571812098094002,1.2107788873836398
441,0.7614290185071589,0.005526768462417546,0.003579590756590801,1.116146732121706
442,2.756822423100014,0.1942417635800015,0.1802116376348185,1.2003462659195065
443,0.2997473524995189,0.0018557070867308827,0.0022997576000762334,1.0786722269840539
444,3.4297080945215126,0.034832668269683245,0.03202353674700317,1.051847544964403
445,0.3076470206297974,0.0032506701048445608,0.002529809496746525,1.0324911559000611
446,0.17942932857793537,0.0028462995570065854,0.0022309000192037623,1.044343575835228
447,10.459104253932846,0.04974514732018912,0.11869751428365011,0.9258915903046727
448,0.4592199097128528,0.003711538090628926,0.003133683284677208,1.0420203618705273
449,1.449649061992668,0.05232806574714707,0.06028268651620191,0.9107323200441897
450,11.847229261200287,0.08106259396403465,0.11607740238538805,0.8622474609874189
451,6.436355133492876,0.04370117439256929,0.07052965831518745,0.9541701679117978
452,0.13393570164563223,0.0011876940572688116,0.0020764386552489045,1.0398422367870808
453,25.180023114559933,0.17159094788104112,0.26875405619791,0.9094239510595798
454,0.4771574893384913,0.21135330079746306,0.21290457980786257,0.9511371431872249
455,0.15723212000043135,0.0018578549637504205,0.0022476039869163337,1.049314419273287
456,0.355093213435903,0.0030914810349248014,0.0035521017921274546,1.0761730172671378
457,0.1695400087248866,0.0021659865009860807,0.0021754464449041497,1.0406349338591099
458,17.251062934672962,0.08641562951517309,0.15786083253066113,0.8690867559053004
459,0.8488221556471524,0.08219762069734253,0.07996749953046582,0.9635183583013713
460,0.309216951426961,0.102405665805531,0.10356384457824239,0.9650348490104079
461,0.10924602723290544,0.0020447220015235978,0.0014388451648808434,1.0546214659698308
462,18.47917262698905,0.2422587357449972,0.2062591149032662,0.9770769150927663
463,0.39989922921924637,0.003386427729486191,0.0034888595221230184,1.089695384260267
464,0.23056366134587342,0.0030443765262658843,0.0030803393936615696,1.0581488688476384
465,22.537957081362613,0.29054953926576754,0.29268172712726875,0.8835927317850292
466,0.39930883568613396,0.0066381801965213535,0.0033396625344551574,1.0198097019456327
467,8.900224168098926,0.1112407800548427,0.08664300147235422,0.9586208900436759
468,0.15839286159663205,0.004276488534501803,0.004152022010096979,1.1839764849282801
469,0.24396071670977165,0.0028608207205943915,0.0025962113790420904,1.0369439702481031
470,1.0053926702828786,0.07890546720782951,0.07907260346804372,1.0455985302105546
471,0.33891526436037905,0.0033982876816450198,0.0032459176082786922,1.0459649399854243
472,0.25900489846264774,0.002592173265496334,0.002372798711365421,0.9964840030297637
473,0.3635811798502159,0.002884770682282463,0.003372021272009069,1.0173654649406672
474,4.469189983827022,0.04332534317425071,0.05764251510691564,0.9737198492512107
475,0.31644237492253713,0.002010788527491284,0.002736325961389358,1.0546057471074164
476,0.45770043257464466,0.11206736005306801,0.10799276984333098,1.0242553451098502
477,0.3853127972766649,0.0033292490733665865,0.003909684579525601,1.0503932409919798
478,0.39332938753899443,0.0033137973900715374,0.003311335093648429,1.056541683152318
479,0.1584336852803142,0.0009600919656487183,0.001873934780498337,1.095405783969909
480,0.05849592882628578,0.0010940135400926247,0.0012599719203364179,1.0339055117219687
481,0.23620962534846734,0.0014498924932815065,0.0016219399886414528,1.0368754207156599
482,0.4747111896357308,0.003992128510537872,0.00321427948307445,1.041140619199723
483,5.361459493520949,0.05945354679800671,0.06830808993305607,0.9415005338378251
484,1.1527655394467187,0.013884229366611753,0.007620812407272578,1.2153583471663296
485,0.2937860235915403,0.001102893221104005,0.001996052715774901,1.0621175882406533
486,0.33163329368855665,0.00364495112540975,0.003986855290185373,1.0597553746774793
487,0.3627148813910052,0.002634405096224401,0.0040045465089781525,1.0250444579869509
488,2.5072721686751427,0.03705598614556215,0.04052324718223935,0.939489564858377
489,16.33959787408627,0.08232453213153688,0.16526838548953163,0.8251897832378745
490,0.4674696704059696,0.00418484155436777,0.0047079180567679854,1.0498182051815093
491,7.88936336850874,0.18016943271906927,0.1407522109515858,1.0487958271987736
492,0.11288683673510917,0.0018472471431691517,0.0018089076697791172,1.0910497941076756
493,0.10457013291295324,0.0018617719904737054,0.0021788146828549165,1.071237892843783
494,0.13731752584260937,0.0006091014582559653,0.0014031661745903586,1.0256042401306331
495,0.21760965960663578,0.0014092054029658844,0.002116596984067213,1.0341095230542123
496,0.35491971351689944,0.0036039019778862976,0.0037146166341481845,1.0906562767922878
497,0.2469628471785906,0.0019190381405638811,0.001611893229881703,1.0414634547196329
498,0.16065628212941055,0.0027645641070604965,0.003226641220218102,1.0458814832381904
499,11.793552229085627,0.04511005811525755,0.1141190836776889,0.9947153548710048
500,0.08356551610107843,0.0007129848034089384,0.0009879800648785943,1.0790483658201993
501,0.23052862761788845,0.002230275096844121,0.0027571575178601624,1.027221079915762
502,13.739140638916318,0.1119844555612892,0.1692791964681201,0.9510882841423154
503,4.383075029557313,0.0747224375265285,0.0657867894985354,0.9544122130610049
504,0.16444880317322294,0.0017699117580930786,0.002099779205948047,1.1142091830261052
505,0.13967541355574015,0.0013352901863796112,0.0017722357226958208,1.0354699743911624
506,0.08507556881067692,0.002408342670147459,0.002554247153825788,1.0187905742786825
507,7.0394582844756135,0.053490412983436625,0.07852890589736758,0.9952652961947024
508,22.7342963848384,0.17031023054783084,0.26961121516890924,0.8994511412456632
509,12.917020391460364,0.048742113840626496,0.18260156260146287,0.9257860057987273
510,0.16947078192585305,0.002853924220477336,0.002444772653946523,1.0914778858423233
511,0.17981992228148297,0.0017094408395688034,0.0015121233806006064,1.0328213279135525
512,0.3991474252957417,0.002736968136844665,0.004079419680602061,1.086691058240831
513,1.1478367273844592,0.1448586052863084,0.14722548847364644,0.9589743330143392
514,15.30431175329069,0.13756353871506513,0.1447511718584037,0.8960046549327672
515,12.731374151312599,0.03481704681005464,0.16160959448418505,0.9362901989370584
516,0.3794683573901426,0.0037260139164934144,0.003265466536875716,1.1381218428723514
517,1.2812776708600964,0.14742447753883461,0.14882266732726723,0.9502765987999737
518,0.21146324376000178,0.0018534503161859377,0.0014150627526344146,1.0673428308218718
519,0.2039377818618658,0.003743753945721083,0.00432914952638197,1.1062413179315627
520,0.36392270343019734,0.004422721267070093,0.0045433851110041855,1.0426237448118627
521,0.2922256100910533,0.0017429315299814186,0.0029202270620401747,1.0799985248595476
522,0.28809090039787105,0.000690578645757594,0.002775016776820493,1.0102535989135504
523,0.3812305250926888,0.006206218056458562,0.0050406129300311475,1.1167084220796824
524,0.09195357086222046,0.00154420522579704,0.001532693108945553,1.1104332418181002
525,1.651448325701762,0.14529577803530963,0.15149405575501065,1.0607336889952421
526,0.30464472278553767,0.0038966387101523063,0.002861708270602729,1.0190548049286008
527,0.21465257994006562,0.0017856377269671808,0.002200685619462591,1.0596433021128178
528,0.5971124940534831,0.004633156350236131,0.00391523996156262,1.0164109538309276
529,0.41179313182011895,0.0028741883867744794,0.0026593551204988027,1.0265077142976224
530,13.167824839399387,0.08890722286446046,0.16746009381793606,1.045752425212413
531,0.1437736965663167,0.0029409535057304545,0.004514059119794412,1.0637088767252862
532,0.45688851856278134,0.002289085732486539,0.003408546326558394,1.0879991929978132
533,1.3887721423694002,0.17234331439226652,0.16724340698696064,0.9329199311323464
534,0.22771839367331767,0.0030742038510675382,0.001951400369026674,1.012641869019717
535,10.122110991456413,0.10455505730717327,0.14274211711002413,0.9661051658913493
536,0.2721853480521222,0.0038261416965532304,0.0017480772571111082,1.144652263727039
537,0.35489476776074375,0.006162298688219413,0.004801782110002129,1.11612258432433
538,0.74646264858033,0.009148987855044801,0.008452034928269073,1.0068924310617149
539,2.0485536356911447,0.04809026955003283,0.04500363556822928,0.996314272750169
540,0.0750644668188724,0.0008816685594854694,0.0010792553612555017,0.870937209110707
541,15.035024329886093,0.09200436161979317,0.18885566495350745,0.9593029893003404
542,0.22332044666072384,0.0012752978994957738,0.0018290696814934474,1.0548299457877874
543,12.378121460153574,0.09640645864591084,0.13378081820836638,0.8705005310475826
544,4.056517793316661,0.021658364638548713,0.06234466874256465,0.945094448979944
545,0.18775627891191513,0.0016147427196502948,0.0017382981526029094,1.0544567978940904
546,25.01515945709958,0.26192986783965183,0.23836335010569992,0.8659269488416612
547,13.885748540362803,0.041878062348411675,0.16045592319354046,0.912425312679261
548,0.20540390625495028,0.001454979260150789,0.0019811953299993528,1.0487119969911873
549,0.5629898929339078,0.0015688087012444044,0.0043713961623821525,1.0922320033423603
550,1.2447470205633155,0.14457039571295605,0.14090698853511402,0.9365240181796253
551,0.12491803072776869,0.0037919096269463802,0.003661821689923018,1.0382342636585236
552,0.09688892245888202,0.001393086495787683,0.001665787850727547,1.057896540965885
553,0.15918912321506237,0.002021141820983205,0.002567392855269053,0.9743143511004746
554,9.845791873526426,0.13614582321654842,0.14028639200165433,0.9538780762813985
555,0.1805119460794314,0.0024242200477150883,0.002600894635114202,0.9452149798162282
556,0.2286511786448805,0.0031489482760575856,0.00350196484525551,0.9406618657521904
557,0.6808160699856388,0.010396103126787442,0.009940648287095727,1.1546302600763738
558,22.665640786857423,0.1494000555411729,0.21419246949377468,0.9991660118103027
559,0.27492008231084186,0.0010952909084313033,0.0030436693594628568,1.0493675298057497
560,0.6559586676918879,0.10824378732918283,0.10738676064258436,0.961868479847908
561,26.61072866892215,0.18648576517443713,0.2714290771329913,0.8536971742287278
562,0.1049093113349877,0.001962411584826242,0.0015069122522936333,0.9467564518563449
563,0.8023782361300187,0.009807242919220081,0.005286502928166657,1.1549668479710817
564,0.8338610831595008,0.1671057533748188,0.17112130764835054,0.949720585718751
565,0.18016274387252548,0.0022287191197094235,0.0026529649379947707,0.9045107653364539
566,0.27696299150140474,0.0010951699571774638,0.0029078929988090884,0.9482673038728535
567,0.23921394995284845,0.0018714129637478678,0.0022291483943136315,1.0830127182416618
568,0.13520487984511045,0.0018310445646552225,0.0022703118444894576,1.0348722888156772
569,0.34671338172205435,0.0036692520738881274,0.0029601681210092903,1.0522600510157645
570,0.7852504441040036,0.15456427017288513,0.1575068673505527,0.9470858317799866
571,0.33008890848230527,0.001613251813100931,0.0027205892356400464,1.0343218399211764
572,1.3419550969928904,0.03520181268891253,0.025911482537246223,1.1399490111507475
573,0.19527639449400327,0.0020436590129982203,0.0036631076984570427,1.0385151780210435
574,24.492568473532078,0.2955546811036915,0.2747419407261243,0.9214095580391586
575,12.700200956087816,0.09173721015223817,0.0800701328965512,1.0363530861213803
576,33.73412415674722,0.20676684972410309,0.3231779238910092,0.7850164859555662
577,0.05380343233090944,0.002245269899925385,0.0020854341983409103,1.0712974797934294
578,0.18230868066432712,0.0008974900773315562,0.0017757040477178747,1.0981621481478214
579,0.16806182539613518,0.001705059018690225,0.002512391615323841,0.9676478137262166
580,0.8457727358288532,0.09222461919254045,0.09091076406352853,0.973858994897455
581,0.2743665477191768,0.003069176192562523,0.002687370711945956,1.108565208967775
582,0.2673223397358961,0.0009412287122428138,0.0024353008442574587,1.0277406456880271
583,16.38377006107209,0.0981475525164076,0.1865953297343374,0.9180990559980273
584,0.1323295905511041,0.0014984170394803063,0.0020122472101626295,1.0125392973423004
585,0.2628909849208261,0.0021218452928128506,0.003295795442484578,1.0397691950201988
586,0.29715147764252264,0.003584787593574762,0.003923888951244063,0.9647270212881267
587,6.971547254625102,0.09616503553360767,0.08900655362756545,1.099766744300723
588,6.180105858493391,0.028953321556738413,0.06660372844832357,0.9408392002806067
589,0.43265434658779184,0.005128087291737672,0.003689376981518526,1.0066864872351289
590,0.12967374430482023,0.0006833706783204723,0.001227187439538209,1.0157071566209197
591,0.2057384362811998,0.0008665176025159485,0.00236180055008836,1.0711908950470388
592,4.419666964347214,0.10600740681845189,0.09077044338197209,0.9964177180081606
593,13.853432819333886,0.018835271022212403,0.17593920523092133,0.9267514618113637
594,0.23233233682753265,0.0013817068042765186,0.0020354907779989496,1.0466132760047913
595,0.0690830449532006,0.0008304999683102543,0.0012486139991234,1.0309299509972334
596,0.1489820497955532,0.0019381227179690354,0.0023359863948291936,1.0788570502772927
597,0.16131068079580244,0.0015134408014338065,0.002018785489776232,1.0382289621047676
598,6.518676329922207,0.04880372039582306,0.043388796190161394,0.919392844196409
599,0.23264786979348448,0.0014768422099047263,0.0024954979173957602,1.026829379145056
600,4.35410098096224,0.04199388187373789,0.04539231041866343,1.0069562178105116
601,0.377048294961079,0.0037588622955611706,0.00624867874014357,1.1298783831298351
602,1.729491874674745,0.0099284011432707,0.016187313212975944,1.0182803669013083
603,1.7871977800988037,0.104268769383291,0.09685166615441679,0.9344865973107517
604,0.22204891182831712,0.0019775786820103378,0.002263579161854273,1.0232791933231056
605,0.20586219885603613,0.0034678689695255382,0.004081596220392948,1.032719208393246
606,1.2859478769658839,0.12449636038105712,0.11942626930615755,0.8908376879990101
607,22.00224617153437,0.21491954813886582,0.22888615907959795,1.026457341387868
608,0.2308959436973181,0.0006302117517415684,0.0022003730434328158,1.0264982068911195
609,0.6927469118835324,0.2092535659778378,0.2066774908214904,0.9270585351623595
610,0.2797689909000911,0.002969266074983647,0.0032889795791396933,1.0399441001936793
611,0.8128205905707016,0.00822697012471041,0.005509313485807753,1.075230652000755
612,0.31547962818522224,0.003606520544198995,0.003639663149611631,1.102445560041815
613,10.669564881203513,0.035886910920387906,0.11759902676790628,0.9396682493388653
614,0.267407607101483,0.00265601441340339,0.0030604556127905623,1.0996508481912315
615,0.2283388106000983,0.003275034800521841,0.0032273463040667877,1.0659327367320657
616,0.16997893762624225,0.0017252175791360358,0.0016388257453966361,1.0625043930485845
617,13.338132296402604,0.08933988337356381,0.21223147951105362,0.985602417960763
618,0.36776999482198325,0.004313104565758517,0.004387304482442902,1.0241838721558452
619,3.4016376250208515,0.03195962735262768,0.06510451519863311,0.9009061479009688
620,0.18667287363919213,0.003782940183938283,0.0033477244232420276,1.0668046399950981
621,0.168136226851134,0.001710065532262173,0.0030421701129158874,1.0381962419487536
622,0.22773880162681687,0.002075257761598966,0.003081912822812182,1.0188186056911945
623,0.3859850907574309,0.005175899300637084,0.003700000089824952,1.014953647274524
624,1.0709750800473707,0.014455546342847528,0.009926922732249358,1.1867758431471884
625,0.5655107641906804,0.006277611767605374,0.0041327071200935525,1.071679272223264
626,0.10727965621034484,0.0029882219983793073,0.002832861217111604,1.034064062871039
627,0.6413601871443974,0.013177453007344792,0.008438807460838131,1.1680113431066275
628,0.09550747742763571,0.0034809795350533054,0.0033088997473794653,1.0367729808203876
629,0.6161708775336678,0.00705666740757795,0.004837694841964392,1.077220703009516
630,0.2724181073636106,0.0023010303459870254,0.002996004873484403,1.0403958419337869
631,12.56486064290338,0.19848228350251743,0.16272142227429187,0.9629356069490314
632,28.278529859492412,0.32014090557512714,0.3179170380932051,0.8687079567462206
633,4.405727615719418,0.1425575547665716,0.1273243596174439,1.035229528322816
634,0.28990215160812344,0.0024209676770331496,0.0022343951693955828,1.0486995847895741
635,0.8902523782781167,0.009730018069736779,0.009025706436034233,1.1779990787617862
636,39.26747589822756,0.2975826434832365,0.23031150666082897,0.9127816832624376
637,0.12247819410989805,0.0022160602818631163,0.00171852253862738,1.0173975243233144
638,0.14491099158826778,0.004530383422546705,0.004215576889941508,1.0343706025741994
639,0.28653303757561277,0.003668903318710716,0.003071090276612753,1.0458601121790707
640,0.5873657444023461,0.005571779849889482,0.004667113042747499,1.125298353843391
641,0.4700513931182452,0.010609836578101833,0.010031331904315276,1.077399040106684
642,0.22241789671011414,0.0025998361173976588,0.0027034060861001845,1.0714920819737017
643,0.28552805309785484,0.0009657555309944399,0.0026709407339259757,1.0396981239318848
644,0.49242364773570946,0.004538662069775809,0.00461151179104976,1.0442930273711681
645,13.976398088103606,0.025846287104793177,0.11908020335041467,0.8848575497977436
646,0.20486560280725877,0.0027396156190774936,0.002100367116515042,1.0505543369799852
647,0.16192294609997326,0.001504658007430012,0.001790796264400429,1.0575622571632266
648,0.4119844923114673,0.004924653084834963,0.0034988012468253264,1.0530480998568237
649,23.601806986578268,0.20260464352262095,0.2816014711201506,0.9169117617420852
650,0.11423142103749961,0.0006844417703942045,0.0009644883416840588,1.0330752739682794
651,0.2176213267533963,0.003034750769223989,0.0028524065299428856,1.050143038854003
652,0.6800475101635525,0.00594675899830741,0.004395571214109891,1.0235239272005856
653,0.06701819908305212,0.004583549111370508,0.004240104702922459,1.1373080629855394
654,0.19275234388294968,0.002657764791206118,0.0028193886521588867,1.0896216318942606
655,17.012794155817335,0.11300982741900922,0.19269248787891008,0.9853367111645639
656,0.12873820241117875,0.0007967885846614065,0.001836782215581192,1.0695670419372618
657,0.19405360222228407,0.06172009879234677,0.06256332442978954,0.942005448974669
658,13.556539977024585,0.09803793930585847,0.13252741380056673,0.9913721610791981
659,0.2239439322009517,0.003821528041850887,0.0036932871412880125,1.0940286903642118
660,19.030648950810733,0.09254557946064829,0.2268524836398891,0.9109532018192112
661,4.124672562315263,0.0629197388566593,0.05809742682323716,0.9007609849795699
662,12.361259294716286,0.05645024324023189,0.16906834715441044,0.9120194129645824
663,0.15753274739231157,0.0026243710339339792,0.0027138267193335336,1.0501490039750934
664,0.15875857642419788,0.002541293370265665,0.0013043943972049974,1.1387837477959692
665,0.18126480867589476,0.0037244246262689755,0.002359638310343606,1.073477212805301
666,0.37665917277381544,0.00422217525712078,0.003287359317248282,1.0669207028113306
667,0.28032437705026336,0.0013610167634070926,0.002364634590650855,1.0544883981347084
668,0.334609313600915,0.24890844828151892,0.24767737441245208,1.0098953819833696
669,0.19513830691502132,0.001536019193408711,0.0019556958008793202,1.0576494941487908
670,0.24142377940160517,0.0021711056565770414,0.0029768033519518514,1.047073682770133
671,0.2102017822028241,0.002296875555480226,0.002892604848658596,1.0746713420376182
672,0.16260042695301224,0.0010502600431130894,0.0019413107360289252,0.9731495529413223
673,0.1428913189960746,0.003211838407708607,0.0023831361512162436,1.0398321989923716
674,2.143651002730456,0.04296545771242415,0.04588110171183823,0.9713968141004443
675,0.6003821387751264,0.1033878892285651,0.10186013526921399,0.9406962511129677
676,28.628633170336403,0.30119718697402476,0.26696605121395045,0.9332967652007937
677,0.2141515175438869,0.0008023833314170986,0.0022991579160685054,1.0260922852903605
678,0.8158865317626666,0.10086215010249545,0.10249380453975591,0.9497801610268652
679,0.27924672463985295,0.0016133363409931729,0.0033006850859915483,1.0714060622267425
680,0.4592052640887816,0.004610892933002948,0.003657461379599975,1.039614558685571
681,0.45824312956456437,0.010998413861897734,0.009068236691661223,1.1670404118485749
682,0.2611896418800267,0.0036549023505544394,0.002826466780521098,1.0321289608255029
683,0.27263932582251743,0.002995663799604378,0.0031519438191906844,1.0280220080167055
684,0.1390472323631113,0.0027396961552706408,0.002434538772692771,1.0435324902646244
685,0.6934115339405099,0.10135219362709816,0.10407600119532798,0.9493995578959584
686,0.2555909857950181,0.004191052065387525,0.0037974509390884914,1.0031814179383218
687,0.20928903935839654,0.004529582743938719,0.0036875725465146253,1.0237686620093882
688,3.9480341354370454,0.040162059134814375,0.03867919866275244,1.0443588197231293
689,0.1534024798616431,0.0006831355569642496,0.0022124358673992228,1.0391117916442454
690,16.73267149768691,0.24083550161051176,0.15165225365200244,0.8568124198354781
691,0.2856457307877447,0.0017271753542154608,0.0031869559108278576,1.0568592380732298
692,0.20056002193663233,0.0032389591011634904,0.0029166094661405096,1.0493135852739215
693,0.8172505488330355,0.008551983476263614,0.0032998538571535315,1.1096648070961237
694,37.227276471032404,0.4071572508330173,0.24400024740008183,0.8755505941808224
695,12.125429848370182,0.038337774946943154,0.12212323313616254,0.8598217722028494
696,17.86754541269586,0.23527106548992094,0.1705340402557691,0.8669133498333395
697,0.48385712488965216,0.0035002111683373575,0.004729892794367693,1.1090657976455986
698,0.32768548325803,0.002303136544702468,0.0038960570415704486,1.0356842819601297
699,11.909799251996574,0.02414380051847433,0.06168330179449333,0.9867853736504912
700,0.21584542221538194,0.002163413101886429,0.0016608695158005526,1.0385783561505377
701,0.2403372761287697,0.003111754821997297,0.0034873552525031756,1.0259129283949733
702,0.09483338341612003,0.003262596024162362,0.0028747828693325025,1.0328225078992546
703,0.18081684750802846,0.001182528193182305,0.0018838490737985002,0.9685160610824823
704,0.9192340556033926,0.140497020319992,0.14146122134901196,0.9842199147678912
705,10.317593036766306,0.08392507863651162,0.09928513272542329,0.9871535492129624
706,2.0050202977365967,0.010546390810059562,0.0183767383831799,1.1913423943333328
707,5.794515245711633,0.04597160074811819,0.06315268750780811,0.952869267668575
708,0.5997961498584705,0.003494242568378997,0.004688062464479266,1.0667394041083753
709,27.865222994685936,0.2575357757744317,0.28093405779843933,0.8282887190580368
710,31.897154888033036,0.19284579921335246,0.3258837614330756,0.8221506108529866
711,0.7003189345053736,0.004253899705857042,0.002174074527178045,1.2075470997951925
712,9.48648109141674,0.11094576059838349,0.09602316716066721,0.8913680738769472
713,28.084142181839113,0.18425208966776777,0.2529601377299629,0.8404042487964034
714,0.16180267820279776,0.0021934172701815616,0.0021892995333781346,0.9708806830458343
715,0.2352425347911941,0.0022560310547734917,0.0028857030325361126,1.0397729254327714
716,0.2080949037838445,0.001866540617024747,0.0030022555973466467,1.0745176943019032
717,0.3176686316169527,0.0022556086752706745,0.002834869390295563,1.0549165550619364
718,0.1954185927943459,0.0018933934452028908,0.0024592359450189417,1.0507685570046306
719,0.2886760993965263,0.0043545154866147335,0.0033653081053130374,1.0839129067026079
720,0.4949551352824667,0.0011567895000817107,0.0027784672921597592,1.0443811458535492
721,0.37135255051623617,0.004141422060582691,0.0031770813875119336,1.0515092597343028
722,0.10654324197501701,0.0008813084006201534,0.0011668179105821818,1.0547609301283956
723,0.531755270132839,0.007428690724505942,0.003489958160925392,1.038907416164875
724,9.513374189390102,0.07183346059195132,0.089113790235622,1.0158485430292785
725,0.054419547330774184,0.0024772512948099666,0.002505080306962268,1.0414087232202291
726,0.17686806933000138,0.002779994179877773,0.0021816944151751717,1.0502757332287729
727,0.13976746172368235,0.0031382990286691814,0.0033019478573934414,1.0517104440368712
728,0.402954325034382,0.004065547462512004,0.004165060991704337,1.2135884431190789
729,0.12728392765741336,0.0011498184501228651,0.0018509341087397423,1.032334920950234
730,0.2542257116422409,0.0036326438835538907,0.0035667887248772394,1.0671374658122659
731,11.436218126154197,0.059339706194325,0.11266912779814749,0.9589974689297378
732,0.7684457228279452,0.007400829770709605,0.0035336442188408277,1.0579991680569947
733,0.05837902425624553,0.0004072354112129058,0.000758598357779984,1.0230671628378332
734,0.1901526526388206,0.0016656300292805688,0.002258822425025356,1.0441756378859282
735,9.61456303383254,0.07426276651975161,0.08765222883619524,0.9618527772836387
736,0.13194228295044574,0.0032916124159034334,0.0028947908865426648,1.0069006220437586
737,0.03995965049431319,0.0023783347495834176,0.002344901749254197,1.0154764256440103
738,0.25277945221329634,0.0015236667138349303,0.0021624884462331075,1.0236938241869211
739,0.3269252762140122,0.0021100597581056937,0.002160222156560146,1.0731777888722718
740,0.31333737274256407,0.005865021760058353,0.00471798819953262,1.018738788086921
741,14.012449479850707,0.27699866047725885,0.2162109439870346,0.9558554077520967
742,0.1943042640313599,0.0023923686568101277,0.00236542149383655,1.0536822099238634
743,13.674916054109417,0.01752531058341061,0.11653320356892691,0.8953495309688151
744,0.12021949671561817,0.00016336920916830644,0.0013295060370728342,1.0466152857989073
745,0.07703271260444408,0.0009057768891048199,0.0012013798701690183,1.0075177047401667
746,0.5980497258578137,0.005688323277908263,0.0035781757970195314,1.0702611152082682
747,0.1656187731079389,0.002920653595255936,0.0031399775747963754,1.0343045317567885
748,0.30969885890789517,0.003507030572200184,0.0022542375669595853,1.0543891191482544
749,0.4030204626586333,0.0017224855143211772,0.0025630600184755234,1.1492306729778647
750,12.710159897273943,0.10644005318800717,0.17208404167303654,0.9263946018181741
751,0.9613860745388191,0.04241149548132247,0.04625891793197627,1.140455722808838
752,11.721326822511301,0.11120918632385962,0.07325352682250824,0.9413329092785716
753,0.2804662407538496,0.000719834065977097,0.0024814451749330005,1.0255763749592006
754,0.11655798411436745,0.002083959645257646,0.0021007025721624596,1.0265554557554424
755,0.14190622781316387,0.001188622700538746,0.0015529490762628392,1.0276930900290608
756,0.18268480623223335,0.0023518590626963034,0.002574231082949316,1.0275207911618054
757,0.5501720997501914,0.005030757942172973,0.0035997180747061675,1.1089221220463514
758,1.1766310124869306,0.00747163445750829,0.012537065355441211,0.9600691902451217
759,0.6807000067871786,0.1686966506378045,0.16818339839452204,0.9824438970535994
760,0.11021892106028586,0.0017442760370356652,0.002026030908659111,1.0445206020958722
761,0.21728262728794479,0.004366652294010311,0.004182082934362801,1.0546180438250303
762,0.3216039529929261,0.0019853304223373036,0.002777648390483892,1.0839307848364115
763,0.40578630919683,0.0055991476555045305,0.004714431987490519,1.0297871110960841
764,0.1728578972192491,0.0008689549491111697,0.0017398046855614802,1.0257796300575137
765,0.3540061202758479,0.003937267403747079,0.004669512818529835,1.0234550372697413
766,0.3791755790887085,0.007533555387757049,0.004831800835369729,1.0212858449667692
767,0.5747145853165624,0.004753983251331817,0.00817451624900343,0.9084951891563833
768,0.12534824141551598,0.0014160725851371594,0.001710099035224864,1.088379585184157
769,16.08551680955231,0.13865311675915235,0.181759222707508,0.9174271803349257
770,0.19589379691888933,0.0023724908229224005,0.002095745696958525,1.059815056156367
771,0.19656655599145326,0.003643864639067619,0.002659300961004759,1.0122626889497042
772,1.8666532421888442,0.06184145912987055,0.07397783576470812,0.9926446662284434
773,0.25023431595332285,0.002432067790842001,0.0029348138053265646,1.0545504949986935
774,2.4275698384416655,0.0546590595401908,0.05154435551154517,0.9562371037900448
775,0.16906589866688967,0.0017141866436484602,0.0013589125977856952,1.050549034960568
776,0.18131827680633375,0.001662022475626615,0.0017158256110450859,1.0868362989276648
777,0.21868930097816766,0.002360122672226127,0.0022604405220086696,1.0651639797724783
778,0.12382614217192199,0.0016923837634733267,0.0020727944444806842,1.0534406718797982
779,8.849409917945401,0.0753513992114669,0.10395647016100333,0.9195682918652892
780,0.6321465381972105,0.09619602361099626,0.09232468984380376,1.0447125202044845
781,0.40385971590898756,0.005223093661784215,0.0033948108933261898,1.0562701411545277
782,21.494344681726368,0.12745532770784856,0.2008592646151125,0.8391956030391157
783,12.179022240796456,0.2513481668297963,0.1715969602779457,1.0217780121602118
784,0.2422283124797621,0.14296464651405977,0.14407435802658952,0.9044719198718667
785,8.122115433827137,0.07083219822801665,0.13631748162326177,1.001178016886115
786,1.2574469305413671,0.09688876737076388,0.10288905146672744,0.879195911809802
787,38.299000514695436,0.2952287135445071,0.3125372318735662,0.9495637770742178
788,0.1456723920491789,0.0013689595774756332,0.002110407798727613,1.0355609529651701
789,0.8926292596692822,0.061321342276128364,0.05771482981592704,1.0762754348106682
790,41.14519589922113,0.313200476918721,0.40142391933612465,0.845012464094907
791,10.585944887060663,0.05573712551842917,0.09411526079329992,0.8730917973443866
792,0.10010409109609496,0.0015251263156337946,0.001690829121048058,1.0278699300251901
793,0.32524569129704184,0.003916811246879979,0.0037642372801900844,1.1184235839173198
794,0.4979051581843944,0.002635033444563896,0.004307130981201764,1.0387092111632228
795,0.14287226363855798,0.0015974451399834192,0.001873360319395245,1.0518400608561933
796,0.14930476816458138,0.0026085014166644122,0.002635879860521226,1.0341421021148562
797,0.19481709057608804,0.0019585501686509984,0.0016980795295946014,1.078191984910518
798,0.08451570800726087,0.0021588334622236315,0.0022844526297836174,1.076003991998732
799,3.1442528208165914,0.1371438031672708,0.12898706459924775,1.11787840584293
800,0.8174251632996139,0.005740451942850421,0.0028404059288559525,1.1643369812518358
801,0.2396241568816611,0.004378990588847667,0.0035123176489757235,1.0374793973751366
802,0.1377776646755195,0.0009772052216620586,0.0020390046559828194,1.0498783807270229
803,3.1918814329273695,0.09490336088969718,0.0818153562255412,0.9685612390749156
804,5.814409331161281,0.05821734074745128,0.07557760020557135,0.9609514940530062
805,0.1882532456727451,0.0015265262127672856,0.001978445608787019,1.091103513725102
806,2.696914965860064,0.009118033237999975,0.0337455626059141,0.904809249099344
807,0.2602448292562078,0.0025169868486644943,0.002844582894365619,1.0733915930613875
808,0.15255799777716486,0.0017166677244528131,0.002362391258559797,1.0869717197492719
809,0.4725295923794661,0.00579015468491915,0.004038683410964867,1.055298579391092
810,0.3414966896072094,0.003977172606382878,0.00324120481285638,0.935237592086196
811,0.6738425830157556,0.011052166207867229,0.007007246652115442,1.1380289369262755
812,0.24622806012848913,0.0006494765233128061,0.0018254802282180735,1.0792896430939436
813,1.0275280798937385,0.2198422655574085,0.21542514536714968,0.9632198507897556
814,0.19422942466835055,0.000905094795186529,0.002105150088556081,1.1389443008229136
815,0.12824873091365607,0.002039795704799267,0.002206883746291393,1.0100111211650074
816,0.23999853716861125,0.004073910920149345,0.0031534758105298964,1.091408141888678
817,0.1554553889034933,0.002834964316841326,0.003123596982075611,1.045092860236764
818,9.130708481877694,0.0606965659316525,0.09258188403471891,0.945148291066289
819,9.42024560326988,0.11765463696240439,0.10145490165390737,1.0799323618412018
820,0.9540103543639249,0.1312691523010913,0.13268537361782026,1.0203072121366858
821,0.36399458835001236,0.002952610552493979,0.00352921361450979,1.0880001173354685
822,0.4403118041667841,0.0013550591673995545,0.0026969765365475306,1.1089502228423953
823,0.39376177002723095,0.002141450365659698,0.003376027266284471,1.0149482493288815
824,1.0160280627832132,0.11872667509141817,0.12156994331868136,0.9452064228244126
825,2.839152783532616,0.0647862157753921,0.0636725583665651,1.0729017751291394
826,18.168856221167538,0.07781821645656921,0.22067317118391983,0.9182234462350607
827,0.14051232758898227,0.0029093102407380194,0.0028096942401258707,1.0759245958179235
828,0.17654461947718514,0.003616694699586401,0.003631940628244212,1.0394347161054611
829,0.8945662422546482,0.004295936482500264,0.0038073959498789943,1.1074035209603608
830,0.30246824098971464,0.002670356783781198,0.002611877491674842,1.134319415781647
831,0.4204171397381473,0.0024147144263200757,0.0038883152109459064,1.0437839063815773
832,13.03631915604523,0.10227440390718011,0.14675838280172324,0.9215171611867845
833,26.794074664108877,0.15054925384768003,0.3721031456526511,0.8306515207514167
834,0.17497344325901926,0.0019101136908278656,0.0017184650158382747,1.0351765369996428
835,0.2556699685296092,0.001344375112235078,0.0019509494465207752,1.0500410832464695
836,14.120220227071236,0.11691462397976098,0.1882620315051465,0.9155079633928835
837,0.3437627464892803,0.00448950499968635,0.004529772650430101,1.0546498019248247
838,0.3326494419287688,0.0020607158066855754,0.0035721531496036834,1.023456993047148
839,19.647821510746397,0.14974630208317308,0.20887485898505825,0.8222203943878412
840,0.28202760391289344,0.0041110859167444915,0.0029638101641522203,1.018723864108324
841,0.26112560394315915,0.002565752740456967,0.004264033677949022,0.9999964102171361
842,0.31744446712724195,0.001065032307731384,0.0025485503449244958,1.0465157320722938
843,0.24448947915044159,0.0028490911037462835,0.0031472412766072044,1.042996995151043
844,18.323692370962828,0.13633192725401733,0.19825856293457295,0.9363328479230404
845,0.1636380067289499,0.0031231476707851676,0.002249342909463593,1.0370528856292367
846,4.907971266890107,0.07761407399285612,0.06102576244522416,1.0008958731777966
847,0.346571337518656,0.0012644104762118472,0.003449217806218924,1.048891901038587
848,0.4583061040469853,0.002390792633031285,0.0030784756800539704,1.0622386359609663
849,28.62774359430295,0.19870470741799345,0.2862709675704363,0.9498772276565433
850,12.41700704950772,0.07322034968931507,0.11171488435756362,0.9409549757838249
851,0.14757971658985103,0.0025596568331388383,0.0025579943798197833,1.071863359771669
852,1.4517555064746817,0.01723682845468347,0.014798235443160886,1.075989575125277
853,0.39082316340144535,0.0005859523984519783,0.0018062147813394235,1.0743903410620987
854,0.3957965667171277,0.0014681516073068125,0.003081696452213579,1.0322812548838556
855,24.556825626414224,0.1713436343626997,0.2832749181477134,0.9229442332871258
856,0.1942035865590796,0.0027736234490241506,0.002414280601441393,1.0686577092856169
857,0.05029915346101604,0.0022576855020670764,0.0021029579374943113,1.067038846667856
858,10.682836285002182,0.044673917274200774,0.12116069562462063,0.9393859901465476
859,0.30332481813623424,0.0009623251251499765,0.003081605005010998,1.1420129272155464
860,0.08651268164797435,0.002655701742955427,0.0024892727437713282,1.0267978957854211
861,0.11310410848987143,0.0028588075440410974,0.001934011194116642,1.096902736928314
862,0.39143327191949046,0.002963936783484179,0.002975693310880888,1.0452828952111304
863,0.28625430765710236,0.09690435130551993,0.09691193551553204,0.9324691570363939
864,7.110743900946517,0.07757287440796456,0.07549852248170194,0.9503967151977122
865,0.24998152302281018,0.0016882606391757083,0.002339255982127832,1.0547421649098396
866,0.18819993096770776,0.004118471466477677,0.004339253223082758,1.0665628858841956
867,2.3708161245118946,0.02478179253303877,0.02474550554430877,0.9696527598425746
868,0.49490072332065077,0.004165355701165805,0.003580770289196419,1.0674448586069047
869,0.3838896386237947,0.004298072689729774,0.0029311795503369573,1.0493746437132359
870,0.21764144820411255,0.0029778099393016374,0.002232808553416676,1.0720706437714398
871,0.42316495771538054,0.0017389091494597333,0.0036603139674147105,1.0600193608552217
872,0.13794445676331732,0.002531765430653169,0.0029269556483441273,1.0492063192650676
873,14.68195321123597,0.05733532429008579,0.16555254940330202,0.9374941410496831
874,0.07538721254742538,0.0015878657764884878,0.002224951636571522,1.0488180131651461
875,2.2505109580824145,0.020074426130509932,0.028374685970752583,0.9077132157981396
876,0.13778530917513476,0.0018926072457575232,0.0020222561657055917,1.068288475740701
877,0.11913346161769132,0.0023826354229740327,0.001997978129946689,1.0623217560350895
878,0.15736195223223395,0.0005946203910360637,0.0011456038969148037,1.0647441800683737
879,0.17017151454909887,0.0022028294533786436,0.0022458069862883972,1.0048090117052197
880,0.3778759187791158,0.005228714741354887,0.0038666725870151316,1.0122086429037154
881,0.2984859880368173,0.0012938809201981797,0.002288198299180967,1.0924796839244664
882,9.968368270346216,0.2110936611933277,0.17789307342877578,1.0154741806909442
883,0.40891689664735803,0.11186532747802788,0.11295010812361611,0.9259309298358858
884,27.39194425965876,0.1545199504512167,0.27510963509499614,0.8750361590646207
885,0.6359975502210373,0.007958836689841499,0.0071044142122002165,1.1004296531900764
886,0.14965708724394228,0.0029436214018266245,0.0029045775730842643,1.0699243228882551
887,0.30387113922557213,0.0027654706163750594,0.00365052537911434,1.0400803806260228
888,0.40889866900075633,0.003488816106808077,0.003376064875106621,1.0585195501334965
889,0.1789010197832212,0.0022315949068542206,0.0022274041014514463,0.9255879558622837
890,3.387049238197343,0.06587864465264452,0.07285204310905866,0.9231498260051012
891,0.39966489017104295,0.0062610354397080485,0.004071726523172877,1.0954543664120138
892,11.91806291086605,0.03413820489261915,0.12303345055903399,0.9395172176882625
893,28.0503897843568,0.21669514511750473,0.27606959427861166,0.9091934813186526
894,0.21774458737378585,0.002602388354825954,0.0025473574682818756,1.029435773845762
895,0.0744566383989349,0.002206910236647814,0.002168437369163826,1.0533353448845446
896,0.11749262526236627,0.003442708566349106,0.002810433227825442,1.0212504649534822
897,0.12210510995042423,0.0013067734950633117,0.0021687093202583984,1.062674397137016
898,0.5123086013271037,0.0015541254082547726,0.003795946722801028,1.0351825710386038
899,0.06497788854782502,0.0005773045202067472,0.0008577833447462029,0.6868527280166745
900,0.3238232546076453,0.0008708845162430081,0.002794992132413862,1.0157314981333911
901,1.0063458842656048,0.025493633032066094,0.025281304626734693,1.1881305910646915
902,22.29594278497645,0.08882799448922138,0.2768250224945628,0.9497932121157646
903,0.2240455902403358,0.0027465476022558327,0.0023702954901085923,1.0710731809958816
904,3.0056373121572677,0.02899656893716182,0.03841652019934395,0.8819710211828351
905,4.298473232516774,0.1564309446244086,0.17415787174724198,0.9560293480753899
906,5.059360651403091,0.043898131209474785,0.06007686103023568,0.9689445970579982
907,0.4289245173535326,0.005011423616214187,0.003471173822015606,1.0341496961191297
908,2.593528976470042,0.020838343937146685,0.025150220938087515,1.0536620621569455
909,0.21332567510133504,0.0027346601806976898,0.002662767519644314,1.0115577587857842
910,0.2842731900973929,0.0034869806034783994,0.0026056780464180063,1.0381962470710278
911,0.6609400640712491,0.02544516081028363,0.02791922523349923,1.0560501622967422
912,1.1600057993879689,0.11254791155942061,0.11225912643397712,0.9827301162295043
913,0.5778318702295798,0.0962675447328757,0.09655617685339644,0.9916513217613101
914,0.18262512071586626,0.0023806241341006646,0.0020724266311028757,1.044607794843614
915,0.22955674963029676,0.0018257532448647197,0.0025437634148693495,1.0276691862381995
916,0.4324696881449061,0.00287547750001322,0.003300642490144073,1.0191248920746148
917,0.1415580748428465,0.0037593840512247997,0.0029203509523155003,1.0667680711485445
918,0.2734322025093523,0.0021898280095290685,0.002090171242982792,1.0782868368551135
919,0.3165163660910766,0.002383271800971822,0.003746142916029519,1.0187061466276646
920,1.3816835355795716,0.136573077432015,0.14197034312390305,0.9117292081937194
921,0.29030834821200824,0.002014966099542355,0.0025777185629452084,1.0185195794329047
922,0.1417855661618324,0.0014389710353368546,0.0013692089998386943,1.0521558090113103
923,13.333371714194241,0.19424021675199926,0.16824479284676458,0.9220313369296491
924,1.0076723567125914,0.00944926994749274,0.007226843920725756,1.1559445937164128
925,0.24696376092250688,0.15562700853897524,0.15687303327012658,1.043740721885115
926,26.38029093488974,0.17345877842253507,0.25167406194260106,0.8379764873534441
927,0.24028866228943174,0.001104204448914531,0.002291111668676498,1.0621837540529668
928,0.311881193619081,0.002694424900978439,0.002377047416505354,1.091608801856637
929,2.375355947504725,0.0640000399442533,0.08946946787176903,0.9392217812128365
930,20.06077204596815,0.08177791317550875,0.18936714953321873,0.9020092720165849
931,0.16076684862195412,0.0031094376451258603,0.0025149675044409837,1.003817499615252
932,0.2368526904226931,0.0009752100217907897,0.0016135117753547797,1.1059634401462972
933,0.8000487244337691,0.006148456012025707,0.006562512428454685,1.093908540904522
934,1.8045905799161328,0.08372029142738674,0.08102804350158671,0.9605953120626509
935,0.12102950118751155,0.0011781440004420187,0.0011523161725042062,1.0345042180269957
936,0.3697952831305119,0.003531938020459276,0.004777410348265401,1.1016490780748427
937,0.27087062592055217,0.002393280059517089,0.0022233443438790155,1.0387677242979407
938,0.4451893951509934,0.0039161161893046135,0.0035700046540963924,1.1888556322082877
939,0.14391321956485367,0.0019030894246235138,0.0020859663210729676,1.0555101297795773
940,0.18626831581618877,0.0008162210766503093,0.0019142329071403182,1.0551594970747828
941,15.495493171811532,0.08258801744679227,0.15923664353889577,0.9049222450703382
942,0.32996198496266005,0.0035003601640561863,0.0026588239081221142,1.0580961317755282
943,0.5224695378301426,0.11071048050691831,0.11027471282461307,0.9563803370110691
944,0.16091871456483645,0.0018180772394610766,0.0017283604256564588,1.0480878693051636
945,0.35766836713869826,0.006128074983653346,0.002700411165164431,1.0023994017392397
946,0.07233641635368213,0.001954847123896497,0.001871840784232351,1.0109494742937386
947,0.3937702274920689,0.003777812517229207,0.0031880356939259433,1.0683109732344747
948,0.20655591483922453,0.004066285766395794,0.0033059236074735273,1.0293746180832386
949,0.1507141314373248,0.06338759989151262,0.06370266981418675,0.9456751048564911
950,0.1083312370912404,0.000822166092662364,0.001362178131791539,1.0591136016882956
951,0.22597971196397326,0.001974968663568496,0.0024098232139626854,0.9810444139875472
952,1.4072297172077444,0.006041251461559704,0.014382634606555643,1.1133196302689612
953,25.926826521355498,0.23778227773917338,0.24035386781881152,0.8325710617937148
954,0.23919844616625774,0.0016460729897760198,0.003114931594976704,0.9523381209000945
955,0.26466780825602854,0.003456471314135346,0.002924250921958684,1.0309692663140595
956,0.16619095492649658,0.0018196218493042845,0.0017193236584161628,1.021453846246004
957,0.3449973753069966,0.0014290237987644458,0.0027763821336302744,1.0682214288972318
958,0.29822112127150874,0.0035313732496093106,0.0022376533951831393,1.039690260309726
959,0.09097909065016872,0.002240569262870793,0.0019495146710466315,1.0690902820788324
960,0.6273791958425932,0.016341885695220826,0.015715940260953673,1.1717738970182836
961,0.2238871023301414,0.001964523113772591,0.0022207295107213444,1.0476164426654577
962,0.38890909019655656,0.0035236138953541035,0.0033699086128350557,1.0488614179193974
963,0.1889062409301853,0.0026086209165005177,0.0021928723613071424,1.0317498850636184
964,0.5035241500148464,0.0776002232131085,0.0786160291066866,1.002900333609432
965,0.20492625683384016,0.0029273930869771316,0.0026040795769922197,1.0707172923721373
966,0.21937798985430687,0.005592419904033928,0.0036889231393857137,1.021957489196211
967,0.4604621398027322,0.04176287636283155,0.04138572811373338,1.1889627031050622
968,1.1063363697344926,0.02875542699663053,0.02978765944969971,1.0592429107055068
969,0.2724110259092195,0.001500314663617408,0.00295999123674255,1.044929857365787
970,0.22330627656868002,0.0014088761245219497,0.0019445082864799907,1.0612489618360996
971,33.54649469504014,0.1262489965299993,0.2692184181265351,0.9213108820840716
972,0.3637192871240335,0.0014536942956216805,0.0019748738055870504,1.1135738692246377
973,6.269576946360478,0.12722639241138534,0.10276167045839163,0.9636705229058862
974,0.2585374385096658,0.0022023338521685743,0.002988539962003145,1.0417802529409528
975,0.23112808590618195,0.002444602883138891,0.0034510902374164944,1.0524254702031612
976,0.14028611923493506,0.004133823459453861,0.0033472513017893057,1.1065867659635842
977,1.463398844914482,0.007289109939222442,0.0044459972189243736,1.1482043829746544
978,2.557457794595714,0.062280613968646086,0.07276292315329479,1.0096189170144498
979,0.13459517152352035,0.0009808756049047888,0.002094754592120482,1.0469026039354503
980,0.2614847987352113,0.0022706027198087903,0.0030510629272120725,1.0589685840532184
981,0.11289333201942055,0.0023930331364445177,0.0017146095209863367,0.9124058033339679
982,12.19537143812237,0.13976540372502777,0.1228034984618651,0.892991753295064
983,5.409317104605654,0.038397106814315365,0.054109219235601386,1.070411595981568
984,0.2075289118977557,0.003827112678333888,0.0026500173094123987,1.0243789618834853
985,0.1505448108353426,0.0017059296505077275,0.002133319834430002,1.0402013440616429
986,7.424024283128289,0.018643238278450772,0.0880838816200924,0.8640612331219018
987,15.136438858359663,0.2359298043652359,0.1912955895005619,0.9503455017693341
988,0.32939452223457333,0.002957958631702098,0.002509636069771408,1.0497242687270045
989,0.3922153628316807,0.0016353742329500557,0.0021478301969809484,1.2277606967836618
990,0.27496021495333084,0.0024202112502375796,0.00242268790784552,1.0359308919869363
991,0.2936460047319291,0.0016539815166462732,0.003268773487969811,1.050544094759971
992,0.573398640399277,0.003791754287262911,0.00321339000851745,1.0697882631793618
993,0.2976878388819895,0.0029216493863871962,0.0027248233891150465,1.0462815277278423
994,0.08343900382440501,0.0026080812190679217,0.0020279415851200302,0.8988784980028868
995,0.21623480420883254,0.000412207894770436,0.002178761453847512,1.0010900860652328
996,0.38409557863597693,0.0036941661003103924,0.0032475106372302997,1.0819677780382335
997,0.16977494851576633,0.0030188395674187645,0.0030192778455012826,1.037825636100024
998,4.548648580845095,0.04421027300884117,0.055452526477356344,0.9320182362571359
999,0.36881149901053223,0.003082365461652703,0.00322145550066257,1.1048135180026293
1000,0.5651171902270918,0.011957189092706322,0.013448636457745196,1.0775827150791883
1001,0.10075810749082012,0.003552230268321616,0.0033907186324718917,1.022136002779007
1002,0.08878201303491659,0.0016859830715246734,0.0017912444919636144,1.0283237867988646
1003,0.41474585944949593,0.0047466484714597515,0.003976587087979348,1.0412210007198155
1004,0.4340372688800197,0.22096450328857772,0.22185037390362294,0.9992638900876045
1005,0.7127823272243727,0.03133949964867987,0.03357340370336893,1.080613395664841
1006,0.21963930003764026,0.003446611694367481,0.0033160352885495663,1.0188250448554754
1007,2.196891366085907,0.019098762956358692,0.016143251216820486,1.0462957778945565
1008,1.0867249416391869,0.13328305353522843,0.13438756097111157,0.9723813030868769
1009,0.21586742337445747,0.0024137701842307712,0.002232121540080092,1.0533191747963428
1010,0.18528357301391635,0.003728491480773932,0.003841463120835672,1.0427305498160422
1011,3.0538399853856983,0.02553853045283858,0.03385192468291327,1.030723372939974
1012,0.17702197277139342,0.03411061329245314,0.03385402258690574,1.0565157211385667
1013,0.22307617879180147,0.001694388255555944,0.0016933232700948795,1.0398574289865792
1014,0.4418531187454606,0.0038710871836785798,0.0029254398407226917,1.1583636128343642
1015,0.40214943017502475,0.00446935490921895,0.003954770095635954,1.0756879798136652
1016,0.19559049229490505,0.0020420479969168953,0.0024890548492976718,1.032241475302726
1017,0.29949697845180334,0.0024788917512071594,0.002447867964118121,1.051004271954298
1018,0.2788754610969754,0.004445705129259095,0.005036516373668783,1.1089893067255616
1019,0.22791959998001204,0.003119268403431304,0.002939166893868302,1.00421632360667
1020,0.37007161950642947,0.06266238434852311,0.06373428823482989,0.9483921234495938
1021,0.19628005588714234,0.055973195028093295,0.0568425681721153,0.9860355691052973
1022,11.281364721128394,0.1415937509731473,0.10275182030123105,0.9137213509529829
1023,8.368965520289313,0.0743887298502382,0.038102447440208215,1.0520753050222993
1024,0.01800936674876228,0.0012482017382405642,0.0012196896239277486,1.0390759580768645
1025,1.5459746761011524,0.023134123583719628,0.019647029227372145,1.1916919802315533
1026,0.0779694995638732,0.0013835841584818927,0.0013127491289222951,1.0206013838760555
1027,0.19152109155139663,0.004192988531016902,0.002770471697488473,1.034137770999223
1028,0.10124264144483296,0.0038855424409367694,0.003924066648276687,1.0506360940635204
1029,0.08155994140174147,0.0014158232801849717,0.0011724821791447755,1.0023686606436968
1030,0.3270129182068219,0.0036266833734826813,0.0033937478076308627,1.099422947037965
1031,0.3099301622530032,0.0028358585381104326,0.0031807459252057926,1.0655201892368495
1032,0.28709429290698846,0.004078930660250347,0.003789199350827687,1.044604207854718
1033,5.775326605092509,0.05070474949615088,0.06480768167359162,0.9530410799197853
1034,0.9279047142377623,0.06276570575067188,0.06035991777508819,0.9590079160407186
1035,0.1694879231955222,0.002248490625377198,0.0031699234494186827,1.0339838550426066
1036,0.30403487628114595,0.0029232555287711974,0.0021937479481368817,1.1143063097260892
1037,0.06077427931516743,0.021853224026312082,0.02181696570333061,1.220742064062506
1038,0.1253545594672735,0.0012571426900582852,0.0022474674015274315,1.0151239079423249
1039,0.37937187218853824,0.003941762431755041,0.003955298406253838,1.0523126693442464
1040,3.4425102824099314,0.04415367923436517,0.049827867964912315,0.8943197689950466
1041,0.16577818574895917,0.001118920916051169,0.0015746481406448377,1.0129495919682086
1042,0.1876358877167072,0.0034191495250249023,0.0025535042734114734,1.0754734338261187
1043,0.14388089716622593,0.0017862041914428653,0.001921138818231815,1.0576623948290944
1044,0.3815645432926262,0.003127879574343464,0.002940069452109655,1.139435368590057
1045,6.326633410981627,0.08447070930708657,0.08071295317549841,0.9563110820017755
1046,0.19113221018557675,0.001762679028102137,0.0018526144416957159,1.0555181656964123
1047,0.3504942070306768,0.002949506540176168,0.0019446579155350027,1.0586112588644028
1048,0.04043027501707692,0.002133940088549387,0.0017951341582582987,1.045921296812594
1049,0.213853676797615,0.0018703539046668164,0.002620765973789862,1.0488498080521822
1050,0.2857797243297573,0.0008735672126299962,0.0031157638758177006,1.0487595438025892
1051,0.26974977716095955,0.004154027078193286,0.004590292727776034,1.0668892748653889
1052,0.21389076881933564,0.004349789037013048,0.003925077747570112,1.0510397171601653
1053,2.8682135288636745,0.07977424463749834,0.06569316295398163,0.9839021121151745
1054,0.30426609138259225,0.0018477461044546768,0.00292829611135571,1.0547015918418765
1055,0.1988996157565525,0.0031167965137932365,0.002444103060190455,1.0812642057426274
1056,0.16475453803129572,0.002761350162532642,0.002500002547103918,1.0321319540962577
1057,5.65780847522513,0.1086904495183858,0.15931742032819665,0.9375855168327689
1058,0.31335574495859947,0.002670067370169314,0.0026774939701871493,1.0569444238208234
1059,0.41017865981174334,0.008167200497491183,0.004751278974653603,1.1101662931032479
1060,0.05599496730666894,0.0007870933826161373,0.000925272920642099,1.0276522082276642
1061,4.1177433632056655,0.1187215596220807,0.14960412652404265,1.0065800999291241
1062,0.32873037682054457,0.0037621882523146463,0.002516651681966521,1.0576403131708503
1063,0.3402746661307149,0.003641123112508202,0.0028421851233557294,1.0519728171639144
1064,0.3615203271594504,0.002976596247139809,0.003594396538809267,1.0925597161985934
1065,2.3260358355797535,0.03733043761885137,0.036018788629995205,0.9938682280480862
1066,0.1756654700862287,0.0024422752991281153,0.0026738352022551933,1.0356922578066587
1067,0.19395802140017454,0.0026328903969181847,0.0030834055005968097,1.095611082855612
1068,0.3080497324988886,0.0025674543658372666,0.002881690228111177,1.0354947461746633
1069,0.08859341638360692,0.0011897252817070993,0.0012285444498799124,1.054836980998516
1070,0.3459577743535565,0.004472838620862062,0.002197509226825137,1.082755175884813
1071,0.16194165464140609,0.001133854972466931,0.0014317425732174398,1.0366627550683916
1072,2.8523526099554464,0.015600699430828568,0.034152207180263086,0.9165896908380091
1073,0.4671227563376896,0.007707436773880478,0.007836431423868714,1.093836901243776
1074,1.5211521597419952,0.018966437031176103,0.021585140462722963,1.1662202002480626
1075,29.49474522054438,0.11961182213891254,0.2851491373112082,0.8402231051586568
1076,0.1907416539222302,0.001951930688795805,0.0021413393233162227,1.0458489619195461
1077,0.17814106301502108,0.0008840957658323008,0.002264260026286115,1.0488979411311448
1078,0.5974515505797702,0.003488111980724892,0.006724719527968766,1.1313301282934844
1079,0.2880314165735869,0.0032699041899417656,0.003649973063094166,1.0340341944247484
1080,0.7225314669568917,0.11989344345610534,0.1222753527143716,0.9785578679293394
1081,0.21408530712331933,0.0023113132275231854,0.00224014783153348,1.0399278970435262
1082,0.2987204831823182,0.0016596782152325594,0.0019322449212229326,1.0757922329939902
1083,0.6110724134717933,0.004792790886676247,0.0038048472451670486,1.0994380097836256
1084,0.2594041523059402,0.0006785759303501382,0.0015534511070214806,1.066733734216541
1085,1.4438302230091502,0.012753302691988164,0.01601024513155814,1.1913722441531718
1086,2.7735261959681368,0.012152544986966727,0.03141528595479294,0.9451918136328459
1087,0.40981221174717064,0.0045782275357857775,0.0031059459785569327,1.039744344074279
1088,0.1377308931762461,0.0016842936948374143,0.0013987330184036025,0.8445497048087418
1089,0.7449812838502231,0.10577248395489768,0.09877851389328343,0.9394223359413445
1090,0.4782478493282815,0.07372157758058584,0.07268351371395618,0.9586485456675291
1091,0.2807183478324291,0.002509466074164985,0.003206753512210782,1.017170055769384
1092,5.548670997065794,0.07147850299101827,0.051705594220921684,1.0860071890056133
1093,0.25583481911500044,0.0012438232537153452,0.0037269107525152428,1.063954961951822
1094,0.4038424697574642,0.002907438782079156,0.002701128752589666,1.046802744269371
1095,0.25909226996692836,0.0030877761433671775,0.0042161327465326985,1.0512300366535783
1096,3.4282767857136807,0.08392703300004288,0.10170697697302976,1.0524710630998015
1097,0.2914993015694645,0.003185066425230842,0.003710275977230181,0.931153261102736
1098,1.299855720015347,0.25167891933734043,0.25138712516259193,1.0336318244226277
1099,15.478963173069511,0.08574850409771065,0.09164630104363933,1.0050652450881898
1100,0.215257007014773,0.0061417579871184385,0.004820001895721761,1.05454107420519
1101,14.424291209962496,0.10187921509840045,0.16956964677475528,0.9272717498242855
1102,0.2714164018796288,0.0035959114340567595,0.002900062624978542,1.023452321998775
1103,0.09573958796380415,0.000503905300446874,0.0009047536579186271,0.8184220027178526
1104,0.36203222120194295,0.002524065830243826,0.003130376581689668,1.0119259981438518
1105,0.2115590493208506,0.0032418046855025406,0.0030582973280298114,1.0638118400238454
1106,5.254544095479371,0.038775054221542433,0.0702431618316171,0.9377876590006053
1107,23.722430860534846,0.18652368871584973,0.2274171813917517,0.9483585548587143
1108,0.2746681620142071,0.003305282804958092,0.0020966364805079926,1.000068187713623
1109,0.29732020086480376,0.004531965947715414,0.004034735378988728,1.0566928442567587
1110,0.15981710103328187,0.0008164995211099783,0.0015599678053136448,1.0533703658729792
1111,0.29484941789854535,0.0014330236534403182,0.001150046411653254,1.1071960730478168
1112,0.21450580636453956,0.0027526313149906978,0.00394234304865574,0.9962603840976954
1113,0.4177806472762911,0.003584940592426887,0.003630904370332053,1.0341572100296617
1114,0.24443070312572426,0.0026182237370482447,0.002687675232327275,1.0249394313432276
1115,0.3586258336011545,0.002379352674031035,0.0030555351502521352,1.0687439069151878
1116,0.2837200223912034,0.0029900070706593675,0.002622337623549162,1.0188234932720661
1117,0.38257180666378,0.0015660811884417789,0.003679809362269884,1.0532292020507157
1118,0.09563222061228956,0.0016472556677409943,0.001072941369873654,0.7916166158393025
1119,0.3239509697682038,0.0032842459577942617,0.002655410701702442,1.0581614850088954
1120,0.1818638910094665,0.0022140102532620296,0.0028978500021920217,1.0385400475934148
1121,0.5223446619632632,0.0026392292877998,0.0038540154909805146,1.0909153828397393
1122,1.0263321750211003,0.006303922847908276,0.009137001477012003,0.9664420601911843
1123,0.9271520055013373,0.11551022046564398,0.1132900906746222,0.9151142351329327
1124,0.13792114176666892,0.0012250465760657331,0.0022467921515413737,1.0100484476424754
1125,0.9442273461473326,0.06372978908477583,0.06460529460607074,0.928941828198731
1126,23.335617658960565,0.09754401534566937,0.28017082355947426,0.9119841000065207
1127,0.34248742680271227,0.0009335156216673169,0.0037240252036895784,1.0322558428160846
1128,0.2599018877456122,0.0017767110234987555,0.002099000458221099,0.970705030951649
1129,11.647650865582293,0.04463153394558546,0.15486200472922124,0.8729772549122572
1130,0.186586717990957,0.000720992412743456,0.0015747101664406197,1.0832415907643735
1131,0.3164713158608511,0.0023085569561227346,0.0030639547209158945,1.0624628439545631
1132,0.25957259333698257,0.002781568281957575,0.0025232400935896702,1.0661705080419779
1133,0.24114927300708652,0.004151392231601125,0.002395499059940206,1.0757949110120535
1134,0.2708999405873249,0.0038403283793939976,0.003169516499107561,1.0329835428856313
1135,0.32905437912512625,0.003353370214648079,0.004328104740455392,1.16294029308483
1136,3.577188811177877,0.15516769033286748,0.16070071590537457,1.0743601070716977
1137,30.053709713555197,0.14023281991050232,0.30734561319923254,0.8810547892935574
1138,0.27566079993372133,0.0012810746058379108,0.003015153889009765,1.0224747299216688
1139,6.723041221737019,0.1288177207744229,0.105257360819362,1.0480367788113654
1140,0.1642470246566217,0.0022709103800454267,0.0027713420323716327,1.032963699195534
1141,0.25928030264089263,0.0028245357101883473,0.002916382480065848,1.0266178189776838
1142,1.846334489267948,0.05422969923031839,0.06740969087258587,0.9352710363455117
1143,0.2716810864188641,0.0020998385756465024,0.0021629061507952366,1.074417492840439
1144,0.2556519827420978,0.0182719247591655,0.01715157125067743,1.203602627851069
1145,8.966048032803478,0.0941966637811775,0.12293472256963138,0.8871459346264601
1146,0.3552098076919089,0.000997863385197807,0.002122197565367957,1.0697448779828846
1147,0.2502563193266571,0.003439951343053343,0.0035051726191938693,1.0578828412108123
1148,8.383886081949306,0.018330248002264637,0.0873656571679062,0.9395177499391139
1149,0.06323462226137845,0.0013404618863148536,0.0016163810640662402,1.0247196429409087
1150,0.5308332970748865,0.03236840662491356,0.033550063169159774,1.1595456739887595
1151,0.2984543841687533,0.0026019424096662405,0.00483332691781926,1.0053519462235272
1152,31.856081295145778,0.08993988211966883,0.3467751377417176,0.8013558737002313
1153,0.2542149012538633,0.0013992206929316162,0.0024913296085270122,1.0343356160447001
1154,0.11357060509083698,0.002723681435811267,0.00257439330895941,1.02305879117921
1155,0.34157047356867715,0.004216453721152125,0.0036172620535900326,1.0793866007588804
1156,0.4104127910260934,0.019045987545114728,0.019486784273246422,1.159813562873751
1157,0.22526319314034388,0.0009253896158793636,0.00259129455763738,1.0715817492455244
1158,0.07562776841746269,0.0019716847699746682,0.0022119007419011817,1.028263883665204
1159,12.926760797326889,0.27967433416385323,0.21820018699910324,0.9479778110980988
1160,0.10929400988970873,0.14061889144464576,0.14050999632521496,0.977511378005147
1161,0.17177004983848276,0.0036675397150378692,0.0024211773356628964,1.0384533288888633
1162,6.90903633010488,0.02992550606118236,0.04051557272639247,1.0566237578168511
1163,0.22191777954017453,0.002144829420879889,0.0020356615106315273,1.0345802013762295
1164,24.847104085674925,0.22832311720475668,0.2541035182288179,0.9394430820830166
1165,0.3953785133117222,0.0011342024319317692,0.002713886039403486,1.0815639360807836
1166,11.442749536613883,0.11679348669713266,0.17465594222405,0.9513163510710001
1167,0.16356103791142682,0.0013791359453482989,0.0017795516090118736,1.0306586101651192
1168,0.4280252641178753,0.004621543934526769,0.0036764501985062136,1.0679648430086672
1169,0.1274394798478696,0.0018452291061458658,0.0017210631913569827,1.0447268141433597
1170,32.35298091086152,0.2452443996621523,0.30171782211263737,0.8254537871107459
1171,0.34279312692891467,0.002150805671186754,0.002873731360864869,1.0552007127553225
1172,0.14935334854653562,0.0014447570436989853,0.0016049305576486175,1.0539008369669318
1173,12.388096303532384,0.07576804317987874,0.12675073163210485,0.9453022279776633
1174,0.28652409303095994,0.004812832122975897,0.004532828629139693,1.0805661892518401
1175,0.057050696892689726,0.001533941680034972,0.0015009019234527186,1.0549615970812738
1176,0.35378539396975955,0.0056650708876418866,0.0040239052128783915,1.0821563224308193
1177,13.868956602997228,0.0328244816551117,0.14179876590292148,0.9748878916725516
1178,17.966324356912896,0.040991929912914615,0.20894273987436643,0.8905466520227492
1179,0.5238310279209861,0.001971015180898596,0.0031996093971106043,1.0266224849037826
1180,7.888238071081796,0.07764914318514099,0.08462815127619659,0.9288865593262017
1181,0.1892491733260405,0.0009755231499177594,0.0016323141090631478,0.9872314217500389
1182,0.9372918987037514,0.00638553280115881,0.00504477334394978,1.072353765834123
1183,0.30121682245005044,0.003780574966988586,0.0025265462962210205,1.0411474136635661
1184,0.052878632128716734,0.0022318054470568394,0.0022339406605242974,1.0392312658950686
1185,0.22045492575295922,0.0016211807559362338,0.0022567792992896495,1.059277269989252
1186,0.16901902641074001,0.0024288648527930417,0.0028157006931435998,1.0485701570287347
1187,0.4995255305129264,0.0039255197056773826,0.003031894654898742,1.0466391989029944
1188,0.20606654890902498,0.00220317176560109,0.0016227836393613298,1.0128850247710943
1189,0.34540262530078536,0.004778832888648734,0.0025669765227817614,1.0443346877582371
1190,0.2785717124926909,0.002147973064468116,0.0021889243451605,1.030676788650453
1191,0.23800893524442215,0.002618440910423196,0.0029450575022426356,1.0356671917252243
1192,0.5764944935671327,0.00484941116349646,0.0034249095406427036,1.134871935006231
1193,5.5987762686353735,0.060219268247047486,0.023400403992908478,1.1754475617781281
1194,0.26479653232427575,0.0025217823237015688,0.003474790433497734,1.0756686651147902
1195,0.5277891202020487,0.1499259227143935,0.15059326198280315,0.9336303640156984
1196,0.2679144340887533,0.0027161259445582023,0.00212565288514418,1.0564627801068127
1197,0.5286328359959581,0.004916072107650082,0.0036033051478519796,1.0762753281742334
1198,0.4513977221638657,0.02205382214254501,0.01935324010940107,1.1769498977810144
1199,0.1520168431072003,0.0013771573510316382,0.0023191997444847253,1.0518718766979873
1200,0.20647663645051248,0.002268642953620901,0.0017707005145569895,1.0731209660880268
1201,5.0820758051293415,0.1049141758456727,0.0811432391423847,0.981566094327718
1202,8.278930734565416,0.04370083923389733,0.08510635575154657,0.9577999073080719
1203,0.5546695199561068,0.16176530848476697,0.16342272589840712,0.9755455586127937
1204,0.11981234384991539,0.001195426406662182,0.002464153550033342,1.0803477042354643
1205,0.33648676621512386,0.0027438463841474832,0.002940981122333743,1.0471818270161748
1206,25.35845045713395,0.1348850591540946,0.2662532495386823,0.8490185923874378
1207,10.12926154499848,0.054036357253533694,0.15422112174349067,0.9364684838801622
1208,6.44826699381004,0.044124919306463554,0.04526290451943279,0.9991386421024799
1209,0.3892564900076863,0.0029121533742050886,0.0034151203628405356,1.0122300437651575
1210,0.07930364514507153,0.004286330427993192,0.0036450489468134637,1.042732662986964
1211,0.44889710495521856,0.0014160385774789805,0.003756960093243866,1.0505366711877286
1212,1.9337253823613165,0.03449550747857071,0.04563676172350142,1.0004306230694056
1213,0.43488624543359566,0.006738964196619058,0.004458864164053087,1.0646835351362824
1214,0.21597670111710687,0.00390536083122847,0.0032511226420491595,1.0151372109539807
1215,0.22283710738245793,0.0031775809602777034,0.002081886194119621,1.0251239920035005
1216,0.3733825193551484,0.004303475090632869,0.0032735712889859236,1.0819100569933653
1217,1.6813124097895575,0.007318243313404554,0.013486273486686632,1.2108559999614954
1218,0.415181715298927,0.0032615365286474845,0.003699503991036556,1.0310352421365678
1219,0.19879810041077678,0.014093534008895217,0.01402565954198219,1.200306364800781
1220,0.7042799787700045,0.009086716212665921,0.006802514915306732,0.9776398111134768
1221,0.11359739027524011,0.0022948287941721565,0.0018474448219942211,1.0269882921129465
1222,0.3884721085519491,0.004083506731996081,0.0036496376617122226,1.058114293962717
1223,1.1714866702721274,0.05569078678421157,0.04985042508427035,1.0309416051022708
1224,0.2895261400931663,0.003083659421486247,0.002054836870266202,1.0506596299819648
1225,2.8790731413035355,0.040112390446651956,0.04022674544823998,0.9421397307887673
1226,1.6609348031831468,0.028297432223498373,0.03334609715844048,1.0608412739820778
1227,6.534008061411298,0.06413169852889175,0.0952560690982217,0.9515645820647478
1228,5.174233307701991,0.14234087822375188,0.16077232174089065,1.0290722730569541
1229,0.08833428728134983,0.003805700385468618,0.003248732021298277,1.0561131951399148
1230,0.2972838118136564,0.0016925769029490527,0.002772514821197852,1.0288975979201496
1231,12.472918270296212,0.0670637339178516,0.13013475316828452,0.8940424541942775
1232,0.3756125156031583,0.002228653603000249,0.0034035721841780345,1.0996984420344234
1233,21.595785983244237,0.1741906218126406,0.2052389410772473,0.9808654286898673
1234,0.17365622596341687,0.0025265427675985564,0.002639565380708623,1.0700584072619677
1235,11.315028947801416,0.10178509753439793,0.12487356990529638,0.9617236307822168
1236,0.2712509646601538,0.002115360421360773,0.0026247746314900485,1.0893580866977572
1237,23.06043918485893,0.18274789822512658,0.24767918410421294,0.9027755600400269
1238,0.5310037354826774,0.004054753674177664,0.007942874527389265,0.999419632833451
1239,0.41428285302432954,0.003826473569816245,0.0026911692366465446,1.0953942891210318
1240,1.3307893245236442,0.07479232461691471,0.07579287261697347,0.8730395860038698
1241,0.1678885634966695,0.0019003279883457614,0.0016070842253257027,1.0874032378196716
1242,0.5219445406895374,0.006348210996040045,0.0038104174006038786,1.0261071282438934
1243,1.3627468511087932,0.014812353806426093,0.016521902004204208,0.991654803045094
1244,0.1600681919988117,0.004466953499855415,0.004540657448158776,1.1161656826734543
1245,0.6446120169569152,0.007154119945249962,0.005705678386668392,1.0628015990369022
1246,0.23681491429425558,0.004184144343816015,0.0032523285825277882,1.1035341997630894
1247,0.8196779307336657,0.007468516080418471,0.00699820980027371,1.1546613848768175
1248,0.22799701254143312,0.002121780357629455,0.0031447686586746023,1.089719810988754
1249,0.2873871094270009,0.0032371611415584344,0.0015882139441803554,1.0562347690574825
1250,1.3912395379585687,0.06109856196360185,0.05868381370655678,1.1498712506145239
1251,1.3101176011370599,0.021564209047757573,0.02415235140887094,1.1270027901045978
1252,0.14931372178854085,0.0027921645029891024,0.003162157976479763,1.0460881986655295
1253,0.11372400146495042,0.0017927544191903835,0.001356694000422539,1.0445607509464025
1254,0.13690072591046498,0.0009299158454749825,0.0009050071273399435,1.099749845918268
1255,0.26262789267587705,0.0008582226405150428,0.0024109096825709136,0.9889391511678696
1256,0.4207649514233871,0.0024185931766442345,0.0031283775540588807,1.0432526306249201
1257,1.5173259117668514,0.10134192047038053,0.10024623170244722,0.9226932297460735
1258,0.23121579190325622,0.0015448621812887778,0.0022691723974357257,1.0625729854218662
1259,0.38369508184842266,0.0017263711597699204,0.0036564200121170023,1.131146192084998
1260,0.23054982102676316,0.0015728579166091742,0.0027069414017259034,1.0534271439537406
1261,0.30256394756576777,0.002161109358663919,0.0027570789908589084,1.0428442629054189
1262,0.23479497681271183,0.0020014992289935454,0.002143990666343813,1.0385167710483074
1263,0.1940396797141643,0.0011398025062011679,0.001618347378921727,1.029311304911971
1264,0.11659629296796634,0.0026867456038771782,0.0036461983982135297,0.9363523698411882
1265,15.73805223021804,0.19271406284206574,0.18391082669156197,0.9590595439076424
1266,0.3015472460072739,0.002632904866936804,0.0030745426976360886,1.1236008405685425
1267,0.8706118048061958,0.08773230435305056,0.08767682814073259,1.0382229299284518
1268,8.220265603020126,0.07411478845189678,0.07456479004595302,0.9443508763797581
1269,22.232359307654825,0.35303345311350126,0.2578199794323161,0.8568112161010504
1270,0.39128454544401686,0.003174302964449773,0.003709521077744137,1.0271565238945186
1271,1.3343247644315501,0.127537484358469,0.1335473316778456,0.9289728379808366
1272,0.20480404021385742,0.00371184182872959,0.0031969457223681363,1.0425583920441568
1273,0.1826979103125373,0.0021704329526352046,0.0022007946150920292,1.0370804518461227
1274,1.137783844788973,0.01278639465607269,0.014327298365568692,0.9698444292880595
1275,0.1269693377587208,0.005913647766255741,0.0053427556148529206,1.0764926178380847
1276,0.033614342219838174,0.002077233387216766,0.00202856745852988,1.0500506712123752
1277,0.18253443539782516,0.003632757521085122,0.0043486656719285855,1.0315755940973759
1278,0.22685642210053944,0.0015201446065694552,0.0026786292530953664,1.0553377568721771
1279,0.1053452188135616,0.002528767958234468,0.0021614333934805562,0.9640049319714308
1280,5.581444734293714,0.08817561953598795,0.08008090136520449,0.9328049952164292
1281,4.83482789298291,0.0677320618766871,0.053351072495400144,1.1183461300097406
1282,0.15851856976424752,0.006844993343132496,0.007096340445585477,1.1837330237030983
1283,0.209363692645713,0.0018648862209997153,0.0022960734331076683,1.0625307513400912
1284,0.261093467581449,0.0007559480233885623,0.0017056524036702409,1.057978283148259
1285,0.2913211491459615,0.001998876360804359,0.0028346153489793757,1.0725338491611183
1286,0.07048627333918718,0.0020872469081102624,0.002089278287997261,1.0878761080093682
1287,0.14971463572974608,0.002725648908062653,0.002436034754741806,1.038123118225485
1288,0.20943853791381115,0.0016071411496915123,0.0018200731454889006,1.0600088657811284
1289,0.13477244293212703,0.0020475178860933333,0.0019593616381686683,1.0655291508883238
1290,0.5209475211226914,0.0028869414070907904,0.003994470042089264,1.0789032788015902
1291,0.20721527368299972,0.0012832448385804854,0.0019782130977627076,1.0323815122246742
1292,1.4532226217438557,0.12264520363802013,0.11591867822433218,0.9482449097558856
1293,0.20876533136218864,0.0015474285611097906,0.0026629433474788483,1.0488349520601332
1294,0.2423506998864768,0.0011089246037399205,0.0027989582532790126,1.049045308958739
1295,0.4961936237580615,0.01884751926780748,0.017958478902943487,1.2106313179247081
1296,0.09460840238663765,0.002050533107031476,0.0023228001775035213,1.0442333980463445
1297,0.3088925586443745,0.004402360973562832,0.004069006653580439,1.1135557731613517
1298,0.19314353776617438,0.002101302481377794,0.0017084389962224427,1.0718995262868702
1299,0.13468085203188754,0.0018520117508698639,0.0017120819167134845,1.015849897172302
1300,0.2943076505479592,0.0007517058052000222,0.0027382997169343552,1.0582277067005634
1301,0.5252835138875043,0.07479776335643538,0.0760166442091423,0.948644295334816
1302,16.022756650137218,0.04738774898104585,0.1691542029526947,0.9169072392396629
1303,2.8831621304806534,0.15595717373983087,0.17367486226801826,1.0615359642542899
1304,0.2611043368458164,0.0020857686206125514,0.0022374745451387945,1.0594887658953667
1305,0.28647015875560244,0.003109773769856004,0.0035727260362380126,1.046505100093782
1306,0.09434310366216864,0.0020057052775647685,0.001860689491338445,1.059742386918515
1307,0.9021298671863381,0.006082842736919981,0.004189327650174223,1.1119884508661926
1308,0.27458576412248675,0.004982902683742242,0.004318314097713812,1.0436874842271209
1309,0.17914769644268624,0.0020655175345703405,0.0019930705300888305,1.0746643021702766
1310,0.22967534599295497,0.004834071967095347,0.003303405481116724,1.0503354230895638
1311,0.04646123451309277,0.0018989947000724843,0.0020057601023630556,1.029417275916785
1312,11.139589056689369,0.0721935916394762,0.14506417310252098,0.9856494008563459
1313,0.3721912558539722,0.003200499247154837,0.0027894514581994364,1.0548961637541652
1314,0.620428861233748,0.006391835838394023,0.003357313851458282,1.0325225330889225
1315,0.2779793651587345,0.0030518323819600313,0.002159599938222594,1.069862806238234
1316,6.262419693962437,0.013479545417185974,0.0650626498411749,0.9393746932037175
1317,11.98071580042188,0.06453267789895567,0.11794725938923961,0.9170991750434041
1318,14.851598669341849,0.05702571475965703,0.1628609589442317,0.9617472249083221
1319,0.1927626417604525,0.0008477301764078022,0.00217671577849273,1.0383605430833995
1320,0.11255048671107094,0.002006696262200151,0.0016989281657326968,1.0100755407474935
1321,0.36717194848180074,0.0034705221311646306,0.003227771920287268,1.0502373590134084
1322,0.21686727417676305,0.017281272697998142,0.01623794822191473,1.2003695140592754
1323,0.22249796045693668,0.001381789559674011,0.0021423215095591717,1.0507171167992055
1324,17.967657608404846,0.11785035582685495,0.1857406248319636,0.9074524966999888
1325,0.34265912943895893,0.001237768172372931,0.003282438624693115,1.0307422140613198
1326,8.261088666277901,0.09501861809406328,0.09630042596411846,0.9080557669512928
1327,0.38261143758396693,0.003889937967044647,0.002272103298394519,1.085315186996013
1328,0.0794519243314784,0.0010156037641198214,0.0012910520209147602,1.0622888207435608
1329,0.21261329928661057,0.002049208751937152,0.0029417746609871486,1.1092005888931453
1330,0.2990028431462156,0.0030759260350514054,0.0037278489141210898,1.0434282305650413
1331,0.46735273137857575,0.0029291789103272335,0.003211037498095172,1.0353400078602135
1332,0.2108455770824936,0.0022740691407139965,0.002803491840661952,1.0792051060125232
1333,0.504393715413882,0.004675390569584836,0.002880324181578009,1.0334606249816716
1334,14.628365088335503,0.14640803999026655,0.0996564310610889,0.9960983409546316
1335,0.08539018728045233,0.002113376644100421,0.0021106613054464292,1.0090402206405997
1336,0.15939736233131124,0.0019309872029864073,0.002199017669184191,1.0355580071918666
1337,0.3360441208941081,0.00201356363155428,0.0032873133625754094,1.0960175339132547
1338,22.564437081918417,0.06362107267414135,0.24165311987698457,0.8750491300597787
1339,0.21903679245719124,0.0012749960159262376,0.0021488105965282445,0.9571385062299669
1340,0.13140504920183824,0.0012296222947297513,0.0016067785846151116,1.041661795694381
1341,17.297110962075713,0.1651442836108678,0.22133692985074493,0.8347393958829343
1342,1.8903214720080856,0.05368911243265645,0.061337011548749966,0.9526820899918675
1343,0.4813982496758303,0.0010978488918442827,0.003508768953307487,1.128405538853258
1344,0.2437511915843033,0.0034471874558839695,0.0038228477747645037,1.0410852450877428
1345,0.31390197497952665,0.0019489154390754252,0.0033993412164846247,1.0427574473433197
1346,0.19684427961239062,0.0025409572548913723,0.003154945677122928,1.058187908027321
1347,0.1392341807342878,0.0023734781226059723,0.002991982925097923,1.0432065543718636
1348,0.15489080008460104,0.00015531258699937202,0.0017401890783434399,1.0251533188857138
1349,0.33236566997423805,0.002719025982335458,0.002740608849140753,1.1254029339179397
1350,0.21563517296167478,0.002235045994379578,0.0022777796735860734,1.0476936702616513
1351,0.5169242230108291,0.004529045178042455,0.003929764779906257,1.0337451049126685
1352,0.514124981464759,0.0024496250217570193,0.004111875587845098,1.0758970091119409
1353,0.36990192271302164,0.005497307391674776,0.005249384157158879,1.0294175120070577
1354,0.21678188804055312,0.002114766565748961,0.002067525087639574,1.1102211009711027
1355,0.3280058614876992,0.0013200693125648827,0.002431829934737988,1.0807238761335611
1356,6.98649061942782,0.02256202133833042,0.07424600978699164,0.9628693582490087
1357,4.734290005643111,0.10577952492691155,0.11809802048351835,0.9183907941915095
1358,0.22601697788348193,0.0022362009672038893,0.002018189365990537,1.0491560669615865
1359,0.08547955200642847,0.0021888300636055645,0.0020313195853868403,1.0442574783228338
1360,0.09654951316195981,0.0008327263983499266,0.0009661788460104754,1.052417661063373
1361,0.25667436115228504,0.0036325914365172925,0.0031723854284275957,1.060892831068486
1362,0.4506314974254699,0.004866742156031961,0.003054919245684866,1.1119894259609282
1363,16.264797917706048,0.2013586266843614,0.18552284168159647,0.8639255571179092
1364,0.4887525337361836,0.005928101323900245,0.004684289597314005,1.0917821768671274
1365,0.5026622344950128,0.0037294962405035625,0.0030036473042248423,1.1137085487134755
1366,0.39270642206611833,0.0021119010993265784,0.0038433547281613053,1.107803603168577
1367,0.7356601904881891,0.07604703413567211,0.08129345084952806,0.9731759862042964
1368,0.16175169071505377,0.00246605053287026,0.0022964097966456454,1.0774598307907581
1369,0.40214575330774727,0.002445186406454062,0.0032384307568378633,1.0502173472195864
1370,2.0732454797084765,0.022861393033624364,0.022600215973338004,1.0593184595927596
1371,6.180619882294593,0.06833679840591951,0.04859139190625011,0.9844849701039493
1372,18.76050433167687,0.13930320903915144,0.1808581398566384,0.9633987545967102
1373,0.28727291119511145,0.0022368678139638243,0.003344287079774293,1.03860880760476
1374,9.410032303322597,0.09478649750442411,0.061851420699703626,1.0111096599139273
1375,0.24638690248928055,0.0034128990387048623,0.0030641427418242996,1.0382476057857275
1376,0.05320148616624976,0.0019467751047324419,0.001849567357391605,1.038347017019987
1377,0.7449025567423736,0.02922176277595992,0.02722008741922519,1.165546685922891
1378,0.3899260845628091,0.0010966636950538147,0.0031363045876805612,1.0172175262123346
1379,0.18378553141051374,0.003950960055395318,0.0029062312996534,1.0705160242505372
1380,1.69795796842543,0.08082338881732158,0.08038903234876495,0.9481605929322541
1381,0.2943541590171245,0.0020985128213501535,0.002854982238998854,1.0907679521478713
1382,2.7762094759967404,0.050092505095789205,0.05415696667002044,0.9962631687521935
1383,1.6215327074502948,0.00923369829740366,0.01893569370300157,0.9718586457893252
1384,0.3761014480742195,0.002007180615433322,0.003386929500331319,1.0515671968460083
1385,0.47615616048591647,0.0032385089242920892,0.004129450519161288,1.064720290247351
1386,8.192176058622033,0.09085227971409504,0.08867669532256106,0.9612454893067479
1387,15.19456679673862,0.06027459902398459,0.20865837308884871,0.927402594126761
1388,1.5024293999926888,0.11742859716938185,0.117877573829481,0.9591775289736688
1389,10.656329143186607,0.20069454837437933,0.1661461494305872,1.0591624141670763
1390,0.2703847793716365,0.0023282988002268344,0.0027877686247674465,1.0591256846673787
1391,0.22010268892886817,0.0029383033780849468,0.002427897553967345,1.0670110890641809
1392,16.423075781884023,0.15443918355778416,0.1889689465650026,0.948208512738347
1393,0.22501113745217172,0.003314552281204376,0.0028708065169518026,1.0331149487756193
1394,0.18490549626477087,0.0017545591181750753,0.0021092244902891585,1.0189677202142775
1395,0.20862690913427995,0.0007873001328798308,0.0015988671759021775,1.0680743614211679
1396,1.3052331780693662,0.15634953329450274,0.1620314424567725,0.9471949567086995
1397,0.26526843445288933,0.0030681005641345284,0.0036623381294432693,1.0132504967041314
1398,0.16535997476468367,0.002216603463220342,0.002738218216958727,1.0742612639442086
1399,0.3974666591721995,0.003548011150589299,0.002263548102009526,1.026048551313579
1400,0.23155617572919673,0.0015688580569317592,0.0024634738361778738,1.0406415769830346
1401,0.6315866910459639,0.19369380338596173,0.18963662824982921,0.9516717628575861
1402,0.30882791578735175,0.08101111382434761,0.0809988079044456,0.9695901367813349
1403,0.6715036256116413,0.14095689793097385,0.1410264845956749,0.9860061896033585
1404,7.313951979651413,0.03183955550171949,0.08514149455769658,0.971176196821034
1405,0.6750716748090436,0.16218290394321813,0.15779538613811897,1.0211014738306403
1406,0.22730399404104606,0.0018717326840088791,0.0024161854743308567,1.0310099269263446
1407,1.4370429153923654,0.00658593003548814,0.013446518518606421,1.0970354401506484
1408,0.2591310340640402,0.0032461642642808174,0.002498546340733512,1.0566981872543693
1409,0.6132675514603613,0.002557531023088046,0.0045135006499725915,1.0351898320950568
1410,1.643890892251576,0.03154751299787787,0.02520219530851764,1.176482257898897
1411,0.11257259173927456,0.0018316021748957646,0.002089888055216705,1.0285355299711227
1412,0.39253063794428295,0.001781959050873995,0.003351740891889524,1.0547595783136785
1413,0.9839170306973293,0.061102079878081215,0.0625144970318352,1.1491285609081388
1414,6.545418867845477,0.09197037335081307,0.09738157373452454,1.0654137269593775
1415,0.21479076769568825,0.003943354390471451,0.003279146427853124,1.0923227244056761
1416,0.9063423431130126,0.025325205962328696,0.025904904307766864,1.1398678538389504
1417,1.3903293295383823,0.08322772265918656,0.08629800923444168,0.9273641351610422
1418,23.486041843591757,0.18489322723983107,0.15271533349438884,1.0294062751345336
1419,0.4239715355918392,0.002056681585404028,0.004212052044217151,1.0441426648758352
1420,0.17325777240985274,0.001752836483418773,0.002611323823101136,0.9234812413342297
1421,0.1090272146963999,0.002042716377136549,0.001970798739268158,1.030849400907755
1422,0.08040874626764438,0.0013956890517778735,0.0015695715407811276,1.0667450889013708
1423,0.17557954047014337,0.0021528910776043393,0.0016792041935010775,0.9942636517807841
1424,0.1678542107897657,0.002980166789467524,0.0031898628744347277,1.0689089908264577
1425,0.22875226108054583,0.0014173259381632026,0.0022055625178977996,1.0691457721404731
1426,0.6157831478561677,0.003321926966093157,0.003305006809085612,1.07877537002787
1427,0.20019363245821087,0.005626307259730877,0.005080812330360621,1.1282997210510075
1428,15.655617405740712,0.06342074682331383,0.21542480244240517,0.8784453519620001
1429,0.27408300079131626,0.002345647501159062,0.00285968476259286,1.046076542697847
1430,1.7824890503725301,0.12815840979167523,0.13859407248350009,0.9350733137689531
1431,0.24865156720803286,0.003201862325512353,0.004018825068837714,1.0144707798026502
1432,11.478751579633874,0.14663937018721765,0.17327579465454906,0.9377068029716611
1433,0.22419812161436958,0.002097882994842449,0.0023519117055318456,1.0546547300182283
1434,0.32774640353004597,0.003588664968863855,0.003854722756196985,1.0332959280349314
1435,0.35926591642710354,0.0040959796450065,0.0019763369882138623,1.0444845096208155
1436,13.274929871022081,0.24642854183971846,0.21130179566056786,0.9850026736967266
1437,1.061631147050485,0.00849693851390241,0.005319857406929956,1.1638907403685153
1438,0.3532849157550996,0.0059629267180235585,0.0033071647153773386,1.0547925611026585
1439,0.3788843056914453,0.003993566814846899,0.002767892563818769,1.0500166341662407
1440,0.2973210005709203,0.0031441076939837595,0.0033912590822441115,1.0262567470781505
1441,0.11861673004415231,0.0009930422575869554,0.0011768971636527585,0.6335165309719741
1442,28.132015353129677,0.24403453424244698,0.20851045956035053,0.92587327118963
1443,0.23775289926660298,0.0025695693280488765,0.002608641147424544,1.0697886715643108
1444,0.544149088041602,0.00523429016148199,0.004091349754098381,1.0672716852277517
1445,0.4784648719926706,0.005371982752340971,0.003967886394138636,1.0271187080070376
1446,0.1481407240770245,0.0009439081310357643,0.0016554363490111498,1.04622993292287
1447,0.44567953393851767,0.00218364745471535,0.0033273854477928163,1.0396725717000663
1448,0.07768781685203889,0.0015198131285995074,0.0014866550993547405,1.0353860720060766
1449,4.861104076760091,0.07997542993678848,0.09966569926746599,0.912457762286067
1450,13.457470307876337,0.07215845506218385,0.1241027808292007,0.8646118231117725
1451,0.17446410635712137,0.003874504061442124,0.002660496148047003,1.0425932370126247
1452,0.47064348594836014,0.0051855838512745245,0.0034167875434707113,1.0784729700535536
1453,5.932933406844667,0.0637365937988499,0.08994291507608246,0.9887922219932079
1454,0.3331193108331171,0.0035798549245833443,0.0031180922822585154,1.0135790701024234
1455,0.40394386808274596,0.003840226407575473,0.005226581177560549,1.0358730861917138
1456,0.903522609554531,0.011491217219854634,0.007310364628054442,1.1130819199606776
1457,0.3725794197585348,0.002852452448762127,0.005034338701370188,1.0549512966535985
1458,7.534646696603202,0.050681241108764964,0.08480228646615669,0.9200911726802588
1459,0.49748005014831626,0.0016245622968008467,0.003306780693356911,1.0906841508112848
1460,0.5005964310525981,0.006819126752741505,0.004773576787675396,1.1073298281989992
1461,20.05869776169982,0.1499337316602321,0.20104245951185704,0.9155370560474694
1462,9.85715684271759,0.10318625403252796,0.10350524185981638,0.9228511587716639
1463,0.27052761904235584,0.004732156904215908,0.0036245527902913897,1.0702661988325417
1464,10.171438077814708,0.12101626675960696,0.16356069372586537,0.9516150299459696
1465,0.2518369137219996,0.001718461995789026,0.0030973889981268134,1.0007963771931827
1466,6.9365060255239115,0.06451494879250018,0.10317892263297156,0.9645931497216225
1467,1.0877751061572507,0.009015446471425185,0.0024375207501959387,1.1121008060872555
1468,0.3923770875514428,0.0015288030387979714,0.003109609466998378,1.02931023016572
1469,0.19497306834233577,0.0028743617741822684,0.002208124609883013,1.0981296868994832
1470,0.7834360976278684,0.008286975769653527,0.004390576781841796,1.1322867888957262
1471,0.17178474511052258,0.0022697012535755354,0.0017777113196718113,1.0228634057566524
1472,0.17140262014592653,0.003205990978223247,0.0023955861324366314,1.0441651497967541
1473,0.11499276329704936,0.0008132564474503346,0.0013058298309584974,1.0395604530349374
1474,0.14776599163474677,0.003911001214903571,0.004152169271016347,1.1494544330053031
1475,0.1905684012709482,0.0029440446092116154,0.0023417928374449104,1.0470052598975599
1476,1.3188747193621855,0.0701942563404104,0.0669692196439048,1.1178684439510107
1477,0.41394021384218677,0.002929776120330042,0.0029456836311141338,1.0493269432336092
1478,0.25733672211602276,0.00298943244664897,0.003004315125626411,1.0868010339327157
1479,3.336455467217391,0.013123337706170187,0.03641568799561591,1.0562218679115176
1480,0.2682055339661994,0.0027705952470258336,0.0027169537625408757,1.0321769127622247
1481,1.2188153153014474,0.11194106109511505,0.1156102060569233,0.990166359115392
1482,1.928063833037812,0.030125569451225246,0.019405015281660203,1.1013010679744184
1483,0.36157235689958944,0.0007744645627546754,0.0036365783640294907,1.0386050720699131
1484,0.36594205966111276,0.004065255684392417,0.0029926439323031745,1.0568032688461244
1485,0.02104821423302821,0.0016842201055703172,0.0018547078101559529,1.1057772878557444
1486,0.07586781577826154,0.0017537368898388308,0.0018545317107073738,1.0367190721444786
1487,5.4814378224239935,0.11097038810093253,0.10605857168559815,0.9916802672669291
1488,9.127197520598603,0.05605440471068503,0.09551047811090231,0.8707155170850456
1489,0.1956493689686748,0.0027207970102535147,0.002428569988597857,1.0669696261174977
1490,0.263659865136195,0.0012794421003761121,0.0029134865932623046,1.0367285618558526
1491,4.231876629303515,0.10081471734061363,0.13192158002347187,1.0199992582201958
1492,10.659896558067251,0.08225292535673573,0.10692790266427032,1.0039861756376922
1493,1.1580267312713866,0.059147014514780216,0.0653804364361053,0.9681042577140033
1494,0.48672575207675967,0.0034743351556723256,0.004098653418394613,1.0276317852549255
1495,0.28541767840171506,0.0026988872689844294,0.0022177158085236112,0.9530045720748603
1496,0.39528822628535415,0.004030440819553588,0.002973052357924771,1.0670044161379337
1497,0.19694974836894127,0.004092189299500378,0.004564151456508297,1.0215785410255194
1498,0.7572219597695216,0.10549675571598614,0.10530480280423724,1.1283061038702726
1499,0.14005871508851078,0.0027697802517520414,0.002659236430037887,1.0309558818116784
1500,0.13971101439225683,0.0028223766846344435,0.0023779891804531525,1.0607570251449943
1501,14.245024310196474,0.03938331069010116,0.16479258291051885,0.978034227155149
1502,0.39853704126139167,0.0969903814307741,0.0979151278006904,1.1575969392433763
1503,0.343163094142532,0.003286294111705328,0.0031633564320750597,1.0486961440183222
1504,9.72535180310476,0.0720955052535678,0.04553016890980531,0.955987892113626
1505,0.23068455927328643,0.002674192789410263,0.0019681459880061284,1.0305134640075266
1506,0.11691756202435252,0.002389341448526752,0.0020697346623821168,1.0803949888795614
1507,14.22816473862516,0.10710440871496221,0.14632584288153547,0.9101105071604252
1508,0.2703489996046106,0.004090588605566397,0.0034384094643205667,1.0494145383127034
1509,0.4109191601675638,0.00571109881133986,0.003505116431050678,1.0622978638857603
1510,0.5247390214541723,0.15035481804016998,0.1531610228913286,0.9394454471766949
1511,0.1300368899816552,0.0015364144876416554,0.0025191138522532713,1.0628698510117829
1512,0.07696699324116943,0.002759246041577376,0.00262944183973531,1.0553070539608598
1513,0.10576379882056534,0.19338442708259762,0.1938708174013402,1.1377000790089369
1514,0.22445894228767727,0.0024596665552347407,0.003082071477946454,1.068139335140586
1515,0.5641308836705528,0.0036261797282599526,0.003990380985155522,1.13276726892218
1516,28.88517491785508,0.23586748900236723,0.2944359958335819,0.806202745065093
1517,0.26681972191508724,0.004395969434801569,0.003680171504383303,0.9354428616352379
1518,20.213719546268194,0.09057469239923473,0.2342310429232995,0.9156813370063901
1519,0.3600353511385166,0.0034867722741824645,0.0040869266738313105,1.043187852948904
1520,0.34577658906111064,0.003433499266131576,0.004495079213909449,1.0651885638944805
1521,0.2673027813646172,0.0033312118226328123,0.00234988962578686,1.059398100245744
1522,0.3489023352277102,0.0031258339074042374,0.0024216662371299227,1.0595451877452433
1523,0.19519195775030976,0.002786890289973549,0.003165368901365803,1.0639067799784243
1524,0.20848546383897754,0.0005651835458796882,0.001349896975623919,1.0660185408778489
1525,0.9132253286381036,0.005272720132732661,0.004086158745218512,1.1109018702991307
1526,0.7627597993316564,0.0054256278334383,0.0058377037329444435,1.1222453089430928
1527,0.3191638041298599,0.0015646235284763395,0.0032524826764933246,0.9544218350201845
1528,0.85189298570839,0.10594879218456214,0.1057285958221846,0.9708876730874181
1529,0.2681002290377996,0.0009082947546255008,0.0023391947104379578,1.0619822070002556
1530,0.2253135087297114,0.00370333315545502,0.00345745174048501,1.0441260379739106
1531,0.17524499657904574,0.0025874895223603105,0.002994324443767891,1.0290839658118784
1532,0.370320232748922,0.004894084571278269,0.0027944858803226167,1.0386112639680505
1533,0.38073404026089486,0.003389267862410875,0.004958495226318918,1.086261346936226
1534,0.3915568256783445,0.0021252405829389237,0.003318271113044697,1.0534626431763172
1535,0.3154354734868699,0.1150694538658264,0.11365400886979045,0.98398780496791
1536,0.15560376044247817,0.0016082897520889015,0.002220240346749543,1.0038404390215874
1537,0.28043580569751997,0.0026077021259160384,0.0019114825637748178,1.0475300871767104
1538,0.4642511656462242,0.0015553888747784437,0.002738084718388636,1.1348626432009041
1539,1.1112407082495448,0.010058765081120575,0.00775109693195468,1.2050377298146486
1540,0.223471928273707,0.0024957484815560276,0.0026587249124470666,1.0394118530675769
1541,11.219917334684736,0.09737699361433029,0.15847928871666853,0.9831820786930621
1542,0.1656822479166723,0.0012735586044735603,0.0018885565197646862,1.0433485168032348
1543,0.30647714938899595,0.0038406137268493265,0.002377766749259106,1.0387179041281343
1544,0.21445166466782092,0.003001759134638338,0.0023058953509128063,1.0324405180290341
1545,0.2635502180946499,0.003165853276380958,0.0037984821615120613,1.0340474490076303
1546,0.07766305353046915,0.0023114085505495058,0.002422935539130136,1.0388026852160692
1547,0.2063677185072885,0.0025773750796658375,0.0029491009445792977,1.1091458788141608
1548,27.478895739160798,0.18732486704333445,0.27523212246791906,0.8693946092389524
1549,0.25446843092327776,0.001963154972164753,0.0019647423325242085,1.0339563111774623
1550,2.8808568519416675,0.04619745322831686,0.03215438774935015,0.968925220426172
1551,0.24763561267043557,0.0010542131864629623,0.002847288439246687,1.1345903831534088
1552,0.10408442032095046,0.0024922017384891378,0.002117552727436319,1.0460052541457117
1553,0.38658964459656375,0.004446110792058957,0.0038325146989902034,1.1148839332163334
1554,0.10895708584938027,0.00045886521909524697,0.0008531754738539197,0.9119060416705906
1555,2.3114944419879624,0.12474733575085266,0.10185669314926235,0.9423234118148685
1556,0.08329550676705039,0.001968959086827444,0.0024759804048926303,1.082040164154023
1557,0.1967500017126732,0.0038753806469128253,0.002985413411258332,0.9952332680113614
1558,0.5923191223185643,0.15934742112101086,0.16552472874260743,0.9585778149776161
1559,0.2569138527124128,0.0037246743145912986,0.004410046073494131,1.1144712320528924
1560,5.958282094297352,0.15740714570718134,0.1550359860145724,0.9507735958322883
1561,12.05388837298533,0.0964442007834995,0.11798038215382167,0.8789002778939903
1562,0.21496342612275668,0.0017447403031120678,0.0018188470637349355,1.0577314961701632
1563,0.3990777178731327,0.0028391213127445065,0.002357473392184924,1.1743781086988747
1564,0.23852114007676314,0.0014353661587715532,0.0033122423030770448,1.0846845009364188
1565,0.14523048668238042,0.002138996644805259,0.002031901210104222,0.9949946547858417
1566,0.191788840548124,0.002541434000803076,0.0028233422610897643,1.0412524207495153
1567,0.14229172260354264,0.0029107122441355488,0.0020766699810041943,0.9631849783472717
1568,0.30214816646558823,0.002908239885854275,0.0032544000244616794,1.0446884562261403
1569,0.7014124015858911,0.004373245558268966,0.004826480147767016,1.039022563956678
1570,0.08144824457417676,0.0029297295333241082,0.0028718351174804456,1.0473321471363306
1571,0.23932127685625892,0.0012388427389912217,0.0022202108374086453,1.0438166251406074
1572,0.10786633339563907,0.004206997421603007,0.004032834499226748,1.0088016078807414
1573,0.2793708361183932,0.0017689855522093991,0.0035530609511598343,1.0628690044395626
1574,0.2118882961537231,0.0022976043257555067,0.0014861209305294353,1.0495571186766028
1575,6.329838647029765,0.07666876888652685,0.0850402300967996,0.915900079999119
1576,3.570824417672936,0.18255089971955796,0.16849628870693334,1.078763518948108
1577,24.986932756701957,0.19404850931961828,0.29023424133340153,0.8970554783008993
1578,1.9922585938795816,0.06916561027920003,0.05543483475230446,1.1541007729247212
1579,0.2744261117622571,0.05495696018130479,0.05488572437487807,0.9653832740150392
1580,0.3892443672160448,0.0017477874884204857,0.0025185286894711524,1.0788648268207908
1581,0.1498136041714628,0.0018052514364538623,0.0018538534267089264,1.052998982835561
1582,0.2372744146651385,0.0010110011930398865,0.002634108966393478,1.04714124975726
1583,0.4166330213656282,0.0005790566544483934,0.0037685678421068114,1.0725723751820624
1584,0.08094557703198811,0.002286049311849389,0.0020092768157968914,1.0459996997378767
1585,0.12148294255665168,0.0014461306723876118,0.0022556038532431082,1.0505200289189816
1586,3.7791828792517017,0.07442906894634654,0.07841244538333703,0.9724473506212234
1587,0.25296974841831976,0.004693104972901775,0.0032321748802464708,1.0726484567858279
1588,0.17771694011234979,0.001482259850805386,0.0019199618902511343,1.0446227039210498
1589,0.2933335584608512,0.0016533791397656957,0.002892401345798335,1.0488720210269094
1590,0.06356400294543324,0.0010845623725284819,0.0008310481259636535,1.0293903979472816
1591,1.4968970623725877,0.008042127749786373,0.015336305184660037,1.0800065249204636
1592,1.429883438636927,0.01332881124101016,0.008865628843029853,1.1885552653111517
1593,0.24064171740263404,0.000919731431632907,0.0018271448281156042,1.0741486228071153
1594,0.18192633328471502,0.001491837408033733,0.0016897843615075357,1.050382019020617
1595,0.1601603475395496,0.0032754818144194995,0.004072715842186691,1.0871305940672755
1596,13.432163002378614,0.08642298154694415,0.1259039691832754,0.8896614462137222
1597,1.1409190769517723,0.14746275041258616,0.15406201738681208,0.9318013950251043
1598,0.43167663107834586,0.007663158396669819,0.004408163154750213,1.1043735188432038
1599,0.22182415605290623,0.0013942427721112811,0.0024675345269280155,1.0521492357365787
1600,0.19366228532890611,0.001794758026259088,0.002310563341347409,1.028119231108576
1601,0.3322385368049447,0.002162091379961225,0.0020938939554744325,0.9034728817641735
1602,4.509306112913289,0.08641583980525928,0.0763012398806073,0.9910811488516629
1603,7.197843557305163,0.09301707905818919,0.10360401403171791,0.9015520797111094
1604,0.21499218154665867,0.002226518058764214,0.0020128503097732297,1.0685040201060474
1605,0.2541738691160511,0.0021309081571611816,0.0028134960243541385,1.0436863494105637
1606,0.4628771884451904,0.005905732381782547,0.0032740628671287476,1.0560939707793295
1607,0.32206370013965313,0.0010447937950936838,0.0024151669707504994,1.0218438850715756
1608,0.20141298726428755,0.005267054050773441,0.0036871249986279346,1.047293518204242
1609,0.21858372281664848,0.001018170798033176,0.0022021366682118126,1.0192358628846705
1610,0.6108565973953037,0.005990383982309858,0.0031353895569464995,1.2002855520695448
1611,0.384266000552356,0.0015277002165878543,0.002872960863113517,1.0279519949108362
1612,0.3974747785781601,0.0018309727003922103,0.002440148582253859,1.0967218936420977
1613,0.2778765444664782,0.0022612293111861858,0.0024003352447086058,1.0997486310079694
1614,0.30979413347353696,0.001333229357803608,0.0037551419104178405,1.0503399558365345
1615,12.53789872643802,0.09290400179697278,0.11385420689692137,0.9168909210711718
1616,0.2482088171125381,0.0023015190324200147,0.002805256113732318,1.0486543318256736
1617,0.11419868416296378,0.002849617509619535,0.0030481699439650176,0.9526963559910655
1618,0.20245635610863286,0.003568151978215284,0.0028679952874199302,1.0644086599349976
1619,0.6682382716551963,0.12393613830490924,0.12449582337911069,0.9284298033453524
1620,0.2802603286387722,0.004028142367783628,0.0033842372326709407,1.0612856992520392
1621,1.1190782228489409,0.11604480079646735,0.10971620521820855,0.9543500277213752
1622,0.28305557296968176,0.0017342668767083536,0.0021581372397598093,1.047064230311662
1623,0.33938451473623876,0.003146896769223904,0.0023246065942256807,1.0236894199624658
1624,0.4721215809545261,0.0013317047319281342,0.002150493562331734,1.0984553690068424
1625,0.17073252674343972,0.0020108802158157364,0.0027930198445058774,1.038457800168544
1626,15.633640864814765,0.1612641241299103,0.22575251622872655,0.945247096940875
1627,0.17673815545070734,0.00177068986719893,0.002060416975580765,1.0190215511247516
1628,0.22017421400953513,0.002982802467704532,0.002233999263074367,1.0546766477636993
1629,10.773956769220801,0.012007366291273084,0.10277743684411784,0.9489109027199447
1630,0.061809281924008384,0.002723134520963517,0.0027744924873848416,1.0252803899347782
1631,0.35924998748832476,0.00020818437384103017,0.002767561327883777,1.031252650078386
1632,0.28795675644682533,0.0022509021867183395,0.002921845684820634,0.9889109591022134
1633,0.445149686310016,0.0013298528156909036,0.0031823797807716157,1.062635696027428
1634,0.14381427051399154,0.0017571225244412479,0.002552095875614685,1.0460070930421352
1635,0.11529968985572085,0.0024340983312625478,0.00265132805947518,0.95567417005077
1636,0.18334199205082574,0.0039003180631928067,0.0029873321536610076,1.0697541330009699
1637,0.25517249777226164,0.00351419969221146,0.0021246608073985213,1.0424802349880338
1638,0.2657405441110058,0.004773046316051516,0.0035960249055627695,1.2153134662657976
1639,0.4387922002367144,0.0045609950398903185,0.0040404733050094736,1.0297958590090275
1640,0.13792872262802824,0.0022232511118878973,0.0022218394219640893,1.0588767239823937
1641,1.3723303133902358,0.15003737606404474,0.1386874669414479,0.908725188113749
1642,0.08069982556681962,0.0016700816709839166,0.0018475105019434225,1.031646846793592
1643,0.37280892848841113,0.0030652858971187682,0.0037852773386777678,1.0378821650519967
1644,10.814624151383518,0.1407425878386798,0.13127975509789921,1.0008422168903053
1645,0.23567120281182352,0.002036367363195581,0.002808374165395949,1.086501704994589
1646,0.17213205336637602,0.0009127650730664809,0.0014708284959553976,1.0528686759062111
1647,0.4076845047068839,0.0025619545946889053,0.0033940357618261726,1.0474600731395185
1648,0.10392475094134754,0.001243288779055043,0.0015578821936095698,1.0518190953880548
1649,0.30108657051784576,0.0008084095371489606,0.0010234721747922053,1.1016409508883953
1650,3.978482644490348,0.017953740558108968,0.05062334701494629,1.049140608869493
1651,0.24160250330254657,0.0024182478793994566,0.0024146998998276826,1.023341209627688
1652,3.4322181220328667,0.018705010919068246,0.03328418622258229,0.9858499150723219
1653,0.2830594114717007,0.0012470878634937303,0.0034073705321637725,1.0221393606625497
1654,0.3349668925925839,0.0012084899984190552,0.0028647970071749096,1.108718752861023
1655,0.25098971928656244,0.0008325455780564196,0.0025181628967705146,1.0052476786077023
1656,0.1998173121513166,0.001484473967432586,0.0018739826157106664,1.0411480041220784
1657,0.07578524524569143,0.0024503943227916487,0.0028686072811781333,1.0472442680038512
1658,0.12122912859313588,0.002849786838650461,0.002679270704891262,1.055524405092001
1659,0.1766813105965981,0.0027395879767982303,0.002137358997125829,1.059893948957324
1660,0.20228669524472417,0.0009380300361528859,0.0013481213656717506,1.1012196498923004
1661,8.391546791626741,0.05735360170270655,0.09678430302296838,0.904723634943366
1662,0.6063078429604177,0.005956170235928831,0.0042309749915265815,1.04583492083475
1663,0.5333666885972679,0.004404021718720784,0.003942323852824997,1.0001235287636518
1664,0.1028060250119264,0.002136858496809013,0.002001740044027095,1.0400144481100142
1665,0.38564575517834304,0.0013776357167999105,0.0037108860484135467,1.0552259497344494
1666,9.274709287899274,0.03202819332601502,0.11622176056426844,0.9277248987928033
1667,0.4338940938616173,0.00410798777397903,0.003840366916230396,1.0684330770745873
1668,4.441137581110818,0.01395940911584821,0.04637788011522844,1.0060440669767559
1669,0.271748349577663,0.0013045944661721049,0.00326498603235665,1.1172580709680915
1670,0.46690367585791137,0.1763459600095992,0.17656973619975044,1.047002524137497
1671,0.5682355440660174,0.09409523999410963,0.09696289488037796,0.868654565885663
1672,0.27687902913324786,0.002967852966787953,0.0034030236897749024,1.0621726689860225
1673,0.364358466960581,0.004393473987342338,0.0048499774140134426,1.0427932599559426
1674,0.16462387951856924,0.002568924753471453,0.002620415387998402,0.9540835213847458
1675,0.44489416907654783,0.00578701877790971,0.0033266003273878628,1.0549017488956451
1676,0.2969591719262156,0.0039026578902975405,0.003137392348839309,1.067020086105913
1677,0.16208523183077406,0.0040167841217421205,0.0044142078417110315,1.0275393021292984
1678,7.235543007274229,0.08807260350704067,0.07586596307636922,1.0293975612148643
1679,0.25133928294298274,0.002352944859512855,0.0016535065965047543,0.9499608175829053
1680,1.77214870541591,0.07293947875195028,0.08625132872606568,0.9840826638974249
1681,4.698918255890196,0.07627952485038847,0.060458342168772286,1.1595221869647503
1682,0.6653207926468028,0.002165396621714055,0.002219751954840752,1.1323577361181378
1683,0.24015210765263675,0.0033103877095893744,0.002905909740178285,1.0023221699520946
1684,0.1811499963812867,0.002918795310795717,0.003272676232689067,1.042783334851265
1685,0.05964823927774935,0.002774350059454087,0.0025844908000491685,1.0491421283222735
1686,0.4853722068330013,0.0037732279714633482,0.004425811601269329,1.0846816371195018
1687,8.23300651057951,0.1299159755729106,0.09519062741872492,1.0152434390038252
1688,0.2275245233336915,0.0009568613935419671,0.002069533495156395,1.0715721948072314
1689,0.2627044687985828,0.0011244275329134689,0.0025114416391348445,1.0742938653565943
1690,0.2723464976957495,0.004554347302991101,0.00287671606432491,1.0338553148321807
1691,0.3300664110923805,0.004233916517286315,0.0034672759770957707,1.0383488270454109
1692,0.15017505801388747,0.00298295968664785,0.003983303297812459,1.0553208100609481
1693,0.3877957246538075,0.0021584777375221183,0.0033777298199909583,1.0098904948681593
1694,5.937689029357641,0.04535370339026039,0.06924675866207847,0.993263719137758
1695,1.1522096475365442,0.1396101704699823,0.14184927661618144,0.9649631013162434
1696,0.3773541229132539,0.0007552573804329746,0.0024488529281527635,1.0412744311615825
1697,0.22641041951491161,0.0009185479549520784,0.002157942062834466,1.0698674810118973
1698,0.46163024115275636,0.0021004208162608597,0.003087180864723263,1.0680968146771193
1699,0.5527557386190901,0.0021455710714986627,0.0038319644323760852,1.0339347971603274
1700,0.27578879130564515,0.0006439891146729086,0.001946691287684717,1.0158836538903415
1701,0.19911693135724964,0.001000363965750769,0.002255450363414712,1.0265444708056748
1702,0.262353910884368,0.0025741410804371143,0.002358191793198772,1.045817106962204
1703,1.6540844862077635,0.03732402785219417,0.046377771051592395,1.11283415928483
1704,0.47075103677433766,0.0017754558120127025,0.003509781303123701,1.0756558058783412
1705,0.32095511797459136,0.003468471183258571,0.0030150628796138334,1.0446413387544453
1706,0.23761618245283941,0.0025997476685212855,0.0023458061237897954,1.0487283836118877
1707,0.33284440766785656,0.004887730837178218,0.0032627785939260585,1.0429636701010168
1708,6.673894287244932,0.027798525927046375,0.07063115657800983,0.9198022722266614
1709,0.23939832059853353,0.0036433770606371088,0.002717475304837441,1.0742980381473899
1710,0.42455692330124006,0.0036179657665041287,0.0027358975493687104,1.043973758816719
1711,0.26286814837929773,0.004514359294573839,0.0037620475974318927,1.0219128960743546
1712,0.9158036435133442,0.005713444052688295,0.005009564996136885,1.13994300365448
1713,6.636466843206244,0.04188180737634507,0.08694414974979758,0.9676095130853355
1714,0.31638834428181467,0.0037445637193701965,0.003289804127982603,1.0157730798237026
1715,5.002996488492411,0.052415560282146896,0.046484568061947965,1.1309047937393188
1716,21.733031292863405,0.2158712467036838,0.22188589993006808,0.8712103920988739
1717,0.1070268299438986,0.003720384708147151,0.0028700328560440046,1.074387688189745
1718,0.8500684418336113,0.07531374166437498,0.07677667323107967,0.9364235959947109
1719,0.20889361054670227,0.0009884215713581244,0.0033090505036025802,1.0600470192730427
1720,0.22938354467171337,0.003087846883320861,0.0028223151999483757,1.0471461568959057
1721,0.12776441886010503,0.0013933765968247407,0.0017371057103006482,0.9319234569557011
1722,0.4692287017840405,0.0066228338467694495,0.005020152119054029,1.0555173750035465
1723,0.32237415933674163,0.0032130229168193967,0.0026211207791247905,1.075947929173708
1724,0.43026848955042546,0.005263229625451434,0.0035712921006211627,1.0412403526715934
1725,0.2740441082775356,0.004361659345139124,0.003461937570583615,1.059558701235801
1726,0.16173557705054595,0.0029188814030523236,0.002176334898031128,1.1556208250112832
1727,0.3115640054689455,0.005278110680844527,0.0040561895498143746,1.031789454165846
1728,0.17310087710748814,0.07121888709558492,0.07193475483039621,0.9886299320496619
1729,6.490476598467586,0.06622122225353089,0.10203272880469569,0.969109920784831
1730,0.06826876933472344,0.001982012185671463,0.001970414578183636,1.0502302539534867
1731,0.2401710450892719,0.0015649175496221296,0.0025994738150839905,1.0593705838546157
1732,0.3259269760158037,0.006321189608101444,0.005820492138023243,1.0637196749448776
1733,0.1434049359251137,0.0013906379456590013,0.0018407297682988101,1.0551372431218624
1734,8.363792793400227,0.07640594168723029,0.0983346365029224,0.9195854519493878
1735,1.3800024197590621,0.14083967812813838,0.13903498405357295,1.0771265118382871
1736,0.30685636750089534,0.0005837392646905551,0.003304285090704702,0.9934279699809849
1737,0.16878311260119486,0.0018334417904085519,0.0026009405956659796,1.0598186608403921
1738,0.30596655203242823,0.0015169869646613177,0.002337714731518752,1.063499836716801
1739,0.3072250139115493,0.0039247645103031555,0.002753786804536139,1.0202589258551598
1740,0.5262083958710222,0.005609820068970109,0.004072118152694222,1.1329919518902898
1741,0.5772575381021442,0.1254758446088256,0.12915733970620122,1.012618076056242
1742,0.21883034337414206,0.001948910702337327,0.002522421363885874,0.988605868536979
1743,0.30038426084470776,0.00252471503168303,0.0038403984805624476,1.0426347460597754
1744,0.2392034428687366,0.0014712550866923253,0.0027182429550012184,1.0172783359885216
1745,3.8761790955205244,0.06186215459414364,0.09761012664057053,1.1505430880934
1746,0.21386975986950257,0.002543048108380676,0.0024045222590608787,1.0523065789602697
1747,0.12220114700382435,0.002139737705396467,0.0020218903164051193,1.0071684839203954
1748,0.14503744472109578,0.0030637683898359917,0.002470567185789675,1.0170523198321462
1749,0.21204315086055786,0.004106119274412479,0.003009369544730087,1.1101212929934263
1750,2.4419319576750373,0.004625866232999709,0.02161684551826681,1.0394917563535273
1751,0.7885761380283203,0.004903994312859661,0.0038029779971674544,1.083384171128273
1752,0.2592902709134807,0.0012539189931879073,0.002357567120187487,1.0444406238384545
1753,0.28592460544083237,0.0020709981790958455,0.002525087510635723,1.050712265074253
1754,0.3170831181925486,0.0019287028671956042,0.002332376406404346,1.090916223358363
1755,0.2581210620862332,0.0017318687115103744,0.002476488039756752,1.0055586569942534
1756,19.72393888258171,0.2178368359301793,0.25412752343844736,0.9585950886830688
1757,0.3750014358145726,0.0029898877966142395,0.003823605238716925,1.0339065752923489
1758,19.500288665112688,0.18975163860054908,0.23766458343052257,0.958272545132786
1759,0.5917997384166165,0.04831649160180191,0.05157180986725925,1.188009399920702
1760,15.980136909957627,0.094824406098191,0.07082795027469621,1.09622233081609
1761,0.2642205014899823,0.0021757104473246135,0.00335305755038127,1.018928952049464
1762,0.8671527940060144,0.0029833659849567143,0.007097068460776857,0.9820483420044184
1763,0.06946129480262953,0.0010674890749679945,0.001927480793760772,1.0597569020465016
1764,1.260851278883667,0.0100927976440623,0.014268058859923704,0.9309070250019431
1765,1.0280573450982085,0.015496756722993553,0.011213297225339317,1.153194781858474
1766,0.2893121468487558,0.0027208318541155118,0.002490379504264115,1.0666143507696688
1767,0.5544938869470757,0.005143757092286791,0.00369582230666139,0.9632143629714847
1768,0.5741957984644557,0.059925235423647506,0.06014849989789785,0.9531371281482279
1769,8.68442116694189,0.046843937941109706,0.11101411110350046,0.9348515341989696
1770,0.36675882831411705,0.05736791232232737,0.056063316960660796,0.9917497150599957
1771,0.18446074519321062,0.0009727883900364766,0.0017224363191285148,1.044556797016412
1772,3.091189948202631,0.09432574771091454,0.07855589958891938,0.9601888447068632
1773,0.31219033670366136,0.0025455327338969394,0.002976173473636627,0.9782737237401307
1774,4.937647942436369,0.0652304998956997,0.07035463372944152,0.9247807245701551
1775,0.21075379563564753,0.2548334686866071,0.254392919476685,1.0745025100186467
1776,0.1293356168022939,0.0031376915483541643,0.002618396458807067,1.0022653262130916
1777,0.6142983285222287,0.003118029557705293,0.00372437576002511,1.0679785651154816
1778,0.24561526264731406,0.0026371091788487274,0.0024053524226133765,1.028669515158981
1779,0.24345708024558857,0.003977695769583359,0.003064739772491074,1.0688570640049875
1780,0.257666008074983,0.002365281465885332,0.0025254986755930213,1.0337665881961584
1781,17.787436945403822,0.06474585322003343,0.18668059205828777,0.9665202992036939
1782,0.15198963558692002,0.0026166421410593645,0.003016630259829712,1.0477011590264738
1783,0.19407318899401543,0.0018478473958086267,0.00258514662699067,1.0083089619874954
1784,17.66176202690792,0.04357281564169589,0.19837972306385837,0.9556707250885665
1785,1.870916658697026,0.07007168610301338,0.06311614043113177,1.1687173321843147
1786,22.546527307915724,0.3116914902006609,0.2582252135737024,0.9615786368958652
1787,0.1609023630903824,0.0021521025937051917,0.0016404081884560143,1.0696581923402846
1788,0.9653888454530313,0.027438362485395364,0.029297279013463514,1.152189020998776
1789,0.3240990880684396,0.003024368040283198,0.003379084987150572,1.0924954870715737
1790,0.2720130062619651,0.002096938937205964,0.0037243021943545824,1.046050702687353
1791,0.35241285083041335,0.0017154406069574842,0.0022556303364307763,1.1432070937007666
1792,0.2225365473646663,0.004114366579034126,0.0028802407892085753,1.117014127317816
1793,26.737974981032142,0.31020265271223885,0.2198779127210874,1.0942950239405036
1794,7.54312103193674,0.0889401161260798,0.06406719926671756,0.9124162388034165
1795,0.19991400330390394,0.0030400148062944355,0.002092263970216925,1.1212321743369102
1796,0.4186180671259881,0.004153932203974384,0.003293342089570868,1.1237169769592583
1797,0.4994419181609291,0.0037016482432835817,0.0036319744689774034,1.0504240291193128
1798,0.22727021412560355,0.0024145598934322663,0.0016457201254516842,1.0339992428198457
1799,0.28959739204928353,0.003896336190732495,0.0033487422824036803,1.113366653677076
1800,0.18425545930500203,0.0011763472402010837,0.0021946737177663414,1.032163405790925
1801,0.5070252438047913,0.006690187163297345,0.005140419476475965,1.0190116502344608
1802,0.544131813175901,0.004067990262385403,0.005006415970334192,1.0316971228457987
1803,0.20033278395392332,0.0018912206814304397,0.0020353863235954154,1.0963250398635864
1804,0.2658849270407328,0.0019192713526418757,0.003648950570588694,1.0099199106916785
1805,0.15779439162194003,0.002550021445894951,0.0015408923955387325,1.0502053620293736
1806,0.06718806037239573,0.0031364837906850433,0.0034101353818976926,1.0408671703189611
1807,0.15692300791481387,0.00269357877171593,0.002051548153475594,1.038758953101933
1808,18.72857103548449,0.33288812290841624,0.2543854919916084,0.9298282410018146
1809,0.14002899794353593,0.0034089971644270514,0.0038046037147017485,1.0009000292047858
1810,0.27935587113419214,0.0015665613400901262,0.0025526562298673174,1.081628241110593
1811,0.19383618519761855,0.002871312044904847,0.0026062897840300812,1.0386781357228756
1812,0.3159712129602115,0.0026128864685331468,0.002438929978836991,1.0607094932347536
1813,0.18061059206772345,0.002626007709134482,0.0032128507613377595,1.0445436579175293
1814,21.777792347126564,0.13680060998902022,0.22250923400586795,0.8385076778940856
1815,9.729660020788856,0.124715807817485,0.11839095668274803,0.9337423071265221
1816,0.09477231466166683,0.0025403981962561985,0.0026784669407553547,1.0221379520371556
1817,0.27002488103984895,0.0024773174004280294,0.00261971822325179,1.060693777166307
1818,10.390294153759259,0.06794282112213562,0.14765603413404094,0.9630209649913013
1819,20.173905985678353,0.06754169790337135,0.2503095525884845,0.9796768696978688
1820,1.090619507236404,0.14273040104980228,0.13807515699669587,0.9151117266155779
1821,11.355916026335388,0.07387796058515857,0.1495838359244212,0.9003395009785891
1822,0.15152293664789493,0.0036620785500882116,0.0025170527949482826,1.0428707608953118
1823,0.5587683167752678,0.052706039630291135,0.04945199832440299,1.1808630521409214
1824,0.7960423403648904,0.014535261800818424,0.011282016362695954,1.0354252383112907
1825,4.174751551423701,0.11654994500753194,0.13887804094080664,0.9454111871309578
1826,0.8711507975632952,0.05907905393645484,0.0637148325196413,0.964665537700057
1827,0.31277257185440116,0.0015353121831143271,0.0025635460263388273,1.0218645790591836
1828,0.12605091287249215,0.00044730289624723155,0.0011919830880986909,0.8370364881120622
1829,21.797177086753155,0.09093049894499207,0.2204245868832252,0.957167521584779
1830,0.30430906702051874,0.0012371438759248101,0.0022516637141381814,1.0201487909071147
1831,0.34734174203897145,0.0021322773157566558,0.003171140477951651,1.0222757700830698
1832,0.20013366214690187,0.0036206603826689043,0.002433802925916587,1.0475615579634905
1833,4.604030672781898,0.055803603614872174,0.06901609412626021,0.9337831507436931
1834,20.723117710845447,0.31201836706010444,0.23924175607483078,0.952714242041111
1835,0.18354728563675402,0.0025981950529592075,0.002706326435766706,0.9962048046290874
1836,3.5780815624306195,0.024153089210823347,0.03703342977211185,1.0395499062724411
1837,7.972827605827277,0.033076683609652914,0.09491780638642378,0.9386426801793277
1838,0.3842038129320344,0.002861551538183242,0.0030195164712965494,1.077361132018268
1839,0.0968577236637701,0.12080909342537438,0.1206345114478707,0.9404356661252677
1840,8.388155304956866,0.07493911403200397,0.0898658691915226,0.8671843949705362
1841,0.5022115540030005,0.005624679815125101,0.003804203149340327,1.046867581550032
1842,0.2789298402378569,0.0030012933595019325,0.0030585970228006725,1.1312223128043115
1843,0.2818144569675187,0.004198075659648327,0.004094139230192918,1.2322173998691142
1844,0.15156352928628275,0.0017798984720769175,0.002420732326855397,0.9812303427606821
1845,0.09518733784183399,0.0013047534232733617,0.0008310570563544458,1.102548228111118
1846,12.2658292435045,0.010057826866859734,0.1414811823500917,0.9436715664342046
1847,0.2097641239656614,0.0011964018752466956,0.0021803554771475577,0.990229643881321
1848,0.23091428446819373,0.0003896339867009033,0.002106828524392229,1.0404243739321828
1849,15.988701953897445,0.1349023901692808,0.14864875477413775,0.8868582262657583
1850,0.43589122131896935,0.004707882323949506,0.004295872525561686,1.0242616408504546
1851,10.391953095260845,0.11247753887261189,0.0980734239494961,1.035545493941754
1852,0.15654328215561403,0.0035603457740091553,0.002950911769803369,1.0336944591253996
1853,0.8956278885407886,0.16114103104343305,0.15856465931986777,1.181225570384413
1854,14.825992986209323,0.07381810666583934,0.17064560559381853,0.906118649058044
1855,1.422831816787823,0.12073220540442811,0.1246946325888497,1.01750228414312
1856,0.3226001494130463,0.00421160710461383,0.0032138288809050856,1.0142130092717707
1857,0.6098860510665598,0.010373648462283402,0.007326694596626439,1.1719530900008976
1858,0.42745417116886714,0.009393553548250914,0.007358640937061904,1.1599902058951557
1859,0.39462654006886944,0.001142550365548148,0.0025933697960166266,1.0747371693141758
1860,21.77708984819162,0.2190315555261952,0.20416724978675327,0.9062297740019858
1861,0.07410630647770029,0.003090268376719225,0.0029658955757678237,1.1287529147230089
1862,0.20845463769970135,0.0022222266493610214,0.002877072405292733,1.0309691680595279
1863,4.9129329417951615,0.08650882381499587,0.06978232404436738,1.0487205921672285
1864,0.17796440207849534,0.001723151545916131,0.0014973387317164185,1.0832762429490685
1865,0.13820245714235135,0.0025503484936479056,0.003202395871426552,1.0466718613170087
1866,0.6330657393568374,0.0500109839540756,0.05535496067710055,0.9726321389898658
1867,0.2421629794042334,0.0022990844348330167,0.002798857723011819,1.0734950192272663
1868,0.433479736532014,0.0057979657978982895,0.00426103737066373,1.0755484979599714
1869,0.3140322589411606,0.004808572974830035,0.004890851951400412,1.1294719688594341
1870,0.23520557696584285,0.002927710550426772,0.002186968512467975,1.0568653321824968
1871,0.13808626050506898,0.0019471340388108355,0.0023572440029710233,1.0309454910457134
1872,6.00867528766023,0.09071329609680966,0.07665395518301198,0.9979059118777514
1873,0.12139373110902642,0.0024938651643853387,0.002172734823975827,1.0144297610968351
1874,11.275775775497696,0.19547033245858725,0.13672444780212117,1.0049106278456748
1875,0.23615290558103647,0.0027348643867548734,0.0024960175650345744,1.0911893621087074
1876,0.23737667560018116,0.00131227777910659,0.0022388030315358687,1.066050018183887
1877,0.18459374103458195,0.0028172348975692356,0.0029514571165332785,1.0202329983003438
1878,0.18584882173164585,0.0024215065448868517,0.002712034411764046,1.036644669715315
1879,0.22305471131907076,0.0018910500254782417,0.001547092332903178,1.076054778881371
1880,0.5274347987342607,0.003289032564709187,0.004217534466573014,1.0847114049829543
1881,0.16341924789648232,0.0019387307557117213,0.002361404052574576,1.0606615571305156
1882,10.15468376237346,0.14688709224220936,0.13344583517313557,0.9313669670373201
1883,0.3893211832829036,0.0016129470989406963,0.0034096127040651684,1.037157729268074
1884,0.8587915815493148,0.014043072629734758,0.014101089294685294,1.1273916470818222
1885,0.10793196390809283,0.003152424557758959,0.002428170569487645,1.0547891361638904
1886,0.5662104544709697,0.0058166553571554125,0.005360186051362749,1.0939939357340336
1887,24.585533063094083,0.20907234596340846,0.30961974739953696,0.895787550136447
1888,11.19756105978569,0.01411805119874336,0.12280384958091392,0.9346248507499695
1889,0.1676181535920845,0.002090695721711861,0.001918333350898788,1.1221722336485982
1890,19.433383586696312,0.07513312721990889,0.21669836138102183,0.9870305638760328
1891,0.20871134570656277,0.004332724397774764,0.003660234625911811,1.0820625899359584
1892,0.1722546121952017,0.0029413142897955274,0.0024899919408375728,1.051880544051528
1893,0.17699559784622054,0.002056410546572701,0.0016707396957426463,1.0283992090262473
1894,0.11604342639566778,0.0012851280371703297,0.0014260272484314049,1.083287444896996
1895,0.21235233645284968,0.002788520936138872,0.00347704817454187,1.0455784620717168
1896,0.9001431271129932,0.006095312743848972,0.008664333225920917,1.1701929462142289
1897,14.172533129657879,0.0959047356851784,0.05317189665266846,1.0666363169439137
1898,0.12168773736513842,0.0014630923837793985,0.002698592705009033,1.0869911797344685
1899,0.6135713350746417,0.051802427858735914,0.05025090185714429,1.028200927656144
1900,0.5248720120723166,0.002032932600364197,0.00432003671015975,1.0706666130572557
1901,0.4785873525136777,0.0018804542936355394,0.004112292807804055,1.0206667049787939
1902,0.30844560090026507,0.0017422390028564135,0.003529579432165133,1.0235373061150312
1903,0.27121482947113573,0.003183709670067749,0.0036671927993286776,1.015941042918712
1904,0.13053538929311873,0.0031227214929833414,0.003102683252949594,1.0091103338636458
1905,0.177397718498544,0.002672894290246739,0.0026464612888687407,1.033959039952606
1906,0.12161320030992052,0.0029101677349571654,0.002572276087195021,0.9447433338500559
1907,2.8868688368625794,0.04694110421150894,0.03675556543906989,1.1003676052205265
1908,0.24019348812463412,0.003983120854542209,0.0025506344667275294,1.0507248011417687
1909,15.655647150901395,0.1929618082188729,0.20600270440293586,0.9437713422812521
1910,0.6381301504550981,0.003579435985503991,0.0034573310958262724,1.053732052911073
1911,0.2319164802361805,0.0037882385192890278,0.002988372064483884,1.001614348962903
1912,0.39488548018839753,0.00047364604809732445,0.0035631853091829652,1.043213866185397
1913,0.8567560093018226,0.0764020450546849,0.08286894402136806,1.14506901986897
1914,0.5371083976690598,0.002312529710546029,0.0018066957787239617,1.1623580190353096
1915,0.2587696284249264,0.001459523114928118,0.002905459881310607,1.0628462741151452
1916,0.08105439232341458,0.0015382265870075263,0.0011513159215333557,1.0223324112594128
1917,1.6427276212932223,0.12762282482487264,0.12427878971093052,0.9103990932926536
1918,0.07427282909122852,0.001078108371599802,0.0009890404163438163,1.0444498369470239
1919,0.43247717408681335,0.0030929816257726896,0.002715299899732246,1.1589488140307367
1920,0.2412948834683445,0.0020215993643338767,0.0025667341498808757,0.9980616210959852
1921,0.8867127208585804,0.05276841998308794,0.04963689547608623,0.9422937529161572
1922,0.24665485952279426,0.0012991321735075665,0.002443369060016477,1.0248049115762115
1923,0.2539259427369333,0.0036521440599352447,0.0030285711443501766,1.0787826869636774
1924,0.5287499633858624,0.002610945907608185,0.004608009628420221,1.038519139867276
1925,0.19867484590748344,0.0018131652717895855,0.001971423078878161,1.0376320127397776
1926,0.11918305220223764,0.0031476028913943227,0.002554068035765991,1.0727400286123157
1927,0.9786319252384571,0.08728369910473274,0.08936538435319716,0.9519041408784688
1928,2.5075400577566644,0.04449437444063441,0.060289131937558124,1.1011949740350246
1929,0.7385300124783896,0.0036828031135340677,0.004666539018966165,1.0789545951411128
1930,0.25954541509998114,0.0016722515103865542,0.0014940973761644076,1.0592713258229196
1931,0.44903638263826096,0.12693288138968722,0.12459396594607876,0.9692158503457904
1932,1.4826804808632124,0.05707354934435296,0.060482508579492625,1.1609447430819273
1933,0.2524445630948292,0.003606525813327887,0.0026806857976469666,1.0202786359004676
1934,0.1947544400985129,0.001178376096137594,0.0018345322163744165,1.039390339050442
1935,0.19012074343703508,0.0002458208856654889,0.0015191051132107014,1.051944697741419
1936,0.18983277457916345,0.0012731588620257866,0.00182226994779228,1.0609616138972342
1937,0.3964678199338558,0.0038252442405491993,0.002232594048415733,1.1120661408640444
1938,0.18239382386281397,0.0018712563419665464,0.002371400592882076,1.0515824179165065
1939,0.2094135941051079,0.0017702830917218392,0.0037939628843768974,1.0503636756911874
1940,0.20468771752513795,0.0005262845355520552,0.001474519742670725,1.037203119136393
1941,0.3699846397088485,0.0027063939661438213,0.0027161406109558355,1.0444394489750266
1942,0.06303373032938353,0.0015241258215699788,0.0013161440830726885,1.0410476340912282
1943,3.5829185034495086,0.026165893507573167,0.05548048104913019,1.072639042045921
1944,0.5582585358776913,0.0017114073621583795,0.003935545165289505,1.0660841860808432
1945,0.2802978415344177,0.004233504339273819,0.0034686711858217226,1.0743034621700644
1946,0.3562760892866099,0.0038489749476340995,0.0028943754453708975,1.1990914596244693
1947,0.5524015157238261,0.0018939904913235616,0.005128819382866708,1.1118593257851899
1948,0.22637890962388046,0.0022898714709798837,0.0031829788084305,1.0438287695869803
1949,0.15683939509582273,0.0016703166235603906,0.0017258712967166967,0.9947634893469512
1950,0.44774125861834696,0.0012477658005308864,0.004139291054662975,1.0262208222411573
1951,0.08640595744622041,0.0016451723884568271,0.0017772148533398765,0.9511827048845589
1952,0.48440628770971444,0.0072073000578736605,0.005082293773023399,1.038438456133008
1953,23.29840672754637,0.20402062942817326,0.2358298610633728,0.8749409019947052
1954,0.40949470495949114,0.0037632926234679614,0.003925646928049147,1.0555861229076982
1955,0.28486163913806734,0.001980991250921559,0.0026502921756942715,1.0459691579453647
1956,0.12181054236992876,0.004214211987354739,0.003304762753662288,1.0322598437778652
1957,0.21156223609000532,0.0016556262716959007,0.0018123421875020525,1.0583000928163528
1958,3.3379390368227515,0.08876210596558852,0.10584005262500218,0.9918029853142798
1959,0.384261455268285,0.0024999844384198714,0.0027086809788697845,1.1089630159549415
1960,26.268712992748416,0.11127900735028877,0.25277209705503034,0.985620872117579
1961,5.752283329674129,0.1940621882747526,0.18257224201140843,0.8777483589947224
1962,0.11820382933733208,0.050084403466372156,0.05088867865713598,1.1298688324168324
1963,0.25059962760484217,0.0026027807439404395,0.0026416993976330627,1.0541100758127868
1964,9.707584458885787,0.08817026009751161,0.087387057993854,0.8801959077827632
1965,0.19798126921149,0.0011435502389509384,0.001948799491488418,1.0848577958531678
1966,1.3688783001412503,0.06238467576477852,0.06614834353662719,1.120884999167174
1967,1.0477312527151303,0.06815164926140582,0.07066438497693521,0.9426297736354172
1968,0.9661497343975287,0.011745148855430697,0.013574547249631506,1.0325299948453903
1969,5.916628448437189,0.05727429036615607,0.07719108774381508,0.9358445699326694
1970,0.04425216591844828,0.004113645463288388,0.0039348904386959736,1.0281065381132066
1971,0.6393323266916892,0.005303005821443835,0.005560022079610735,1.0233800536952913
1972,0.19905283315167785,0.003769671887421474,0.0027162849525743907,1.0607449882663786
1973,0.1569390642590453,0.0019942682250823616,0.0031603744648510375,1.0106830280274153
1974,0.2875800595888245,0.0024984918544060197,0.0029452056948613575,1.1222423491999507
1975,7.032521257845865,0.11147608022217471,0.09562093011832953,0.9812531131319702
1976,0.20132389786076654,0.0035414085626146808,0.002887208046061549,1.0476574590429664
1977,3.788364438455203,0.10725000312531376,0.10899460886810693,1.0169067019596696
1978,0.2328320934873771,0.002403717522914219,0.0020691435574405896,1.0569142140448093
1979,25.177097335094604,0.23722111880944288,0.2553746112468977,0.8652438619174063
1980,6.217696944598819,0.07933630081499762,0.12454857149517898,0.9890553541481495
1981,0.3710905130874572,0.004565711794858332,0.005044794435294704,1.0658122398890555
1982,0.1800188005297662,0.0025558437689501955,0.0038186335211716246,1.0762322111986578
1983,0.28852553145971,0.0014331933966595673,0.002671624532904729,1.0256090848706663
1984,0.3312561244883607,0.0031855294129358685,0.0033141816260457294,1.0369559829123318
1985,0.2218292698921617,0.0021616773913915375,0.002681329960950296,1.0766734639182687
1986,0.31823201800103545,0.005076052650041813,0.003341594206797233,1.06740189390257
1987,0.327309617305919,0.0015806203988909633,0.002997902394422277,1.0854676491580904
1988,0.34228055873954827,0.15741239244937977,0.1572844081859428,1.0009499061852694
1989,3.6621809728197716,0.038412317291635065,0.06840300104243974,1.0673154117539525
1990,0.43118071299796223,0.0019174166697437651,0.0028303987840083023,1.1212794510647655
1991,0.20569936558318316,0.18049360513126028,0.17966100232940094,0.9743086211383343
1992,0.18810351729872324,0.002394601088551748,0.0022773361579912946,1.0294589190743864
1993,23.5366444321681,0.1267978245334372,0.272734213250651,0.9653534493409097
1994,0.19774643637915806,0.0025294343061323886,0.001913426136587595,1.0293233818374574
1995,0.6837096860800154,0.0037717352337297925,0.003202446128618629,1.1066649472340941
1996,0.17474580512276774,0.0024309855387423663,0.0027884744453278657,1.0009666150435805
1997,0.2643301118620835,0.002252313470050146,0.00253123441384106,1.1212363210506737
1998,0.23215734608731162,0.0004112990827581737,0.002802255663028753,0.9600091041065753
1999,0.20447245580482443,0.003079602287996208,0.0037634019299908855,1.0640006670728326
2000,0.7334069255056365,0.009018769875054379,0.007956138080976352,1.1475107609294355
2001,0.18848615738014868,0.002524829831041224,0.0022688066086325133,1.0833370252512395
2002,1.4446972366271629,0.011500164097965325,0.012344617120191383,1.043140357825905
2003,0.6087327094356481,0.07635699724313354,0.07551763776557542,0.9184585539624095
2004,14.800032690467749,0.2201435949719958,0.18896819667897255,0.9751870911568403
2005,3.8211840394904004,0.01787775133320841,0.04436188251476948,1.0233591641299427
2006,0.1318637579784515,0.001352884363119574,0.0019270799273056751,0.93359429622069
2007,0.2828579431919552,0.003133075749164115,0.003211211538095521,0.9752586958929896
2008,0.34185094201763133,0.002058571775283414,0.002347786124581413,1.100231611635536
2009,6.308924166705982,0.04957211602897752,0.05837453976891587,0.9275313038378954
2010,0.16232172651816357,0.0019203083406604165,0.0030377866760227987,1.0400530109182
2011,8.613638374674025,0.07413022439338204,0.10009249402432567,0.9042282658629119
2012,0.19799833128852568,0.002621575963559661,0.0026342569830164284,1.0399250849150121
2013,14.373331254201823,0.06415506299575666,0.1395274102971471,0.8813243550248444
2014,0.22349908328290083,0.0063221560752602405,0.004559717071957851,0.9968745559453964
2015,18.63911654312646,0.16887086142913516,0.16674880640931836,0.855872823856771
2016,0.1799353508599332,0.00034476101827114796,0.0016737253260853872,1.050607018172741
2017,0.21918070386951125,0.0018637983565587323,0.0021226656700864387,1.0532726650126278
2018,0.9908505992797079,0.1051056789898735,0.1073083020540739,0.9946276862174273
2019,0.3239773947293224,0.0036386174771634453,0.00237217508406297,1.0502426214516163
2020,10.296153133818853,0.09447209274183606,0.11392850369159506,0.9331500488333404
2021,19.438805657958515,0.3127064681668414,0.23848600909674494,0.9138013236224651
2022,0.3299396157841357,0.0016021702965217568,0.002797218027967903,0.9781637759879231
2023,14.651198979731285,0.20071301313929407,0.20556272326641983,0.900702009908855
2024,0.1246520748900572,0.0011435794124353394,0.0017333658385607347,1.0413673501461744
2025,0.39719373780460765,0.00198214758350124,0.0036196544840143667,1.0358626493252814
2026,0.33517141751453494,0.0041087843499428975,0.0026492771226034905,1.0698692491278052
2027,0.2387377370160653,0.002938989242821803,0.002592567082333648,1.0333601399324834
2028,0.15637793800579636,0.0023707893027340005,0.002044982460652316,1.0337412799708545
2029,0.17418206019040805,0.0017535561604172497,0.002373944338907071,1.0504899327643216
2030,0.516211771080322,0.01797978263469694,0.01380885712486537,1.020140995271504
2031,0.30036630955344074,0.0034908776389864717,0.0035408645932510263,1.0398584110662341
2032,9.996497773758124,0.1120523643608213,0.12533177873484588,0.9455516757443547
2033,15.430498176350559,0.044041645875156805,0.14313478130610463,0.9796390365809202
2034,2.099043981845575,0.009979610700318874,0.022876044514411904,0.9211067827418447
2035,0.18285531304410657,0.0029394594899741075,0.0018923944120765228,1.0370034738443792
2036,0.15871069902377205,0.003568283872142789,0.002718139226007137,1.0503223836421967
2037,0.33542608566398746,0.0032545953954051473,0.004370538619454466,1.012927752919495
2038,5.524370456093024,0.0764906657278516,0.07896268660075913,0.987280139233917
2039,0.43543194310932426,0.0023870900380945437,0.0034549921506732465,1.1013860236853361
2040,0.26858772267425324,0.00399648728139399,0.0028216251492906115,1.0411898088641465
2041,0.5283937335201624,0.001268755078640503,0.00158455852056545,1.095439612865448
2042,1.4796243227150978,0.03395839534620684,0.030396733592513294,1.1684298389591277
2043,0.2642099400168989,0.0025794291667018496,0.002778434934470216,1.039754366967827
2044,0.3691775325595637,0.0016460520449803225,0.0026458554620857402,1.026732609141618
2045,5.992359972794801,0.10710027648770212,0.07804004340720502,0.9383901967667043
2046,11.393264015702327,0.051096573054077395,0.12572012185053036,1.001107171177864
2047,0.2205629740085282,0.0022195452981748597,0.002040749600948675,1.0795838981866837
2048,2.0046368199084883,0.02161946217296457,0.010391563558790904,1.1100718528032303
2049,0.20188307377846015,0.00252784136184402,0.0027629244026000106,0.9617404560558498
2050,0.1636609786473576,0.0013017302152321592,0.0016700086458663896,1.0352536691352725
2051,1.248114861477355,0.01675423353838722,0.01109384182550169,1.1013081660494208
2052,2.7428987742249364,0.07537808682815428,0.0701828577871897,0.9876454807817936
2053,0.35833286627322886,0.003977091349694618,0.0033584430505837082,1.0294669037684798
2054,0.12757559516973552,0.0021158344400412214,0.0026056316305172558,1.0400041490793228
2055,0.34498123573177963,0.004933244344050589,0.004473343740905249,0.9814178212545812
2056,0.22576915801229264,0.0003806682872146996,0.0015556144637643688,1.0445351032540202
2057,0.10971043380988024,0.001599690511396907,0.001686731896029783,1.0305515313521028
2058,4.808914377569691,0.056276589847996245,0.05262010849771363,0.9527835729531944
2059,0.19408493048607378,0.0017183012723834229,0.0012994306436740265,1.074091190006584
2060,0.3240997063336988,0.0026100558620383908,0.0030274640209103244,1.044578946661204
2061,0.2100084276851082,0.002000912868085133,0.0019841122325664454,1.1125147859565914
2062,0.21677015261486487,0.0034617055006053313,0.0027281207663145597,1.030821633990854
2063,0.11076452073545308,0.002404806663438856,0.0022413955212561756,1.0577314281836152
2064,0.3940284899506526,0.002608660233614401,0.0029988724429390067,1.040737567935139
2065,0.16228411153787198,0.0014198803137227668,0.0015568334914040887,1.0452146450988948
2066,0.4368514604899711,0.004798914938158655,0.0033513771927968397,0.9802663079462945
2067,0.20243947553216415,0.001131999691698441,0.0020763045378532972,1.0551844639703631
2068,0.3465618721047105,0.003228727389952595,0.003098224189360167,1.0516190989874303
2069,0.31356246515301256,0.002796035820365647,0.0025945682600873087,1.0666844071820378
2070,7.388877764327578,0.05527420695552694,0.0861703235163124,0.9345095921307802
2071,0.28818497035390217,0.002285334348772128,0.0024538549519117062,1.0395763362757862
2072,0.17872227202264288,0.0018552591027135676,0.0026044451978466704,1.031585552264005
2073,0.6825473793070234,0.002955565661946966,0.005687409010900402,1.0355934691615403
2074,26.200155748209074,0.18993230712837011,0.16516690595408587,0.9061013152822852
2075,0.38490781969457816,0.0020772334195235855,0.003587208365035151,1.071312136016786
2076,0.5794739887375346,0.15850521616306293,0.15880034701788415,0.9842542028054595
2077,0.07027196421795547,0.003164010723820563,0.0035520339477336867,1.0434274380095303
2078,0.37771996870609476,0.0013082191221458657,0.0033771853401406825,1.0683951009996235
2079,0.27768922284301073,0.017761538670093488,0.018173910407635593,1.1862528999336064
2080,0.10461370707773941,0.00158786267658749,0.0012674011980333762,1.05615240521729
2081,0.4624995191072844,0.003106939899451344,0.00458802927016558,1.0863437140360475
2082,0.36081285636754773,0.005501162888708274,0.00290464961916027,1.0622222512029111
2083,0.24638769963372859,0.0009687957902273088,0.0017404254776772837,1.0879405718296766
2084,0.2858006175865661,0.003944880056769403,0.0031353075697041033,1.1189586860127747
2085,4.594619077954749,0.053970457649182006,0.04806379737941353,0.9893739176914096
2086,4.1980233499650375,0.02021877157006299,0.03640916268781119,0.9061459228396416
2087,0.5843664739736976,0.005657891583162115,0.0035102100850899344,1.0663957791402936
2088,24.684729136571434,0.2840294215606554,0.28825684088836223,0.9284188123419881
2089,0.315561006246264,0.004095800064919447,0.003919223872653743,1.0480489749461412
2090,1.9091260991838874,0.1265852343281067,0.13621871459658577,0.950343050993979
2091,0.22250965582305615,0.0018771264083016503,0.0022256395693962946,1.0386698213405907
2092,0.2698369688499938,0.0032357951367003655,0.004111377870829944,1.0567771280184388
2093,0.271628387487347,0.0017700519754734955,0.002603172698959816,1.0403651045635343
2094,0.25906688112066395,0.0025896968936615626,0.00374976648373471,1.037509507033974
2095,0.18083810993313015,0.001955738658251167,0.0022690928754174767,1.068238316103816
2096,0.31842820926041154,0.002892933719314494,0.0036178248223952634,1.0796890137717128
2097,0.20463563427957113,0.0015895910051482638,0.0022364493327769164,1.0913312281481922
2098,0.2649549044035692,0.004853438449487306,0.003150773887415744,1.0657220450229943
2099,0.3968330271068934,0.00238537722414248,0.003562923429686716,1.0741866012103856
2100,1.1820893177759786,0.13569526141593993,0.1382451263157467,0.9532894929870963
2101,0.19526101746385957,0.0020688430428269715,0.002002146092141829,1.0597262750379741
2102,0.22394849226655114,0.0024497100349423484,0.0019157025244968078,1.0423969360999763
2103,2.4414421045669945,0.09960518020395519,0.1001164192173043,0.9335897606797516
2104,13.029508898359078,0.035736452343268034,0.13178130108308153,0.941210025921464
2105,0.4056801411438795,0.005309391989154384,0.00658791866396461,1.0813703411258757
2106,0.4422700353507489,0.0032316796991681434,0.0035137448728512375,1.0435216748155653
2107,0.06387929538394797,0.0021502621228239966,0.0019113595734214965,1.071705661714077
2108,0.208083908730249,0.002584150963433238,0.0021994338152856304,1.0379532128572464
2109,26.166310727844195,0.07685568513527134,0.2656480507275886,0.9249508697539568
2110,16.91343689697181,0.07395343493556583,0.21706106115835896,0.9040290880948305
2111,0.0599888069327819,0.001304673994552991,0.0014107203627466485,1.0270766071043909
2112,0.19562780172938796,0.0026739078445628946,0.0029954655698137735,1.0582270910963416
2113,1.1026911954543819,0.05346110870176375,0.054116181016548894,1.0422531557269394
2114,0.19764376602519346,0.002052563447640161,0.002778072331883952,1.053677270654589
2115,1.1604611005152001,0.012288037075404108,0.012063401407258397,1.191736571956426
2116,0.2862298112738188,0.004077884986072901,0.003996720770636397,1.0893133669160306
2117,0.2312870175675266,0.0022452491984761036,0.002657924319834101,1.0265315431170166
2118,0.2818003133314257,0.0028449926832507942,0.003747359502906473,1.0480560073629022
2119,15.779009710238197,0.11490436223224568,0.13375429357213744,0.9424543539062142
2120,10.758683018152983,0.10518310164956815,0.1530747454968562,0.9011257379315794
2121,2.4602291621188104,0.020790514825429596,0.026920430584615525,1.048354152124375
2122,0.19328862633361968,0.002076444476325228,0.0025091756387624446,1.0721811880357563
2123,7.024418758958644,0.08126978415909547,0.07625350990248012,0.9201305671595037
2124,0.2179314650210257,0.0031916331060232476,0.0030313649901686514,1.050802321638912
2125,0.17697211638471552,0.0017357925543877977,0.0015908169306736233,1.0732246139086783
2126,22.40962292904545,0.23048827541814218,0.2787363575738247,0.9487571101635695
2127,0.8300730909203557,0.1900770239612508,0.18497381289198625,1.0867410977371037
2128,23.530485228838057,0.20766457756868573,0.1813079052259148,0.8722048378549516
2129,0.3526251268076328,0.0033454015300439133,0.003338244319419272,1.0803869222290814
2130,0.11863897744678517,0.001412255295768469,0.0025699886445209813,1.055528560653329
2131,3.7494000839851154,0.10998971126389373,0.13386711316196143,0.9187597180716693
2132,18.102383945839883,0.2549026588287308,0.24657243240244373,0.9832224561832845
2133,0.15887684462656093,0.002555884543174808,0.0026368303070908442,1.012158440425992
2134,7.144203040100275,0.08086036518716734,0.13946725464216617,1.0660715461708605
2135,0.15554038149407284,0.0022885669286433815,0.002165717312041967,1.0526327318511903
2136,0.38776786808372404,0.003214866588758861,0.0036573955624406274,1.0280738580040634
2137,0.529394709439295,0.003046300032980989,0.0034595633157446753,1.0105565558187664
2138,0.0821455887903684,0.0014720771884665542,0.0014359028006732796,1.0494951200671494
2139,0.1424795935304134,0.003604445117356225,0.003893651245555635,1.1391517841257155
2140,0.09879991785372903,0.0016207707432493968,0.002079168131512267,1.0196491400711238
2141,0.2884044651236485,0.0024666997372722274,0.002823988317841744,1.052708697039634
2142,14.003947365132552,0.09001258226648974,0.13626569332435834,0.9652353450655937
2143,0.17421557675377525,0.19450109825878736,0.19345073781148353,1.0047316048294306
2144,0.09121058631301089,0.0012629858338490069,0.0014916798630292612,1.0401064953766763
2145,0.09164026267981594,0.0004829058720590233,0.0010687389237124503,1.062954081222415
2146,13.003574411317075,0.14168372974794397,0.12972034806540647,0.9266671878285706
2147,0.39372824242896937,0.004704429634621292,0.00411635220259924,1.0532132149673998
