pair,rre,rte,rmse,time
0,0.2521073423660044,0.0009373104448132739,0.0021736276317805515,0.6720820600166917
1,0.16112025692632267,0.0029415128978634935,0.0019108126241270422,0.5340160168707371
2,0.477622658775126,0.024553481677441834,0.02562078810676655,0.5332709890790284
3,0.27177647747281286,0.0031571519830879166,0.0022354227881560824,0.5360987577587366
4,0.11149034829175254,0.0011415235545393133,0.001216129442599403,0.5321852350607514
5,0.1597717330197994,0.0006571278560241697,0.0011694832634305305,0.5329595278017223
6,0.05297121964244073,0.0005554659504870504,0.0008263801305957271,0.5332749760709703
7,0.08294764148006169,0.0009375893363705972,0.0010326602894115756,0.49843003414571285
8,0.03557283714606407,0.0007211117413784737,0.0006445517176522081,0.5346862999722362
9,1.130467990817831,0.05114505003830286,0.04238127646500244,0.5339233768172562
10,0.316454138786617,0.0051972164294691835,0.004829914057469396,0.5345993782393634
11,0.1738534455097257,0.0052447380552627975,0.005961146530186214,0.5344378352165222
12,0.09032466095298093,0.0014382912444508356,0.0013002806661310102,0.5196189531125128
13,0.0685448332041243,0.000740312052672317,0.0007678075943650952,0.5194060020148754
14,0.11675004502662949,0.0023989977429356977,0.0016728065778756056,0.5337858833372593
15,0.09165824446141553,0.0014008109814187255,0.0014712858555748505,0.5330869359895587
16,4.362667552104458,0.10465116472573317,0.10168662798426241,0.5333654303103685
17,0.10086107224324306,0.0010671686451188286,0.0011129944094726179,0.5332789160311222
18,0.17706643306095557,0.0018669581648834196,0.001360341723478683,0.5330311059951782
19,0.08878181482087975,0.001383712294024282,0.0011904373177440799,0.5344029958359897
20,0.2611720782722459,0.18323588397820914,0.18297602728378198,0.5333930822089314
21,0.08025675710470986,0.0016286082161581384,0.0011011385700207634,0.5331006720662117
22,0.17218058782744694,0.0010449664992973487,0.0013036622769627838,0.533880699891597
23,0.21934596736989442,0.006164421691595912,0.0060996357203529535,0.5342549597844481
24,0.3367284754685955,0.003190478550664724,0.0022428803257325096,0.5342085519805551
25,0.08880240179843228,0.001094608462528432,0.0018692212594104535,0.5354982349090278
26,0.23997303519913446,0.0015711910883768473,0.0019259021643588433,0.5359793198294938
27,0.8619896002700297,0.011476653815506247,0.008690589306867877,0.537270549684763
28,0.07882272048993036,0.001123129520312557,0.0012485787371206358,0.5357609647326171
29,0.08365408562069285,0.001016180541891962,0.001157541633809093,0.5324558117426932
30,0.04443058283536522,0.0012265402458909477,0.0010898446993083807,0.535315073095262
31,0.2851287827613267,0.1272049606002999,0.12538847541659828,0.5346903647296131
32,0.1008405633891611,0.0016074532222018372,0.001153227386547519,0.5345061006955802
33,0.07478998198185864,0.00198028206630175,0.0022888502534126,0.5356997470371425
34,14.933777569835184,0.1997239323627243,0.17246224136555977,0.5332127413712442
35,0.10412900272390009,0.001416053434943865,0.001295832670363179,0.5207793610170484
36,0.1682661231591454,0.00019627785646311198,0.0013117045106514262,0.5345983477309346
37,0.1082853236666897,0.000685691860832586,0.001134747315460063,0.534430421423167
38,0.11261486490752633,0.0005385597468937077,0.0010333225292209587,0.534736611880362
39,0.13851977654521497,0.001094599740871226,0.0011493281734012613,0.5340221039950848
40,0.1426682745703196,0.0007171432735699213,0.00143057059988751,0.533061889000237
41,0.12148327180880868,0.0017365867671081628,0.00128149084519044,0.5350198848173022
42,0.16527779890811078,0.002373877900236275,0.002188537437452266,0.5338780139572918
43,0.13142024387347215,0.0012269985312998008,0.0014232282453273885,0.4980517369695008
44,0.08807893182130916,0.0009124894938348949,0.00121987528601454,0.5334601001814008
45,0.32275641807245836,0.0019379188104572402,0.0038354592569745977,0.5335565111599863
46,0.053375098658862925,0.0007355767707121766,0.0006885834252358203,0.5336218005977571
47,0.09649476660595886,0.000552832766513106,0.0012535246227207244,0.5337706147693098
48,0.09949652232144278,0.0007861641359931989,0.0010437300865041449,0.5343079548329115
49,0.08348957403787512,0.0013521130146299718,0.0014981163333241427,0.5344467055983841
50,0.08739469090493936,0.0004959738141904033,0.000751593983292772,0.5339986267499626
51,0.06208491698840877,0.000649807670696427,0.0009314214436548823,0.5085281198844314
52,2.740446739959254,0.05182693090393807,0.042179049046859415,0.533338500186801
53,0.07783575538159636,0.0005312942545765231,0.0008072764401864413,0.5332030621357262
54,0.21442462800962273,0.0019156423527904214,0.003127976830218298,0.5334458043798804
55,0.04910800387696702,0.00071303210686269,0.0007163659748584157,0.5190679100342095
56,0.15741992618738138,0.0009393180518464801,0.0015497167259384947,0.5336407339200377
57,1.062057704323167,0.010969458317943574,0.014857092988438583,0.5332216778770089
58,0.06690253623609806,0.0005223672085946361,0.0006161850692402512,0.5305748637765646
59,0.14840151336921278,0.0012111863505229778,0.001055857244477548,0.5351467900909483
60,0.07123426894612363,0.0006628675872040075,0.0008859609721627818,0.5100609390065074
61,0.07644023432014824,0.0016742369506163885,0.0011040080488841821,0.5346236983314157
62,0.41259548357589615,0.12473886926960932,0.12496559698182971,0.5350145790725946
63,2.208769761159265,0.014000690989110063,0.03147608741130611,0.5349219678901136
64,0.27478412957686393,0.28937295608232433,0.289572565461034,0.5339614832773805
65,0.2709272792525414,0.001180923193230707,0.0025293512975846696,0.5350847039371729
66,0.31759745164493397,0.005111384065308185,0.00304260175262441,0.5352853732183576
67,0.6172534186206269,0.13864898840789688,0.14335844266835,0.5348942070268095
68,1.2568473506570377,0.0766079303826803,0.07572427675620524,0.5339797451160848
69,0.0,0.0004999497878019079,0.0004775889922479831,0.5344104561954737
70,0.06826936164752248,0.001079185702936495,0.0009606417301806504,0.5357700008898973
71,0.10225522176785741,0.0020749492577720363,0.0013147848628960292,0.5344248842447996
72,0.1105782598050195,0.002825573905359883,0.0028744609579687084,0.5346453110687435
73,0.13452678877822452,0.0010092062203759836,0.0014604773540519275,0.5203418466262519
74,0.05510010860629828,0.0009513154820190541,0.0009369677090505225,0.5346241388469934
75,0.04160827494837112,0.0010311449630459346,0.0009620067047999615,0.5345974871888757
76,0.20869776098445744,0.0006248832647948373,0.0014056763069504306,0.5343484990298748
77,0.0717803301706171,0.0004881022498592122,0.0007480383557328278,0.5345578761771321
78,0.1139203211774451,0.0016815210166036812,0.0015601097367129552,0.5351162850856781
79,0.10498427027849329,0.0010682078801818196,0.0009113572064627255,0.5202287859283388
80,0.06512951883022468,0.0006654667500180827,0.0009436371630359896,0.5348958065733314
81,0.06731075713699756,0.0008347748296074933,0.0004784669247969822,0.5345290489494801
82,6.419129972185177,0.07864129477945793,0.10573345526293362,0.5335363326594234
83,0.08789070967047186,0.0014168113193289379,0.0011630640545000292,0.534867777954787
84,0.07782769401774141,0.0006101236650203644,0.0010757857391236205,0.5347962090745568
85,0.05264431799210421,0.0007191898132510429,0.0009574971321965395,0.5345430821180344
86,0.02685178426735734,0.0008143222281510876,0.0007564608276723238,0.534546593669802
87,0.04482596220617228,0.0009504764575512786,0.0008623731069417188,0.5347635261714458
88,0.23835323165810773,0.0007191203917875224,0.00209528340822372,0.5348291988484561
89,0.14315560748703052,0.0019093979414010426,0.0012402893538994383,0.5342078539542854
90,0.03862045900856458,0.0010979586417247066,0.0010834975103665551,0.5351772052235901
91,0.24836134161586712,0.0018210133728885842,0.0021538500157722686,0.534649945795536
92,0.1037553492238867,0.0010911230347039216,0.001067675434394633,0.5346847889013588
93,0.128393844774048,0.0013834349461767268,0.001124057580269585,0.5344758299179375
94,0.07564651045301707,0.001013860231920589,0.001038439765916227,0.5345145589672029
95,0.17713355076692885,0.0021365379159975794,0.001746272878263116,0.5353238531388342
96,0.32868332634762365,0.002729608044907416,0.0020012397108648402,0.5350864161737263
97,0.18364334242934321,0.0007409186444091694,0.0015975067603533708,0.5343267186544836
98,0.10014342623795794,0.0007590287739073445,0.0014633781014633334,0.5343554923310876
99,0.15709371117997376,0.0009651071540634416,0.0015370997356891605,0.5356576694175601
100,0.2606631761867692,0.02224973752285998,0.021529656458591104,0.5342550780624151
101,0.020198279514642217,0.0006717036339012151,0.0005744845872014349,0.5365526136010885
102,0.13105299532596384,0.0006332148640816542,0.0010382922854219221,0.5345575539395213
103,0.1331533545999739,0.001876691913905892,0.0022560590223250094,0.5350078861229122
104,0.12729943740460833,0.0011142603400320838,0.0009752796456808329,0.5346097857691348
105,0.9469112386697893,0.06462514289013557,0.06034350817577808,0.5322292409837246
106,0.14565507386453053,0.0011386379056927192,0.0012821681906810308,0.5362365967594087
107,0.11847657075790467,0.0005826828613311544,0.0011562737824196677,0.5369059978984296
108,0.13263866630362034,0.0011867453957278343,0.0011265206343746257,0.5312445731833577
109,0.39753725034123444,0.0039059130640329903,0.00268469593511082,0.5343562578782439
110,0.11245704723292592,0.0009343922463592562,0.0011746568962746379,0.5361330108717084
111,0.09221786060913287,0.0007278203666258998,0.0007752127915791074,0.534444488119334
112,0.2509055837768638,0.004069393472474089,0.0027166145173203454,0.5350165432319045
113,0.37477442654700405,0.007098891947879972,0.006276189536386968,0.5349485189653933
114,0.05764959817807408,0.0008798125184646715,0.0009060265607951909,0.534128307364881
115,0.05893248988370348,0.00039797991523292386,0.0004900472629515838,0.5352706019766629
116,0.17932060197936936,0.002932820964454798,0.0012627381855928284,0.5345420925877988
117,0.19277267974396514,0.0023074221165004746,0.0027224591262614926,0.5343652190640569
118,0.14062444576681882,0.0017636418277281406,0.0012330468497690047,0.5349210230633616
119,0.1373489856641634,0.023690399718454984,0.023556138568900497,0.5353471576236188
120,0.1838214358410862,0.0022440545148470635,0.002177118089838424,0.5344323092140257
121,0.3251242250698209,0.0034753676623121557,0.0029890472423510835,0.5351384291425347
122,0.08473826518156094,0.000606582203424602,0.0010343836952706085,0.5343780443072319
123,8.925821402646768,0.11972582059014544,0.11888490364509606,0.5349707202985883
124,0.637976024407378,0.0037208792978980997,0.003943924475082965,0.534292321652174
125,0.15333296158090243,0.0018240564472518483,0.0013347359220374664,0.5344487433321774
126,0.4774879329149148,0.005098274702027199,0.005629529454684228,0.5347331869415939
127,0.03778394040740319,0.00040494519217229347,0.0006516305004824895,0.4901862610131502
128,0.756716272722676,0.01409247426792243,0.010596753121130762,0.5345540391281247
129,0.13266248877823766,0.0009447870095104067,0.0011592337982021753,0.5348466117866337
130,12.658916233357848,0.11298842045996195,0.13444288563389897,0.5349389538168907
131,19.0885719368736,0.15011376445832628,0.09406878362914126,0.532520076725632
132,0.09557778279102298,0.00017668698453594624,0.0008751457636885778,0.5369478561915457
133,0.14535551732055296,0.001262910584816412,0.0013187553552759508,0.5339737660251558
134,4.318816179004508,0.062237049440813076,0.0594271282981591,0.5339998756535351
135,0.032302265461784274,0.0003877168918795457,0.00037897363509481263,0.5308694266714156
136,0.0769238047831367,0.0008654233116295591,0.0010291765459233787,0.534452997148037
137,0.16232705453114732,0.0008258575700200422,0.001368459984810465,0.5347610479220748
138,0.09702455530843247,0.0011313848853879694,0.0008750670333597029,0.5365231530740857
139,1.5738449258792506,0.03443319105648214,0.048114336521907906,0.5350584471598268
140,0.028088447015347757,0.0007547434683603865,0.0009509531540271855,0.5095797800458968
141,0.12225832559920123,0.0011167766241336832,0.0012825248791978113,0.5348502676934004
142,0.06169964402453607,0.0009311819676960059,0.000855276146288422,0.5342119820415974
143,0.11259225740826656,0.0008205627711947772,0.0010385749653801454,0.5313184247352183
144,0.04274597690072004,0.0004289111440780881,0.000664575677540057,0.5349794239737093
145,2.9911607567968272,0.12550876149391502,0.11082279022277099,0.5338937188498676
146,0.05855808299646656,0.0011653446438342238,0.0009712523855468729,0.5348840048536658
147,0.10202869010978746,0.0012462410504660577,0.0011277327348938936,0.5344594661146402
148,0.11330162777349735,0.0004004247609089542,0.0011656736467297606,0.509928110986948
149,8.448539216024901,0.049779779243643796,0.14407849518156407,0.5347010912373662
150,0.1637824779929565,0.0015718903211949155,0.0016709181619743942,0.5347475283779204
151,1.3949039682130846,0.11159602501787545,0.10525701885807741,0.5370165929198265
152,0.03912356892056557,0.000914855355701442,0.0009324245261300152,0.5091913528740406
153,0.12358623973703509,0.0013275136359271963,0.0009116373746217747,0.5338389170356095
154,0.10807179525032971,0.0012152138931162152,0.00124612034961869,0.5346229602582753
155,0.04515533754303349,0.0003787823245648538,0.0006363511254270214,0.48908129427582026
156,0.7265644325102495,0.00811637768592955,0.008905642157165373,0.5351383672095835
157,0.7277173159469009,0.06646349287666403,0.06588479703056103,0.534235545899719
158,0.056492425920470775,0.0015315811820753838,0.0015851689404157623,0.5348734077997506
159,24.73735000901265,0.09424502935080276,0.32001331773774633,0.5325565682724118
160,0.057828230964483425,0.0009781513646735037,0.0012765892516597278,0.5314609003253281
161,1.0761848947118142,0.005693045886286778,0.005366049614142645,0.5346435103565454
162,0.04670548966238083,0.001887819467556418,0.0019252098587866089,0.5352698317728937
163,0.05503497410232073,0.001944655826362562,0.001706533959184551,0.5355052538216114
164,0.23635194706992962,0.1957271714589575,0.19468186948735405,0.5350675140507519
165,0.037481738564113104,0.00032699066880448953,0.0004650184447609942,0.5350978998467326
166,0.11513759362883184,0.0013200522368692188,0.0010738723715084059,0.5349099501036108
167,0.07102610043584623,0.0008358315713138713,0.0006756364117274015,0.5343381981365383
168,0.8150858632448194,0.005167247724345593,0.004956627346062085,0.5348179503343999
169,0.12459254500106613,0.001118445311351647,0.0013203626083016895,0.5347389867529273
170,0.09701632569694266,0.0008796479040330277,0.0013624453112499203,0.5349325141869485
171,0.07382002297737936,0.0031204036185156405,0.003239370843237735,0.5354899326339364
172,0.06312617206542703,0.0014213168305328996,0.0015342487573481748,0.4673707587644458
173,0.15621234341177168,0.0018608381949657695,0.0020133696116844133,0.5346083040349185
174,0.09928688002135372,0.0018334049010397902,0.001124555302757156,0.535199929960072
175,0.10449607619599932,0.0008384936101628317,0.0011863309294386788,0.5345295751467347
176,0.03873111044697823,0.0012370622936025693,0.0011660460641721012,0.5344721302390099
177,0.13390642208039727,0.001230081635447572,0.0012523526339647455,0.5351292509585619
178,6.623122667083769,0.15726718670934028,0.11557305968491147,0.5328192505985498
179,0.13598445564618253,0.0012439014273440477,0.0018698220687855265,0.5353685216978192
180,0.092095864628078,0.000899689339489814,0.0008451699269601301,0.534231903962791
181,0.1610355665650152,0.002092732419443835,0.0013575074356437801,0.5350302280858159
182,0.07404058513682228,0.0011661904963699956,0.0007908201726128779,0.5344053083099425
183,0.5279797964368309,0.08148020352877222,0.08344498788775542,0.5372022422961891
184,0.10397231009579641,0.0030161108657873097,0.0025044315040535755,0.5350199458189309
185,0.19342486578198317,0.0012352868122745585,0.0019253683760855915,0.5351886167190969
186,0.07814544214120589,0.0016129745855570457,0.0015974237255391949,0.5344170350581408
187,0.14500760988898756,0.0012052734839719794,0.0013396178878263974,0.5347314379177988
188,0.11802038741844441,0.0006793618455832153,0.0012349607183716291,0.535671747289598
189,0.008361113212230098,0.0009902754984726268,0.0009609436065629675,0.5104138990864158
190,0.07319969826576608,0.0014683274527506369,0.0014770856436681406,0.47930418979376554
191,0.3690706875570958,0.006870131551279369,0.005881078344709041,0.5346960350871086
192,0.09108830973877907,0.0018984532704451919,0.001277700227050143,0.5366405611857772
193,0.09519957407548794,0.00041687590669363557,0.0008801282798270453,0.5447892057709396
194,0.20982128595502547,0.002557565328035645,0.002452591028502538,0.5369137339293957
195,0.457339268409842,0.0048695719174973685,0.005917942978881652,0.5418267268687487
196,0.5199943139218467,0.0026642230624852894,0.004321701009075466,0.539526455104351
197,0.14530362522042298,0.0018589479731771334,0.0014199365014268017,0.5406933235935867
198,0.48800698339891607,0.058710819794639095,0.058698040276815404,0.5400358135811985
199,0.07279403401452446,0.0011653915250815058,0.0011083587296137295,0.5048531172797084
200,0.10214866308251727,0.001194617938661793,0.0010362776678568613,0.49758247286081314
201,0.1544355512616315,0.0014065444420730817,0.0014779409853764836,0.5398331596516073
202,4.763552159151379,0.10529853176241841,0.061439840432107595,0.542940819170326
203,0.037103254864218886,0.001048323021258483,0.0010345837153051907,0.5427528549917042
204,0.8454773745001939,0.010114939496498908,0.004042775692603536,0.5427036872133613
205,0.01841797574003579,0.00041089395700387703,0.0004211283122448029,0.5467964229173958
206,0.07920495729603926,0.000386806866546197,0.0006696318669852404,0.5505121378228068
207,0.12966811175689688,0.0016110347496551024,0.0015493690993449761,0.5018228539265692
208,0.1058178014273202,0.001888899453160545,0.0011785983835247832,0.5521845021285117
209,0.10906966887436054,0.0005252723751206476,0.0008727035029622587,0.5499094650149345
210,0.17841177584018014,0.0016295007020781886,0.0016890475329049016,0.5462604928761721
211,0.08372322582201418,0.0018846041622177453,0.0023392665617081028,0.5431544608436525
212,0.9218921782412338,0.05899570819573696,0.0674998004799082,0.5441570798866451
213,0.37474915928735286,0.13161854761480354,0.13120774107935237,0.5491988826543093
214,0.1515515550942947,0.001827999279767843,0.0022194858130886747,0.5485125239938498
215,0.14082126198152187,0.0008888501904958092,0.0013051210699570658,0.5529936091043055
216,0.09551136830749091,0.0014546126378254226,0.0008470692658042409,0.5473050069995224
217,0.13863615870427967,0.0007735184330308291,0.0010820380624306548,0.552714244928211
218,0.08044497595784447,0.0010678380938300269,0.0009130401310429778,0.541360042989254
219,0.10246695470326309,0.0010700838347370942,0.0016050225575510264,0.5453033852390945
220,0.11803139996743041,0.0012823782803153654,0.0015458238665377888,0.5447632600553334
221,0.10061732833437793,0.0005923966458903515,0.0013703116534839648,0.5458576097153127
222,0.10612431927975384,0.0010864435666144009,0.00099228269641464,0.5402081441134214
223,0.23271288870242862,0.0015157664548380155,0.002851138001579468,0.5421615052036941
224,0.07908680542562824,0.000586353359464438,0.0008414628858163637,0.5052456138655543
225,0.09580541648051986,0.0021810193776112107,0.0022149422019917342,0.537681139074266
226,0.19526140975732614,0.0018578655802620326,0.001635063520962413,0.5251140668988228
227,0.12295766212287888,0.0012903369482048551,0.0010824526706785917,0.5387513269670308
228,0.05405599424532614,0.0005327165230151033,0.0007192733446825426,0.5381005057133734
229,0.1434836399835375,0.001650237262654818,0.0016942821705725954,0.5435968381352723
230,0.2639748412703604,0.003804934031664708,0.003264022166148936,0.5390668599866331
231,0.26372138605317663,0.001360655600857584,0.00181842903760877,0.5379745149984956
232,0.2610933524262767,0.0011289371889247823,0.0016170593363678595,0.5392116657458246
233,0.15716542179051454,0.0014958882821929722,0.0029862790969022975,0.539068013895303
234,1.2103917496622816,0.010068590240779786,0.015918746868687942,0.5384635953232646
235,1.3991955910842828,0.07494966436463496,0.06509844014902955,0.5373189561069012
236,0.0925377965113616,0.0012410771230417477,0.0009369475540815436,0.5397999468259513
237,0.1398237239071371,0.0018563528511983723,0.0014128873707620307,0.5381306549534202
238,1.058998855717673,0.014338522853672854,0.014611917226093042,0.5363322501070797
239,0.15215644073111775,0.0009077977435655002,0.0013792494998354637,0.5372549388557673
240,36.41539918910399,0.25764737477791105,0.15672443381278078,0.542294604703784
241,0.0798896377258134,0.0016192872570193486,0.0012488112475754175,0.5380388800986111
242,0.2344885105095433,0.0018997011682011335,0.0030260342699062258,0.5366308968514204
243,0.11187878219899806,0.0007028175889762072,0.0011280051289034856,0.534289644099772
244,0.045205604421056235,0.000521305467434069,0.0006028838896073477,0.5450348453596234
245,0.0913744765318498,0.0019481912352854807,0.001257963223842996,0.4953897297382355
246,0.06613643723474798,0.0011042045044699221,0.0013079883547849546,0.536981571931392
247,0.08755291044736722,0.00021337267761075362,0.0011889779345039353,0.512127370107919
248,0.10976288488753938,0.0009939674214938844,0.0010260293299008394,0.538179730065167
249,0.10765587262186949,0.0010790810617394815,0.0011718212253270307,0.5406308276578784
250,0.0871748740733329,0.0007157044602211087,0.0009957938470513234,0.528166726231575
251,0.39418162712451105,0.0031981700162148595,0.0037410152945924796,0.5381679348647594
252,0.08675074325038772,0.0012116157281649369,0.001460693628646375,0.5411891960538924
253,0.025892834549405677,0.0006978118736136184,0.000714210278339647,0.47518513770774007
254,0.05389032425392959,0.00023552094403277914,0.00047803206576116987,0.5389180439524353
255,0.04955140473301485,0.0008105768152736584,0.0006587539389160791,0.4963218020275235
256,0.08978316887256861,0.0029049210326967697,0.002317131701615069,0.5407851990312338
257,0.3118795100352762,0.0013071208185366505,0.0020589215686510976,0.5371112367138267
258,0.1275076228036865,0.001756029062118988,0.0012934062387652669,0.5384174478240311
259,0.03970232439206234,0.0005865653374903793,0.0005490356646821109,0.5386342909187078
260,0.13937754607287772,0.0009681060451017269,0.0007776604648465902,0.5382107766345143
261,2.0299753398812688,0.023924482552706575,0.03561265447693192,0.5359890568070114
262,0.07462810444073595,0.0005124410471459284,0.0010663870318771377,0.5401224279776216
263,0.05828098166015447,0.0006842215869804852,0.0006895567634501787,0.5007036658935249
264,0.08861148226766462,0.0007875944147771234,0.0009331276955855069,0.5358858569525182
265,0.09408090609404214,0.0005157546236348484,0.000846385438361503,0.47832641191780567
266,0.14453662567800188,0.0007188152305890421,0.0011454554612103794,0.5352402161806822
267,0.5574238457583438,0.00538990974662652,0.0035618277056168684,0.5353381694294512
268,0.12889176179192943,0.0010146082465247517,0.0010080227193258553,0.5351603468880057
269,0.05448530078333408,0.0008283136829922071,0.0006472876244670684,0.5351370591670275
270,0.07638941127885553,0.0007796954588768403,0.0008001365769477491,0.4895024048164487
271,1.1860918226804695,0.023215828890185128,0.023299266674700645,0.5356017211452127
272,0.07684124600934744,0.0011837060299891918,0.0011484590457145896,0.5357442502863705
273,0.3434152130844823,0.005311433640384626,0.003340627501814161,0.5327469240874052
274,0.11431196291427177,0.0014610858573750334,0.0016992122909018,0.5378215406090021
275,0.2126659750979148,0.0019770130605607206,0.001404831974877979,0.5377282178960741
276,0.7026212172838291,0.006220001648296549,0.008058822651713711,0.5357832331210375
277,0.055757865663836816,0.0006121023555128849,0.0008055189333608875,0.4888342721387744
278,0.0734360574401418,0.0008088955755777171,0.0008279340425178193,0.5351790799759328
279,0.8067377701726925,0.016276353990460422,0.016789774115270818,0.5352022959850729
280,1.9163153864627773,0.07636771886614586,0.08450912748456045,0.5341293290257454
281,0.07622579688265967,0.0014107487435963439,0.0013881088001493483,0.5349236247129738
282,0.6983450379654211,0.09101469938659518,0.08505721974449601,0.5352797340601683
283,0.040904754081017125,0.0008352171451840621,0.000860804261301142,0.47791343880817294
284,0.24524673817220377,0.0011393071959159785,0.0014615711713650834,0.5354919973760843
285,0.17238726115532835,0.0009427187820124703,0.0015468897923265861,0.5353704411536455
286,0.24132743777253657,0.0013210630330440878,0.0018296185619671387,0.5316961049102247
287,0.6909922971659151,0.06981965192768022,0.07211031298041673,0.5346942860633135
288,0.10281738820195771,0.0014233134300884087,0.0010760353121187219,0.5344754438847303
289,0.1758830284933703,0.0014024023730673082,0.002064077171575942,0.5342484577558935
290,0.14661256607209722,0.00186008587129653,0.0021399669463352143,0.5356429498642683
291,0.05179891950387536,0.0008293733666782347,0.0007074807659455211,0.5100023113191128
292,0.08767477507968471,0.0009126875594849135,0.0009826658965350588,0.5335091729648411
293,0.1402274810883939,0.0008063004293747446,0.0007267296688604944,0.5354442792013288
294,0.06308576419274461,0.0007858142594184401,0.0007435323388656715,0.5349477217532694
295,0.05865247804656594,0.0011798250139439213,0.0011356764339826345,0.5336931073106825
296,0.07495365574530305,0.0031409215063534154,0.0028715999415480425,0.535503220744431
297,0.04420269028410448,0.0010438099598968058,0.0008442455839438347,0.5351572898216546
298,0.019368070929578946,0.0002751242528130083,0.0003345311731001715,0.5341124492697418
299,0.07072464215635234,0.0009206023856185483,0.0009035228635916058,0.534569944255054
300,0.13387238473114121,0.0005725728683675398,0.0009863100515330788,0.5347134498879313
301,0.10479269815838324,0.0006960653746840666,0.0010236276317443223,0.5412322198972106
302,0.0894087511184556,0.0014940352967945827,0.0016720586355110942,0.5419925218448043
303,0.07362508871619994,0.0010468746232290514,0.0013112183047955812,0.5354617610573769
304,4.2619276911730655,0.05852587394742621,0.06576406761448379,0.5343767902813852
305,0.03942894757847053,0.0006469792202056472,0.0008305910584987478,0.5348910642787814
306,0.0381482786718495,0.0019533067257203386,0.0017939777200854338,0.5347637450322509
307,0.33877758189694246,0.0035920040242983222,0.0034072839623090472,0.5349291050806642
308,0.07574773890982714,0.0004294262043921223,0.0009058375127874613,0.5207772660069168
309,0.7787852436838789,0.002496556350289133,0.002191813819572363,0.5339198131114244
310,0.586532065001225,0.03258819606108662,0.0295449868790829,0.53562354715541
311,0.10759306866376721,0.0010110718860326638,0.0009024708614953087,0.536597978323698
312,0.07947394667028944,0.00010669704817281101,0.0008931338585094763,0.5355864763259888
313,7.949173078852315,0.05780082831777861,0.09409484665412711,0.5354479593224823
314,1.3934917799238287,0.10677283131114056,0.10041815264408684,0.5353674120269716
315,0.7183187664767807,0.0025640517806023626,0.005261077323549344,0.5354538289830089
316,0.07369008856784802,0.0008231364733052535,0.0009052000173963177,0.5355493007227778
317,0.07892839511884064,0.001068917612608947,0.0014075655089937555,0.5345703167840838
318,0.0598959731596456,0.0005161119921565132,0.0007156940062267762,0.5353154996410012
319,5.173304789241055,0.11118186099606346,0.07398769444707563,0.5354727115482092
320,0.24367219502017828,0.0027701683622839163,0.003081389213194364,0.5358762978576124
321,0.08102506577600321,0.00029978583028831537,0.0005915978324086511,0.5357974208891392
322,0.057100024862871974,0.0007915290810967898,0.0005647283068684821,0.46760401828214526
323,0.0497635800744083,0.0009262421953032368,0.0007095672153192084,0.5345499981194735
324,0.05297684168751161,0.0008697854287444153,0.0009334404538012892,0.49937793519347906
325,0.09377819035009469,0.00045452055748251266,0.0010640800219169366,0.5350472158752382
326,0.868499904218547,0.0066599925014781585,0.0023664404373798967,0.5337319346144795
327,1.954884068349328,0.0008416306603537004,0.023354382331592736,0.5345032182522118
328,0.17573880389227123,0.06671595164654534,0.06693020993173522,0.5356731130741537
329,0.042182759719488074,0.0007965047699748565,0.0011677558339002303,0.46761752385646105
330,0.22361922617845126,0.0018254471844138401,0.0017521726232821117,0.5346534559503198
331,1.5765706944360447,0.048207946487533744,0.04983746824952359,0.5357881020754576
332,0.15139977422638123,0.0005396607668118782,0.0013259083486366334,0.5366981052793562
333,0.2532028295403482,0.002349252266600744,0.002133919233914039,0.5350465779192746
334,0.5689051335022175,0.01793762413182542,0.02072199314215313,0.5354078891687095
335,0.16033386779036116,0.0018954989075560273,0.0017884918944503516,0.5349527038633823
336,0.17174584444245178,0.0020297025801254568,0.0012031408510633863,0.5376713797450066
337,0.08932215346444368,0.0007721856139430268,0.001339633488855031,0.534654974937439
338,0.03740708089402689,0.00030286598282322627,0.0004559041951584398,0.5200740350410342
339,0.1827681455664405,0.005865649388811992,0.0044698147080829325,0.5351193980313838
340,0.12522046819482457,0.0016643146975576105,0.001404055003830732,0.5343754221685231
341,0.1859173465761611,0.0007879320399568063,0.002313635084841871,0.5348525708541274
342,0.2574224900337273,0.004184568948840806,0.003670365276119195,0.5351991830393672
343,0.21172024986519125,0.0012830946374997616,0.001618110602538716,0.5354309068061411
344,1.9456233015301652,0.07587165003022477,0.06872474954534814,0.5346363740973175
345,0.10052251873808703,0.0007525747696175344,0.0011920452104324957,0.5346517111174762
346,0.4220534960300878,0.053339244080908954,0.05388223506497994,0.5346980490721762
347,0.09400140554471603,0.0008542103534883768,0.0010227397584327866,0.5349759021773934
348,0.3025316562092709,0.0036244456223520306,0.003052684961503067,0.5354340439662337
349,0.13427573660880338,0.001944056427888226,0.001713885409012288,0.5348670999519527
350,0.09033019997594173,0.0011114406093068365,0.0009512418990389529,0.4993295897729695
351,0.06086186663427138,0.0003401300302825665,0.0006369975758836277,0.4884690619073808
352,0.09100184520592035,0.0014292987280109402,0.001117993001901238,0.5203089378774166
353,0.11112410020097879,0.0009685455825084474,0.0014749091874406753,0.5210483390837908
354,0.14496552061502366,0.0011999502498447649,0.0013792212499535042,0.5342112542130053
355,0.09051602262693578,0.0014556471097543465,0.0010595509238895064,0.5348337139002979
356,0.0742841242878791,0.00029640666050564446,0.0007455109207892313,0.5348924212157726
357,0.04981205310048875,0.0014597313746119594,0.0014143218486440017,0.5353446118533611
358,1.2459828327041527,0.09015023260525072,0.09491787577835903,0.53531259810552
359,0.3131206504713439,0.0009160308109245405,0.002345153676802186,0.5351311061531305
360,0.3038646526641578,0.0037688421690556424,0.0027868633416998434,0.5351210981607437
361,0.038209689885241246,0.0007658327836599015,0.0007870124930508084,0.53105822019279
362,0.25592039988231646,0.0064398975840647575,0.004960366954579511,0.534962872043252
363,0.49353836041646354,0.03488342170198222,0.03297303252295937,0.534745963755995
364,0.08142666593435717,0.006936998472428174,0.007804660547032714,0.535285908728838
365,0.06507953784655715,0.0006503190084601426,0.0008554372551349512,0.5348569420166314
366,0.032391309513648096,0.0008734482521246938,0.0006719777605385998,0.4994941260665655
367,0.6977049161040512,0.09524071511511172,0.09725944916394734,0.5345941232517362
368,0.6585691730732555,0.10657830583016034,0.10081619196801148,0.5346319880336523
369,0.046038009659292875,0.0014084896417125754,0.001358035786831152,0.5348315602168441
370,0.11582336928744098,0.0011580790925820009,0.0011442735212692102,0.534374940674752
371,0.05333752062990753,0.0005663463299581206,0.0004320590648795229,0.53497603116557
372,0.053620408669924825,0.0005443763179846285,0.0007639485044208914,0.5204430790618062
373,0.10875310548720897,0.000798437100559633,0.0012814539704932297,0.5315951011143625
374,0.07807575810181992,0.0004924731186955393,0.0006599604546812276,0.4888317324221134
375,0.07646679366556186,0.0015938481342620467,0.0014455711771325546,0.5348834609612823
376,0.04822570325758807,0.0012084032246755935,0.001216366963092038,0.535196416079998
377,0.16493400254477064,0.0018936851667647348,0.0010775841618323903,0.5210568415932357
378,0.046504330345856826,0.0006916790039431205,0.0007370750757050977,0.531200353987515
379,0.6005670275515561,0.0018423157753063304,0.003947193401636082,0.5349029987119138
380,0.07421067679785184,0.00033815001263894865,0.0006865988126079504,0.4671361451037228
381,0.713111012420212,0.003230532266856649,0.003151385289149056,0.5352526470087469
382,0.09153248955447771,0.0026106842294962773,0.0020919521889763613,0.5354954670183361
383,0.15004781636050551,0.000937600812631647,0.0014264102858898666,0.5350911789573729
384,0.5019641556692611,0.004963980803312458,0.0031827558463072016,0.5353761170990765
385,0.4586531038151471,0.003274045672078725,0.00500643262885512,0.5355822239071131
386,0.11278575460402375,0.0012051081315281745,0.001261103146930388,0.5352191128768027
387,0.018110931694226645,0.0008469778158074029,0.0009652812179863439,0.4673132221214473
388,0.06395369102936548,0.000959155310220131,0.0008453781833028156,0.5354186501353979
389,0.09418676258018886,0.0009590893557819488,0.0012419679538487121,0.5361928818747401
390,0.046749392700765585,0.0010619868255035117,0.0010745004790113344,0.5346289579756558
391,0.06492676892646088,0.0009053313228475307,0.000980252952771099,0.5345354126766324
392,0.15183130070703496,0.0008653214556019026,0.0012813969971842505,0.5352444988675416
393,0.17554199275811,0.005055985571192983,0.00410825486826885,0.535548668820411
394,0.13387881787588535,0.005007954649183018,0.005804229574614122,0.5353649281896651
395,0.42639511455695556,0.007833520441200385,0.007002622473080484,0.5348418233916163
396,6.207555744416221,0.043297811136022206,0.11075344233259264,0.5341699859127402
397,0.1581313484880433,0.0010500077783923791,0.001127505530710844,0.5353812230750918
398,0.07059795808671458,0.0003285156388999396,0.0006763746309901785,0.5106838918291032
399,0.9865050404867756,0.0320624798923371,0.026471132292949732,0.5348514569923282
400,0.009009565334096213,0.0008464656611001231,0.0007694658297076969,0.5319124809466302
401,0.20445003096730288,0.0018572983737307287,0.0014138940254754754,0.5356350368820131
402,0.049383628929213434,0.0010705676723818105,0.000811631508875327,0.5344367711804807
403,0.38649767390132406,0.004719560370761693,0.004132828807508274,0.5352009241469204
404,0.18725450153630752,0.0021784456527214552,0.0022326966488868216,0.5353755918331444
405,0.1460993856269622,0.0012849840092481219,0.0013052617875464175,0.5348990131169558
406,0.16859475868604307,0.0031579452453699606,0.0023982113536532355,0.5354141239076853
407,0.1210500898146869,0.10455573524508839,0.1053764828512596,0.5355612528510392
408,0.08610704049344055,0.0012624164251458447,0.0014802443568930907,0.5119087812490761
409,0.10847041250267127,0.0008587824642701655,0.0013164360535959847,0.5349476980045438
410,0.11862392187523237,0.0013011737853779375,0.001084894136398285,0.5352447177283466
411,0.11251876778152746,0.0007570961968969567,0.001212418277299007,0.5346602578647435
412,0.17126500403479417,0.0008835592155395973,0.0015538530262424436,0.5350348739884794
413,0.22112118526230837,0.0026385033196810108,0.002168008931765716,0.535689742770046
414,0.11890683263596463,0.0006799388624010423,0.0011476115642947851,0.5345014128834009
415,0.09868056920367611,0.0012677240509707322,0.0010066581654376826,0.5343856289982796
416,0.06281167481706129,0.0011571483474676451,0.0011714091703556443,0.5350458449684083
417,0.06152478283359548,0.000756737337721819,0.000776927068973837,0.5351598639972508
418,0.08642291199921354,0.000740935533070757,0.0011597505890336794,0.5206530559808016
419,0.07960006079995294,0.0008825089748945142,0.001460369066248472,0.5342907407321036
420,0.11747348161975536,0.0012961280496690804,0.0010690567295142093,0.5345702511258423
421,0.19665101086130857,0.0037474157920723053,0.0021060926046049255,0.5349272689782083
422,0.07458790038843105,0.0010089939314341803,0.0009022863369613183,0.4781574448570609
423,0.07141527544883577,0.00039606530408432404,0.0008742257061365137,0.535223426297307
424,0.03743663480989458,0.0010879422123432994,0.0011345088705833728,0.53517004288733
425,0.09374279952748948,0.0008470421130449012,0.0010620835363975806,0.5212596580386162
426,0.09459461372091954,0.00033415359448952457,0.0007894117591009984,0.5346864531747997
427,0.15517428576320538,0.0012543889181555231,0.001617857586360897,0.5354811488650739
428,0.5485662083464024,0.0029868196166023147,0.0037654161204145865,0.5355299022048712
429,0.07532297376080309,0.0009516192212419191,0.0009393785536809217,0.5346855609677732
430,0.1045535507621901,0.0006922127992325344,0.0010232910618110382,0.5123400161974132
431,0.0799366709527684,0.002557802236677876,0.0017790970373682048,0.5350525812245905
432,0.04910667273289581,0.0003299736764200003,0.0005510632694814594,0.5349597819149494
433,0.030297423931035777,0.0005870355026826565,0.0008333039467263412,0.5350969047285616
434,0.12332389804322219,0.0011859063382976813,0.0013112984467590306,0.5369336791336536
435,0.11053473332702593,0.0007090754244290603,0.001140843144156652,0.5350039801560342
436,0.05227614459913078,0.0014859049647779929,0.00144587813368475,0.5327899022959173
437,2.10390642238592,0.09952535683576202,0.10902130723031701,0.5354587347246706
438,0.19721721557816646,0.0013930933194626592,0.0016906286894586837,0.5354576860554516
439,0.13120640733965933,0.0012498500507049201,0.0008668113730661699,0.5347174811176956
440,0.3090934597116627,0.002070819726485501,0.0023128131464738443,0.5357040637172759
441,0.13295814569576117,0.001607540740010717,0.0016803062944750929,0.5350116617046297
442,1.0647960943170776,0.18841810363580838,0.18283631210509294,0.5353676630184054
443,0.13443183441323175,0.00031515367844193017,0.0008422865873901368,0.53522405680269
444,0.23701856348736602,0.0024314993801145984,0.0020790661070231764,0.5365215810015798
445,0.08160930375486186,0.0006625632751313267,0.0011863630152562335,0.5354271302931011
446,0.1060518910580963,0.0013172045372726357,0.0012386281750372883,0.535243998747319
447,0.1678243489369747,0.002344988190047873,0.0016361528899812175,0.48908832808956504
448,0.1287154834264502,0.0012196570940391854,0.0013315837609263245,0.5347972088493407
449,0.11487603181419001,0.00043557685715633063,0.0014322772901206467,0.5351069658063352
450,0.0726838903133892,0.0009334504836735558,0.0010077096654967246,0.5346425632014871
451,0.12775377899671525,0.0006965441891677819,0.0012573383166359484,0.5348084210418165
452,0.0503333345215355,0.0010815360472803224,0.0009426559898620229,0.5348221492022276
453,0.10508067154035189,0.001846273051322611,0.0014175581081197306,0.5346685941331089
454,0.3308522848147248,0.16474789794291908,0.16526314277214021,0.5349343749694526
455,0.08899151052042818,0.0014033883140048388,0.0010902650712690633,0.5365104652009904
456,0.23922890365900515,0.0014786242901551536,0.002655421597465585,0.535350289195776
457,0.23479502280653572,0.0026580050538065783,0.0015890358295144683,0.5355766569264233
458,0.11023219778042118,0.0011106830762175931,0.0014312991984462367,0.534074978902936
459,5.654250193961893,0.13290274262077909,0.11131788228191626,0.5360464984551072
460,0.42746577176484024,0.04335076201620212,0.04116501933548881,0.5350578720681369
461,0.05238823240620004,6.154602601865117e-05,0.0006474056194826161,0.5006944662891328
462,14.608923697194145,0.1998191878271878,0.16670179430895832,0.5348304882645607
463,0.24487024330768592,0.0016373419037448793,0.0015931019349151702,0.5355610577389598
464,0.04811696193536618,0.0004931694156222266,0.0008179514409311739,0.520887394901365
465,0.5103726934692709,0.0055376023894111726,0.006720822470503333,0.5345687051303685
466,0.44931977192253886,0.004762275784656828,0.0035398171865423443,0.5351499849930406
467,0.05508609566189623,0.0009084761109292192,0.000705836401436404,0.5360092958435416
468,0.2861772864317421,0.004126870455689354,0.0048159999070327,0.5352051318623126
469,0.08756154678137525,0.0015360784298566737,0.0011796612340796526,0.5350898508913815
470,0.39475905913161957,0.003700842881746164,0.004924779185830046,0.5350920259952545
471,0.15544645514036326,0.001069789293904325,0.0010781989751387014,0.5317099113017321
472,0.07457174280027028,0.0006998384295316848,0.0005939385216501374,0.5365454889833927
473,0.11414343066935949,0.0006986863583850396,0.0011011996168997827,0.4993542358279228
474,0.08294990170526334,0.0008274342799132326,0.0013198900638752317,0.5351544367149472
475,0.11918251345006885,0.0016540909703694402,0.0015510251375977769,0.535030375700444
476,0.518670472114651,0.11122699728316915,0.10685632445524065,0.5359817743301392
477,0.2903289430958517,0.0010905241462024332,0.0022727132559858137,0.5351454620249569
478,0.1266617233748126,0.0011774287477994039,0.0011627492639725613,0.5353582738898695
479,0.15579205045186328,0.0024267744174490667,0.0016766371686741538,0.5350124598480761
480,0.05835021778190786,0.0008379797523086746,0.00086895042047015,0.5346019780263305
481,0.11578752744937917,0.0011409912427238669,0.0012309932164912924,0.5342522677965462
482,0.23313039091952698,0.0006598090984404777,0.0022159533427682405,0.5352961299940944
483,0.08639718244772195,0.0010932493754614186,0.0008869159578740219,0.5340781481936574
484,1.69320405221574,0.024872650935081984,0.016503130634526377,0.5353479641489685
485,0.07112511822832614,0.0003503848605768136,0.0009156579652250345,0.5342427040450275
486,0.2160055032614606,0.00015786010230122027,0.0022269964408378968,0.5370359369553626
487,0.06028784923437062,0.0007800814885170002,0.001009051186522652,0.5344382459297776
488,0.146161345469269,0.0016571659221309481,0.0015045511580005025,0.5345175908878446
489,0.11512750589381647,0.0006052782386472669,0.001132712209493934,0.5342073696665466
490,0.10897689300742681,0.0009886980494977155,0.0011397286507358571,0.48875615978613496
491,0.7542989270456489,0.08978357244002648,0.08481512039849672,0.5343516981229186
492,0.08620095597431214,0.0011253078649047087,0.0013565938649537901,0.5346995987929404
493,0.1397067714957002,0.0009986802711254431,0.001053381141408729,0.5345699130557477
494,0.06183646361461713,0.00026016419768526883,0.0005761034681764769,0.5120755368843675
495,0.13172223451737355,0.00043216575244583186,0.0010785047592416445,0.5345616219565272
496,0.2866398849625226,0.0011826698882808223,0.002854229817908517,0.5349233597517014
497,0.11095174320807658,0.0002947149144472701,0.001052166015240328,0.5346665079705417
498,0.12676685554431294,0.0007621163986968436,0.001504325522532172,0.49919545091688633
499,6.446225138129935,0.04353442441478874,0.06370581149562256,0.5346656912006438
500,0.11279585258637853,0.0006829908349763695,0.0015131689061433807,0.5350731089711189
501,0.10888731501050558,0.0009853587187798986,0.0011036834219668957,0.5368760307319462
502,7.773717123907938,0.06798699406136438,0.09804784712332411,0.5339888548478484
503,0.050179924087596,0.0005683362154087491,0.0009876576682413575,0.5344604128040373
504,0.2447199738192505,0.001523094780503503,0.0020205593360706252,0.537745070643723
505,0.08615085022191699,0.000943473533914265,0.0009427448153583008,0.5348308337852359
506,0.09623814759623427,0.0005696470354697557,0.0011176547331824003,0.5346486889757216
507,0.171134037777027,0.0010244048431595,0.0016935078929699967,0.5349622229114175
508,0.05720962940496155,0.0009602713186704989,0.0008173771533658967,0.5341677921824157
509,0.026305529059665027,0.0006684794289705891,0.0008251728496652379,0.5346783511340618
510,0.11452183839257314,0.0006087735290302112,0.001116205545098425,0.5354051212780178
511,0.06396456131190216,0.001021443840089831,0.0008997985987398339,0.5342113683000207
512,0.2689616812284874,0.0008809358692473369,0.0021237882687539984,0.5352906850166619
513,0.163686018780762,0.017544881176801096,0.018857802746406388,0.5348236244171858
514,0.05558637401668816,0.0010675247753787244,0.0010505459257438593,0.5346997990272939
515,0.168934271634442,0.0013839253926787379,0.002164811922979363,0.5333532327786088
516,0.3085403208231209,0.0033848740287526625,0.0015166279153070092,0.5356168071739376
517,0.28262647956798226,0.022966828700373764,0.024262111879101038,0.5347927617840469
518,0.25914246774400285,0.003437273752579924,0.002252508561629028,0.5350410812534392
519,0.17016800936808554,0.010039985121221427,0.009304050997814504,0.5351246679201722
520,0.13557622281432063,0.0017604866953473313,0.001954749322297053,0.5364304278045893
521,0.30823943983685,0.0031276486188853677,0.0029600080135815067,0.5386242740787566
522,0.1617276560994847,0.0003645134798225106,0.0012952383704856606,0.5320271672680974
523,0.05771902547505521,0.0017543756502724926,0.0017077461711102993,0.5372022879309952
524,0.2789861191329691,0.007712044421821943,0.006242665304144631,0.5404301867820323
525,0.939986939751559,0.13871230260756037,0.13520804968536143,0.5376485213637352
526,0.07075924570190378,0.0015246326961344898,0.001110018000611275,0.5378369791433215
527,0.044418840438967974,0.0008316586861228935,0.0007701556328485135,0.5233312775380909
528,0.18089688797030432,0.0013775455200362285,0.001637192027978701,0.538128923624754
529,0.06197737940908388,0.0010391245213476358,0.0011061109730132375,0.5362843121401966
530,15.886075933745891,0.06597697162378933,0.17916051892468415,0.5392995215952396
531,0.061688563460493916,0.001084741485519053,0.0011810257617434837,0.5338338008150458
532,0.2665050837806039,0.0008630640481778604,0.0015844488213601624,0.537295981310308
533,1.1358021590157232,0.13470328883858962,0.13611356411142364,0.5343178170733154
534,0.05065421313865232,0.0005416905166513845,0.000735161738804688,0.5333211640827358
535,0.20243338106278821,0.11121159469505061,0.11114660650688216,0.5359944072552025
536,0.13154901665131763,0.0007419471019083001,0.0014044196695926034,0.5368575546890497
537,0.11404333322175078,0.0017825616849718032,0.0013026040749947979,0.5370522066950798
538,0.195870788728271,0.0011229555372070368,0.0017257307468989337,0.5369546678848565
539,0.07493989352541394,0.0027009612652248802,0.0026373039752025764,0.537212444934994
540,0.08412583035520275,0.0011836278431503822,0.001287306335844886,0.4900426156818867
541,10.365133874735669,0.1181103787073455,0.1746578325812217,0.5369080677628517
542,0.18747306654479368,0.002416288587509246,0.0021114810957974964,0.5378976720385253
543,0.03491860173900046,7.28142674497975e-05,0.00039581504649071047,0.5115675278939307
544,0.11450592909921661,0.0009171601555039009,0.0012083998973260283,0.5363653800450265
545,0.03836800104934307,0.0007846586031653823,0.0007475532216762069,0.5116663449443877
546,0.04248480174933282,0.0007350519816609598,0.0008539126153311889,0.5367855578660965
547,0.045881767838504596,0.0014515654475077719,0.0016043997714479496,0.5369712710380554
548,0.12671292141499627,0.0007140931587619008,0.0011052595274695083,0.5363180739805102
549,0.29886850879789073,0.002343382645603349,0.0031383658528351724,0.5371048031374812
550,0.08509963396954136,0.0015158795102094326,0.0011112955953610842,0.5357890357263386
551,0.08451027359780863,0.0008910675931627269,0.0009215958796494279,0.48994815023615956
552,0.10199822531998033,0.0010887643316738434,0.0008674023719219058,0.5358717711642385
553,0.05397401286775168,0.0009405003456903184,0.0006897924744185442,0.5395116996951401
554,1.8903304668011072,0.048670337268438356,0.04833834329798921,0.5371925584040582
555,0.08647059675420816,0.0009140906932431895,0.0009401225800972926,0.5365121718496084
556,0.024411006158864074,0.0004913925390829717,0.0005389526296819576,0.5367073831148446
557,1.6770137666020641,0.013812781608555076,0.016483885070839092,0.5368404309265316
558,9.064742311803311,0.0793871593720344,0.11251859606345146,0.5360217546112835
559,0.10644557234575293,0.0013082911713890944,0.0012235188596828915,0.536411905195564
560,0.0709629283308698,0.0008631869661041398,0.0012293636385187032,0.5365477618761361
561,0.022556549063020744,0.0006372253744501427,0.000750554291624093,0.5359650552272797
562,0.07732024483975815,0.00106824549820094,0.0007929415195753998,0.53653509542346
563,0.5708909993529714,0.00649356010795927,0.0037610312744963087,0.5369839970953763
564,0.3753885685813809,0.12969483588575673,0.13165063841048733,0.5357039128430188
565,0.08487672115605123,0.0008677675114934504,0.0008177509529900767,0.5405993550084531
566,0.11840141515691183,0.000841503804866381,0.0012798781787138798,0.5373885468579829
567,0.09923768868747258,0.0010819816847978988,0.000869912672623127,0.5370279680937529
568,0.02528227346645987,0.0012821378633012396,0.0013005927024239091,0.5362501749768853
569,0.09410057458555764,0.0013395966615563507,0.0012227747786986301,0.5364459636621177
570,0.2394440213484149,0.05909014031399074,0.05768441046320661,0.5356913399882615
571,0.154894566907635,0.0014265156844207542,0.0014159158316803982,0.5364981801249087
572,1.5816023191995956,0.0517197537588437,0.04085954856404732,0.5388704617507756
573,0.2114438552560955,0.002172259667572921,0.0021726733481312378,0.5417247419245541
574,13.201573202897778,0.1616885159154656,0.14997448173741731,0.5357105848379433
575,8.407020923709021,0.06161822704574849,0.05056035379498496,0.5371213550679386
576,0.0885198120302185,0.0006373925312560862,0.0009385557558516967,0.5374859222210944
577,0.08852780021967978,0.0007814206367299983,0.0010539509221666925,0.48257336812093854
578,0.11862870587022262,0.002476110600638603,0.002756852392268469,0.5399795067496598
579,0.10217580996546569,0.001045830291000341,0.0014685976530589805,0.5380305852741003
580,0.16881526291760574,0.002528880008972314,0.0021109929057800438,0.5411136928014457
581,0.16799707890111212,0.002192789591696134,0.0023053557508151868,0.5405944171361625
582,0.045389820053926694,0.0002683080035576082,0.00041653593812424674,0.5404343740083277
583,0.047078205864364786,0.0008386788269447748,0.0009319565187800716,0.5413445201702416
584,0.09923761358917847,0.001023578212765079,0.000989965840288548,0.5366845587268472
585,0.19793183706758075,0.0023657718215864764,0.00214750278540134,0.5363882803358138
586,0.0942014548386265,0.0008179715530089802,0.0010486582352648847,0.53590725408867
587,0.7575817284145843,0.04667489806394422,0.044471376783579424,0.5364054492674768
588,0.10973316167325291,0.0002976864628166472,0.0011118291516906548,0.5383135909214616
589,0.012110328886106629,0.0004949552972723115,0.0005240206388737623,0.5368821299634874
590,0.03625422337917371,0.001484845486313822,0.0015463802239562066,0.5357006308622658
591,0.09621159222985351,0.0011969860773423304,0.000912049576099459,0.48979212483391166
592,0.28296995112733464,0.0026163133930673507,0.0027750708209723926,0.5356416213326156
593,3.2884146846915905,0.03263190230099738,0.06589119622486153,0.5331694441847503
594,0.23854401372780615,0.002547795672131588,0.0018486573335705966,0.5355152213014662
595,0.06801452922614037,0.00038490072292270605,0.0006851167959526556,0.5098514067940414
596,0.15130018370634865,0.0015240509135112437,0.0011592721059342237,0.5104502039030194
597,0.18519189684253928,0.0010306886687432091,0.0016032696862789092,0.535172660369426
598,13.161022110878333,0.13026104122492937,0.07807116745800752,0.5337149309925735
599,0.12083226412017638,0.0011348783210800098,0.0015238507865071814,0.5345365856774151
600,0.22707063294678334,0.0018502979723586646,0.001257403532579389,0.5348741533234715
601,0.13283667975166907,0.001998026109674115,0.0029769182662482,0.5356652811169624
602,0.0807771777626139,0.001207836328624902,0.0016029301954862778,0.5357424612157047
603,0.15383167737537548,0.0011500725392246803,0.001214176080379825,0.5344324926845729
604,0.04797323684140533,0.00034707620676611756,0.00047629464388907383,0.5207502641715109
605,0.07781645275498897,0.0012994797758714984,0.0012890474965734464,0.5336982989683747
606,0.09950831219989918,0.0006616242476228304,0.0008739792051302935,0.5349108669906855
607,12.854235024046549,0.1535456524151874,0.15254857737415065,0.5356601462699473
608,0.09870110326797535,0.0009893716173330562,0.0013407311493663335,0.5343270753510296
609,0.32723200170844025,0.16746545761233445,0.16799264713626885,0.5343852178193629
610,0.10738138994910992,0.0013422956895138363,0.0013117533122725946,0.5348140713758767
611,0.20773567884636965,0.001188950101057361,0.001944444255867372,0.5344187268055975
612,0.5067842652523409,0.0041562864155434524,0.0026379083148022884,0.5347858658060431
613,0.06047440615992604,0.0005450628429988663,0.0008357445365060899,0.5351188951171935
614,0.08199505300822267,0.0011914999569517827,0.0014717717198931286,0.535577803850174
615,0.11089496102245344,0.002121558965176935,0.0016534746281239778,0.5359068647958338
616,0.040475064895544435,0.0010600911699860042,0.0012662843655177078,0.5355586539953947
617,2.3311685148173713,0.13326979476586173,0.15020573809515744,0.5354832489974797
618,0.054903648206414704,0.0009629008924830352,0.0007462184000823667,0.5355068757198751
619,0.055120061233097234,0.0012431457885814915,0.0015585928608908585,0.5346437240950763
620,0.14597521344558684,0.0012597678350435761,0.00118080125963905,0.534757626708597
621,0.038419263657785585,0.0006473448414770217,0.0007069231696193028,0.4778425800614059
622,0.10278188228685115,0.0008641898311675473,0.001185751372713604,0.534805997274816
623,0.09995306113156102,0.0012846200582497936,0.0014157501631096771,0.5366703611798584
624,0.2462540403903085,0.007785757402444969,0.007038074767665819,0.5355718517675996
625,0.6109430213277989,0.006450156885691128,0.0033014816916104844,0.5346851069480181
626,0.025555935215493826,0.0011580957037246728,0.0011675070563250045,0.5354505451396108
627,1.8949172827635785,0.03820264591267308,0.0251808469116822,0.5353555902838707
628,0.10215302333847338,0.001581257407758593,0.001123812005638459,0.5349519471637905
629,0.1915529778885726,0.0035545304747623798,0.002578177401363877,0.5369743672199547
630,0.043668533249068935,0.0003521425562217186,0.0005242135108841244,0.5349388555623591
631,16.144523566622567,0.23433737288935652,0.19750342196489154,0.5346312671899796
632,0.06683910251134609,0.001358096715436234,0.001135976989321726,0.5352060780860484
633,4.644202747495098,0.11256683779845289,0.09931046396801105,0.5349689358845353
634,0.09570419834626061,0.0013610434296538918,0.0012459220868606025,0.5352180320769548
635,0.3164025604679183,0.003025395930256165,0.0027465694472565035,0.5361467241309583
636,0.1811359173561822,0.0016197317895071807,0.0013745632486124916,0.5359580088406801
637,0.09402854318513983,0.0013364106708583505,0.0010776875762126277,0.5348581820726395
638,0.08116345317363341,0.0011003355414005774,0.0011773359021422201,0.5367791340686381
639,0.05251823030807871,0.0008143499201115896,0.0006971829199875006,0.5327817141078413
640,0.17009564452656029,0.0031271508359796136,0.002697561111452788,0.5352340079843998
641,0.7583591526677734,0.009427533564192713,0.009920905432052266,0.5347593729384243
642,0.14079245203121787,0.001551881236670301,0.0012164324266178584,0.5350909349508584
643,0.07289938614460909,0.0008771927630958075,0.0007548384185365404,0.5344615280628204
644,0.1008731064362385,0.0007641989329926017,0.0009077285301800739,0.5349747086875141
645,0.07243542976661055,0.0014559250557898496,0.0012328545049189144,0.5338678099215031
646,0.1760370586751963,0.0009177933876154734,0.0014370494172361455,0.5346376001834869
647,0.2648094062400127,0.002515873000881202,0.001852964269132093,0.5349862319417298
648,0.055763286472341696,0.0008864240401894514,0.0008617389078739493,0.5206619263626635
649,22.141431288032514,0.18585649532519785,0.26447901564535864,0.5345759750343859
650,0.06711459286229637,0.00043005262327067226,0.000611684924255636,0.5356589937582612
651,0.0666499456613812,0.0015083287833872411,0.0012972988410200395,0.5210496159270406
652,1.9894288213460123,0.018799801640429714,0.012830534279959012,0.5357033107429743
653,0.14556588389066039,0.0013741278447722894,0.0019761002775749224,0.5355001259595156
654,0.10558337375917021,0.0008685436135137237,0.0012845324384676677,0.5385458082892001
655,11.913151615350959,0.08650185384871778,0.15450354361198157,0.5350753767415881
656,0.10256903109467602,0.0021013605697350474,0.0029938434188370557,0.5353965288959444
657,0.10332991811906274,0.0005082825959720618,0.0010072460765987415,0.5333477300591767
658,0.07610550864341498,0.001365079481979273,0.0013380428832142144,0.5350708360783756
659,0.0835415836644576,0.002347151910578755,0.002707581306496817,0.536321525927633
660,0.09980699969089056,0.0010731384666522726,0.0012949679389998145,0.5338414278812706
661,0.15145528774346922,0.0012068552942982955,0.0013123725654565778,0.5370754590258002
662,4.32855872104769,0.04805755018111341,0.07932637219223576,0.5330453896895051
663,0.20781574450103518,0.0017053216816277335,0.0022450343892756884,0.5352865178138018
664,0.3070726748188245,0.0021167504488567223,0.001439056066136984,0.5349091240204871
665,0.11908288866603313,0.002641259742675767,0.0019019583777113405,0.5370187791995704
666,0.26433668847450553,0.003265743546726092,0.0028116616506444684,0.5352514469996095
667,0.15346198591966337,0.0008697612384468006,0.0014449332520460642,0.5210091629996896
668,0.6056617018946405,0.245306812874921,0.24501328919300447,0.5339524419978261
669,0.15502610319218732,0.001804815286213495,0.0014060301960326924,0.5353834317065775
670,0.10698578312076536,0.00040197332092723256,0.001142464521772099,0.5353115969337523
671,0.1571292425655151,0.0007279595847059734,0.001421350196961051,0.5352021111175418
672,0.10983740840861222,0.0007468584592102473,0.0009937197175588488,0.5369892870076001
673,0.07688012985720369,0.0006069833881315861,0.0010417968150719795,0.5351829277351499
674,0.9862179524964063,0.016917464530812276,0.01832661026348435,0.5348441260866821
675,0.10441513564817556,0.0014348178743369036,0.0010573798399961818,0.5341209340840578
676,6.465565045262664,0.10430259720072968,0.08010008615641888,0.5323926829732955
677,0.09870635394164895,0.0008084861507656803,0.0008647628398522047,0.5347967301495373
678,0.06659788222610176,0.00047929999157934856,0.0007593155357451309,0.5340261072851717
679,0.07210066314758404,0.0013876767918177253,0.0015866017228637634,0.5353011391125619
680,0.127568905896127,0.0013034208520299637,0.001231679284132962,0.5345386760309339
681,0.8233214742291287,0.015672889590734818,0.010278489210735996,0.5352207636460662
682,0.05854844828015407,0.001106991442086865,0.0009711176680415371,0.5345631488598883
683,0.10549783304554594,0.0013106077671309181,0.0013273648692279773,0.5204306929372251
684,0.07742880149152523,0.0008686904076868694,0.0008906497559484264,0.5344247142784297
685,0.11947822925854094,0.00036198182879044067,0.001238781826478105,0.534803219139576
686,0.056334006319430203,0.0008798520213431537,0.0010107991442239459,0.5350362742319703
687,0.0688985346620034,0.00150367902614831,0.0013633937216211704,0.5199103821069002
688,0.04437996344482159,0.0004063226028561652,0.00047132950529073854,0.5351641080342233
689,0.10565984779003185,0.0007984078382310271,0.001003234204680348,0.5206930222921073
690,0.060375668237394375,0.00022950804813283792,0.0008114490284313662,0.5342214610427618
691,0.2307089504480698,0.001664021296812642,0.0016680248539586036,0.5352851338684559
692,0.07108185636748761,0.000228551181099658,0.0008131558637151465,0.5349615407176316
693,0.24278024655738908,0.0014103810678033051,0.0016954988686436385,0.5351965329609811
694,3.6689095012005306,0.08421630419717042,0.0504419952184679,0.533101455308497
695,0.04797565001737043,0.001068817465908776,0.0010438064984895257,0.5356225138530135
696,0.05106519919889992,0.0005898017981000021,0.0007149841376708,0.5334235532209277
697,0.17929593688908532,0.0015959368536843067,0.002777063162310155,0.535663615912199
698,0.23576316183833054,0.0021071529598256844,0.001912574104686407,0.5341571997851133
699,4.449019199185121,0.00915453761904657,0.023477727812674088,0.5345752211287618
700,0.11308839426385409,0.0011874520888011525,0.0008855028649882086,0.5346910189837217
701,0.11161850059903894,0.0018885413525761782,0.00166748295877425,0.4996886611916125
702,0.1417881654602194,0.0019218492290002413,0.0018368146140144406,0.5348470350727439
703,0.05922421735378225,0.0009124503476840233,0.0010875149046273248,0.5315326065756381
704,1.3093623773428271,0.10730465953997795,0.0982924289335396,0.5334616350010037
705,0.10606032419117646,0.0015557067895177875,0.0011561698954999314,0.5346201513893902
706,1.4591240044203784,0.012649082846388767,0.015872892909367508,0.5352510050870478
707,0.08384424740299731,0.0007931505084914814,0.0009796881549552867,0.5344339520670474
708,0.10813685230274281,0.0034691891871561483,0.0035400955139777215,0.5353716481477022
709,0.07226028669921325,0.0006371558444464756,0.0011880898467850998,0.5342423501424491
710,0.1106188152126082,0.0007376935948211164,0.0014112647593344373,0.531986708752811
711,0.7883807571788166,0.003998953776522118,0.0028698338740732847,0.5354860019870102
712,0.0486837616109742,0.0004760105497603957,0.0005262872921714418,0.5351150520145893
713,0.058864221657221646,0.0008518167621009157,0.0009567371866655781,0.5311740851029754
714,0.03788310142870516,0.0008743090343244395,0.0010340503561044269,0.5342972842045128
715,0.06604935171871136,0.001016406004876597,0.0010229994333708792,0.5346788056194782
716,0.15162275160417638,0.0004216469925008475,0.001173941219128929,0.5351094999350607
717,0.5186484762835843,0.002668232582969534,0.003476462372016929,0.5348030193708837
718,0.1469902308926549,0.0014589451606171226,0.0016626879509316977,0.5372452279552817
719,0.14643870541677703,0.0013827575959510661,0.000957300061794806,0.5351946256123483
720,0.09030650789909611,0.00034416514838972364,0.000748693415432817,0.5346500729210675
721,0.06919144970593669,0.0008361677242652732,0.0007116712765674385,0.5344427330419421
722,0.11369119789412772,0.0008554640540141217,0.0012136111487684787,0.5347977252677083
723,0.20310794538963464,0.0032927092432359114,0.0018070306554482747,0.5343230362050235
724,0.12459195413904134,0.002734277577323477,0.0019298265476847363,0.5347521961666644
725,0.20083144861893137,0.000908605717250613,0.0015063858590144727,0.5203867261298001
726,0.1013187875089409,0.0007839624566335958,0.0009195076365819687,0.5358030749484897
727,0.07786578459908479,0.0021793848377144693,0.0021565145977928634,0.5347845759242773
728,0.048539385439214024,0.002537677797100402,0.0027554560329641903,0.5356215951032937
729,0.06934406691460741,0.0004168725373124242,0.0007567589194521626,0.5344400457106531
730,0.14985285327978304,0.0015160126894008434,0.0015685745823162771,0.5349240698851645
731,0.05942485616699088,0.0010273910657606726,0.0010141142964874695,0.5359984748065472
732,0.2282396209290819,0.002258939772647575,0.0011467743952506175,0.5352509547956288
733,0.08137999992200197,0.0011955200476503076,0.000972828679487402,0.5341232228092849
734,0.04451709358109009,0.0005335915429095404,0.0005159734205207821,0.5343591943383217
735,0.3332715309439417,0.0030486264847744975,0.0034289523984519913,0.5363639951683581
736,0.06287538626037761,0.0006265420422473204,0.0007473643458200997,0.5315405847504735
737,0.0707657320305867,0.0007285239010262485,0.0007492654169060213,0.4886179198510945
738,0.1450798472278536,0.001420620206855374,0.0011124194226082964,0.5340597447939217
739,0.29735883230692095,0.00016181133953056888,0.002060960020861914,0.535669872071594
740,0.12901904674014975,0.00180706481231755,0.001792554530717159,0.5347558269277215
741,1.3791935336798815,0.1518791122812779,0.14032539829074764,0.5334732960909605
742,0.12143478302914525,0.0005179732424647912,0.0011565383118337265,0.46745104622095823
743,0.06561740620084375,0.0005806398801315279,0.0006977575189130487,0.5342398821376264
744,0.08026569462146466,0.0009862510542990668,0.0008780225045837726,0.5349960862658918
745,0.07553923527552228,0.0005092286886557256,0.0012355212745767347,0.534745775628835
746,0.1797197675515847,0.0016440174334036092,0.0016835355874602442,0.534696820192039
747,0.10401139178767026,0.0010008479726638603,0.0013618512157258583,0.5343650351278484
748,0.11481660074925121,0.0012829569735633142,0.0011891516531217627,0.5354366721585393
749,0.22935509233617293,0.0021042822512766114,0.002172914529374691,0.5351135120727122
750,0.06894744881370533,0.0008936596901464887,0.0008506931368240004,0.5347920679487288
751,1.3612300127090016,0.029270284888423117,0.036430386080568596,0.5350297023542225
752,9.84410382457724,0.0964811203814075,0.06322007443090019,0.5325234117917717
753,0.03091858147961601,0.0010517321328650318,0.0008141374452793308,0.5366922179237008
754,0.10206362095004373,0.00041806623949705194,0.0013639610940121834,0.5338835888542235
755,0.10081728734142749,0.0007898142387320773,0.0011165202450241815,0.5341467740945518
756,0.08189464469552366,0.0010342741632509765,0.0008618426640307036,0.5347628630697727
757,0.22642097036400505,0.0019775698543662333,0.0027860307997643924,0.5353940152563155
758,0.04097936286968912,0.0010139629483501293,0.0013196144107563334,0.5345428450964391
759,0.6045783982810554,0.1599390877173658,0.1594144264220995,0.5345692886039615
760,0.06279920225217299,0.001155059754529605,0.0010775414028970625,0.5345998322591186
761,0.22067595914598778,0.002094587364961662,0.00214749615908344,0.5350005538202822
762,0.0999192171899938,0.0007378607754854553,0.0011803501999524222,0.5346506712958217
763,0.06318808717612637,0.0011666522594285412,0.0011266994540911764,0.5351389301940799
764,0.07902990442121824,0.0005228513532616689,0.0007288159564745045,0.4563044812530279
765,0.1187471537546638,0.0009655302422159783,0.0013426365743287197,0.5208255969919264
766,0.15572796376159365,0.002691184515214899,0.0016464957306469251,0.5345349479466677
767,0.07483700773196844,0.001188549946640658,0.0011972878343126914,0.5358220632188022
768,0.029257971282282965,0.00135345998303837,0.0014532497838138194,0.5356747410260141
769,1.3237554576102886,0.02152867267318141,0.02287298867293797,0.5333964079618454
770,0.13476892128235018,0.004284006974066934,0.003789086452356644,0.5350148188881576
771,0.07126779440491587,0.001359828704993696,0.00099205550191529,0.4672419289126992
772,0.8699481374899122,0.006011174393435615,0.009393620522248992,0.5354990297928452
773,0.21663430654017143,0.0012447939514682713,0.0015308755294442457,0.5208888971246779
774,0.09852010820564258,0.0003879167345701534,0.0010052555085088737,0.5371471862308681
775,0.10929825040436404,0.0010428474706212635,0.001282282056912829,0.5351344998925924
776,0.11809793266986753,0.0013342148544869979,0.0021747173043180903,0.5383427678607404
777,0.14855599787690904,0.0011183562012601145,0.0011701553414348558,0.5357415708713233
778,0.07534247931091714,0.00048094850170393635,0.0006107732171434098,0.5349043887108564
779,0.048968080654626905,0.0007296895554921431,0.0007807835543365994,0.5349620170891285
780,0.2242265049914601,0.0775215443452188,0.07815079627017997,0.535284916870296
781,0.2144909257659036,0.00484538792204955,0.003315845163028331,0.536805312614888
782,0.06340328253951392,0.0006689056459253753,0.0008177219222113458,0.5207103881984949
783,7.694275818086333,0.21444301443852273,0.15525792187834778,0.5359610770829022
784,0.29708426369206703,0.08451689347844869,0.08561431839475615,0.537092830054462
785,2.7320201815415515,0.057702748132220996,0.07777930891111208,0.5350937419570982
786,0.19351006537796667,0.002226349094508845,0.0026326872741143288,0.5342833530157804
787,0.3260063131740266,0.005602388628829092,0.003344399110423785,0.5352213848382235
788,0.02818765357392325,0.0012276648998490527,0.001200774865487512,0.5348942182026803
789,0.41812959454001075,0.053750396282330325,0.05505032448223424,0.5353647521696985
790,0.1285153387923703,0.0010629279853223426,0.001083174565361072,0.536532636731863
791,0.09193801049230418,0.0009914270619693123,0.001423279190425245,0.5337579478509724
792,0.08181674814990524,0.0006192032419447377,0.000849282423834743,0.534549584146589
793,0.4215486303769522,0.0022525127963056927,0.0028831067722224738,0.5355560570023954
794,0.21733973302553375,0.002552463234100941,0.0019920597389726786,0.5352330058813095
795,0.01665262113120998,0.0006945108102521617,0.0006653150813853734,0.5348184029571712
796,0.1437089450752568,0.0005036921368017389,0.0009958992864304687,0.5345027958974242
797,0.07804411410553863,0.0013640130135353329,0.0015032517866876162,0.5374380820430815
798,0.10994833066460455,0.0018791445700455935,0.0010198440501233905,0.4992717267014086
799,0.3692087034413112,0.11024307174765743,0.10900614461802971,0.5352933020330966
800,0.1781234244544805,0.002218226545034723,0.0023394153237227006,0.5346793169155717
801,0.0503382930158345,0.0009798300287655892,0.0008428445491246945,0.5344662643037736
802,0.12368973362974665,0.0019158380884607901,0.0012935287512267075,0.534336396958679
803,0.25320040189335136,0.008337392305977458,0.007896599066572038,0.534581040032208
804,0.029653359973935426,0.0009742344829459145,0.0010143824908505753,0.5347585040144622
805,0.09466160255833501,0.0017812747584964662,0.0016528532114561255,0.5351183940656483
806,0.07714679371407239,0.0006275899074999558,0.0010742469898709834,0.4988468550145626
807,0.2700531426309942,0.0036897004314495395,0.0022130098096618043,0.5346864578314126
808,0.1455818021157361,0.0012107696360674702,0.0013391917664656138,0.5352036091499031
809,0.5554280470190678,0.003402054955915983,0.0034571569836460646,0.5347517789341509
810,0.12176124892356659,0.0013080439842246534,0.0010714449275596096,0.53464774787426
811,0.5212542625897024,0.008295025502584446,0.0050034915591505875,0.5351358870975673
812,0.16333023646542352,0.0008459885704960351,0.0014029936502473108,0.5348239541053772
813,0.35483520274703906,0.17691346659079665,0.17570595544110465,0.5338763268664479
814,0.24024544779140464,0.0013750377893054697,0.002191392631559607,0.5376174519769847
815,0.08164790325570362,0.0005357859876199637,0.0007129422149050125,0.5116232610307634
816,0.0865955792853358,0.0006017752939822959,0.000841121275257021,0.5353753720410168
817,0.1571238595242486,0.001089138812498927,0.001269078949991132,0.5368791171349585
818,6.560359215959183,0.10308696414565964,0.08093348777821627,0.5334586761891842
819,0.43913421191616,0.013745911113445492,0.01319481706209803,0.5351242800243199
820,0.48969002366384773,0.09265786961238202,0.09482188886043867,0.5349078699946404
821,0.12021742287054034,0.000974579085639658,0.0016804455271371148,0.5347030889242887
822,0.07603826962387604,0.007531927705006478,0.007491460505765622,0.5351383052766323
823,0.15394992085396672,0.0004434988183805341,0.0013601019656973422,0.5371190030127764
824,0.31970210529207954,0.03469377094167821,0.03411640412466985,0.5340753807686269
825,3.7424970069799715,0.056203488210038316,0.03864433047362259,0.5350328516215086
826,0.11675957374951124,0.0018231407705483096,0.0017232851690147455,0.5344883371144533
827,0.12090879215844975,0.0008639248404068144,0.001218925010018715,0.4783577071502805
828,0.14384558991271792,0.0020659823884844027,0.0017892895474882927,0.5342859076336026
829,0.15943579290822138,0.0015037244574289952,0.0015928736752388248,0.5352499489672482
830,0.15434042275891258,0.0021516784182567888,0.00199788575497867,0.5351573382504284
831,0.12619504762901096,0.00021331704476515743,0.0012985427717385942,0.5346917421557009
832,0.024519225823790673,0.00047755111262457367,0.0005297004659066729,0.4885604400187731
833,0.05669825036415712,0.0007716262379481494,0.000759964494415699,0.5345358131453395
834,0.17675055339929396,0.0019146971152327315,0.0014112047311363929,0.5346194826997817
835,0.1105617204917656,0.0019092836624345678,0.002017080952546386,0.534874115139246
836,0.14882211609345739,0.0019202268999278496,0.0013277558728045156,0.5344432783313096
837,0.2335521104836037,0.0012354302395559966,0.0022889655471205507,0.535067105665803
838,0.1469149443499263,0.0011092774714311652,0.0014513719116201402,0.4886090299114585
839,0.04842107839753332,0.0010023653136241606,0.0012035543938715945,0.4901572819799185
840,0.10493843980190938,0.000812272998564503,0.0010267930636888472,0.5347072342410684
841,0.13011019038651278,0.0007212100501440356,0.0014241208863807848,0.4989047320559621
842,0.2225200414374129,0.0009484383959111263,0.0019461954176305364,0.5348318098112941
843,0.11450577482860524,0.00069211490633772,0.00121230498534154,0.5348412632010877
844,0.04016349833445243,0.0007804148478990607,0.0006344173666448436,0.5345743079669774
845,0.040426934302442194,0.0008423266736161237,0.0007340756315761272,0.49930938007310033
846,0.08641858234427559,0.0009301615929930558,0.0008915902635856975,0.5349864037707448
847,0.1309694371185499,0.0007123297481872055,0.0014202454970618126,0.5346765490248799
848,0.11864389249742126,0.0009776138585593332,0.001266024633340898,0.5353922480717301
849,0.11398034204549454,0.0007702103946250934,0.0015853075574480803,0.5346061657182872
850,10.76352875337186,0.05234260586631031,0.09993471066302598,0.5340145789086819
851,0.15063669664274032,0.0015688350729907469,0.0015226445546463413,0.5348934107460082
852,0.20253735891290164,0.002407078228775348,0.0021628131923468767,0.535562661010772
853,0.5772299291704466,0.0026445657426908305,0.002185856406919468,0.5356476749293506
854,0.22074356688613592,0.0013673165483683311,0.0017582160068021322,0.5350617440417409
855,28.08142004681238,0.2137611751216764,0.31629543263941773,0.534019417129457
856,0.051822196079609285,0.0010128692066885513,0.0009854614339885348,0.5369291333481669
857,0.06633861288542066,0.00039452281511295393,0.0007229600109287199,0.5100478478707373
858,1.4291839101730448,0.010593181629463391,0.01410017022711791,0.5336652309633791
859,0.2629468871309973,0.002857225477326776,0.0023549139991658717,0.5353643726557493
860,0.038050097142281546,0.00012029776378966211,0.00034055566205057087,0.5358928968198597
861,0.05412737056113201,0.0019382912130614094,0.0015448745070395322,0.5352600868791342
862,0.14286925440294682,0.0019435644970195976,0.0014449854035801213,0.5351568493060768
863,0.15927789005638499,0.011933868871052467,0.012042970579515143,0.5346253388561308
864,0.19710689670421097,0.002628073820300206,0.0014375915421424254,0.5202439101412892
865,0.04535544060919476,0.0008849044603249044,0.0008331776975869562,0.5099144950509071
866,0.15664250432834437,0.001990439144485588,0.0019669254899625285,0.5349217322655022
867,0.07096327553314248,0.0011579061209941231,0.0009072992805528154,0.5348627059720457
868,0.09426977064986486,0.0015527152411959355,0.001435265232003335,0.5346944308839738
869,0.14895639312676506,0.002147261581255108,0.001249477469260741,0.5343424137681723
870,0.05591886372605946,0.000787676366013278,0.000877202031659352,0.5349003411829472
871,0.16474595869440195,0.0005818361740110476,0.0012333460033023282,0.5342703564092517
872,0.06508010636391362,0.0004496736287192184,0.0008782907097705772,0.534452729858458
873,0.08144058030811695,0.00023621266892964463,0.0007796748676070584,0.5345757338218391
874,0.026542262306779953,0.0007807737721481148,0.0006991277006753088,0.4994779978878796
875,0.07234419413305318,0.0006647622323431646,0.0010949040201374029,0.5341483661904931
876,0.10445323453664959,0.0007074678509294858,0.00087694920223314,0.5312283639796078
877,0.07464487735939511,0.001093030381770881,0.0008523260924531364,0.5347422137856483
878,0.14082003374863095,0.0007849640032704232,0.0012197853715352157,0.5366063420660794
879,0.06576852102552257,0.0008776500039499119,0.001102123754938544,0.5352848749607801
880,0.12349996369694392,0.0016446941349222974,0.0011756626153391955,0.5375989302992821
881,0.3220609292941944,0.0018659727558701137,0.002225082393896676,0.5352047611959279
882,0.2633579777838487,0.14225690755660353,0.14160420596146658,0.5352829336188734
883,0.04904155180557553,0.0011825555119700354,0.00133188596771078,0.5342959221452475
884,0.05407741716815072,0.0002654478215497109,0.0007577850008390058,0.5341688534244895
885,0.35983497939221915,0.0053112263504261825,0.004281264911708421,0.5361469266936183
886,0.08539690904938692,0.0008668081856041454,0.0009313253917912022,0.5350783811882138
887,0.11072927615594037,0.0011692215940821548,0.0013946955644040689,0.5104013620875776
888,0.10245269753445266,0.0009535832472218962,0.0019867717166250996,0.5351246860809624
889,0.044252751566355504,0.0002880855025307255,0.0006030127637147118,0.5352120520547032
890,0.12774585678541972,0.0012303705163090228,0.001344391366415554,0.5340059599839151
891,0.27697376555568526,0.003730089842044764,0.002027989329637057,0.5347178489901125
892,0.06183863806561299,0.0007576364292677158,0.0006929706653289182,0.5345479901880026
893,3.167434131531965,0.024184269212157196,0.036787467527816316,0.5339634567499161
894,0.11224756868820397,0.0013551935984721342,0.0011356346623144298,0.488601497374475
895,0.07597323421514313,0.001315167077586054,0.001125276511742108,0.5347911398857832
896,0.046882949551628084,0.0014164209416425932,0.001273277987529007,0.5379561628215015
897,0.068991698127096,0.0007808982625846961,0.0009498330158526405,0.4886110099032521
898,0.11621471744341047,0.0007352882806442339,0.0012302634727119621,0.5345121370628476
899,0.05695789054889763,0.0005932905323596078,0.0007881409963462011,0.5348280901089311
900,0.08078888002004543,0.0010943406498720284,0.000835224954474228,0.5208657127805054
901,0.7471688411233073,0.046481261718321065,0.04274294191256135,0.5353201655671
902,7.364452857154562,0.05437371050037839,0.1300315289482857,0.5332685708999634
903,0.08281527497875604,0.0009666827661865633,0.0009566528961984963,0.4563870779238641
904,0.042022301125914534,0.0011358491164732293,0.0009842503721195787,0.5349365333095193
905,2.277331074175312,0.10902415568601234,0.11758113574148012,0.5348746119998395
906,0.1296428402765152,0.001339822824288505,0.0011830612244513447,0.5342242759652436
907,0.0793396745246498,0.001268169495186073,0.0009511630727479806,0.5357538368552923
908,0.12624880923188558,0.0014004738494781289,0.0014617684562719326,0.5351730901747942
909,0.0721658496357452,0.0012884442831291388,0.001005245396215294,0.5373494531959295
910,0.08642084966727859,0.0016029079261773232,0.0011584203191006392,0.53446208499372
911,1.1476421064703783,0.006427534421384379,0.010287374262990204,0.5351235889829695
912,0.6558902942721179,0.0588626186316197,0.06059755189403133,0.5346852727234364
913,0.34731489173251195,0.06466128391947801,0.06397596459614081,0.5348057993687689
914,0.08295388673748641,0.00044228967237619097,0.0010288368755854138,0.5345303402282298
915,0.07203438504515845,0.0005972620467520622,0.0008086333940992718,0.5343879400752485
916,0.1748995150067536,0.0013755979914530938,0.0017697304978064761,0.5367568549700081
917,0.12345849555013522,0.0030497793026824137,0.001894095738300531,0.5345904948189855
918,0.10098395873705897,0.0016966557892881674,0.0017368110728633829,0.5352316638454795
919,0.0440902272027298,0.0006412956173457812,0.0007486851317691593,0.520255038049072
920,0.060309995695225764,0.08613747560375527,0.08637998338825251,0.534975275862962
921,0.10393544093690067,0.0011242499909800035,0.0010984838758420267,0.534341458696872
922,0.123933284909911,0.0011573922268174393,0.0009746168181655973,0.5339274825528264
923,0.20027698603463953,0.19058773039418667,0.19063993243015742,0.5342113627120852
924,0.7094140574461563,0.0072869031559875015,0.005928224048602014,0.5351509042084217
925,1.1138536984137475,0.05933085576310194,0.06602212022412976,0.5353178908117115
926,0.032219534997767744,0.0006908810807826041,0.0007101301484228185,0.5344656277447939
927,0.02736761619541766,0.0005613847846032441,0.0006671410068261587,0.4673761338926852
928,0.1333294754527447,0.0010127262333856526,0.0009550330805929662,0.5351742743514478
929,0.8938208373404031,0.013626795995856485,0.014028079030212057,0.5342734488658607
930,0.06937007962811807,0.0009976294466604422,0.0009192200577536156,0.5366057297214866
931,0.039965533354518634,0.0007921638025691136,0.0006545516086498952,0.47948095202445984
932,0.08076709337691339,0.0015276683935086278,0.0017069368216467208,0.5344254029914737
933,0.43381025365119047,0.008601574863510167,0.009198748392256062,0.5350080910138786
934,0.9383002921639239,0.05353379714386753,0.04832366678576726,0.5346438749693334
935,0.12005137370226962,0.0010497138715544671,0.0010380072527674895,0.5345649570226669
936,0.0980701583798981,0.004433429929212807,0.004136559098809909,0.535169567912817
937,0.07511797882889588,0.00040069204393455973,0.0009388347676264723,0.5346436523832381
938,0.3768848828637233,0.003519784627593547,0.0025356377629025552,0.5351390177384019
939,0.04007716794456433,0.0004431689506831244,0.00048043909311488173,0.5103846518322825
940,0.019547848090990614,0.00041579541493918756,0.0005137806294195099,0.47748228581622243
941,0.061903668776486225,0.0006849906680597389,0.0010475739923389792,0.534471363760531
942,0.1643586774087536,0.0016595242930620324,0.0010536168659231197,0.5344545692205429
943,0.06301306780531007,0.0007177552378123138,0.000801459446957819,0.5338908317498863
944,0.0748000541508313,0.000866411242744253,0.0008944169971490374,0.49927310505881906
945,0.07980344039721815,0.005389281854807927,0.004521818932679419,0.5350568019784987
946,8.56862565060609,0.029156288360747337,0.07067689282575046,0.5367793766781688
947,0.17642767797187303,0.002395062545872487,0.0026037685341153654,0.5349237192422152
948,0.13377711794069452,0.0017716089130456786,0.001743217541823762,0.5343909109942615
949,0.10243295549439425,0.0007364417200491133,0.0009201136973940789,0.5339889237657189
950,0.19437232583168193,0.000814860867002266,0.0015810713583331887,0.5346204731613398
951,0.08030005827501752,0.0004320824467005113,0.0008082879484125455,0.5344719868153334
952,0.03509407254973099,0.0010967978434566505,0.0013531502497483112,0.5356057472527027
953,0.04745221946902646,0.0006654333917283826,0.0007332780271658351,0.5206459043547511
954,0.09863559813440602,0.0010039631631699136,0.0012509073875689362,0.5305301737971604
955,0.07172232037060004,0.0009327347267276382,0.0009755573331285003,0.534175559412688
956,0.17675246584114884,0.0012219792927584128,0.0013862265096751766,0.5344450040720403
957,0.06604659503316662,0.0012123405536317525,0.0014610934617841453,0.5344810159876943
958,0.05274199279630315,0.0005160072016761303,0.0005379151151773878,0.5347764189355075
959,0.30429993697800617,0.0025677780765841728,0.0020339126409179512,0.53484589420259
960,0.20998997788717677,0.01674704018696555,0.017212570656468713,0.5350042311474681
961,0.19454014828536928,0.0011117846741223478,0.0010130716565731554,0.5343736973591149
962,0.19445316897950743,0.0011653478244475187,0.0015939184184518606,0.5340923559851944
963,0.08259864302518446,0.0011386818911208365,0.0007895310340810328,0.47812726302072406
964,0.1801916542661946,0.001514655478347313,0.0020639124042933373,0.5349087039940059
965,0.0521131748622608,0.0009742242620366091,0.0007499259105994615,0.5351234679110348
966,0.04900721716562885,0.0019416708551810418,0.0016489247170396598,0.5348845487460494
967,0.45793002722564824,0.04309056601381332,0.042271748328809866,0.5353523474186659
968,0.18073615930829798,0.007473369957720253,0.006467460454224404,0.5340228462591767
969,0.060298875683192164,0.0007600866796173392,0.0008672876493796799,0.5099882017821074
970,0.11575441814577708,0.0012490464790484723,0.0011808919629370204,0.5348582523874938
971,0.14397829753542382,0.001159100385243908,0.001327415466926089,0.5344274998642504
972,0.1888285444143276,0.0008903604946719132,0.0014014164218499046,0.5351726030930877
973,0.10020424599555859,0.0010284756072120357,0.0017493530954514585,0.53471744293347
974,0.06219177268828969,0.0010500743340754147,0.0008454125384535964,0.5098350360058248
975,0.14226223848848982,0.0013599538281039484,0.0014534298558500382,0.5205173613503575
976,0.19287383029733127,0.006956403570090823,0.005843137413700762,0.5350026949308813
977,0.5642868246830721,0.003433228150570456,0.0027434553123195137,0.5349728497676551
978,0.11728686837904642,0.03396218441793782,0.03387115554071111,0.534377277828753
979,0.08487203073051261,0.0008362828621754544,0.0008412141589863526,0.5345986247994006
980,0.060756918450668454,0.0011654156263980503,0.001243270647435672,0.47791790682822466
981,0.21657332823124528,0.004010805736213952,0.002597231911008547,0.5358147760853171
982,0.07746907179883548,0.0007134552981532561,0.0010046653220325836,0.534173646941781
983,4.6893090744758865,0.028178240762035227,0.04626122893965589,0.5347893112339079
984,0.13274993134749985,0.001067922031846817,0.0014524033007578265,0.5350799332372844
985,0.08616988373424597,0.001206128536102757,0.0014461186777384814,0.5342554659582675
986,0.07454211660273356,0.001088533887147963,0.0011561004868801696,0.49963500211015344
987,3.0567806626365366,0.05930232540675216,0.046533957514362734,0.5347223677672446
988,0.18514507037081462,0.0008889035132538032,0.0013406844406747497,0.5360221406444907
989,0.3563162500326398,0.0025819370862910952,0.0020496998098847056,0.535113472957164
990,0.09166303407541321,0.0010247453992784628,0.0008384073960534539,0.5339738209731877
991,0.9784870692662168,0.025574634105763057,0.022697719025436346,0.5347408149391413
992,0.09867782535308295,0.0006410483679576413,0.0012006380869569568,0.5350850243121386
993,0.10703297431815399,0.0009542677301383295,0.0013544814991616773,0.535298093687743
994,0.060213646383024344,0.0008086056209175463,0.0006897672795278499,0.5341330147348344
995,0.07234833390143136,0.00039150012737092227,0.0011072867554281125,0.5356770353391767
996,0.23106298683734905,0.001681979374377646,0.0019250929495506673,0.5342568811029196
997,0.05274830042051294,0.001466466952568797,0.0011767654417127664,0.5221932018175721
998,0.039504042055976074,0.0008826235023951432,0.0011652048121312349,0.5357088227756321
999,0.13038234995960102,0.0017084734429694112,0.002420533850330772,0.5354240923188627
1000,0.16971335042528066,0.004566963760893699,0.003840152194050925,0.5356614459306002
1001,0.04355855971678849,0.0007635575559290643,0.0009366452898367952,0.5313653177581728
1002,0.0866017804001173,0.0006582843572537094,0.0011120807773978354,0.5098154470324516
1003,0.12657515492359905,0.0009083244068403251,0.001331943187221845,0.5345743210054934
1004,0.3482496715425742,0.22025914373904068,0.221768819114724,0.5349663640372455
1005,0.21515386558778138,0.012138057289525302,0.012325485000698445,0.5354180708527565
1006,0.11962954740575739,0.0009147424751715083,0.0009379290967751945,0.531684628687799
1007,0.14438272705357996,0.0021576097213478578,0.001955043709840504,0.5364228971302509
1008,0.8918491679243171,0.09815190940311337,0.10020361475773315,0.5346785075962543
1009,0.1037970129743861,0.0010975506925520054,0.0011782964548553484,0.5350143709219992
1010,0.09975478869480357,0.0011770362180326293,0.0011896312470889103,0.5353775010444224
1011,0.20744803478687565,0.0022429307963285554,0.002663422211530092,0.5349517120048404
1012,0.2671283986279423,0.003426101908595945,0.0028581111428040372,0.5352729898877442
1013,0.07760492135704299,0.001311675247014274,0.0010857655347829552,0.5344570619054139
1014,0.23093955578377887,0.0023196485746837963,0.0014028007176168388,0.5367793529294431
1015,0.13814685734652066,0.0010437879063172112,0.0018243698165749443,0.5352063071914017
1016,0.07987359728149399,0.0006710062124701973,0.0009748096843478537,0.5344495046883821
1017,0.28757121969711225,0.0018842540428162034,0.0018063534724024127,0.5340172341093421
1018,0.8243242070993909,0.004741156212692278,0.010554539319556295,0.5350009151734412
1019,0.06714079625692977,0.0007891017142936857,0.0010710020675070004,0.5347767807543278
1020,0.041858013214939496,0.0005167481437769306,0.0006933178331971988,0.5341467298567295
1021,0.08957999834128881,0.001833105500624557,0.0015792311121661001,0.5347928279079497
1022,0.08286514334941397,0.0013001864992454213,0.001004430444299254,0.5117348763160408
1023,0.08719321140746049,0.0011347419800435104,0.002209623784842539,0.5349345691502094
1024,0.03738242858841984,0.0016737455571357964,0.0016860704681167322,0.5349998357705772
1025,2.608839523761476,0.03892599099663792,0.03610471057301499,0.5355658158659935
1026,0.12317982184736825,0.00019471340417222756,0.0010446409192174525,0.5363145410083234
1027,0.7320885133125486,0.014108214009533932,0.01171299720883376,0.5345940547995269
1028,0.19411408461251434,0.0034936384392618425,0.003027911653069231,0.5347655690275133
1029,0.06658216278078145,0.0005618353869554895,0.0009011343560728273,0.5310691609047353
1030,0.06498608417839803,0.0018586073488644687,0.0017774654416297397,0.534936626907438
1031,0.11682188619748798,0.001622176820851158,0.0009250386570421025,0.5353024993091822
1032,0.10444909221650814,0.0010292300494684167,0.001141353674127175,0.5346950842067599
1033,0.12128245296484746,0.0006542421064586592,0.0013307133610852102,0.5345650361850858
1034,0.05599107416842853,0.0006257334327402164,0.0005785521710368316,0.5343822757713497
1035,0.09579237851592713,0.0005743958345240007,0.00132835576028272,0.5345477350056171
1036,0.29517737922583853,0.002326754478208162,0.0023096756415444362,0.5347608998417854
1037,0.5257600033993948,0.027818515324358088,0.024136577487062882,0.535517102573067
1038,0.07446313595605708,0.0010187519522910466,0.0011682129827532296,0.5343429292552173
1039,0.08284115900826491,0.000929169588948297,0.0009314633388030013,0.5345611129887402
1040,0.14156710683616916,0.000901751188436195,0.0014126552524233971,0.5340014263056219
1041,0.07400248894505333,0.0008695868167856771,0.0007709376935764,0.5310484999790788
1042,0.12014391725521283,0.001883465925050569,0.0011201953926083356,0.5350422482006252
1043,0.08819643876785115,0.0010922838378485903,0.00092569813917165,0.5359712271019816
1044,0.45381072915844484,0.0018909613693954563,0.0037398934443218673,0.535411189775914
1045,0.07580596914737167,0.000688607176057906,0.001204853445811352,0.5342104136943817
1046,0.07896756191447034,0.0008811115696613423,0.0011553999812205695,0.48851637402549386
1047,0.14012382127293221,0.000538431920834254,0.0010012526856029952,0.5312800710089505
1048,0.047677964391183235,0.001132454205456061,0.000956552211242078,0.48851522896438837
1049,0.08481841417146695,0.0010946573169301522,0.0010926140450999652,0.49951757211238146
1050,0.18018601162525413,0.00042609743285886606,0.0019655769118478114,0.5209499849006534
1051,0.09091907543585158,0.0013559617430522867,0.001428065691675563,0.5205567860975862
1052,0.11669408635500864,0.001251988048090168,0.0016021153556423629,0.5363739710301161
1053,0.9966532423539547,0.05985661461370593,0.05393377501163879,0.5343730146996677
1054,0.1112865423867529,0.0009210685449331706,0.0007706370976227868,0.535058134701103
1055,0.07799016643733825,0.0016567606999743994,0.0015378767287981617,0.5349357347004116
1056,0.08669789645263869,0.00016249068515988572,0.0008984748359088542,0.534959880169481
1057,0.5977551502149663,0.12172792313100549,0.12497624660648876,0.5344135169871151
1058,0.22479244634413575,0.0018552965682233327,0.0019891419849257966,0.5350204790011048
1059,0.1635639133995082,0.0017601579361280967,0.002667776100799596,0.5352358161471784
1060,0.08309098254803178,0.0008899567374166137,0.0012164559171135084,0.5343190599232912
1061,1.578993123614817,0.13238733853942364,0.12601292146857718,0.5344586190767586
1062,0.041790048344412294,0.0014111948308145514,0.0012341944153028757,0.534912290982902
1063,0.030499636226730253,0.0012865275972902728,0.001363994654697633,0.5350837227888405
1064,0.4948937833869564,0.003875152293398329,0.003939661315065322,0.5369544113054872
1065,0.09971731570297096,0.001669767538919772,0.0010863341828262513,0.534295218065381
1066,0.08041948519729876,0.0012132015959166662,0.0010797249602416388,0.5349000412970781
1067,0.2805439890277733,0.002771876082035209,0.0026708387225286524,0.535167058929801
1068,0.15709992183418847,0.0012746527577555068,0.0014400815008466575,0.5342449340969324
1069,0.05586371480632761,0.0006436304509432475,0.0010592461457928162,0.47810638416558504
1070,0.19188194415996251,0.0005495296032331955,0.0013961836600902644,0.5347034973092377
1071,0.24305626078714748,0.0025403292843896837,0.001680238033678812,0.5350497392937541
1072,0.10079540712838105,0.000976188070001026,0.000784730095284589,0.5344565291889012
1073,0.24075437142341385,0.0028902011015619175,0.0041240460440871065,0.534952528309077
1074,0.7847548617377254,0.0061941838117537595,0.007106266323759503,0.5353393401019275
1075,0.07899243594298067,0.0008382422869978101,0.000977501951541786,0.5337623511441052
1076,0.06987036809974907,0.0015284299175784524,0.0013413174016084922,0.5346423108130693
1077,0.1148387943015866,0.0006070517221199602,0.0012565839598676059,0.5344865820370615
1078,0.4096468575566278,0.00480374235604565,0.007655455048561481,0.5349266990087926
1079,0.08883060540676951,0.0007831838219539388,0.0009469965246090958,0.4780024792999029
1080,0.5419651367807381,0.10937542627678207,0.10911861332821486,0.5344216860830784
1081,0.135435211411858,0.0011143631974728928,0.0014533525670913513,0.5312304627150297
1082,0.14154560554060525,0.0012856557453379514,0.0010863103266436154,0.534956187941134
1083,0.239507878315497,0.003228353888558928,0.003290087319930324,0.5349209802225232
1084,0.08561226014281555,0.0005938473244409158,0.0009226734342133762,0.5210842937231064
1085,2.2190035478388572,0.021195690507032725,0.025492954067330358,0.5350936888717115
1086,0.06622708561091767,0.0006739597925222656,0.001088458364517072,0.534882185049355
1087,0.1515838101059111,0.001985969014314223,0.001755680854955115,0.5349279530346394
1088,0.11740652269554722,0.0018824373647600612,0.0014986966038296307,0.5317721995525062
1089,0.47276447649618214,0.015385221608400132,0.012109040534067262,0.5334697812795639
1090,0.08250866214171988,0.0009573834742912054,0.0008102365184310399,0.5342840258963406
1091,0.09219292976892603,0.0012471615272346436,0.0009163870328964708,0.5342522631399333
1092,0.5936280901738656,0.01141970419899383,0.008445292809330412,0.5350210391916335
1093,0.29462401258268667,0.002785854478437224,0.0035756588657662887,0.5349679361097515
1094,0.2024367633609892,0.002132227385816715,0.0020348649627238624,0.5346197308972478
1095,0.12453228408072026,0.00068936780069158,0.0014993545256530494,0.4457624591886997
1096,3.254044314344686,0.06988296756100626,0.07028748433910365,0.5352673809975386
1097,0.09553160857561728,0.0013745922274804232,0.0014816636299763834,0.5345659009180963
1098,0.5629812961670227,0.1835295315721683,0.18250929986176823,0.5342700672335923
1099,0.05131083146156022,0.0007333523333769532,0.0006331379483109733,0.5347740710712969
1100,0.13936300671444238,0.0014174112105082904,0.0012689485530754953,0.5349734481424093
1101,0.09354770018510052,0.00027571405366785806,0.0010749432168586134,0.5345126148313284
1102,0.0795314853218494,0.0010729424583623452,0.0009955353712432604,0.50941829290241
1103,0.09825661605641893,0.0011636297602323478,0.0011369032840710305,0.5348119209520519
1104,0.13189829747095036,0.0010787079802876145,0.0014445578333960542,0.534195564687252
1105,0.2582923094613828,0.0017549291648586158,0.001972341675209873,0.5351352621801198
1106,0.1070400295465189,0.0014539438927175857,0.0012452827794001546,0.5343516138382256
1107,0.03966383685319521,0.0006017711811193677,0.0005728684106346653,0.5347886788658798
1108,0.15240838583764252,0.0006952501215066307,0.0009072947319473792,0.5347851300612092
1109,0.07840858159467577,0.0009076285496432052,0.0008243484838913244,0.5311570093035698
1110,0.04313006486172856,0.0004834615970146714,0.0006278823919854481,0.5342947239987552
1111,0.07137923995953123,0.0020356447085405757,0.001571224117164953,0.5361282769590616
1112,0.05442383593389291,0.0008601873411437423,0.0010453455924913225,0.488188907969743
1113,0.16600233484361618,0.0015700862403928773,0.0017654078481097034,0.5345644475892186
1114,0.14847496775688304,0.0017579186690563709,0.0018635120599284024,0.489331035874784
1115,0.11860185688365421,0.0006165292682580563,0.0012348394238144563,0.5361278769560158
1116,0.0563282503887183,0.0007982036413360303,0.0005933509365780424,0.5345225199125707
1117,0.19592395964853657,0.001980261755508102,0.0018909694470127154,0.5315435351803899
1118,0.11097770500109103,0.0016396844440879261,0.0011023726608883838,0.531213232781738
1119,0.08562902936718568,0.0007288153965699127,0.0005637546208963388,0.5203810571692884
1120,0.05572093741367465,0.0005633789843861102,0.0009209669908007844,0.5338801378384233
1121,0.22751263439287986,0.002292135400528287,0.0017460000079744951,0.5348638729192317
1122,0.13732408781553823,0.001539488555429663,0.0011749305343427279,0.5343478098511696
1123,0.22526637860865978,0.09007838340896543,0.09104209127324446,0.5368328592739999
1124,0.08018567250835815,0.0013545876882059128,0.0011484879369030895,0.5348795941099524
1125,0.14289077569225003,0.0019721410536794647,0.002305225914111945,0.5345320450142026
1126,0.10841334677250596,0.0002447713979261697,0.0013102379082801778,0.5345880589447916
1127,0.09823187594697153,0.000520066401707116,0.0012984360715919225,0.5342609938234091
1128,0.06951718570663683,0.0010490266988476993,0.0006427597342292358,0.5350146410055459
1129,0.07858386210710545,0.0007567425335239223,0.0011458145576237685,0.5339450817555189
1130,0.056316004990095724,0.00037244393948565905,0.0005330114288825636,0.5347752529196441
1131,0.1719496056025843,0.0007005213314943493,0.0012881249105874267,0.5347506180405617
1132,0.06185983568185827,0.0010449187156045731,0.0009054673012566359,0.520585531834513
1133,0.1358719658437404,0.0011763489358069517,0.001190563649257565,0.534958406817168
1134,0.08556360110695203,0.0009178716148030033,0.000743886612587417,0.5310999588109553
1135,0.42293571751246223,0.006378250953681637,0.006652286127712532,0.5350299812853336
1136,4.002449296098133,0.1438784495583421,0.15004535546423844,0.5350439948961139
1137,11.65308907514456,0.04563661799075339,0.14716020530568955,0.5353654748760164
1138,0.11449981246098892,0.0013185399331484124,0.0011759330248695228,0.5206202883273363
1139,2.824828025980464,0.0780464635305653,0.06759034273257732,0.5351013159379363
1140,0.03456788553546177,0.000488544358680144,0.0005767948611178112,0.5311709186062217
1141,0.11402166397737602,0.0026049700243827084,0.0018997799752838093,0.5350422440096736
1142,0.21575329055087483,0.0022045714736341655,0.0035157261188404594,0.5337199699133635
1143,0.07162163898126651,0.0010443738448960229,0.0007413003867550197,0.4672785368748009
1144,0.2441817340895995,0.017215701457243226,0.015856299325650965,0.5352443922311068
1145,0.0678045821603292,0.0011996311352117557,0.0011829482082772872,0.534800376277417
1146,0.10034581250509976,0.003813233732149905,0.003700548995338247,0.53495531110093
1147,0.07178014611091096,0.0019033943464492858,0.0015539686240632845,0.5354845649562776
1148,0.11376376901423188,0.0008582113307151362,0.0013940848178093579,0.49901554314419627
1149,0.031993876050110254,0.0006547566395020196,0.0008879272647659433,0.534610390663147
1150,0.3361407873181865,0.04192228507645452,0.04164410824731847,0.5350351971574128
1151,0.06309379464708954,0.0011124583769607727,0.0012163688314734964,0.5341832209378481
1152,0.07235513607740453,0.00041391177926744554,0.0008661565806224418,0.5359302163124084
1153,0.05276133561312818,0.002226659209583268,0.001831596031909707,0.5346844810992479
1154,0.03656490194380211,0.0003458347085031423,0.0005410959009111787,0.5350310481153429
1155,0.19645324420349777,0.002268609804113482,0.0016752437191301386,0.5354210389778018
1156,0.9015471972983419,0.024191900728697487,0.02076604581540464,0.5349872978404164
1157,0.04932260442493818,0.0009953843705502105,0.0009813881595232337,0.47771968599408865
1158,0.09115839601088209,0.0007264862367575846,0.0011662651085255864,0.5361811378970742
1159,0.152580495132123,0.0031080813373753186,0.0041398423323319635,0.5344388596713543
1160,0.26460489654144287,0.11082835176099896,0.11077763388674486,0.5341628799214959
1161,0.14862755965370858,0.0021799928159270724,0.0014687957123771431,0.5202920990996063
1162,0.05550809578837668,0.00072426216204195,0.001138753260246085,0.5350807220675051
1163,0.08714852597735973,0.0009386285782278406,0.000794805820818605,0.534767575096339
1164,20.675472103653085,0.19429932535944133,0.2049108467257947,0.5324267251417041
1165,0.13109158512857305,0.0018847847030816882,0.002096319126323285,0.5348188811913133
1166,4.015624805151121,0.0479271759601276,0.06680729918259105,0.5345250018872321
1167,0.09880253628755917,0.000779858417326203,0.0010819837630991805,0.5342323607765138
1168,0.28372700873340095,0.0007927459983191637,0.0016533863850513495,0.5355532867833972
1169,0.1668260905678669,0.002075992506416246,0.0016300115422566044,0.5341419288888574
1170,0.09648043388387381,0.0006191593797371744,0.0010867337968815337,0.5347289564087987
1171,0.01935583416863633,0.0010992915187270356,0.0011009883030681075,0.5347961210645735
1172,0.06943192373954592,0.0010015814903392834,0.0006885078420009754,0.47790139075368643
1173,5.65917578728069,0.027009428539334662,0.07047998976180561,0.5329112871550024
1174,0.2097357210440585,0.0018864707725107172,0.0016786693965287005,0.5362956733442843
1175,0.12214959343649716,0.0017853999900317862,0.0012144927441073065,0.4993914859369397
1176,0.3343110505517868,0.004680655428257386,0.0036017732143314666,0.5347931389696896
1177,2.4372643314104936,0.019463883612637428,0.03236027288195608,0.5343495169654489
1178,0.12066517015153692,0.0008911917305987803,0.0010941998267012816,0.5341893951408565
1179,0.07362696467029092,0.00026517408717926627,0.000763259832823822,0.5347238252870739
1180,0.042626710454739425,0.00042855927325069606,0.000695453668932243,0.5353660490363836
1181,0.11879866320631412,0.0008148066379238896,0.001299649630813416,0.534482283052057
1182,0.26156305498236526,0.0028861847843752813,0.0016395996319063483,0.5354550238698721
1183,0.13685639955408446,0.0016848044158713686,0.001652109830874168,0.5353976041078568
1184,0.040278846778063135,0.000729092132440362,0.0008674526330861328,0.5118334321305156
1185,0.18522415226612848,0.0016536477135066234,0.0015472921062337733,0.5345784449018538
1186,0.1128979805307201,0.0012204704624664165,0.0015503575962094022,0.5344678368419409
1187,0.16777345982620953,0.000928385573357397,0.001189938592794189,0.5343172219581902
1188,0.17476352570055192,0.001817620068511751,0.0013013679143762816,0.5349183101207018
1189,0.15438836648830767,0.0009497082101395636,0.0014608415323455878,0.5344252558425069
1190,0.19772475981296536,0.000928916330890064,0.0016415323218240832,0.5350589212030172
1191,0.0254040746348927,0.0007360225292306795,0.0007138136876673847,0.5349560882896185
1192,0.2685887335758792,0.002326365576528453,0.0013422942171067564,0.5350005510263145
1193,2.8827167950353836,0.031020020330036834,0.011988146735594982,0.5335374539718032
1194,0.2963945945187239,0.003082847677341489,0.0031501899114434327,0.5349956261925399
1195,0.3111870175786605,0.011816233528432755,0.013226081865022988,0.5338101261295378
1196,0.07129930924414682,0.0015897298062711239,0.0014568088252059324,0.5344795370474458
1197,0.14018713767648028,0.003671229114021186,0.0035340369545241216,0.5347548481076956
1198,0.4932347955340071,0.03090968554082999,0.027855115422921337,0.5352957220748067
1199,0.06229340338102879,0.00047365449809700516,0.0009590037550310743,0.5348186073824763
1200,0.3108032322661306,0.002471322262531103,0.003499554457127039,0.534855870064348
1201,0.07703890188903025,0.0005105527081926478,0.0007717645602828472,0.5349036268889904
1202,0.13393296933744017,0.0013847714350346408,0.0018978639863696202,0.5342407743446529
1203,0.26687998545745234,0.14325324139034779,0.1437230492804024,0.5343974241986871
1204,0.08404753031488978,0.0011852030852536055,0.0007377829140494802,0.4989001280628145
1205,0.06272207828188466,0.0011187627283989435,0.000940989918983604,0.5347354230470955
1206,0.28770288104639313,0.09600743459221461,0.09543586624420199,0.5336461598053575
1207,0.21264162092463496,0.005902502181795887,0.005121742991041865,0.5344945723190904
1208,0.052442151105513396,0.0010701793293827484,0.0014373505642680672,0.5343658938072622
1209,0.16160188608469506,0.0018419239278780705,0.0019890560777657052,0.5357906641438603
1210,0.12574750739965243,0.0010689868859191732,0.0015317663714886666,0.5342336231842637
1211,0.11411650771561183,0.0009262193786573867,0.0011157709589048193,0.5347272269427776
1212,0.2105378593239394,0.0030399654543299638,0.004207004885191564,0.534628595225513
1213,0.1464147509587352,0.002576398625818252,0.0017968309642349704,0.5369358640164137
1214,0.07993792502957613,0.001532180900693524,0.00152168245484711,0.4783011330291629
1215,0.08054384339072294,0.0017120742735705669,0.0014626922413132275,0.5365513539873064
1216,0.1325239396739711,0.001867250605995186,0.001492275540628617,0.534734558314085
1217,2.0069451842774098,0.008979500496920817,0.016296131224054957,0.5353192929178476
1218,0.10926034872921087,0.000940137357720326,0.0012236843115757748,0.53439976926893
1219,0.27450699863696665,0.037649749788723465,0.036582230142529155,0.5353461289778352
1220,0.08102315284197084,0.0005204176173977335,0.0011207493940239826,0.5378435361199081
1221,0.1476205327130903,0.0007962409650752596,0.0012813735997778022,0.5348420161753893
1222,0.08401568019130629,0.000451016145846841,0.0011196236659743262,0.5349387750029564
1223,2.2411511024174016,0.036054461448360324,0.02644448829538398,0.534880158957094
1224,0.29684056698873484,0.004905962362487856,0.002933240312042791,0.5354999653063715
1225,0.06909052180439128,0.0011927866773562275,0.0010866995570015187,0.534362964797765
1226,0.301951325598756,0.0031095788875168755,0.0037464901749571875,0.5349102979525924
1227,0.45623595341560563,0.0060343959447913525,0.006589462050656651,0.5357594690285623
1228,4.144959713139525,0.14319414677364567,0.15719818449190895,0.5352999302558601
1229,0.06908810814669085,0.0015205189359924819,0.001217322272496803,0.535013232845813
1230,0.12875614066700738,0.0005491877045788058,0.0011065224500679221,0.5346166151575744
1231,0.01924657858961503,0.00044595847600609184,0.0004008949924846679,0.5221856259740889
1232,0.3278951835254326,0.0031623988694451963,0.002186802378443746,0.5351803009398282
1233,0.9746769836463804,0.009153306775853588,0.010817009125087543,0.5339052779600024
1234,0.214998312956034,0.0005456217492137536,0.0018044027283783642,0.5349791208282113
1235,0.23996539086683655,0.002738932954158761,0.0022374501006089827,0.5340723660774529
1236,0.19834224270282044,0.0028276727896427716,0.0017899691309756114,0.5362789160571992
1237,16.308047295883004,0.1302287979460204,0.16922755717400395,0.5339911920018494
1238,0.12503093869382823,0.0010596598823897933,0.002242750009164267,0.5349338217638433
1239,0.16857355670597665,0.00022556265625505193,0.0014014477336391044,0.5348546360619366
1240,0.16927824226482183,0.0012858393189460553,0.0010857149340035678,0.533617477864027
1241,0.11722094059831589,0.0019407804296779497,0.0021072658001298926,0.5355582763440907
1242,0.10863380585918299,0.0014292844937432109,0.0009167001645906778,0.5341849541291595
1243,3.028677411489247,0.042443639986753295,0.04114956201036465,0.5345137938857079
1244,0.21613738417824624,0.0010549409388016671,0.002176504220593514,0.5354041559621692
1245,0.23003648857585804,0.0029355105500126796,0.002925457709662022,0.5371601856313646
1246,0.1167873580588136,0.0016831542913411928,0.0013596913575066316,0.5378060508519411
1247,0.29628335187894844,0.0014091304186343299,0.001762682671013701,0.535445170942694
1248,0.2828562365072333,0.003179753345219634,0.003527858424643156,0.5353586431592703
1249,0.27460403082402546,0.0013654759213950038,0.0028209395796866448,0.5346931233070791
1250,0.18037124659756543,0.04588986834921249,0.04571803168884707,0.5350240771658719
1251,4.451380705024671,0.05570153569109555,0.06748356678726122,0.5353301288560033
1252,0.08207850375432858,0.001056122855670639,0.0010228111391247913,0.48881863290444016
1253,0.0780210811713412,0.001329268257362318,0.001214151797385428,0.531169141177088
1254,0.139934907760179,0.001123774619530858,0.0010301397162909968,0.5341000817716122
1255,0.14513549956880648,0.0013364027745340846,0.0012498979359514995,0.534305979963392
1256,0.16597695855932385,0.002151906500529692,0.0015179194337666061,0.5344387958757579
1257,0.07074909657083532,0.0014761588643012373,0.0012599639399659486,0.5339349010027945
1258,0.07884722245692331,0.0014645459698554616,0.0011927505085172483,0.49028674978762865
1259,0.5320873114120296,0.005191128416760421,0.003850948905715633,0.5371195636689663
1260,0.19974672542110014,0.002135308401523042,0.0019845715489085493,0.5354613550007343
1261,0.1471653402903573,0.0005736284485927815,0.0009282131502916537,0.5347980400547385
1262,0.07114821983170436,0.0005345293338705091,0.0008299608517544577,0.49918354535475373
1263,0.06414639474433596,0.0006844076171514798,0.0008107724148773761,0.4888085820712149
1264,0.04399892636923862,0.0006549973229885868,0.0007889280694367521,0.5345062892884016
1265,1.956208809841923,0.03868231065062874,0.03421116426690904,0.5345894969068468
1266,0.6014756181198242,0.005693066382184181,0.0033512190109272256,0.5353369489312172
1267,0.37171260331294875,0.06721547070027446,0.06845336969812135,0.5353925758972764
1268,5.3791204432867685,0.07000270848724993,0.051972739451830494,0.5331069971434772
1269,0.08581511524093445,0.0006771602418065582,0.0009200432847391036,0.5332467202097178
1270,0.12152478656441981,0.0011780873882017771,0.0014021141672948424,0.5351551650092006
1271,0.07554822448154298,0.0022615559619338253,0.0018455333998675049,0.5334200533106923
1272,0.1905314969587797,0.0015097963166069849,0.0015348518265214542,0.5345464292913675
1273,0.12798696248879496,0.0020523457011884256,0.0014822889973945372,0.534615786280483
1274,0.22324078193808405,0.0016303213012586744,0.002062578444311857,0.534449212718755
1275,0.04708646508696994,0.0035874931834563454,0.0036338938760167474,0.5349257490597665
1276,0.1091655920372702,0.0023919040822887555,0.0025519558674456356,0.537347627338022
1277,0.06002510404948309,0.0007367084994638713,0.0009751188011080173,0.5343257198110223
1278,0.11222506759713599,0.0008460596117365876,0.0010610544761186665,0.5347924213856459
1279,0.03456192177272867,0.0007131442445122255,0.0007422370846335563,0.5203614188358188
1280,0.07666106256009711,0.001138453945056896,0.0009572963801434162,0.5340365478768945
1281,0.28546208081585006,0.0019957024875169025,0.003533307072585592,0.5353503166697919
1282,0.1603267619855548,0.006611576485632393,0.0076253453624158096,0.5349237970076501
1283,0.0757543048174736,0.001150555686928197,0.000969297023185228,0.5347679760307074
1284,0.09022121014613586,0.0035629507481094577,0.003307050829674563,0.5348927010782063
1285,0.20430158308478524,0.0008611354214110182,0.0018129949877219846,0.5352516206912696
1286,0.07093212309129157,0.0016489630432838097,0.0014101321694616402,0.5348634612746537
1287,0.13040298816982054,0.0013676137079441067,0.0008972502757233889,0.5348331299610436
1288,0.08098351974188014,0.0013161798747153976,0.0012983078173957727,0.5371780530549586
1289,0.07299621541021235,0.0003912883019108797,0.0011160074205178079,0.5350040439516306
1290,0.16110327491178728,0.0014192872648123532,0.0010556670293147435,0.53511075489223
1291,0.10493590575427142,0.00028999734287829196,0.0010151641829187633,0.5343457632698119
1292,1.9760883492876784,0.11429148968485313,0.1100633701281775,0.5331584331579506
1293,0.05114857144150858,0.0009580572236735364,0.0011230513734449927,0.5210991287603974
1294,0.08681333284514461,0.00016805664859059007,0.0011319784337547577,0.534331280272454
1295,1.0031447523137624,0.01886431059987195,0.01791441322904904,0.5355075630359352
1296,0.07125219446066032,0.0006714411357896436,0.0010144196401632968,0.5342475553043187
1297,0.12821265523902783,0.005191132491907662,0.00586338245584597,0.5351272211410105
1298,0.13325383808561514,0.002955178093490058,0.0030435149560442635,0.5349128684028983
1299,0.0705377717064644,0.0007958042948710252,0.0007414998101037193,0.5331342997960746
1300,0.10877326305198924,0.0009342372892393944,0.0012985267191458162,0.48824480222538114
1301,0.1787427391230409,0.0015439220284316026,0.0013160043961998507,0.5343723576515913
1302,0.010397488093630789,0.000803165743497025,0.0007800255467447159,0.5340363350696862
1303,0.3120480726494516,0.18370735683888395,0.18532478480733755,0.5351118240505457
1304,0.17192037256740955,0.0013274505344295496,0.0013490622854671118,0.5348761072382331
1305,0.048005858712022016,0.0012231695843386843,0.0010283040605551365,0.520115006249398
1306,0.0,0.00041623428135057324,0.000396125107219661,0.5347522147931159
1307,0.32776905559527986,0.0016909609894773104,0.002343757752331562,0.5348955579102039
1308,0.10330754086912945,0.0026325721621728235,0.0021886061798456016,0.5350765958428383
1309,0.1072311610932107,0.0005672940639540559,0.0009202487302363256,0.5348078771494329
1310,0.1531253562183577,0.002883159288807114,0.0028885241150639145,0.5350279379636049
1311,0.061673578722507956,0.0010592300775891842,0.0011335782008468711,0.4883430819027126
1312,0.15975445445569228,0.0032345597611339446,0.004030115842355201,0.5344848539680243
1313,0.17956460824579232,0.0015279525653446222,0.0017693380050740185,0.5346446642652154
1314,0.22537412415516742,0.0014981100979620113,0.0018948965827289314,0.5346965468488634
1315,0.1508679019920122,0.0036274214960204513,0.002682645665531382,0.5350505947135389
1316,0.15905913981045613,0.0006927005424399455,0.0015464297048025763,0.5343045871704817
1317,0.12556973677945532,0.0013176673487373912,0.0011461717765788833,0.5008800248615444
1318,4.6195310081726335,0.04608386872969736,0.07045719462229104,0.5338270883075893
1319,0.06656051275836347,0.0008969986425721072,0.0009923364684196066,0.5352787422016263
1320,0.025862981714396834,0.001561746489078349,0.0014403510302278201,0.5348309027031064
1321,0.048145927571147745,0.0020726300174369076,0.002074317649130091,0.5347590390592813
1322,0.43352080109876806,0.04042102856478367,0.04026485891935744,0.5352719421498477
1323,0.07947703041594407,0.00038418881173995497,0.0009198274063662162,0.5347185018472373
1324,0.08151181426032866,0.00035735475167961845,0.0007954658272646961,0.5346372928470373
1325,0.12240268531242272,0.0009636876125370677,0.0013794250278250904,0.5343761458061635
1326,0.06389477810332823,0.0008367790056089663,0.001009257491883187,0.5342891807667911
1327,0.38512157012181786,0.003575274063623767,0.0018966475177987154,0.5346922506578267
1328,0.187040106321425,0.0005830275479326115,0.001532765273568991,0.5368861528113484
1329,0.3441427491646712,0.0022683975460107268,0.0024387868505580026,0.5350694609805942
1330,0.08383021398204875,9.321543904755403e-05,0.0005939390100221721,0.534376653842628
1331,0.11925708619835286,0.0022326145810825557,0.0015129563570077797,0.5346217439509928
1332,0.10418851581652144,0.0008771090473625695,0.0012357543813747997,0.5350142722018063
1333,0.07571465199369201,0.0008019353065896135,0.0005404093053454971,0.5366547731682658
1334,0.18661206904964178,0.0013565211749501781,0.0015773024516767032,0.5348457279615104
1335,0.045255937668976134,0.0005505414892680194,0.0007226944542360431,0.5343741900287569
1336,0.11056142742076115,0.001278794943402858,0.0011624092629460641,0.5342154600657523
1337,0.25212171490160035,0.004036460867073615,0.004191716982205322,0.5359439528547227
1338,0.11442719594798269,0.0007498299124761626,0.0011840674179704278,0.5342223239131272
1339,0.07489752541389184,0.0007804859744290118,0.0009725816986330359,0.5311123076826334
1340,0.05069225213010491,0.0002922992331518527,0.0004933338424534266,0.5351435439661145
1341,0.08876653488298977,0.00041337338556501413,0.0009240150552305335,0.5358875961974263
1342,0.10944723012890617,0.0009808685980498598,0.001526959594989182,0.5351075418293476
1343,0.3680436853126196,0.0028588580787029224,0.002176728757349402,0.5351862860843539
1344,0.06413645703196613,0.0005346799172283026,0.0007820776148961546,0.5353536251932383
1345,0.06350208869777603,0.0007022515981593357,0.0009440767840905407,0.5347332460805774
1346,0.07076543006780167,0.0006712732334059682,0.0009046661466949578,0.49929394805803895
1347,0.10483428760654288,0.001290776127313752,0.0015851099269926434,0.5346818631514907
1348,0.07915271320451049,0.0006660421895715782,0.0007074020775437761,0.5347009063698351
1349,1.4800444766537975,0.022656166275402866,0.02098529944855979,0.5359670394100249
1350,0.0,0.0008596083606145367,0.0008297014718049734,0.5347664267756045
1351,0.4943371195953004,0.006345737432340101,0.006791522060842579,0.5341392732225358
1352,0.28734328203197335,0.0006893297397379742,0.002054477117322991,0.5351942330598831
1353,0.1077936374729146,0.0011119957645094555,0.001290844325061345,0.5343767241574824
1354,0.3540881228556745,0.003640283880873522,0.0023258825538088317,0.5352362259291112
1355,0.1931673510515934,0.0008047770918368505,0.001235513359397626,0.5350653110072017
1356,0.17526327615419318,0.0023607225593550224,0.0013079159265786267,0.5340873780660331
1357,0.4372196283273513,0.07440633642694888,0.07394687206493852,0.5335100581869483
1358,0.047666104096177886,0.0010242132065413183,0.0009467240855823275,0.5343975471332669
1359,0.0293548569669394,0.0005987065022021997,0.0004706200247971079,0.5344726392067969
1360,0.1835146770752504,0.001153913805384227,0.001321034127069808,0.5371674429625273
1361,0.16387975458018444,0.0018890006529944355,0.0013399262529671418,0.5348991369828582
1362,0.1010212279399815,0.0015181596585138119,0.0014824332474093112,0.5351567431353033
1363,0.07479185487628623,0.0008659081693719819,0.0007040851923823282,0.5347519158385694
1364,0.5386519489284644,0.024423923165994968,0.025170633915576134,0.5347463018260896
1365,0.3334858061968892,0.0015926425105279654,0.0023556206612423075,0.5368748158216476
1366,0.12435516437347774,0.0014178711384097724,0.0015705815004518327,0.5352720161899924
1367,0.38532624004204,0.0376217787870529,0.03977884861889199,0.5345482476986945
1368,0.2320771328709493,0.002912971744719375,0.0017480885099536352,0.5350621589459479
1369,0.0768455239378938,0.0010398278370245258,0.0012305060149414779,0.5345866596326232
1370,0.8156788225155618,0.006768058500389979,0.007774451179935825,0.5350077850744128
1371,1.803862374773,0.02065876312937508,0.014192355714632681,0.5346510023809969
1372,0.06598744841719596,0.0005417432712694299,0.000724444629607097,0.5348330750130117
1373,0.11980246160003759,0.001072573978068608,0.0010497780099421531,0.5347858918830752
1374,0.12875130291932518,0.0017561830245546525,0.0016696095388338656,0.5362771661020815
1375,0.1348418595467839,0.0013371203182722584,0.0014466964991300293,0.5348196919076145
1376,0.06522638116465727,0.0008650329665467597,0.0008402775246924113,0.49900509137660265
1377,0.8558115524871767,0.03986372986785918,0.035805947822144,0.535278198774904
1378,0.06147454838444735,0.0007483077880460171,0.0008980458737104285,0.5344779742881656
1379,0.04731544159454414,0.0008146519590204356,0.0007936223270000306,0.5225005517713726
1380,0.2934169411734928,0.06123029244217849,0.061970514361760876,0.5345393042080104
1381,0.15919783939980267,0.0014057675183738595,0.0014165348417212534,0.5351960686966777
1382,1.777988186638073,0.043016687281455336,0.046053013169445545,0.5345598999410868
1383,0.24926512149283545,0.0030806838081538987,0.003791861034929614,0.5333578027784824
1384,0.18572392747020638,0.001101702577616577,0.0018385287721714863,0.5345978233963251
1385,0.17596919415702933,0.0032919065580341743,0.0030783833865424097,0.5345102357678115
1386,0.15176883396335342,0.000757293442242403,0.0013757416197714347,0.5348837007768452
1387,8.508757816088353,0.02738067431762143,0.1095187793101014,0.5346170905977488
1388,1.525899129635131,0.05137513498158251,0.04984547570493292,0.5337150967679918
1389,7.65827905031129,0.15011718686384057,0.12353037239241572,0.5350591442547739
1390,0.3204746524867665,0.0011726551992774857,0.0024657445992175737,0.5348968310281634
1391,0.16602279937822972,0.0026243846582610256,0.0018300819930376314,0.5346672581508756
1392,2.916607037801387,0.047376258680018574,0.05331243217048628,0.5341230649501085
1393,0.16742181935030304,0.0014815612045439683,0.001071791890147679,0.5207384740933776
1394,0.02984868836368691,0.00035257060695840104,0.0004927446118022972,0.5340742492116988
1395,0.09148560796348708,0.0008696536768253696,0.0013682160618407409,0.5342784626409411
1396,0.8951384433959745,0.03789125324400524,0.04483621119699038,0.53290651505813
1397,0.03958636775073535,0.0007295136018557395,0.0008526229806858188,0.4885007068514824
1398,0.07822937721538982,0.0010557874625300248,0.0009807798922027192,0.5206663166172802
1399,0.08451408054665024,0.000992127166339135,0.001075972478175343,0.5354453329928219
1400,0.041526916010948066,0.0004054206277445853,0.0005233429407137444,0.535484931897372
1401,0.3947240319839501,0.10319795060295373,0.103620633587859,0.5340296789072454
1402,0.2397310460910369,0.005531628492357686,0.007079654385509752,0.5345178479328752
1403,0.2172759676909781,0.12758012486158524,0.127777867379947,0.5345791568979621
1404,2.1386045747752984,0.015204484354347543,0.026227485385675174,0.5336433588527143
1405,0.3852194711908286,0.14291175093378974,0.1465881633218283,0.5354014257900417
1406,0.13648914250640987,0.0009226319502130563,0.0015694076332721776,0.5350319077260792
1407,0.22504219877570217,0.0018883883850592106,0.0024783798935172985,0.5351855419576168
1408,0.0658884818502158,0.0011252981436558035,0.0009472588474879948,0.5350076546892524
1409,0.08335777022307515,0.0008855902251888036,0.000902554245743222,0.5343230180442333
1410,0.2647940560309825,0.014650930112789763,0.013860585154413381,0.5350044458173215
1411,0.11682603190376424,0.0005759646639062205,0.0011316723492779304,0.5205192379653454
1412,0.300252923299906,0.0016864733820958046,0.002762373259519259,0.5345758409239352
1413,1.1319776692648107,0.052335454722065244,0.05263120996514597,0.5352157107554376
1414,15.452905468472924,0.1546036951326403,0.18275786365069258,0.5350284781306982
1415,0.30237317517311024,0.0043147147909451756,0.002732498803665592,0.5348119949921966
1416,0.47797368577344895,0.03471953013846289,0.03513312943865395,0.535091086756438
1417,0.23273653593796512,0.039584506717698545,0.03988934060337843,0.5346465460024774
1418,24.169069424162217,0.19339969296670118,0.15625602890439644,0.5370453940704465
1419,1.3144509400064541,0.01869830735797933,0.019116689460188872,0.534460115712136
1420,0.11016617481222901,0.000995383544518019,0.0013168135996957893,0.5012141861952841
1421,0.09552140583344765,0.0010303004002569296,0.0007778572068713465,0.5343384998850524
1422,0.10718394579178406,0.00041509892096604055,0.0010477358025271504,0.5102117909118533
1423,0.025540509880831327,0.0013755349952729212,0.0015367658434208853,0.534867798909545
1424,0.09268633427774717,0.0013621123831973334,0.0014373437025117317,0.5350551679730415
1425,0.15171113088078608,0.0008610956912729977,0.0012524095331173494,0.5349119906313717
1426,0.35694540462165997,0.0008036714635421919,0.001711586862370843,0.5353523301891983
1427,0.0812634209172126,0.0058455850602889175,0.005787161675545784,0.5353044900111854
1428,0.11324524904384448,0.0011780509248380026,0.0014385001962042168,0.5346878808923066
1429,0.22815750178906347,0.0017305869922922125,0.002008960110388502,0.5345482719130814
1430,1.200605654235414,0.11196361607199619,0.12058883278919239,0.532969038002193
1431,0.16743244272643432,0.002025162701067919,0.0024245857724967436,0.5345414518378675
1432,1.4477839250757198,0.05475908258748641,0.057169550619045356,0.5325565771199763
1433,0.08854258544456722,0.001094338763866899,0.0014082156615005854,0.47843421809375286
1434,0.1081575905163343,0.0007341988680267068,0.0013150869188314539,0.5352664166130126
1435,0.1472003605004489,0.0006698775522946416,0.0013945448210320487,0.5344718983396888
1436,0.4727609483598427,0.13441088135404225,0.13676259701545532,0.5327889211475849
1437,0.4645284771646581,0.01169541666087594,0.01052854852597205,0.5345009807497263
1438,0.24021120401443688,0.002892875348892002,0.0021261757156680623,0.5350216031074524
1439,0.23523177664687606,0.0016213201399026857,0.0016167501703394603,0.5346126738004386
1440,0.161583541769059,0.0013814622780273184,0.0020547751156523245,0.534680818207562
1441,0.14250765573877977,0.0015867684696371392,0.0014583793670723392,0.5205888682976365
1442,0.07160069213834155,0.0017973703228569397,0.001238998225877814,0.537053088657558
1443,0.07775034925046068,0.0014498301994987515,0.0015425470732162378,0.5347245498560369
1444,0.11421878375557548,0.0032296837794448256,0.0022764739689472217,0.5345487697049975
1445,0.13846210601443604,0.0011100626443126557,0.0012279734419337511,0.5353632369078696
1446,0.09237933401853789,0.0005222445563275194,0.0009886237236041034,0.535606442950666
1447,0.09796530503942458,0.0007067370250890732,0.0014011737716518192,0.5338965808041394
1448,0.10368307629398969,0.0018914270693701522,0.0018357561308731264,0.5346888941712677
1449,0.07496605493448592,0.00042236330607753103,0.0009463264411486346,0.5352591671980917
1450,0.0742403201173221,0.0004522381063667459,0.0009663413109724262,0.533505205065012
1451,0.037287708088937936,0.0009874613069608775,0.0006957189679955254,0.4889950407668948
1452,0.1240473776247092,0.002111103065524146,0.0013414325895892152,0.5354993999935687
1453,2.2854474912685485,0.04359789051876258,0.0522352856428616,0.5344718187116086
1454,0.11760078396262862,0.0010862937803484017,0.001019312580730924,0.5341685791499913
1455,0.3590735905332753,0.0011836112111096371,0.004208865893682653,0.5347949019633234
1456,2.4140078792808524,0.035018890465968996,0.019509258054207876,0.5342039507813752
1457,0.12032064618370765,0.0025508775648669956,0.0020773507948237775,0.5352324158884585
1458,0.05527317204916968,0.0006320480118626135,0.000739662104514862,0.5343880574218929
1459,0.2796295719596654,0.0008393575116526884,0.0017438300373458372,0.534950097091496
1460,0.20126848725234725,0.005159660156044225,0.003617166270423354,0.5352577748708427
1461,0.11762356747053057,0.0008983367318495313,0.0011167023037379972,0.50999656599015
1462,0.13379788320934285,0.0010392439059312452,0.0009995280891748602,0.5343501539900899
1463,0.16724182940692753,0.0019482610848285003,0.001381971281344974,0.5350792277604342
1464,1.2278586074325697,0.08604569033173265,0.09186908744709052,0.5347785069607198
1465,0.07789822529899976,0.0005730373752010645,0.0007135447499922696,0.5342403464019299
1466,1.5238568033591757,0.017435816447683328,0.023591573051159435,0.5340451560914516
1467,0.5522121948940849,0.003000661483017678,0.002260933842989877,0.5352252158336341
1468,0.08538079028335521,0.0006792219864119333,0.0009660790878215918,0.5345809780992568
1469,0.10615367370817919,0.006635609647364237,0.006730630602383507,0.5351717891171575
1470,0.4977818820164248,0.005890067495951701,0.002822774909950803,0.5352327567525208
1471,0.06922313308544566,0.0010309090982477593,0.0009392748185013799,0.5337077239528298
1472,0.05799599272466873,0.00033415377067596576,0.0008607869940293653,0.47782093193382025
1473,0.04423402752017342,0.0006385319678646231,0.0007661338537045544,0.5310678351670504
1474,0.265187654121142,0.005068889609541,0.004067164018427814,0.5353182591497898
1475,0.03211640202601054,0.0009975994201283968,0.0010290518342099808,0.4455854049883783
1476,1.2707535805099053,0.07514384688577994,0.07116901838173753,0.5353567930869758
1477,0.10837036429782598,0.0014027554690524576,0.0010311522237602046,0.5370125477202237
1478,0.2976150165703583,0.002900823138881575,0.003629964091507104,0.5373324672691524
1479,2.4098608098740835,0.050931354228875465,0.03680216358109125,0.535074754152447
1480,0.13199150740880128,0.0009234948041690204,0.0013252626304314655,0.534201588947326
1481,0.3181302806107678,0.0025900230435755437,0.0018522970932268786,0.5346095920540392
1482,0.10647266326281392,0.0017556369937701615,0.0014457866791816678,0.535314017906785
1483,0.1183881283811007,0.0007838046082988541,0.0013050428811183946,0.49923036294057965
1484,0.18847817884758794,0.00112098366268303,0.0019263432131710213,0.5354905528947711
1485,0.13740865932662938,0.0011502873781010282,0.00136670183587273,0.5354894869960845
1486,0.04533734400468762,0.0004930955300374967,0.000781241251056926,0.5342860426753759
1487,0.6079431894872654,0.09408354096593294,0.08995991159745476,0.5345879467204213
1488,0.07371491934045887,0.0006822073780699976,0.0010059715537597096,0.5339659424498677
1489,0.1444126449591098,0.0009465284711990358,0.0018278830708189202,0.534899627789855
1490,0.0965521538430197,0.00048126729970618973,0.0008917720531303823,0.5346688260324299
1491,2.0815312962606063,0.10641266985415539,0.09331856951436338,0.5351138799451292
1492,0.46681289847164875,0.0022458395227008252,0.0022333089860262396,0.5348480250686407
1493,0.06804269877749121,0.0005236925968321611,0.0007505547835766041,0.5347324055619538
1494,0.39018795216392044,0.0025976216950477165,0.0025128620793400127,0.5349912871606648
1495,0.08252997836091773,0.0006142534655520171,0.0007522795261074189,0.5348442611284554
1496,0.6475023688214376,0.008099399711163224,0.005127082344123952,0.5365728456526995
1497,0.06595136017573267,0.0008576343653048981,0.0012165890423650207,0.5342881297692657
1498,0.17058077015514775,0.10603754538747366,0.10516718404868942,0.5353472521528602
1499,0.16514499517294257,0.001361752973983209,0.0014496563562520928,0.5348483468405902
1500,0.08111635849400291,0.0009708117251984011,0.0011693463208196913,0.5204485151916742
1501,7.981516341768086,0.014875698747458315,0.10080170103360277,0.5341742220334709
1502,0.370036112320271,0.08145793917378742,0.08099901076543918,0.5356598580256104
1503,0.07136347923244835,0.0019314838875271103,0.001881540255878703,0.5350588797591627
1504,0.22872542467687348,0.0014132222599532716,0.0019074043031554356,0.5339556550607085
1505,0.14617099895352656,0.0009475533084802459,0.0012857718477238826,0.5334172849543393
1506,0.07623005483507002,0.0005105531277092174,0.0008022959371653761,0.45667470479384065
1507,0.05624823474738694,0.0013074127679372498,0.0010651613064182716,0.5350471818819642
1508,0.15310455247502985,0.0009956192623162383,0.0010494066399860105,0.5348900309763849
1509,0.20165242849711762,0.0015788254921597401,0.0013587493890270935,0.5312854959629476
1510,0.7272799276309201,0.09513494007428343,0.1014770899123855,0.53465057304129
1511,0.07777691450557073,0.0011286761872948354,0.0012490099773034833,0.5103416386991739
1512,0.09182010990509061,0.0008023220293044217,0.0009058336763656256,0.5370549168437719
1513,0.38565443443720354,0.19062131403857774,0.19052376326999806,0.535531893838197
1514,0.35005984543577384,0.0033939262039926563,0.0027225422702850588,0.535389665979892
1515,0.2420296130335061,0.0020846556297525304,0.0026276859239023685,0.5354259209707379
1516,0.05811818783239435,0.001453410176964192,0.001152570467586153,0.5308475089259446
1517,0.12443928262967352,0.0011559812793381218,0.0011698472876990375,0.5108736613765359
1518,0.053238665875375644,0.0008171218214090493,0.0008439546025316107,0.5344949937425554
1519,0.19349911084713087,0.001341739802500009,0.001448797649726044,0.5352064231410623
1520,0.11644212366325225,0.0025179721128458224,0.0025698668751239786,0.5365549521520734
1521,0.10224766758806036,0.001700859067153309,0.002010563224405953,0.5350190820172429
1522,0.0721431060281573,0.0012007740190459343,0.001040948061165695,0.5347025659866631
1523,0.10669562902154629,0.0010308419410735357,0.0015283014783785051,0.5352171203121543
1524,1.334344883442815,0.002704230544510019,0.010288086007135717,0.5326373120769858
1525,0.3806367717189817,0.003263947048885416,0.0016358685697048288,0.5351626561023295
1526,0.313779391918699,0.002008887971254829,0.0026210557740546183,0.5350604630075395
1527,0.10720368014333034,0.0004901902926441741,0.0011188468599937855,0.5344076650217175
1528,0.15609617854263458,0.003562974621758924,0.003949432096457567,0.5338139147497714
1529,0.14379079646534385,0.0013738883903877807,0.001349622433869204,0.46704697981476784
1530,0.08410582346590875,0.0008213436756065972,0.0009940077843702871,0.534859886392951
1531,0.07626508262308809,0.0015433101585701535,0.0013117848936645797,0.5354625708423555
1532,0.1734011700393157,0.00042444579884743207,0.001831621657865307,0.5353329516947269
1533,0.1929217910468731,0.004089852922437097,0.004056707876774296,0.5350843998603523
1534,0.1537249435840079,0.0012496384046729895,0.0012748582979249493,0.48860356863588095
1535,0.2874209188247935,0.02393427275011273,0.025637575138742513,0.5346380528062582
1536,0.04259744174300013,0.00038538982777801284,0.0005326121155660545,0.5212845276109874
1537,0.14116820229651142,0.0018055595334468633,0.0012562940055172494,0.5343572180718184
1538,0.36790490546578997,0.0006568783057652884,0.0023017306649798152,0.5355861629359424
1539,0.5094730314482109,0.018561046847163552,0.021986973312181454,0.534983737859875
1540,0.1707828780019259,0.0015341890255405927,0.0016026773196532891,0.5354706249199808
1541,5.806065064388185,0.06411288357476916,0.09148736003871212,0.5348494686186314
1542,0.15967278041154767,0.00040932440588798953,0.0011222584061858706,0.5349861262366176
1543,0.15369993772101856,0.002200315813713147,0.001396719159030095,0.5343779278919101
1544,0.08815277355347031,0.0020223606143655345,0.0013154734572283996,0.5341216837987304
1545,0.18072665270367438,0.0014654683061634138,0.0021637060518927306,0.5345043810084462
1546,0.10801289322624111,0.0010867099853682709,0.0008523362567084901,0.5345998988486826
1547,0.16126100798211485,0.0033678997750942936,0.003562250579766396,0.5357279507443309
1548,0.16537360585677882,0.0007060532591160828,0.0014923278411171931,0.5347562888637185
1549,0.13761700833998453,0.0009357036605736137,0.0011916191051572992,0.5343311000615358
1550,0.10615201706635438,0.0006001580787543269,0.00083164270050803,0.5343614383600652
1551,0.21701738540755922,0.0027035067623777426,0.0019736838651625726,0.5350622106343508
1552,0.048626998347200134,0.0006837131588080644,0.000920106022945388,0.5313072162680328
1553,0.18151348777814916,0.0028832756633183263,0.0032549580570317574,0.5352202388457954
1554,0.016225347996158084,0.00033459919607002104,0.00039479980144916223,0.535234069917351
1555,2.069188570299256,0.14687955768193273,0.13440243489622125,0.5322578023187816
1556,0.12725580883276555,0.0013346601645421318,0.0015683063571347803,0.5352546735666692
1557,0.049545225304137214,0.0015353123985080571,0.0013422414784576724,0.5345137608237565
1558,0.37640502536173776,0.12833923239854184,0.13076249836719883,0.5345329521223903
1559,0.19733066900227988,0.004260944078379617,0.0027596944147761536,0.5364896939136088
1560,1.8687312423459488,0.04263466761678139,0.04573936982786719,0.5349802379496396
1561,0.05672227194652732,0.0016367134195205046,0.0013868779188362303,0.4986740369349718
1562,0.05781199644158058,0.001066923558175903,0.0007872213986850551,0.5341814798302948
1563,0.3136815730344702,0.0042459069950730325,0.0038979815859546425,0.5347600420936942
1564,0.13019012035437658,0.0022180613307779848,0.0014042753427966797,0.5369256767444313
1565,0.1474220326806513,0.0014488478132668803,0.0014324486618794373,0.5349413207732141
1566,0.17617723731038956,0.0010156399372817139,0.0016169306335113815,0.5353409368544817
1567,0.10248965521112907,0.0012248214339240402,0.0009735839881135685,0.535321834962815
1568,0.12497241864535069,0.0006003186108160219,0.0013579323081493757,0.5347733399830759
1569,0.26030151038066773,0.002829699215110064,0.002181418140731495,0.5349654690362513
1570,0.11527828078215507,0.0016504029621930137,0.0015388933202462748,0.5372678181156516
1571,0.08717958968263323,0.0006047663350375633,0.0011573692057640242,0.5364054758101702
1572,0.04658352060572025,0.0010284195501525026,0.0011319779008575233,0.5329492492601275
1573,0.09153196752192506,0.0017419893250524262,0.0013285312742866194,0.5348676252178848
1574,0.12659170848851206,0.0016236948703816922,0.0009154722664792687,0.5341409971006215
1575,0.053514376754079634,0.0008644890589943952,0.000804496398263686,0.5362699897959828
1576,2.839914030297738,0.13510281974323124,0.1481096401045629,0.5352209899574518
1577,2.72246301315502,0.01948360539359538,0.030593046647357635,0.532734589651227
1578,0.3950849016960391,0.04240488098321388,0.03970943094444346,0.5352319590747356
1579,0.20063462000168786,0.0018709985326960722,0.0012846903520547781,0.5344360391609371
1580,0.31394005269600334,0.0016712708907983189,0.0023985159329901105,0.5348885632120073
1581,0.07238832106282632,0.0008152255722519694,0.0008426458562298795,0.46805671602487564
1582,0.09206590717797714,0.0007808414606470099,0.0012000971762755836,0.5096785761415958
1583,0.1584357495415532,0.0011876364764752023,0.0016739157801026175,0.5351748680695891
1584,0.12493423993596234,0.002029328435393581,0.0012157065490887872,0.49920680187642574
1585,0.029532869480765257,0.00043445923350412635,0.0006643268946189197,0.4675556542351842
1586,0.33136461681748575,0.003982674068495754,0.0048397528695958685,0.5344466068781912
1587,0.06484128366535494,0.001487972391339078,0.0011370005650558057,0.535582659766078
1588,0.10032028584357562,0.0007768003141381288,0.0011224005604222671,0.530990406870842
1589,0.06773715229100273,0.001340066617230627,0.0013125038026465345,0.535346379969269
1590,0.09414252837143751,0.000887850079683175,0.0009825281770682649,0.4672203022055328
1591,0.1520893008094202,0.003018347228489113,0.003345620701042588,0.5348336230963469
1592,0.8616105400328258,0.007675639435473854,0.00932610866559182,0.5350897968746722
1593,0.09914106938887157,0.0007482121160241768,0.0009166099400013759,0.5346418549306691
1594,0.09372365444547075,0.0007512613610582346,0.0009659741249003655,0.5348090161569417
1595,0.3305453610737627,0.001773197075395614,0.0033231088800468826,0.5349106849171221
1596,0.0835014323286439,0.0011383931397089845,0.0012630471825301529,0.5342433131299913
1597,0.2875328086406145,0.007511238452603222,0.008817736649674153,0.5334128551185131
1598,0.16785527705659647,0.00374557182497435,0.0024660782845403267,0.5353651270270348
1599,0.03192709786763098,0.0007043031762773493,0.0006836298318700765,0.5207732738927007
1600,0.13339982339609963,0.0009102723828319721,0.0015451176304355368,0.5345433941110969
1601,0.042990739497828265,0.0004428246474988083,0.0005070491323080898,0.5338406045921147
1602,2.3976631180139254,0.04432614816849599,0.051478324184893925,0.5345174013637006
1603,0.07164375560132594,0.0005937149090321495,0.0008432498662473422,0.5333828423172235
1604,0.09175807024496374,0.0016125536740763061,0.0011185511226781142,0.5208319169469178
1605,0.12564577939592161,0.0008145548617446352,0.0015432252416704728,0.5355632589198649
1606,0.15254930955178606,0.0016718834046141268,0.002196580884195704,0.5350079378113151
1607,0.05432080433567622,0.0006519130090893176,0.0006231774317391747,0.5345943588763475
1608,0.09079270847563466,0.0017309071289859585,0.0009527876293315477,0.5314547098241746
1609,0.1762739244296525,0.002299579102125006,0.0019869989020059754,0.5346665307879448
1610,0.6336141284571799,0.00533168425300379,0.004903832358683325,0.5355210150592029
1611,0.22869787396909314,0.00046243661674044527,0.0018134417622692898,0.5348877939395607
1612,0.3681444128880101,0.0016641388258126432,0.00392931331722983,0.5349374562501907
1613,0.1630265606996221,0.0013761760754019325,0.0011841252730905273,0.5352691141888499
1614,0.0984918795601637,0.0012040010897072355,0.001424334828269871,0.5347938588820398
1615,0.13244950057328236,0.0010441904528589799,0.0011305416341174396,0.5342398071661592
1616,0.1667651004725512,0.001880129750260951,0.001091036322875896,0.5346929398365319
1617,0.09780165213851945,0.0008753684432401813,0.0012806720207341514,0.5338006811216474
1618,0.06610785046211955,0.0008641138140877236,0.0008457005760251381,0.4886774867773056
1619,0.06519028698227754,0.002257560437775534,0.0020137540555459363,0.5337828551419079
1620,0.09835677293964984,0.0025695697638815486,0.0022069050980420557,0.5351793728768826
1621,0.1363425838707846,0.0014409133400792866,0.0012289974513040173,0.5344917452894151
1622,0.13415457346141282,0.00044768797806491633,0.0014091826276910102,0.5343967536464334
1623,0.06321171989369508,0.0006265882706891013,0.0006919785654402854,0.5344855450093746
1624,0.20811066528984104,0.0006348594663514004,0.0008154413302413795,0.5351930158212781
1625,0.1074569107409694,0.002570090683350611,0.002237805077468325,0.5349614070728421
1626,8.47381395690092,0.09342260557429533,0.12741412355194348,0.5345436432398856
1627,0.11533828116924494,0.0010190338066839854,0.0012051999846827601,0.5348817529156804
1628,0.12063526612665441,0.001935752108301034,0.0011547254602018466,0.5345345721580088
1629,0.16421416080244297,0.0012555039581866193,0.0017240093281599078,0.5343280569650233
1630,0.020517061266447204,0.0007160729196702434,0.0007476515935953786,0.5344119258224964
1631,0.09219687170225421,0.0007751156337946463,0.0009528170544865607,0.5342144020833075
1632,0.11937653992799378,0.0009188866326320499,0.0012522229076426486,0.5352489002980292
1633,0.22312971706757634,0.0009939670552064123,0.0014990950354929933,0.5345831369049847
1634,0.053135389576457054,0.0008029428844627891,0.0010467117637009008,0.48886300437152386
1635,0.08850001220870053,0.0007837868282264781,0.0009401605315709158,0.5307497861795127
1636,0.251168159138611,0.0028174078569093825,0.0019365326388010471,0.5349829820916057
1637,0.19738444793569815,0.0013860207523903175,0.0021144189866953923,0.5348385940305889
1638,0.4082940708432049,0.007660683312409776,0.006431425960318897,0.5355253019370139
1639,0.16992186548323684,0.0018029734860143703,0.0016672023984301391,0.5370228672400117
1640,0.11800941315762294,0.0008652297903133597,0.0013316712237443427,0.5347465607337654
1641,0.14813526641469224,0.0013193650361209305,0.0014635299899410802,0.5337976440787315
1642,0.38407339491122183,0.007113676447821466,0.0058582246074863,0.5346376830711961
1643,0.044083768239131044,0.0009281665648305076,0.0009370024231203844,0.5347500978969038
1644,9.21120609523813,0.10613497768991112,0.10156584593942099,0.5338010853156447
1645,0.17998496988084936,0.0011030702902891272,0.001972459019128495,0.5349741200916469
1646,0.07367130592644026,0.000946883914849495,0.0009439877028791122,0.5344535899348557
1647,0.13382698642751858,0.0008134194754708047,0.0014358077885837583,0.5347543419338763
1648,0.10254043991319783,0.0009867031752647615,0.0010186022903162068,0.5204776036553085
1649,0.12924034969982526,0.0012000081154021137,0.0010998322825865557,0.535593458916992
1650,0.07459037483952122,0.003517293172084212,0.004186303091895351,0.534873170312494
1651,0.10727285403398404,0.0001321433007060401,0.0009079175736042258,0.5342188291251659
1652,0.08992869234874916,0.0009858248554739473,0.0009039826736574687,0.5348538300022483
1653,0.037829840328485596,0.0005660254449687979,0.0006470259461043863,0.5346297901123762
1654,0.2251279032477768,0.0014728497605943037,0.0017543337040947624,0.5351545070298016
1655,0.049952142846219315,0.0013298516943073815,0.0014799117848927515,0.5205315006896853
1656,0.05872140717531107,0.0009207215223667216,0.0008507447064973226,0.48857362382113934
1657,0.0627315318052899,0.0007428057463258678,0.0008879417020048151,0.5348225869238377
1658,0.03754687078230934,0.0015928905389811117,0.001621799879162672,0.5345601211301982
1659,0.051431818568452435,0.00023753876950557515,0.0005378667285440573,0.5367509499192238
1660,0.12097392680477187,0.002396620647243952,0.0017355120057793935,0.5351643180474639
1661,0.08734689395574513,0.0014110390287335962,0.0012959048648084298,0.5207587401382625
1662,0.16386990753944522,0.001950881442227405,0.0020584567069434037,0.5347196660004556
1663,0.13763006996925806,0.0004485345273302774,0.0010883095361444123,0.5371061661280692
1664,0.03492453289641505,0.0001309579970292281,0.00039769609886168843,0.5206808489747345
1665,0.1526958664940433,0.0013787886372247846,0.002333107147585252,0.5350224440917373
1666,0.10138529139712003,0.0007197594652664183,0.0011349489125540512,0.5348508949391544
1667,0.11885037078488833,0.0013637070732074902,0.0016685093167833388,0.5349153392016888
1668,0.6819810326493561,0.0033515921370688433,0.008086567424167836,0.536402998957783
1669,0.17241906241200305,0.0015448479626681525,0.0016511907046098773,0.5349824391305447
1670,0.46461978817550437,0.13669859853410213,0.13687574361162927,0.5349436039105058
1671,0.09286602982631012,0.002134367388945969,0.0023600345544295648,0.5345409978181124
1672,0.1217808876887187,0.0008211626032204289,0.0014870092002924706,0.5356777240522206
1673,0.07488858863791868,0.0010421842135411247,0.000779259541919712,0.5346824186854064
1674,0.02785315440678045,0.0009080133252016108,0.0011038139795027965,0.5344760492444038
1675,0.10547441201198154,0.0014750893631816234,0.001078440909020528,0.5345572070218623
1676,0.16092572410874098,0.002073417335371941,0.001606356358341174,0.5359888928942382
1677,0.26531401475691513,0.0016944498837709377,0.002131441944060711,0.5348563697189093
1678,0.11896381021013909,0.002457409864502642,0.00163273010221823,0.5358264041133225
1679,0.022096697624602674,0.00040107385808186533,0.0004909907638779262,0.5337106036022305
1680,2.469006792362701,0.026031592436442243,0.048525034097704256,0.535091336350888
1681,3.095886078923875,0.04842723731145031,0.03813020944652793,0.5354405278339982
1682,0.193257286566813,0.0015424743335476483,0.0013033441575461832,0.5355711802840233
1683,0.05026511798582316,0.0009250137211112571,0.0010014964015254708,0.5353105901740491
1684,0.09534860461289082,0.0010976363650897023,0.001348146858831361,0.5346272028982639
1685,0.14280321937504242,0.001942045216119366,0.0021412397465054526,0.5351507999002934
1686,0.06986514348772396,0.0013816109757404226,0.001309345812354672,0.5348303550854325
1687,0.10453844875201816,0.0020285440755139516,0.001416708837729002,0.5352454660460353
1688,0.09773291611605608,0.0007722516279398854,0.0008050461463941092,0.4892613487318158
1689,0.18943607717577948,0.00020718533199713657,0.0016009937430354515,0.5352060119621456
1690,0.019271984772317622,0.00012273334958378827,0.0002465423811167911,0.5346890259534121
1691,0.1431574540531113,0.002219533256899832,0.0016779642843500156,0.5347435129806399
1692,0.06036816813209026,0.0006698771154221916,0.000682495642206695,0.5349593837745488
1693,0.11633032138990604,0.001654451557481179,0.0012119232325090352,0.5341586610302329
1694,3.575067363142221,0.05125199026749269,0.05451469424002277,0.5348730781115592
1695,0.3056460210460966,0.11967683161436628,0.12108445385024705,0.5342610506340861
1696,0.0891901027112141,0.0003621839307607623,0.0005884019923273467,0.5345030473545194
1697,0.10715297361527241,0.0005804073185163048,0.0007855628345932242,0.535098722204566
1698,0.09831594881045863,0.0009665978977906936,0.0008948501593494982,0.534225098323077
1699,0.45964789475006407,0.0008232450878470402,0.0026540548852768894,0.534508737269789
1700,0.05963437670777907,0.00040252623310078656,0.0006233708603035314,0.5347205516882241
1701,0.057887845855596226,0.0012442440566430438,0.0015486045883031801,0.5349097694270313
1702,0.08464943658277546,0.0012711778846530776,0.000825249400007882,0.5101564032956958
1703,2.3880556723872073,0.05907737899249841,0.07308459741070701,0.5353795439004898
1704,0.13904247912230805,0.0008620380076063249,0.0008783147781144128,0.5347141027450562
1705,0.12057985832057488,0.002505466560268519,0.001961470458360354,0.534498387016356
1706,0.10395468493246372,0.00144006915747671,0.0009554426348437942,0.5347130382433534
1707,0.12356968754486365,0.0014504658554854689,0.0012527687766202699,0.5347732701338828
1708,0.05119620724816051,0.00046918561266444554,0.0005530633170643901,0.5343596059828997
1709,0.03222546205601374,0.001458365065264485,0.0013753869750093971,0.5352868968620896
1710,0.09336184337371049,0.0014393453822123985,0.0009581170503177952,0.5339803746901453
1711,0.0535546773623647,0.0011103854472449205,0.001148877329748541,0.5349647221155465
1712,0.4369708768505954,0.01741863694758818,0.017296630748797212,0.5349242552183568
1713,2.143656331957768,0.048307152428393216,0.05612113815284919,0.5345318173058331
1714,0.16713315768135537,0.0008460855277573345,0.0013864123636915357,0.5345591502264142
1715,0.2796165593437256,0.0023877439728888124,0.0023425330024455255,0.5350353810936213
1716,0.10537743478262411,0.0004150302705208278,0.001320517445918593,0.5098763918504119
1717,0.07947263048707981,0.0017193386772544684,0.0011624703269191693,0.5207866700366139
1718,0.13877656415087855,0.0009588507809700513,0.00090633838563145,0.5336627205833793
1719,0.11771437065570592,0.0005643610610759295,0.0010671052901028383,0.5376340970396996
1720,0.15321033395520176,0.0007427248748929406,0.0013380878255639546,0.4669580622576177
1721,0.06972131396625587,0.0008780908274038037,0.0009258172052959417,0.5340954107232392
1722,0.09992698297686493,0.002469955945161787,0.0020974589007450744,0.5351985939778388
1723,0.07820840817851525,0.0013482891814648647,0.001261378916146303,0.5348413549363613
1724,0.11853867539057368,0.00039144894408280745,0.0013439673471199386,0.5346298199146986
1725,0.23375345606922357,0.003944718795097397,0.0024818091863343045,0.5349993072450161
1726,0.393201673019627,0.004093236395056088,0.002273559167164267,0.5351751828566194
1727,0.1121035879921583,0.002012352767633189,0.0013009216727376846,0.5362406172789633
1728,0.5573285933664762,0.060242904885233206,0.05900488240327462,0.5343891540542245
1729,0.5298300859006988,0.07367819874453013,0.07547564314018967,0.5343150729313493
1730,0.08772944386801972,0.0009067636812578255,0.0008803267314403431,0.5095851710066199
1731,0.06508024508193248,0.0006016169572009772,0.0008667787777590854,0.5346143147908151
1732,0.04882566422131429,0.0033392345957917358,0.002989266266547842,0.536920462269336
1733,0.17852761763606897,0.0007746157518915399,0.0015000961816075233,0.5346072083339095
1734,0.0349012733983697,0.000408213939140809,0.0004642416096128755,0.5343771348707378
1735,0.3036286685131007,0.13695333583791922,0.13689258969490145,0.535169767215848
1736,0.05311538402611415,0.0006638561542437174,0.0007942018494820008,0.4882816760800779
1737,0.08832190597849227,0.0006480223272300117,0.001332145284204929,0.49928032606840134
1738,0.2569667832096954,0.0009703784717692991,0.002214321755139391,0.5353136728517711
1739,0.05250838785305237,0.0008981868535725131,0.000781319871529678,0.521431386936456
1740,0.595362034495316,0.008493117221593849,0.006952230262568286,0.535522811114788
1741,0.18112999113354447,0.0015252574176282464,0.0019187659126984466,0.5349414846859872
1742,0.10433956122513387,0.0014985952298403374,0.0013315810079891162,0.48858352517709136
1743,0.19077282636689627,0.0012407576593543312,0.0020325221919621542,0.5349062187597156
1744,0.10231187763263823,0.0002977464776303817,0.001159348994883089,0.47939333599060774
1745,3.341225861500147,0.06315800923792818,0.09584399893960502,0.5358363552950323
1746,0.07616210887969702,0.0007791178143475458,0.0009555761678702411,0.5210310481488705
1747,0.03733183305490999,0.0008796828721947302,0.0009229477245387314,0.5097252391278744
1748,0.0485877304445257,0.0004326058868255104,0.000748656214562352,0.5346223353408277
1749,0.2737422659790079,0.0019253762622517124,0.0019369612762091982,0.5354139558039606
1750,0.16169791329405536,0.001257115561029281,0.001817001147640504,0.5346488789655268
1751,0.39245636803178413,0.004548812930135021,0.004860044436570549,0.5351079269312322
1752,0.1463921487888498,0.001480022134618274,0.0008987432619031102,0.5345255280844867
1753,0.16197552005527566,0.0012851591175064108,0.0018609111240236174,0.534524142742157
1754,0.26746077344034597,0.0012568017047342674,0.0019139271006181698,0.5347982938401401
1755,0.08124055853701269,0.0008914352109716042,0.0009318020861590647,0.4991146260872483
1756,3.1542499309669663,0.1569192990717181,0.1575028254903525,0.5345070757903159
1757,0.17302733730848263,0.0015499217568976916,0.001713390275826054,0.5352527960203588
1758,7.150427107768926,0.13073436500793925,0.13036480564897768,0.5343644572421908
1759,0.7746674169331498,0.048858483517389924,0.053155491140617885,0.5355109898373485
1760,15.177853383961049,0.08986997468387219,0.06735620013561337,0.5344269182533026
1761,0.09091254520076608,0.0006839328828439053,0.0012444967135207597,0.530980758368969
1762,0.13149620657717942,0.0008843526083861898,0.001283835102879825,0.5364606492221355
1763,0.0739872061369681,0.0015362375021680554,0.0010642708371014268,0.4995025577954948
1764,0.10787116659388071,0.0010038270613626334,0.0012728698236231452,0.5368924732320011
1765,1.1765519042483905,0.024830759368872336,0.018708108821639202,0.5349301300011575
1766,0.07038613921779369,0.001509409617482665,0.0012437070055223915,0.5348784932866693
1767,0.13912680189777094,0.00045884235475382765,0.0011069658029280696,0.5345581262372434
1768,0.02843937684162287,0.0014648771175339833,0.0014437212854490238,0.5358715439215302
1769,0.3485756888852808,0.016812717137311518,0.01914711482047236,0.5332830520346761
1770,0.13996160543736402,0.016924946071554467,0.017693214065587635,0.5348853003233671
1771,0.19213854823200963,0.001103991570197988,0.0011786850020805248,0.5347540746442974
1772,0.10122053449442658,0.0006946592795266533,0.0011805825194973847,0.5344679751433432
1773,0.16593591474702415,0.0009703698778485045,0.0019697053645395383,0.5346776312217116
1774,0.03850877005440066,0.000802905941546104,0.0009206657722548412,0.5345136770047247
1775,0.34190958321211223,0.25302234326881873,0.25284985518986924,0.5349441170692444
1776,0.06523402190556772,0.0006755111765189644,0.0010818503308553194,0.5339918197132647
1777,0.16199281330215806,0.0026259297532639217,0.0025370425940704528,0.5348892300389707
1778,0.04417964377134028,0.00029341642254354704,0.00044449629466312225,0.5362772108055651
1779,0.17281829593170042,0.0020376992563733032,0.0017453649193610971,0.5343540096655488
1780,0.21092805151100816,0.001763659238087948,0.0014673508247440574,0.5345762930810452
1781,9.817906600131735,0.03346201011463279,0.10745351739732847,0.5339911519549787
1782,0.03402608871249204,0.0010355683254813237,0.0011458726554187087,0.4670756421983242
1783,0.1558150558061322,0.001288244321387702,0.001554196705872911,0.5203066901303828
1784,2.5555464999424435,0.03970866696785911,0.03905599570177167,0.5343788671307266
1785,1.6819493543775315,0.055156167590755284,0.04863598820706661,0.5359359979629517
1786,0.21962438410181295,0.002824961733442937,0.0021722633010499894,0.534694816917181
1787,0.16025532460289307,0.0025137848028857607,0.0016094973131668888,0.5349708101712167
1788,0.4969940255151263,0.027351527491370764,0.02884178447663574,0.5349948536604643
1789,0.2874934423782468,0.0022960326124366417,0.001719966544795619,0.535783760715276
1790,0.023731257710286755,0.0009139974497822081,0.00097957684130646,0.53448381787166
1791,0.2044054877540053,0.001326229713364261,0.001496242842789031,0.5350478002801538
1792,0.03928139603762752,0.001705234769795969,0.0018732386650928267,0.5356350201182067
1793,0.06341619504983571,0.004788971529261814,0.004586643439268465,0.5352834332734346
1794,0.12404419570923761,0.0016622622485453252,0.00143373667702033,0.5345306657254696
1795,0.10869658149142375,0.0016058389727469041,0.001454999475186509,0.5351781789213419
1796,0.26460279020916166,0.002544171190062454,0.0017077401912805523,0.535200476180762
1797,0.20914578528996638,0.0041935107325122975,0.002538134283794512,0.5350727783516049
1798,0.09666163437707816,0.0007242048663877261,0.0010115578693883872,0.5345147410407662
1799,0.10834709020711301,0.002760340709837847,0.002077081377608902,0.5350707983598113
1800,0.05836667559098369,0.0003659894416470243,0.0010333341446681968,0.53429592307657
1801,0.34230616920304213,0.0028990364978337146,0.0029432324550964315,0.5348804732784629
1802,0.08909629349890702,0.0008663112123929853,0.0009903857194282133,0.5355884497985244
1803,0.13371892634223428,0.0008195199829510562,0.0015797540027557369,0.5351306572556496
1804,0.1260176888747865,0.0002869533612068896,0.0013004874281517358,0.5351065387949347
1805,0.15995105651472102,0.0020887792802182057,0.0017125221873390112,0.5344774997793138
1806,0.1328028746811146,0.0019748116217041464,0.0013008950192643243,0.5349660068750381
1807,0.18926852270028666,0.002678518666412296,0.0017240928985212244,0.5347686409950256
1808,5.243102492796436,0.17989849881206418,0.14551038755767318,0.5347205358557403
1809,0.07527585670860511,0.0024850675582293365,0.0019382809398108866,0.5347209111787379
1810,0.15216582215618704,0.0013211559105749165,0.001374551444965267,0.5351729867979884
1811,0.0480574351801169,0.0008121122905447166,0.0005841161799741823,0.5345201026648283
1812,0.21453297415259678,0.0028407937057478064,0.0018040500738797003,0.5346434386447072
1813,0.09118526600281446,0.0007882060627280524,0.0011519996379170284,0.5360001930966973
1814,0.10993381042187994,0.00040797891636692334,0.0015818498652277438,0.5354788643307984
1815,1.180882053551829,0.019453709673613307,0.0173198571660777,0.5339976851828396
1816,0.03226492878727761,0.0013855176561065896,0.0012215880720133699,0.5348176728002727
1817,0.12704412832887685,0.003202974146276925,0.00283216769669533,0.5345354112796485
1818,0.12811888098232777,0.06703762829917918,0.06637471537942283,0.5346259051002562
1819,8.65746203940513,0.1523939942508196,0.21641750742420227,0.5341916321776807
1820,0.1182159245862445,0.0015938467385631697,0.0009453481476680537,0.5345317418687046
1821,0.17002892219431798,0.0009443389339142186,0.001331623793285179,0.5342190288938582
1822,0.046504109100554296,0.001150607170137267,0.0014745667497471362,0.5348884938284755
1823,0.8842344874266652,0.049242853532937336,0.043908938593290744,0.5351564870215952
1824,0.03312423211519205,0.002801366216216043,0.002543508150747333,0.5352792060002685
1825,0.543520161133122,0.0777342486477348,0.08072654959617603,0.5343259833753109
1826,0.24287913506955844,0.0022134193148489467,0.0017912498619236097,0.5349295786581933
1827,0.06484194033769893,0.0011934970382548203,0.0009841052405723239,0.5347982039675117
1828,0.12943833410743297,0.0007057378734625356,0.00129536621530754,0.5345385083928704
1829,12.206792252957348,0.0474925016947608,0.1242972239701609,0.5350014781579375
1830,0.02665995080087431,0.0005194246425363212,0.00043068455693627365,0.5312626929953694
1831,0.21295970478620427,0.0021102561866200836,0.002436404291679522,0.5351908970624208
1832,0.11678524501254325,0.001683779028379918,0.0014600325631241742,0.49963378300890326
1833,0.1003902940056112,0.0018989717974622062,0.0014515359185590015,0.5347677390091121
1834,7.3511516333998745,0.11937774172303617,0.09267672483923946,0.5333359409123659
1835,0.09259155321634593,0.0004961692315616514,0.0010922655735055961,0.5343065918423235
1836,0.07460463965832323,0.0010317510083057008,0.0009822253319052288,0.5350057720206678
1837,2.9139733447165996,0.00961097223613239,0.03220945972565608,0.535044077783823
1838,0.28935908729322846,0.0018834275949732742,0.0017966934884535686,0.5349729182198644
1839,0.2977335480428544,0.05119156479115608,0.0514284736784568,0.5332281780429184
1840,0.05616802119150538,0.0009476906814815142,0.0007488762320890459,0.5344321453012526
1841,0.12920476687294669,0.001529225040044101,0.001253264100050754,0.5354873272590339
1842,0.3510612956339488,0.004097389256173425,0.004713313362810651,0.5352904926985502
1843,0.6853572826374479,0.005116656974071334,0.00246701920270638,0.535549043212086
1844,13.492062680934781,0.08475115025276846,0.1509414153694399,0.5342222349718213
1845,0.17660295172600765,0.004536483660217414,0.003971678420685513,0.534993308596313
1846,2.1680710726482335,0.023766169823179202,0.041976039360087876,0.5330998646095395
1847,0.18135046528337187,0.0013632068298486185,0.0012440802391993576,0.5344412932172418
1848,0.14643877766332386,0.0006155382391528933,0.0013262166264900663,0.5348596321418881
1849,0.09727314733808243,0.0011585798534572487,0.0013565581817356054,0.534488873090595
1850,0.20274310883433835,0.0011282045348529237,0.001445797446548415,0.5347955739125609
1851,0.13657225873692144,0.0016092841042509994,0.0014748767977799423,0.5348309432156384
1852,0.12723057922332864,0.0022710950655236628,0.002049415122248695,0.5347854010760784
1853,0.27587239228279276,0.1632959456886685,0.16547917198855905,0.5353977424092591
1854,0.08415779454221467,0.0008385043342283799,0.0010788153321570633,0.5343027212657034
1855,0.40656290343720813,0.0985107731970988,0.09948003846016795,0.534556726925075
1856,0.0976524066520832,0.0013590511044824403,0.0009988812820734211,0.5347156259231269
1857,0.15169405638187472,0.002942925898636612,0.002130959945634311,0.537253487855196
1858,0.41630224549913525,0.009554632095188476,0.0072214615839461295,0.5358151909895241
1859,0.16331393093007493,0.0010596098976078394,0.0015651518891539558,0.5352387921884656
1860,2.7464703237557324,0.033650233330947854,0.02918871735090271,0.5332463728263974
1861,0.06116056207462872,0.0023427269946066052,0.002035805505355126,0.5349804661236703
1862,0.07608171603952814,0.000930351623694237,0.0009229765471112377,0.531242623925209
1863,3.8374914826826094,0.07224753984630906,0.06074473931583921,0.5348456157371402
1864,0.05490267253262009,0.0008276387067345653,0.0008540145040596139,0.535115210339427
1865,0.040742961880329054,0.0005939049564347364,0.0006404887875014708,0.533246680162847
1866,0.09204732273701019,0.001446968325284372,0.000778308425949864,0.5346109461970627
1867,0.14498402136829508,0.00130967954116048,0.0015552819269211528,0.5367483822628856
1868,0.2531262189869749,0.0025726785003300583,0.0017223943361147284,0.5347363618202507
1869,0.4295073223537792,0.0035052265746007244,0.0053452058464736295,0.53564986679703
1870,0.16584412897309816,0.0007044873827928217,0.0015515525828196548,0.4888987708836794
1871,0.11092274799082245,0.0006748402722845973,0.0011036834249774337,0.534257932100445
1872,2.4447905258600873,0.04043489808168534,0.03455647540200308,0.53427949314937
1873,0.10473422337713646,0.0005592067803049959,0.0011753014800978574,0.5343052023090422
1874,0.23112197059102202,0.07053666782445984,0.07029926907095135,0.5347999106161296
1875,0.06564387610487767,0.0009429035754027112,0.0007924900419963852,0.5355305369012058
1876,0.1736696533412822,0.0005778275078262593,0.0016052648867914273,0.5232651783153415
1877,0.05415966992236887,0.0005011067475772219,0.0008202012924293972,0.535125982016325
1878,0.110597609165144,0.0006903858935936108,0.0012389095627358155,0.531480026897043
1879,0.23794406237594717,0.003247592120119591,0.003104024449729032,0.5352807599119842
1880,0.259275201467617,0.0018560446756303848,0.0028951193881043983,0.5351711469702423
1881,0.11440599949823263,0.00229178859595604,0.0022821463546979404,0.5354445748962462
1882,0.7916447914104308,0.019057428205094977,0.01552946538015198,0.534640297293663
1883,0.10202763774708633,0.0006509032958618141,0.0012799871467430734,0.5320491772145033
1884,0.14408086139203996,0.0011890301824899782,0.001230708762287341,0.5377246690914035
1885,0.12441353171730206,0.001253206771571774,0.0012893425949771814,0.5349625023081899
1886,0.19025292943861632,0.002264278902917284,0.0014557815458065425,0.5353650799952447
1887,8.73798331133964,0.10404474204631216,0.12799267949081966,0.5337269720621407
1888,0.1163297319675043,0.0012620393029940402,0.0012320236338955342,0.5340201598592103
1889,0.11857261417382431,0.001379193450460353,0.0013791003631931243,0.5356973502784967
1890,12.102269224939297,0.03742290849298102,0.1544238392734488,0.5351786511018872
1891,0.2685682640393287,0.004053123353753705,0.0022706281169258577,0.5351610979996622
1892,0.06902006623040112,0.0007874860970353032,0.0010111757479777984,0.49933840706944466
1893,0.13765448133754551,0.0018707710976561729,0.0011847966734923963,0.5350702749565244
1894,0.10172317724528614,0.0015888479041703378,0.0019096201064030833,0.5354674058035016
1895,0.12339960740984053,0.0006793663042793935,0.0011925383432536078,0.5349698490463197
1896,0.19727420015164993,0.004476959496178547,0.004439930821584485,0.5351055287756026
1897,14.711404143994338,0.09438294450315628,0.054653242317033286,0.5348662813194096
1898,0.10723434605357438,0.0011645813972173927,0.001079079130408988,0.5375097719952464
1899,0.6891232354749044,0.004145808050861646,0.004750731591121102,0.5347637413069606
1900,0.32316638481210547,0.0012561417474593237,0.0023380143580815937,0.5356457601301372
1901,0.055644211385608544,0.0005764874941165143,0.0007364564424402151,0.5109792202711105
1902,0.05787081360453951,0.0009271629780645888,0.0009346230569178997,0.5201318860054016
1903,0.14857710324550089,0.0021010622494554783,0.0016562960319058597,0.5337791317142546
1904,0.059680438994075394,0.0014185346719276493,0.001259548889104733,0.5113267148844898
1905,0.1240854025862203,0.0013266580473822167,0.001166727390289129,0.5348173030652106
1906,0.09425735072340069,0.0007569048268002041,0.0009131657782068587,0.5357701750472188
1907,0.17841674129540402,0.0033064793829273645,0.002396490746475614,0.5357191408984363
1908,0.28326562982406595,0.004425797867536695,0.002966835608280939,0.5350358476862311
1909,0.0986161979950503,0.0017917009544703034,0.0022551215856086533,0.5345091028138995
1910,0.15378753209804868,0.003923818871703539,0.003935994004203012,0.5355305927805603
1911,0.06014773236723454,0.0009135248346342742,0.001150694342035632,0.5347062810324132
1912,0.1018471238134683,0.0011923279668045847,0.0012615989292073249,0.5347243770956993
1913,0.918668305963317,0.051693868726165736,0.05926168327205204,0.5354492580518126
1914,0.3039978066979998,0.0029880305163495304,0.001605187688384819,0.5359153687022626
1915,0.07831852254703157,0.0010113652316854718,0.001239435970449467,0.5353013598360121
1916,0.09070696725248284,0.0014662272790966803,0.0011544347671103073,0.5349524081684649
1917,0.47886427992372643,0.03521614813636064,0.03393435239006886,0.5325394258834422
1918,0.04697356128247911,0.0008381846730920317,0.0008256459418376612,0.5347920279018581
1919,0.36151099703557316,0.0036549449445937316,0.0028610088983191955,0.535746902693063
1920,0.08351355222461318,0.0005179155650109704,0.0008851131792478557,0.5346058998256922
1921,0.0789150372928394,0.00020606458445873764,0.0007714264392367913,0.5347976270131767
1922,0.14257683312136168,0.0006727083752307915,0.0013180300167894613,0.5209031766280532
1923,0.1336124115506301,0.0014932578254103685,0.0012735201051775032,0.534986631013453
1924,0.17207582356245052,0.0009447025863459336,0.0013557492232891446,0.5347309159114957
1925,0.11950264848137022,0.0010555084292241197,0.0014148225177865368,0.5369725851342082
1926,0.07306916536422399,0.001349307409966948,0.0011533809589353173,0.4995498233474791
1927,0.12467601838202505,0.00125698663271272,0.0014403506995502653,0.5336676617152989
1928,2.022599301638054,0.026264745769148706,0.040508862989385865,0.5352669060230255
1929,0.2621975036357572,0.0015459289400251222,0.0019991500908592146,0.5348289888352156
1930,0.19976638394246088,0.0014051006090961687,0.0015585030641614404,0.5342630250379443
1931,0.10354993963843492,0.009032019775260495,0.008813013741725812,0.5340774799697101
1932,1.2677338226351833,0.08190327474137715,0.0838871792835862,0.5353443920612335
1933,0.12358700560925498,0.001237029094024587,0.001156323473671855,0.5311618391424417
1934,0.13118433717530387,0.0002482580385985445,0.0010506076047578428,0.4671042989939451
1935,0.08223486486172676,0.0009097876674660589,0.0009030266899600419,0.5345154590904713
1936,0.04490448054945604,0.000682506181073649,0.0008493470687543408,0.5367675791494548
1937,0.3537495189506916,0.003268595820104284,0.00327842491168398,0.5354363531805575
1938,0.08143822917048114,0.0005818084343476664,0.0006265129782476088,0.5348182041198015
1939,0.0901864097626443,0.0006581033733952506,0.0008952293450314062,0.5341611760668457
1940,0.09863529858246027,0.0022482830487590994,0.0020250582724306047,0.5349857178516686
1941,0.10488124297152038,0.00040455965036287713,0.0009243583522059206,0.5351547976024449
1942,0.059492517600223276,0.0003542358625133387,0.0006636539531393974,0.5310161630623043
1943,0.5310059642776652,0.008548572822542136,0.014647296629075318,0.535460407845676
1944,0.16114555528593608,0.0011063199028079897,0.0015684952103821258,0.5369732594117522
1945,0.08800917507552794,0.0009459807716505957,0.0011398005758617063,0.4994417820125818
1946,0.06593244547377454,0.0035467034030679076,0.0032226257134408787,0.5351800569333136
1947,0.14409133987154424,0.001404844406076506,0.0016889028469435827,0.5349427331238985
1948,0.09482331116525256,0.0009897944279441877,0.0012116987053161189,0.5342539269477129
1949,0.12392368697895051,0.0011628453693390097,0.0011773155761163453,0.49934472888708115
1950,0.15107389808890195,0.0002862757190191274,0.0012319131063945876,0.5344558688811958
1951,0.03964187864879617,0.0010298032364637623,0.0009378364415839526,0.5341939581558108
1952,0.0857826524266777,0.001337089409124513,0.0008902099131811446,0.534655406139791
1953,0.03591828654124417,0.0013123545953574647,0.0012150033960524724,0.5094937616959214
1954,0.1482931307754818,0.0010348608193921868,0.001076458576115568,0.5354179497808218
1955,0.10330241704278663,0.0006890278043504543,0.0009585920107190941,0.5206395732238889
1956,0.0915150613815463,0.001245993023127228,0.0014537371314419444,0.48852048721164465
1957,0.033545717151587204,0.0009970324874261863,0.0008857735636081849,0.5363470939919353
1958,2.3689727743651274,0.07598251487756315,0.08713748322225094,0.5340865692123771
1959,2.1589645752193163,0.0337167752313787,0.024205042626980287,0.5349861131981015
1960,30.119955549900677,0.14613552348441738,0.2841735429519193,0.5331163909286261
1961,0.6831087174001992,0.12412541721147523,0.1243673564788471,0.5324342376552522
1962,0.08528936599309853,0.053922440111533326,0.0541698107065745,0.5352568053640425
1963,0.10241672875484735,0.000985168519946139,0.00112432817438145,0.5333449202589691
1964,0.03928043377289633,0.0010370996029398295,0.0010030323739099135,0.4691341379657388
1965,0.1881133692720539,0.0022264695665782704,0.0015000432217475276,0.5349088860675693
1966,0.4422256586367649,0.04448366894397285,0.04555858974847483,0.5349717740900815
1967,0.16512000549100153,0.0042211247852077015,0.004077642038704722,0.534627677872777
1968,0.12643589011612205,0.000881605296844616,0.0019939121822946486,0.53467623796314
1969,6.869075416187636,0.06517487936156346,0.08541183386796118,0.5339614199474454
1970,0.06289583910544295,0.00113539291133504,0.001114075932494037,0.5313121951185167
1971,0.8055259505101409,0.006220060837780852,0.005955120111211427,0.5349960648454726
1972,0.12918563516730824,0.0010477813629965293,0.0010548510638707057,0.534474728628993
1973,0.05705979600997908,0.0007709608141264543,0.0011901675315614004,0.5333738271147013
1974,0.2116610562354321,0.0016264322592463494,0.0015760137447789428,0.5349028478376567
1975,9.802625084235029,0.15952155006141117,0.1329557261307142,0.5339853237383068
1976,0.1403170642087362,0.0017616475542162138,0.0012312140482610978,0.5341106900013983
1977,0.8325455520266682,0.09493288306090233,0.09118270391146813,0.5350080416537821
1978,0.15808064758300977,0.0010954563174907824,0.0011648489617110827,0.5343219176866114
1979,0.08319275202528452,0.0009294901837601446,0.0008762280774244448,0.5200104960240424
1980,3.9822134123528583,0.045364907764470004,0.0740342081398939,0.5344772827811539
1981,0.14804501452971877,0.0019229283724078174,0.0024843050708388847,0.5349038508720696
1982,0.03854809007181149,0.0014220425379978423,0.0011366517436592317,0.5370417386293411
1983,0.12476143709248416,0.0004597139031008604,0.0013013279688100553,0.5348012219183147
1984,0.23632821262520992,0.002242792848571184,0.002153005699065561,0.5349766318686306
1985,0.11027332939359674,0.0012722810318295367,0.0011218353329604325,0.5103922779671848
1986,0.13786488354467027,0.002059401062385062,0.0015355406022562136,0.5347576010972261
1987,0.20122390161012585,0.0015566338235736582,0.0019770009108130036,0.5347673520445824
1988,0.08775098254254192,0.10653074828770849,0.1070096679723949,0.5352560160681605
1989,0.521396398706057,0.05923620774307142,0.058439286629277006,0.5351620209403336
1990,0.18386569739927372,0.0016414282741844498,0.001450859987736721,0.5349085130728781
1991,0.19587832631275912,0.135397395525046,0.1358725469883481,0.534501254092902
1992,0.08236647841129667,0.000606429047168041,0.001088487916398597,0.5348783880472183
1993,8.736868069450523,0.1039256898002265,0.15967913383492444,0.5341513273306191
1994,0.10577432370449338,0.0008672597454832933,0.0009581525115422644,0.49950052984058857
1995,0.19620264454887568,0.002652193212586461,0.0013464448956053052,0.5369213302619755
1996,0.01081408919435467,0.0008196777000896301,0.0008263219282508372,0.4991723201237619
1997,0.15823411131556017,0.0032889986902877653,0.002704456309734759,0.535225706640631
1998,0.11506635781522236,0.0010972438806447222,0.0017026527705217697,0.4989252658560872
1999,0.15563692066712217,0.0020921984625092583,0.0029571337792919927,0.5348318917676806
2000,0.1993710687698263,0.016595493367567014,0.017001417999220936,0.5348573438823223
2001,0.04891355790679397,0.0009871143609953765,0.000921931049806924,0.48868457740172744
2002,0.08901960039209762,0.0014220488670136189,0.001337151250424381,0.5347040863707662
2003,0.12647576388729287,0.002008780546440689,0.0023679409887580063,0.5344220260158181
2004,10.584031015412865,0.19868919058489418,0.16831393058841046,0.5341471512801945
2005,0.060113165737645705,0.0006635340927638257,0.0007628459687858616,0.5349449962377548
2006,0.026283968176156396,0.00042038755589177167,0.0005421516525958488,0.5119934701360762
2007,0.15826824701072664,0.0016073793535410837,0.0014703420973459613,0.534826644230634
2008,0.17791621470343658,0.0010793086563941066,0.001453233547671968,0.5352719388902187
2009,0.03951889814164831,0.0005869723123522822,0.0006483587969246393,0.45719076367095113
2010,0.08238995704731907,0.0002323157446918321,0.0008720649968231788,0.5345379719510674
2011,0.02282244257648986,0.00070421643472477,0.000752662172283906,0.5106658479198813
2012,0.1327070684556802,0.0012669847640933466,0.0012566239400448528,0.5342990360222757
2013,0.06922286221800046,0.0007161332169786258,0.0009300732740480592,0.5219019558280706
2014,0.10578418452455948,0.0030464994401854222,0.0022173247018720363,0.5354718887247145
2015,0.0671398689770786,0.0007073665460811902,0.0009283125936998759,0.5345763089135289
2016,0.23621497714901663,0.001423524619952383,0.0012290291239982953,0.5344750811345875
2017,0.04436888061510586,0.000589122824264925,0.00044982901729926305,0.5318189063109457
2018,0.5925503626783752,0.03252978645533269,0.03319230275416683,0.5351618826389313
2019,0.1812338552625507,0.0022210566080989947,0.0018280711413408094,0.5348231852985919
2020,0.09706012753829965,0.0016130419892570174,0.0013284544709093622,0.5351426089182496
2021,7.210247630293562,0.17041658726186212,0.12297911610222925,0.5323560470715165
2022,0.09021572960357918,0.0005637422392155082,0.0009067530471041612,0.5204913960769773
2023,0.046300115270074695,0.0005627963019746046,0.0005609963277543225,0.5355499740689993
2024,0.1406760191366612,0.001652164461380728,0.0012998517934227007,0.531076880171895
2025,0.19821118468207366,0.0007357345695332859,0.001727900492689071,0.5366244548931718
2026,0.15041401560655204,0.002217345355812402,0.0011585427361681482,0.5350462910719216
2027,0.025061831141329795,0.00036467678648205676,0.0005153872478512064,0.5362150827422738
2028,1.7878734101433928,0.014815341582666798,0.025835146311980122,0.5355612998828292
2029,0.09130503617974335,0.0008736976547772255,0.001269431805596223,0.5346994190476835
2030,0.12131939234955359,0.0027892411652498945,0.002043243447542101,0.5351294628344476
2031,0.06867396706675086,0.0014635603023371623,0.0014957816830195158,0.5345884398557246
2032,4.030090508252421,0.04766640596207706,0.0551119936254212,0.5343249356374145
2033,0.16587610966419586,0.000824179917774064,0.0016879126442964423,0.5342183820903301
2034,0.24892554469319117,0.0017793801021829334,0.0015174960941352657,0.5340007287450135
2035,0.11752022047731164,0.0015196538114183634,0.0010948307278147314,0.5341470469720662
2036,0.12880191853812645,0.0018479743998812248,0.0015627922250120903,0.5349222612567246
2037,0.07755080826568246,0.0008039749818122448,0.0010889776559143058,0.5343863512389362
2038,0.1672210810433563,0.003638777458666117,0.0031318146912284067,0.5343638570047915
2039,0.23774096258352723,0.001275369959833839,0.0018882773503820349,0.5350020928308368
2040,0.05885751959202428,0.00046149976406435197,0.0005208631125380318,0.520315308123827
2041,0.1329967577059625,0.0011834671121858063,0.001565456557949063,0.5349232293665409
2042,0.7404383891736126,0.01987539173988544,0.020105448959543627,0.5347798308357596
2043,0.05225438090731405,0.00036324175011966087,0.0003813184527634602,0.5339490482583642
2044,0.08852719997401305,0.0005913634211589616,0.0012405766939462236,0.5339675103314221
2045,0.038331928072558225,0.0009059830248237639,0.0007257358594301473,0.5368312783539295
2046,1.065540827791567,0.00703068784732657,0.011021680529990138,0.5348247811198235
2047,0.1617461782478759,0.0012666494091882825,0.0012935593709090102,0.535109250806272
2048,12.567820035441507,0.15984045919408377,0.1093652155334147,0.5360831888392568
2049,0.11125331062963187,0.0008392513857801597,0.0010970352024852088,0.53449288289994
2050,0.3615726443807967,0.0055671496217843935,0.002875419085903516,0.5349463475868106
2051,1.8121672842788377,0.02629716188483879,0.016090291854420184,0.5351102272979915
2052,0.4269748908222439,0.00917513784319012,0.007103307371028923,0.5345909669995308
2053,0.10504969885821852,0.0015809079808960596,0.001213979527814599,0.5345430606976151
2054,0.02713664460997754,0.0009300968961349918,0.0008546236765414,0.536644556093961
2055,0.04717544721771496,0.0007945529191003771,0.0009896469306448247,0.5361152160912752
2056,0.052141033194020796,0.00105759678925054,0.0009113528723636136,0.5343483071774244
2057,0.04902841699226886,0.0002986220338099338,0.0007122020588479342,0.4685303969308734
2058,0.083748505210021,0.000683237270981717,0.0007032644187148122,0.5319454171694815
2059,0.19490667644811252,0.0023801268207114703,0.0016430660764146967,0.5350839477032423
2060,0.1364171714484053,0.0006185927498456881,0.0014324708136769554,0.5344467079266906
2061,0.10899581806171546,0.0008293476546266051,0.0007970031251652291,0.5371769317425787
2062,0.044786250739294646,0.00048705652594481296,0.0006306875602173464,0.5202056709676981
2063,0.07254173500549511,0.0009335519283595644,0.0009416282126414533,0.5350358239375055
2064,0.1025716912421233,0.0008323748712732437,0.001010543697137381,0.5347731728106737
2065,0.11555783830850189,0.000843203254902271,0.000989086912059892,0.5202799420803785
2066,0.12528200163721986,0.0017861897922229184,0.0016520184066910494,0.534479966852814
2067,0.24384249104531117,0.0017275994304669987,0.002690329071693019,0.5348320170305669
2068,0.09547229823835521,0.0005829843813436662,0.0007712977270543725,0.535201468039304
2069,0.18885397192365677,0.0014461102500630783,0.0013923431492042647,0.5351984812878072
2070,0.10470326602655021,0.0008686182057501779,0.0010032144288657887,0.5222866628319025
2071,0.11797514982483939,0.0006092946735583152,0.0013145841358564744,0.5343473153188825
2072,0.34623276807067915,0.0028527537363395687,0.0016833299574967656,0.5350669352337718
2073,0.2401718530399596,0.002055332367750856,0.0021086446062619697,0.5339616779237986
2074,0.05169857612889588,0.0012449564896241136,0.0010692268019938922,0.5336713939905167
2075,0.10290374104591687,0.0014549394830611025,0.0014805324036824285,0.5343783372081816
2076,0.1162679708661812,0.12559612044272714,0.12590795335687202,0.534360442776233
2077,0.1547308360374578,0.0016849958471906316,0.0018375601813773851,0.5353752411901951
2078,0.0750755308874559,0.0012880683561545037,0.0011306526456710789,0.5346297021023929
2079,0.47419189320884453,0.026900801361441757,0.025511398936904905,0.5372724919579923
2080,0.09210993833821476,0.00046424686109885273,0.0015084559888867673,0.534702155739069
2081,0.31261923694985166,0.0017976392828126543,0.0028275103607101663,0.5350346569903195
2082,0.31243005575434873,0.003214935196661122,0.002263047609398106,0.5348067199811339
2083,0.1826836975156986,0.0010268692907373334,0.0011930938122327436,0.5205890717916191
2084,0.2121222788487868,0.005444975912815228,0.0055816170948876035,0.5354240187443793
2085,0.11092349469579285,0.0013530259132825302,0.0012009584878896035,0.48873343179002404
2086,0.11960752339642346,0.0009211311080834706,0.0015533494831723375,0.5349925518967211
2087,0.18938940355315978,0.0017495730618107114,0.0013896965768262367,0.5348617061972618
2088,0.22133793465771048,0.0022667646100246203,0.0024999135029431965,0.5346775730140507
2089,0.3105732257685323,0.002296226273091703,0.002764902159315643,0.5351578197441995
2090,1.9592034629611914,0.0626035755511796,0.07412198508017084,0.5335411261767149
2091,0.09895701770838912,0.001665421634436537,0.0012297007053418596,0.5345096201635897
2092,0.1336014966851535,0.0009839138226127085,0.0015463493075953028,0.5345156276598573
2093,0.09211741418744651,0.0010452204657599568,0.0012050019292498871,0.53462994704023
2094,0.1222030987068149,0.0014886115281486161,0.0014968768310271324,0.5100301569327712
2095,0.023117632250668166,0.0005755707360903461,0.000489508855969327,0.43504502484574914
2096,0.20892912431252939,0.002231574069733219,0.002311245819226184,0.5352147906087339
2097,0.0672121572600935,0.0017214199358691997,0.0019062774588175923,0.5348996929824352
2098,0.12168990348045082,0.002007523709276447,0.0015048273584321419,0.5346364537253976
2099,0.13009864062108425,0.0014289213618219492,0.001814300589958095,0.5358086717315018
2100,0.9503797279784749,0.13315905722466306,0.1352462794053456,0.5332677336409688
2101,0.07201678476341077,0.0006770675863565375,0.0007002815785300662,0.5344393732957542
2102,0.1572039098633758,0.0008708668706880205,0.000927857861405855,0.5347356889396906
2103,1.018246249248511,0.05907176624604868,0.06246424365497821,0.5330990389920771
2104,0.02432633307441881,0.0006524486094961267,0.0005826640130075679,0.5344506110996008
2105,0.17269927539105323,0.005171455568336818,0.005624602706924475,0.5353357600979507
2106,0.14839103764666944,0.0020932325666593145,0.001900549739696713,0.5342662888579071
2107,0.11158353807005762,0.0012414232637395699,0.0013224257560481042,0.5348947322927415
2108,0.06065111735117802,0.00035927680404594154,0.0009516250899162689,0.5349966948851943
2109,1.6137732355550323,0.0052921010135785875,0.019176026367949198,0.5341118769720197
2110,0.06928369839145603,0.0006461312726394609,0.0008993122922919741,0.5360954729840159
2111,0.15351443300798914,0.0005058331030480601,0.0012133121458665103,0.5349304871633649
2112,0.059139809171232856,0.0007475366994441452,0.0007140975983102771,0.5349314068444073
2113,0.30323004421947375,0.010100474018673854,0.00906829384560002,0.5351086119189858
2114,0.1050166363317501,0.0013976234434939685,0.0016851919259728207,0.5348269897513092
2115,1.2342329443846791,0.013707081799927131,0.011314773571327761,0.5352212241850793
2116,0.094184713133797,0.0018239964665813305,0.0019372279085978824,0.5353657230734825
2117,0.0933411250517901,0.00046768234255244954,0.0010465426042254378,0.5341740930452943
2118,0.21237839933062877,0.0024204578588371273,0.002383999439563602,0.5366323632188141
2119,0.12083637984836869,0.0015215208437068235,0.0016371384542847832,0.5344798872247338
2120,4.294649766721247,0.0554620745837968,0.07025488584800611,0.5336300400085747
2121,0.1546399500537503,0.0009737276385129764,0.0014445713258608472,0.534891156014055
2122,0.042248727618639376,0.0002689164543318497,0.0005999921183224499,0.5004261122085154
2123,0.03700474376183149,0.0009603973102848009,0.0008197296618327613,0.5340680349618196
2124,0.04906187173462143,0.0014127184040307833,0.0014947965481490737,0.535556664224714
2125,0.09270410168155706,0.0011403355178745784,0.0012422268679083514,0.5345803759992123
2126,0.9390377890528377,0.01678526663721367,0.01915285345706264,0.5343962539918721
2127,0.7952281599376064,0.1800128384697108,0.17464512325454074,0.5355598349124193
2128,0.11071360651346683,0.001465768949935986,0.0009649560949992286,0.534363741055131
2129,0.14308259042258642,0.0014099241360079988,0.0016018236770422207,0.5347749930806458
2130,0.06942933887132847,0.0010915785615398187,0.0009388264411930598,0.520717182662338
2131,1.5621942968156968,0.06024440534207977,0.07352945870973712,0.5325443549081683
2132,6.260621644230638,0.1802120849932287,0.16094267006222915,0.5342402397654951
2133,0.05717215403688953,0.0011484838467704205,0.0016853321844780514,0.5202210056595504
2134,1.3848570438305055,0.08272398458516515,0.09557839608278101,0.535317525267601
2135,0.08874234775736616,0.0004649575828126752,0.0010022700322461788,0.5204429719597101
2136,0.08540224208440221,0.0009697713248769454,0.0015210043655161495,0.5347738647833467
2137,0.20503946408011006,0.0009768402330443118,0.0013890156654631453,0.5339738661423326
2138,0.10631197372867411,0.000542147132888858,0.0011286058602774827,0.5348019651137292
2139,0.10389997395813698,0.006045794355308081,0.005437288655352948,0.5348892020992935
2140,0.05066980200129497,0.0008278478747452167,0.0009992100727138754,0.5095843458548188
2141,0.10674153237121345,0.0013876180369564567,0.0012958206895987206,0.48851371416822076
2142,0.04680666010350168,0.0012460001961547105,0.0010466298109840927,0.5344053921289742
2143,0.340877276897327,0.19560225498581083,0.19528431931863077,0.5350272436626256
2144,0.10703419890380543,0.0008323246766740493,0.0010073739402884398,0.5341558721847832
2145,0.06229891043857944,0.0006226814947517913,0.0006871944744549193,0.49914993392303586
2146,0.5070197149645836,0.009181279601114754,0.007657644903228255,0.5355732678435743
2147,0.11776097015529229,0.0018453246889947852,0.002016085518380954,0.536643317900598
