pair,rre,rte,rmse,time
0,16.723379360146236,0.06096883206720087,0.17107144257830229,0.09618111094459891
1,20.792028121399216,0.5054466564976495,0.43426592877863307,0.15226384531706572
2,1.599536766574222,0.11120166340146101,0.11152969320868485,0.09231511782854795
3,35.09982067930439,0.38717321491351336,0.3202968858220254,0.09156857896596193
4,19.074359353588616,0.16200154034496486,0.22109594829295426,0.08888270379975438
5,5.670292737338336,0.17235174774067846,0.18884510789711906,0.0866580712608993
6,5.336399338425218,0.0996165295148012,0.13240760770537213,0.08698441507294774
7,23.473047685434338,0.298261125180704,0.2978328594533449,0.10461954027414322
8,49.61352636684333,0.39560689373007935,0.5298518085718672,0.09312458895146847
9,27.799486253282236,0.34803022783421145,0.3823870667889831,0.09338215366005898
10,18.634604910766857,0.23157397075411548,0.24631406450608972,0.14069564128294587
11,2.1843563657345033,0.13874860166760375,0.14008374684922253,0.08896993100643158
12,14.951419570215952,0.20194938224240833,0.16749059266298078,0.15262841386720538
13,28.51313999747327,0.3348959344011651,0.33008684198260535,0.14667585911229253
14,19.11523961843598,0.21383249460061637,0.26150790516737926,0.08714058622717857
15,25.585155709561068,0.20177754290934435,0.2549509375762056,0.08988725813105702
16,39.17209122314716,0.5652917040404788,0.46745420720750547,0.08823865419253707
17,13.904526860762836,0.3106727093573301,0.3365165966388562,0.09071958437561989
18,24.76747253512611,0.26833345888318416,0.31077782791007375,0.0867166118696332
19,147.46758165459633,0.9219785151574699,0.4932663023151258,0.10584359103813767
20,19.286895874350737,0.3629907771840446,0.40154851474572656,0.09358561830595136
21,20.827861033858085,0.36457246114007386,0.3896787795959773,0.08569258684292436
22,7.6023072045531785,0.36193316371956685,0.3788934585501997,0.08702870504930615
23,34.857338750397965,0.3723028285326973,0.45747284044529896,0.10166071727871895
24,22.169921093544293,0.13087710156219803,0.11541499515941221,0.0979441930539906
25,21.780673064723494,0.2197754345266573,0.28558601049024074,0.09032722795382142
26,14.638955432451205,0.3232163053468538,0.3327772089863426,0.13813439011573792
27,11.234197306675673,0.1998761181753675,0.1516263960713911,0.09515160275623202
28,8.859238382999848,0.006148625124583997,0.08813501051453983,0.08804756589233875
29,7.3070835803776,0.15494796179888623,0.15351856320479962,0.14423282723873854
30,2.8932260341604943,0.21392064607388636,0.19909400347667475,0.09395579900592566
31,11.662707901553905,0.18836023396487328,0.1951764737000569,0.08636213606223464
32,22.63804332440094,0.32062860855361835,0.3151042654607544,0.1350225741043687
33,7.702419442325915,0.287024484013217,0.2724981452509622,0.1495678760111332
34,26.18799838125049,0.34355617169575986,0.3720492541033795,0.09344963124021888
35,17.963696035640183,0.2557701346603265,0.20335103086889877,0.08951712818816304
36,15.624150053121104,0.25709594489803117,0.22452798735208837,0.09056997019797564
37,11.488556212696226,0.13493688464801223,0.15417875988627375,0.14329982409253716
38,11.349286921782289,0.05467640805647029,0.13519227885432117,0.092218984849751
39,11.856800717041596,0.16379673990389698,0.2097185649193275,0.0866073127835989
40,14.771123822047198,0.1714991933574125,0.21375502778753128,0.08878985792398453
41,6.79980881789451,0.1472624190855322,0.17317296571154736,0.08449438633397222
42,8.49281348137105,0.3207897892894411,0.36218089891003846,0.08734288299456239
43,14.91842490442622,0.1523631609099153,0.14899753661691537,0.09049539966508746
44,15.04944956168837,0.13974262683182864,0.18203065218610687,0.0864488952793181
45,7.648331767558631,0.24768251607319586,0.2546094406372925,0.0959075428545475
46,14.36251876539624,0.07071025095978975,0.1651111108042633,0.12660513585433364
47,12.882734350884943,0.1632351679223271,0.18299445111812768,0.09100902685895562
48,3.837285642177944,0.06527891168889609,0.06522323946363748,0.09861942986026406
49,3.874227884099881,0.2033904521595694,0.1997437314701097,0.08646837016567588
50,17.834528811335524,0.3098185610600664,0.24688212176971863,0.09279191726818681
51,11.988349679210193,0.19296152767173166,0.23252894173179875,0.0853192606009543
52,14.961250791558296,0.3136384997647537,0.32311151098571195,0.0908914147876203
53,25.146396599449563,0.08045179014264514,0.2289427469144736,0.0919255199842155
54,12.250362949726036,0.48259608851054503,0.4935312543096774,0.0919797969982028
55,4.342200146518012,0.12885598402687903,0.12710410871792466,0.14962633419781923
56,39.87422614376436,0.3247371066127263,0.3213732361686001,0.09339433209970593
57,8.60232046314014,0.0530576572369732,0.10521123007575539,0.09125101426616311
58,8.241967112632045,0.2675202940167064,0.26853659006845887,0.1251552440226078
59,23.83548592985323,0.16284051518210282,0.2640172642303283,0.09340031025931239
60,3.2105940204528145,0.04144539189466009,0.05068133983612235,0.09122759662568569
61,20.630169516285402,0.19057103868516245,0.24286142660145663,0.09451448824256659
62,9.693301405546947,0.24111620603578535,0.2674496998094964,0.08957394491881132
63,1.2727765861651676,0.2850015457013047,0.28586371022193663,0.1286571379750967
64,10.811778445101393,0.04875521079871917,0.11963501296675084,0.09048409014940262
65,2.131092353002401,0.3046850328955009,0.31263357222137633,0.08770343521609902
66,61.519479622277025,0.5810699288791991,0.2626772090503628,0.10496903816238046
67,26.985928022278646,0.3666432585943047,0.42747044837251236,0.09120138641446829
68,12.332342190472927,0.190595282226607,0.238505884016592,0.09020273387432098
69,15.436572105684121,0.29696762025539913,0.34120678646629704,0.13020269758999348
70,47.11094485472968,0.4415902786681498,0.5110499755965755,0.1425081342458725
71,48.80760218337582,0.5407755083576097,0.34834562475441433,0.13375461287796497
72,6.295950085550539,0.016763643868658473,0.05899587766203739,0.14818334579467773
73,7.298472770245552,0.14747238827874845,0.16292679715513114,0.09141312167048454
74,5.768660430123197,0.16943360019980896,0.20084884423572946,0.09166797809302807
75,17.430588304067147,0.12842376041559866,0.08557589745332503,0.09372886503115296
76,18.409173516748762,0.24845853417659872,0.23951299471243911,0.0922190030105412
77,43.31713557626794,0.39663957269451755,0.4368594424611952,0.09259634697809815
78,8.081203938500487,0.30303084178767326,0.33890810196259774,0.09158352995291352
79,27.088570431729607,0.30973145086393256,0.30850983736387133,0.08752720011398196
80,16.721934256913933,0.15361459067480301,0.23065597461165285,0.09240427706390619
81,42.13314781020054,0.5111269201586408,0.4397110141015064,0.13498759688809514
82,18.92798290871871,0.42415938645249146,0.453248634415838,0.09014183981344104
83,5.031446646704333,0.24400766963168136,0.26608660751094376,0.0882935100235045
84,16.196338681499945,0.33212203695300924,0.2869252965581979,0.09194484632462263
85,7.302432145908575,0.048424590994291,0.090530963111832,0.0932126808911562
86,13.352373539686752,0.22450691641618248,0.18527028621059224,0.08528708573430777
87,33.201599880118806,0.21983952656401282,0.4163962301804475,0.0866951160132885
88,16.884999034070074,0.20605486269370887,0.1958426788345747,0.0882097608409822
89,13.858199193743287,0.24085437632039114,0.25862817068485144,0.08960118098184466
90,7.745674001844107,0.14667294778987638,0.1896940471618208,0.09658968914300203
91,7.714650930502869,0.07531943893375195,0.07057953259495137,0.09588403161615133
92,53.02733729862112,0.5401346855702738,0.467062737866588,0.08573780907317996
93,13.189283353445598,0.14400017072976964,0.14660387902287306,0.08477225806564093
94,23.223142458316584,0.1015940568213265,0.20355555191836125,0.08971071103587747
95,17.327747696408338,0.34470150104209585,0.3374709168627104,0.13402733718976378
96,34.6884313353861,0.3526394947074435,0.2622956554196007,0.10650617629289627
97,12.71037817848674,0.14535357975219093,0.1408872175227429,0.09123959066346288
98,24.31548293429848,0.1768196732601934,0.2888557285899803,0.09058158984407783
99,14.507344320057781,0.21456834926268195,0.2772320454622808,0.09142362419515848
100,136.3526766155349,0.9960088442821193,0.30698679059357736,0.10828778287395835
101,16.861241647341174,0.27565325692511994,0.24683204914571968,0.0855189491994679
102,10.508932778821222,0.07971048423962236,0.10874163272575237,0.09268491994589567
103,1.5456788037439118,0.28175236127785563,0.2815500588217496,0.09448359394446015
104,21.809197271882585,0.26388596199349235,0.3035661491317288,0.08436782425269485
105,10.98212570232544,0.41418879606324194,0.44805311593123576,0.12578776478767395
106,7.188925586909661,0.07168506044297317,0.0806566444558336,0.15260675316676497
107,27.16066721078404,0.25965797742401414,0.2710255445388558,0.09360916074365377
108,12.093402488465484,0.17231967189821062,0.21376151101943236,0.08927394496276975
109,50.86964320774749,0.4675389988189856,0.21080453480902925,0.10024927975609899
110,24.04092269583864,0.17101236428847702,0.2748034663770789,0.1428091931156814
111,31.394494791722828,0.4090937415995016,0.4075280181483495,0.09235273022204638
112,21.26902638173774,0.2653942104401063,0.3019252419360159,0.10857382882386446
113,2.803960175079585,0.15451408564993366,0.15636050844146535,0.09346669306978583
114,13.143710350829053,0.06916854183292537,0.15407560891669786,0.09069880098104477
115,4.910434498245349,0.14149481685238918,0.16416082109006563,0.08945011161267757
116,12.834185942672914,0.1478364515616426,0.17262866743947686,0.0911223660223186
117,7.369645321269973,0.4444455072045008,0.4525617620592353,0.1290116272866726
118,25.618772505250398,0.3012523468266238,0.28272315643492757,0.09431539289653301
119,53.494160651439316,0.3714905877458467,0.35689965320684164,0.10049877502024174
120,13.149379770181852,0.04948095524726489,0.15472312414730155,0.09169561695307493
121,2.8459678937995165,0.18551698555756038,0.19559369073063104,0.10239078430458903
122,14.646578946124382,0.02804642382753865,0.1633649542426611,0.08921015774831176
123,19.09345643297247,0.18948521567120852,0.25969513923902504,0.15547841461375356
124,8.90152732761261,0.1836079395739036,0.18806999033201727,0.11167708365246654
125,11.578845220451939,0.3172861578852299,0.34821183496200475,0.09361928980797529
126,4.259441468922442,0.25773125224037347,0.25716423876864597,0.09454300301149487
127,15.002197167473058,0.2617287607256109,0.2673731573836329,0.1034664511680603
128,8.48209694044157,0.4058959724313946,0.4053461043630337,0.09820928005501628
129,5.362268925584636,0.05564812532249448,0.08166468725409538,0.09829617012292147
130,10.967126220359775,0.25115069537235213,0.30922208267462375,0.09473016718402505
131,28.47723341571058,0.2640869037212452,0.22724471821239223,0.08895303402096033
132,5.969482155522525,0.20653153252210318,0.2396301321917562,0.08737613540142775
133,10.5968288373105,0.301859724187862,0.3277975463936759,0.0923441220074892
134,23.422580538655613,0.340720645794283,0.3463233283600781,0.13023392809554935
135,18.331271371534104,0.20648983943453816,0.25446249617519634,0.11387723311781883
136,2.8224912789582617,0.2827293829770927,0.27738861289334193,0.08802679181098938
137,8.85175834489761,0.16030492279601893,0.16748864574495592,0.15227956976741552
138,28.05441857515392,0.45767897111532385,0.49041148776633364,0.08834494790062308
139,5.91481404287003,0.24529964706405544,0.2984945866778204,0.10802074614912271
140,6.09354969773563,0.3032214386723788,0.2939209181008418,0.09231907315552235
141,8.429387734385424,0.11160878720784148,0.1402791976206852,0.09282282507047057
142,7.729340935271313,0.18362300313835622,0.15131456525207232,0.09345376724377275
143,24.68070746940824,0.2946853471061678,0.3175857666438945,0.09109098603948951
144,2.4581479417640666,0.19300435812334366,0.19380228983400344,0.14172142185270786
145,10.299864748698258,0.22474189532468083,0.23576213669225846,0.09687093505635858
146,14.035284517650195,0.048559541482625604,0.17856317769653388,0.09269033372402191
147,14.141008105362937,0.3209926928587135,0.3785201661838193,0.09200680628418922
148,1.9937104861480937,0.1286172496262712,0.13146504500655037,0.08747478621080518
149,30.199548783073215,0.5763528262517253,0.5708953057119242,0.09387255506590009
150,10.027314135300577,0.052411789903441496,0.07782079517328966,0.13567120814695954
151,12.098526090576685,0.27238638203416143,0.2755454028440305,0.09106573322787881
152,22.79003334972653,0.09365615438276073,0.21350207674531899,0.08816160913556814
153,5.4223947867506075,0.22346212112336164,0.21768382524191715,0.11746435891836882
154,21.613630237686085,0.5929024453504869,0.5067666145595947,0.08884326415136456
155,17.83820354278977,0.21410344321092667,0.23769781731031744,0.10066928900778294
156,157.4633915330417,0.7470353001375603,0.40817649677306445,0.09901294484734535
157,18.32997349127234,0.2531748358914932,0.3135100614374233,0.09293509088456631
158,8.598544812016723,0.24268442365367768,0.25379821199062774,0.09048638911917806
159,22.704313637953884,0.15505932959777588,0.32006839584514474,0.09328439924865961
160,19.425306984933542,0.08658968951356798,0.1611450034895799,0.09301461279392242
161,4.432705938849513,0.02659376822696018,0.043337755654239245,0.09936056192964315
162,41.44750546482409,0.487338030666794,0.6246869061144454,0.14580609509721398
163,36.18555696342566,0.3055858376882538,0.3227518163153538,0.131071200594306
164,8.017439752845164,0.24117858399744466,0.24382968728912047,0.0937356841750443
165,35.13449803708721,0.4028806786245041,0.36504052392043423,0.09298414923250675
166,13.331135617072151,0.37485009448945267,0.39062821378799195,0.09373049670830369
167,15.62841979785875,0.29345616533151064,0.28226726271943753,0.08527571940794587
168,6.970640072548775,0.06430571173728335,0.08258071936972038,0.13792947260662913
169,1.7179839658697444,0.2532336861070264,0.24465156155741347,0.0928708165884018
170,1.8096932980608775,0.012049189490091443,0.022578713851312864,0.09563890192657709
171,18.8744399807904,0.2537323482767935,0.29909609016737637,0.09634443605318666
172,1.8457585118727717,0.2538499104725993,0.25837820342026124,0.09115546010434628
173,11.78220493789931,0.21314224925110065,0.22529228476306806,0.09056946029886603
174,5.805317019048074,0.030994180436722512,0.053752222702722584,0.08442762587219477
175,24.754833414058094,0.3650780917259559,0.5082166500284669,0.09193137800320983
176,30.08250558031657,0.44415652741620154,0.31761129795436627,0.08441301807761192
177,4.684901742275852,0.19759509899606492,0.20096873447502517,0.0900988457724452
178,28.428029913003797,0.49737104449774894,0.43663699497976394,0.08609308674931526
179,2.5683865559592944,0.09956916629990337,0.09976035994166987,0.0926150600425899
180,11.326763484799136,0.20265542396916658,0.1898339826961683,0.08604533737525344
181,46.79696163484891,0.42666397905426334,0.3621297635866822,0.1114172269590199
182,21.4974196645227,0.21484179550539406,0.2786600345397457,0.08581964112818241
183,8.755334772293233,0.2010115621557275,0.20594228887894483,0.08973749680444598
184,9.94339574108632,0.16805343181957566,0.17161410104288446,0.09278698824346066
185,18.24731468136787,0.21330369119768225,0.22043956432173892,0.09614168806001544
186,21.856927198510835,0.16163243473418068,0.26306515626550886,0.09598032804206014
187,10.76478706524105,0.16238335074622914,0.17666429766287478,0.16482042102143168
188,24.630819809423507,0.22752012128679253,0.3635225158552522,0.1296238680370152
189,18.540212784266636,0.06737410803814774,0.144681986179401,0.09200705913826823
190,32.21216798412556,0.27464112775668514,0.2690940157986067,0.08822894794866443
191,9.056232614638121,0.33573617244651377,0.33465369350716984,0.09323055762797594
192,10.25649810215473,0.44069762001315144,0.4699473437114127,0.08585883490741253
193,22.35866237666543,0.30046175976817874,0.3214983494884348,0.091310097835958
194,28.56532894630172,0.17168441599955567,0.2956857680786811,0.09450218779966235
195,14.578586647215666,0.057121535831246045,0.11022229013399265,0.09107949398458004
196,8.809655580447133,0.2928025257717183,0.3084832184142925,0.10036027012392879
197,27.75345930023818,0.2627028318617234,0.3430540133127168,0.1474551623687148
198,16.646096532763277,0.3718363123333133,0.3969178361297276,0.11346282390877604
199,21.616962824989113,0.12210939287993516,0.23342967922331148,0.14245833503082395
200,20.285887348979838,0.09195097737783346,0.23384181085699107,0.08593963598832488
201,26.823874366668125,0.21220967046697078,0.29469400615443525,0.1500682197511196
202,1.2215194470849648,0.5077251256883974,0.5070838301810091,0.09740559803321958
203,36.320121246605474,0.2976577559500659,0.38529961182857925,0.09136482700705528
204,127.50892483487166,1.2333943171474702,0.4515830516801008,0.09300068579614162
205,29.844470192006447,0.30116004291945075,0.4348170650547942,0.09238602081313729
206,16.67731448641747,0.2769322961347617,0.2814847910375169,0.08580599119886756
207,2.1121135805052913,0.00956987274087363,0.01788043588024331,0.09929373115301132
208,8.90061387117069,0.48782318381383544,0.5030655427492416,0.09304316388443112
209,25.90713442372617,0.15812505921307973,0.28477719285744013,0.09103438816964626
210,5.398766553883781,0.178619785165095,0.1594626401701724,0.0896780681796372
211,20.797395768968393,0.15433164235146782,0.10076249231859954,0.1095724911428988
212,21.00815408371632,0.35357740469250454,0.44462422159386317,0.09602750185877085
213,12.555831279834077,0.3032677034247045,0.32039938127295525,0.13306010607630014
214,6.04833050900049,0.24251937860106446,0.24829434105459047,0.09241091599687934
215,34.71306874316382,0.3692911771718298,0.32587420423744173,0.09456835268065333
216,6.064356943104677,0.2979454036315392,0.324117169706091,0.09140960359945893
217,22.362695925719105,0.12195323798482217,0.18849099989352922,0.08666080888360739
218,15.747221273472183,0.1883013264993515,0.24396906623811745,0.13198742037639022
219,6.829276914847148,0.33490761879175174,0.31892740392687546,0.08940850663930178
220,17.068581158516896,0.10646922543380637,0.19301802143906097,0.08990182168781757
221,11.036775294471935,0.3017660700309203,0.31716161762477024,0.09255938790738583
222,24.80757198985662,0.33959359449595217,0.28675272922554657,0.09195873187854886
223,32.327508913630666,0.3006125474404366,0.4026097697597533,0.09124072967097163
224,4.869864272571512,0.06151985977436925,0.06740781194230742,0.08788305101916194
225,13.725011162712944,0.07750571455086955,0.16732665626313895,0.1334010069258511
226,15.065138177559541,0.36064624883744006,0.3924625363159226,0.085980876814574
227,17.495493575628792,0.3081474154821813,0.3447472415676519,0.09780522808432579
228,16.401614355939078,0.06785310280510654,0.15835250541242585,0.08928761025890708
229,6.043997465221106,0.07377887808598373,0.07612567688618505,0.09154404420405626
230,23.169035215199393,0.3123632947496091,0.3219287477157189,0.09443669812753797
231,25.990552980175217,0.4188379473022736,0.5134840607464783,0.09519887482747436
232,4.591596156968384,0.035600103338364525,0.04301251916547661,0.09680623468011618
233,5.281949117006127,0.11740068083786169,0.12016106869687361,0.13346501905471087
234,5.352128842883636,0.3795361300379727,0.40374995036388445,0.09428635286167264
235,10.505786500608679,0.22229262061413063,0.24591453928489107,0.09258895367383957
236,6.6916117599761735,0.12805452296776026,0.10351913002748563,0.09250363800674677
237,33.47619577541646,0.6364277540074142,0.47012697296523537,0.0886041228659451
238,4.536161197553211,0.2896556537225189,0.2544069882374862,0.09628901211544871
239,3.585220712552314,0.17774132619882788,0.17805083864125956,0.08529056282714009
240,19.672207758522752,0.18442011736965133,0.18478809028273624,0.09641322307288647
241,18.393616945322133,0.3192171690364781,0.3821102154949094,0.14680950809270144
242,16.938682679246302,0.13426275683568661,0.25751201822286035,0.09244564967229962
243,17.68090675763414,0.03297478560823113,0.16429076033241277,0.12912121368572116
244,6.279119845428191,0.2660410565437722,0.25993431994515515,0.08972299005836248
245,37.47194066940353,0.43188076347371673,0.491613261972529,0.09735486516728997
246,13.032796681462141,0.10057157709180027,0.11890380678084604,0.1326170559041202
247,19.508976028581518,0.27516569831958426,0.3736574317599842,0.09006707789376378
248,10.05507870734684,0.18041519319239072,0.14166865701549666,0.10068165231496096
249,14.005312769305018,0.10027704888240185,0.17939821771862,0.08694073231890798
250,6.467044002356854,0.1576898832925953,0.14904788315146247,0.08958240784704685
251,5.3758215801233655,0.2568061500857608,0.3012333156464754,0.08889421401545405
252,3.9813245165024616,0.13901899044582,0.14378422090503915,0.09104161383584142
253,12.336601002019506,0.1950808825452974,0.22768234294445186,0.10263630002737045
254,3.2524315079188,0.010423571415033455,0.03786413842136982,0.09576038224622607
255,25.823597762036428,0.2633847336413894,0.28161131896763086,0.08592459140345454
256,8.611329665070313,0.13852590758720407,0.16882880293900715,0.14451369270682335
257,133.0445137544541,1.728815087052143,1.0094642435841628,0.10721987066790462
258,28.788678430258233,0.2596548592548218,0.2742545756182424,0.09166027372702956
259,15.975519339639908,0.3330825985690719,0.35642194963414287,0.09241605456918478
260,4.3740376765429145,0.2706246664225012,0.2692068190131436,0.08735873084515333
261,9.202447021818509,0.2333526276010755,0.281931408044871,0.08378365868702531
262,8.485970825905403,0.28224546836834363,0.3186686010059938,0.09356726612895727
263,27.341661009473597,0.33454293384164907,0.326109631558543,0.08675846364349127
264,21.77282362584264,0.2307825347901656,0.31929078913817477,0.08959459513425827
265,39.58885295708994,0.41222791519226804,0.4412761466382251,0.0925777149386704
266,0.7596725555136128,0.12522660467366417,0.12874641404805798,0.09280159091576934
267,68.9230291164721,0.8115752450538595,0.5777854287872608,0.0846588141284883
268,14.69433029301956,0.22715210246547546,0.22053214310055358,0.12714132480323315
269,16.012587892351174,0.2997871439566876,0.2755403733057155,0.0875213947147131
270,33.820453129025545,0.33609043401233346,0.29958526069852587,0.09522175276651978
271,2.7960234216056987,0.17591982753788904,0.17370382343078214,0.09978148806840181
272,26.799449076931296,0.28460392975559395,0.38914858306028777,0.11121371807530522
273,2.668635519099055,0.1969059931126022,0.18821867294293024,0.09025289630517364
274,15.812647686326041,0.34814331155820905,0.3861992532845251,0.14190626004710793
275,2.535754608904718,0.0375242469519363,0.026576487733302206,0.09033065102994442
276,19.339337224530855,0.18562542917924843,0.22655372929988313,0.09886494604870677
277,5.715889639931775,0.22097242423847832,0.2262804629147662,0.0850565442815423
278,20.884086466550958,0.19643198214861093,0.3207866142710825,0.08785947691649199
279,13.769788697417273,0.2734831625707834,0.3029372410412083,0.09236495895311236
280,11.077507480004586,0.15008056128948263,0.1620586921365297,0.15143324015662074
281,5.19986037821822,0.03715672087492712,0.05484403882710958,0.09309421898797154
282,14.578869557129615,0.39822659991028,0.4287318272237894,0.0919578829780221
283,5.959698323174173,0.2518258993784541,0.2589531254884967,0.09589502774178982
284,0.9824359554217494,0.1067388502426439,0.10379486703272957,0.13233108399435878
285,8.08092353432518,0.22765787566615958,0.24685528434847506,0.0952137392014265
286,11.324933661710388,0.2524944748894367,0.2590161414496209,0.09159049624577165
287,14.167059579757673,0.2786768370529803,0.25001210580687006,0.0893746498040855
288,31.30612547272441,0.43127735579921206,0.3932195105326655,0.12936087604612112
289,4.868921508200734,0.22810747001708048,0.24550109085288235,0.09681585291400552
290,5.680215726843189,0.41304786434390434,0.3914196122813725,0.09827317111194134
291,14.8455750992578,0.07808313145186332,0.2046768593263136,0.09353459114208817
292,14.982671512878643,0.24053843302380723,0.27405480880055416,0.08464647829532623
293,2.096354578298913,0.061561546131264425,0.06911123653845568,0.1354078110307455
294,22.868479211885866,0.0929114898203211,0.2370776116021093,0.09171242592856288
295,7.730848134798315,0.10519206689817556,0.10359198606502247,0.08852059813216329
296,20.67390353090924,0.5049640163417386,0.5543066141390482,0.09392698388546705
297,23.151446848270503,0.39691695569126034,0.39650321396505334,0.08735630288720131
298,24.96703203554324,0.49367302145736053,0.4820246408211997,0.0883503770455718
299,19.865231019575855,0.43924303082413685,0.4956584939069997,0.1453032623976469
300,4.283871463688734,0.19854534337648477,0.1932488613329382,0.0904381750151515
301,11.803233205331294,0.018522423820369525,0.10084473090338772,0.09022925002500415
302,15.131430183149725,0.14771952589397802,0.19355187299462953,0.08818841120228171
303,3.4902339977098724,0.18884174384703714,0.18844816974985595,0.09776716493070126
304,17.292630463916307,0.17639246214144547,0.22194444066291164,0.0933817490004003
305,10.515939652722869,0.05585565880241663,0.11988248780463079,0.10670396499335766
306,19.546111713002635,0.41877781449408075,0.4409554030965494,0.09301217505708337
307,21.85364361382697,0.46688540612390245,0.4458777721927273,0.08708431990817189
308,9.232163013345712,0.35431494031428284,0.3295357467777299,0.09278413560241461
309,23.487466451514354,0.060757672932356586,0.08932378898769724,0.10244020773097873
310,4.137137718472092,0.1876268897493148,0.17330133548583912,0.13179347990080714
311,9.858578373446756,0.1480780785316385,0.15067057546027196,0.1301002581603825
312,16.775120045270235,0.2727491435517707,0.31436509465315116,0.09339785622432828
313,16.410303922092968,0.12338483684443065,0.1927352027980734,0.0903783580288291
314,12.000971188374278,0.46141600450783815,0.4122951862106023,0.09372550994157791
315,7.669364120129707,0.02412538228407198,0.04833820577461199,0.09456061013042927
316,21.61226572067158,0.39200446581412984,0.4501154034872189,0.12767262617126107
317,22.466518240398777,0.14983128089506603,0.22523836346005993,0.08701401064172387
318,9.68415641660753,0.3567811494100656,0.36047719334749717,0.09162132116034627
319,40.956217755157454,0.5839981011821471,0.4477724197527562,0.08551702369004488
320,2.174880140008847,0.025415101039208014,0.02794898992230653,0.11286206264048815
321,12.276348654898943,0.20393759148972315,0.22540520482611456,0.09212805889546871
322,16.215419430355556,0.33674578672157646,0.3189788836842868,0.09379906626418233
323,35.41568019061163,0.40182340976128533,0.4532832600126328,0.0933428262360394
324,15.266214582052262,0.3479494719217684,0.3786606994522424,0.0943187321536243
325,25.52310734904101,0.1833308471239031,0.29228785158414977,0.09853555494919419
326,155.85540316083907,2.250238721399202,1.3082520552746684,0.09230507025495172
327,18.390051326335293,0.06449919704410453,0.2184399348014546,0.08603211399167776
328,7.258957849449768,0.3050102410157791,0.2711926811077549,0.09612676687538624
329,15.323331089568327,0.30699689906011507,0.34456983003515057,0.09398106299340725
330,68.39919868633552,0.8260636751112667,0.5182639985581843,0.13272044295445085
331,0.49978828194657304,0.09698725779373045,0.09472348545562254,0.09879011381417513
332,34.58317900843182,0.30761370908726526,0.2894935446711697,0.09083871496841311
333,25.746890702895364,0.3927192648727586,0.44580426663629963,0.1347015779465437
334,35.9987091661925,0.462900593773128,0.20382206983263249,0.10223994124680758
335,12.218869398397066,0.1692342001983786,0.18630214284630614,0.10325412871316075
336,21.180082511649115,0.18069294394556396,0.2589672060664081,0.09278780687600374
337,37.553410063737374,0.35841299124271103,0.3704994627164243,0.0837783319875598
338,12.030129774470563,0.24791492958640912,0.2952913507901558,0.0863138847053051
339,14.941954745402247,0.14379560438297354,0.20950179135331098,0.14864278491586447
340,17.1115196554903,0.23800430501455125,0.2846371129106774,0.09948978433385491
341,7.088240539513771,0.11140272322911922,0.1000448295804836,0.13130908785387874
342,9.955930373358699,0.28628433828184247,0.2927872062544633,0.09442889923229814
343,20.97607227588267,0.2869629529041855,0.38469072797815934,0.09229725925251842
344,14.641536241274197,0.2801896897827843,0.3209777926479281,0.09078147076070309
345,3.716576383733784,0.035788291845535794,0.04742682858685904,0.09085047291591763
346,6.158950127205551,0.10011200966444025,0.0900191553968233,0.09838720876723528
347,18.266802669448136,0.26606501198979415,0.249132436671566,0.15528795775026083
348,7.4388216171299675,0.32292659065890017,0.31633509578843144,0.13422800600528717
349,18.959028607837176,0.41173085067860965,0.48774192427380997,0.09485457977280021
350,27.58572964422578,0.2860497226545923,0.3555655346222515,0.08390868781134486
351,1.5191652661559407,0.20220150272796317,0.20539248049708378,0.08786553982645273
352,28.75555488665029,0.3268768806815345,0.36568236354369194,0.08820952381938696
353,10.540210315741765,0.1264312962984183,0.1663263940825268,0.09298194572329521
354,29.956402341541157,0.2778826943231319,0.3605233923180583,0.1448087189346552
355,12.732250647306692,0.19448815121887622,0.20379375350712234,0.09065413661301136
356,5.982434745575885,0.10416421021478832,0.11696269016848392,0.090620509814471
357,60.23845545280593,0.24094712105853755,0.23313442088978664,0.09590679127722979
358,3.010999145563229,0.21693558198118826,0.21741022795911852,0.09432162111625075
359,24.062485007312354,0.22022773172529764,0.26165504672152073,0.13254085974767804
360,2.7656852987631777,0.16913602118294702,0.19246481007247274,0.0966768697835505
361,4.31365504830149,0.021596693552230616,0.04638499990287682,0.09087927732616663
362,16.576639604544035,0.3001402153570329,0.3539979671432813,0.0909154899418354
363,1.5296687236923177,0.08198579084861277,0.08605317907162878,0.10298830736428499
364,14.069052110385023,0.4760975706466073,0.3525830084331128,0.0936723817139864
365,21.737642784562297,0.09327299524818215,0.22927007063001353,0.09435337921604514
366,19.6430792626464,0.19435450061273346,0.3182541752827385,0.08662419207394123
367,2.502648473312916,0.2718041030823393,0.27786017967491744,0.13206083606928587
368,17.361911141002036,0.329635748576987,0.3475883923258729,0.09782611904665828
369,14.643215200574495,0.33173131846285053,0.3446023441277001,0.1286607189103961
370,25.64113792341243,0.4179137005327281,0.3204484420544418,0.09078987501561642
371,18.849589102391793,0.42875543745983724,0.4316954708874818,0.08912661112844944
372,8.323326379951414,0.2222637679463124,0.2599914080041597,0.14351427229121327
373,10.915123087226542,0.239817414002557,0.24107238734235717,0.08366324519738555
374,21.215172725045996,0.4068945608051868,0.3578592156888692,0.09032335178926587
375,2.249924488673223,0.03441029402916333,0.04295942503784313,0.1342225857079029
376,22.97673783925303,0.23539899587170737,0.2570354203686684,0.13003239873796701
377,9.956143388781197,0.3073310096755319,0.3650774045944966,0.1159800561144948
378,14.333004442561453,0.3316738265820626,0.3551383367481879,0.08653642190620303
379,10.405824405775496,0.043276248706651456,0.1008035788776952,0.08697012672200799
380,14.5133522536428,0.13033852520106776,0.1846858541414326,0.14661497296765447
381,35.94813541709918,0.17101346126259007,0.21693948492484533,0.11758051719516516
382,7.559466432985883,0.3210241236103594,0.3351151546781054,0.09682315913960338
383,2.967228748055617,0.12708073934689565,0.1331265614488589,0.08733921498060226
384,19.25403724850813,0.206978703948343,0.3128061996963029,0.09447163017466664
385,4.229791217673275,0.4997966853454572,0.5088986770964801,0.09395767515525222
386,95.86319603686044,0.8541452317087292,0.6507710824061762,0.13639045087620616
387,5.1306482697132205,0.21376197688411622,0.22324064833218038,0.08953778306022286
388,7.677783920092806,0.12516265901768578,0.10370477133450959,0.09156638197600842
389,24.76396982048403,0.16807682321811426,0.23545877898689174,0.08627084130421281
390,33.04928685569253,0.2373392665479297,0.41430363896161154,0.09360906574875116
391,6.973797930432211,0.11601586676193933,0.12554935957018382,0.1302036209963262
392,12.449335816195706,0.39685138342894444,0.39799219857810525,0.09213076904416084
393,0.967283653129887,0.03371293857104594,0.027659556793676418,0.1204633116722107
394,1.013402531092214,0.032702211516375174,0.033470680466211496,0.13608438707888126
395,4.548873856257224,0.058913442403705774,0.08077145490012816,0.09224384278059006
396,25.367088181729414,0.31524338045503547,0.39959484140431256,0.09276301506906748
397,12.587957619404824,0.4221957840279122,0.4258488027163566,0.09047758299857378
398,12.235340559371688,0.2542016452837484,0.28934217000561385,0.09320522099733353
399,14.872720335724265,0.3900487466420971,0.3800471073397872,0.09249462094157934
400,37.35976133163218,0.4354068464766041,0.5038115684182262,0.09094643779098988
401,25.89969193263369,0.35273995168022965,0.36166085091961003,0.09293172042816877
402,8.123371543221914,0.2728650030138563,0.27601304481176164,0.09018012508749962
403,6.96374730488034,0.11458747424728113,0.12076661532314699,0.08951932284981012
404,68.68101420628625,0.5978142322160989,0.7037332908369683,0.08986882073804736
405,11.908210080027809,0.39728453453335005,0.35953296346761954,0.09302662685513496
406,5.207117251917335,0.33382024071255395,0.34469441707807114,0.09485207218676805
407,3.0582897816809793,0.23189974419599477,0.2405472364630078,0.08894962584599853
408,16.096903255939832,0.05504507543446237,0.14588979474143896,0.09135320503264666
409,13.794688928769514,0.2769339281453827,0.2664203865142144,0.0834609642624855
410,12.920535128069467,0.4876700676001846,0.417976483289494,0.0883650747127831
411,38.75908331626413,0.2948421532877766,0.2110778833576413,0.09285542881116271
412,28.229031619246516,0.0781169436402423,0.2362106485800247,0.09202411025762558
413,10.554640345531134,0.1578392653239543,0.17395580602522073,0.09696503775194287
414,30.050677493312346,0.18661380014445272,0.34173892595490585,0.08929383987560868
415,26.625208591083062,0.33721646643191505,0.3394705417192805,0.14424731116741896
416,11.176372772998196,0.2991837250846869,0.3479387200541677,0.0998241612687707
417,5.283233888168145,0.30635981840588944,0.31596203264069195,0.08885745890438557
418,12.17582724529646,0.2454404954912082,0.170744237030712,0.12765074195340276
419,20.471302612126202,0.26860217976281253,0.3720736810762707,0.08991622226312757
420,22.412776421484985,0.24751104570222465,0.26854453856848204,0.09108546888455749
421,21.68652058194775,0.3657529740843609,0.4392013727808361,0.14895243011415005
422,12.596259467655987,0.17332270984673975,0.19376633114237993,0.08669262519106269
423,29.33770300503324,0.3288458316367028,0.3537417885094739,0.10123764490708709
424,4.021129568280289,0.08485430276960025,0.09405631926729978,0.09633679408580065
425,23.440309439024123,0.13855680099745352,0.2475977149425746,0.08592095179483294
426,24.75773537250995,0.11760918686070564,0.18736967104255212,0.0976020097732544
427,20.069332003797477,0.24537049198495484,0.3131969890426686,0.09442957071587443
428,8.529338437723785,0.14667942515800983,0.11857807772177206,0.09351851092651486
429,3.1854036543904036,0.07066737944769207,0.05762179573558067,0.09938005683943629
430,29.442996272689864,0.22060182322741168,0.2616604385906673,0.09168161312118173
431,42.13796933987715,0.540773254903228,0.47886104199726043,0.12728480296209455
432,40.47498234036026,0.45355170919850846,0.4656628883981895,0.12849133228883147
433,4.092256687078768,0.2887211209631851,0.29513767384019163,0.08870268985629082
434,5.939215419951002,0.2699670663730139,0.2816952711522636,0.13013294991105795
435,25.38176437949749,0.32575931820946236,0.39816739861952316,0.09055985184386373
436,16.3102075837449,0.17935748130709306,0.23236498283334428,0.09286164818331599
437,2.812646473011041,0.2984758687435059,0.30795774915264695,0.09648076770827174
438,25.35360095782853,0.1830194714321039,0.2029629778275462,0.09558931598439813
439,21.585063717646445,0.20066413270034186,0.21094546093538205,0.1380663588643074
440,10.303675094704632,0.074484423441266,0.11243940542922627,0.09415714908391237
441,28.964551709856217,0.27079630502804874,0.2396480547010431,0.08607943402603269
442,48.694460205189834,0.4747618409673269,0.3326783974003226,0.10153897805139422
443,19.25023088700268,0.14640937748698282,0.24383173831341345,0.09829561784863472
444,14.717682838708086,0.21542081713515612,0.1607858483134091,0.09454396599903703
445,12.070205834820147,0.2647316760284065,0.2771890617824281,0.09165517659857869
446,26.74362540689014,0.3656215243518011,0.36731949590268276,0.09023324493318796
447,37.614058763281946,0.2758148800110343,0.35053341000392774,0.09890786372125149
448,0.312537006524771,0.05353258537168886,0.05419274408313942,0.09964838298037648
449,9.933781877890453,0.06300785566817353,0.1055129278137134,0.0862834732979536
450,32.561637858317575,0.13302900535567,0.3377419488085106,0.08849843824282289
451,17.63848482666577,0.2457552340072496,0.2762369663987951,0.09277772204950452
452,16.203802903491827,0.14833912481931635,0.18659389944902055,0.09021041402593255
453,30.620764986623364,0.207351635772347,0.42918614116388615,0.09458388993516564
454,20.890432802810828,0.1936899223780268,0.22835909335655744,0.0958033693023026
455,10.057865890408268,0.316008733208476,0.28315799359738586,0.13405050104483962
456,21.56052811855012,0.20108347494534165,0.26046557913479584,0.11800388619303703
457,4.520558864690314,0.04716322148012299,0.07473315639236805,0.144322216976434
458,31.341703661533767,0.1664494252458064,0.2993901787179948,0.0848001898266375
459,4.112934471228698,0.0858848485585953,0.10445909259317752,0.09187677223235369
460,5.548508291422839,0.1855436637473748,0.1969456429132767,0.090785704087466
461,11.333139669510182,0.13734394358183408,0.1571403436289564,0.14552382612600923
462,20.118340884715423,0.3165552654316497,0.38435844525801605,0.09264783887192607
463,28.412372335849643,0.34978780696016115,0.36481279838204855,0.09895130898803473
464,17.465812540018455,0.3032892858486848,0.3978447958357315,0.09155066404491663
465,27.86413385727426,0.36543819309782716,0.37276699873500724,0.13039771420881152
466,11.266969419600832,0.22548137763586792,0.23257958012465696,0.09507384710013866
467,17.010905252526697,0.2723765191079901,0.29738809794887905,0.08909202180802822
468,59.27540332561891,0.4350525313319058,0.1357495946472546,0.10039507318288088
469,17.720609212738932,0.2640927903057725,0.23832113517871867,0.15339612495154142
470,9.409778711469194,0.1587638263755527,0.1874233953087014,0.0949942460283637
471,35.185320548584784,0.5295121382057403,0.4449038654571091,0.09273834992200136
472,31.224594003234614,0.2611842541054602,0.3320675541807038,0.08967588702216744
473,14.837568914889102,0.2954767939730049,0.33894609274810444,0.08645798312500119
474,10.029813405375224,0.15171050715641982,0.17614522843837163,0.0914974957704544
475,22.49454411592351,0.346090831693341,0.3589842367031874,0.09293663082644343
476,29.971907983508373,0.495368412277093,0.39002927313328073,0.11608343292027712
477,9.706458500970022,0.25064566124491316,0.24215795603521803,0.09569135634228587
478,13.30439896238056,0.18957956856010433,0.22104528849385183,0.08760465402156115
479,23.638253291714364,0.3803428429176516,0.36158723600955817,0.13472306309267879
480,18.23841766873302,0.18082371261183539,0.2640930526984504,0.08953131781890988
481,11.680025841096432,0.3618478511039185,0.400751118515149,0.09295943938195705
482,13.230023398267477,0.14539589504352274,0.20869039319374424,0.09613423282280564
483,8.948217961688082,0.1418379893463172,0.1365321988557757,0.09252111706882715
484,11.89224051619601,0.15910689220964153,0.11189183738227,0.1113583198748529
485,5.735566095094335,0.14334712293677238,0.14477069929260353,0.13123075012117624
486,2.2063214092048278,0.03653877697519039,0.03776971055535263,0.09124302817508578
487,1.843426142067622,0.14743577853365378,0.14627667759968585,0.13712995080277324
488,11.649068396899272,0.33538686747942503,0.34522698152439873,0.1320615578442812
489,36.130613577172866,0.24279312320654167,0.39937501349779414,0.08723080903291702
490,4.069564371167523,0.1888414705431767,0.18734678301354263,0.08802651800215244
491,9.368815128508293,0.40804230434323846,0.4021336475954987,0.09625955019146204
492,19.786127923581436,0.17722620523572533,0.24977761111052726,0.09719871776178479
493,59.29663955532089,0.5545406455436623,0.5884480488571612,0.09312496380880475
494,8.471216345198417,0.05647403660445014,0.09309408606918007,0.15035521984100342
495,8.114061776218492,0.0235478058995023,0.07359196292095913,0.09438226418569684
496,2.795498818411344,0.03531311526711693,0.03256056227192756,0.08853132510557771
497,13.675635360246792,0.1690029666881876,0.22517721925305828,0.09230977389961481
498,1.2669580011509698,0.3620692070640155,0.36371304562221246,0.09002316556870937
499,16.08024990369314,0.20708177410154957,0.2979930079519497,0.1332553313113749
500,10.682732656397505,0.13189409613129724,0.15420249652398388,0.09470929903909564
501,18.52511059165354,0.3169221162297622,0.37142271072702193,0.09316147165372968
502,42.26023828951698,0.42339007650055044,0.5026064437185412,0.0927956155501306
503,14.029052910191263,0.2209050051817085,0.2469897444035643,0.08955345815047622
504,4.6347748498431205,0.18084432833459738,0.17983108205227352,0.09737504506483674
505,9.176851787771806,0.27555443359115306,0.2637573774495626,0.13332558795809746
506,14.10479397337333,0.3501732476072336,0.343601387630725,0.14068735530599952
507,21.485482946020387,0.15392672179891753,0.24683618715946432,0.09580273414030671
508,28.682113171395365,0.31087287127500934,0.42477146108136776,0.0857218336313963
509,19.611402499435314,0.14656429950537406,0.28766031905540335,0.09307443862780929
510,12.102217868548191,0.43156317199594824,0.4317542712393679,0.09138410165905952
511,26.436612811231182,0.14880063920713435,0.20583090250936856,0.08755453396588564
512,0.3658644028540915,0.07661316695510363,0.0759817301461338,0.09530134312808514
513,3.521426628651688,0.3619205009279667,0.3537049663312866,0.09079996403306723
514,30.070629085535497,0.27135627604865326,0.38355010633331854,0.08949312241747975
515,12.482570206061197,0.23367742411166212,0.26845815643446164,0.09332498395815492
516,179.7134604403571,0.9328656810393483,0.2500896044761832,0.15277202613651752
517,2.32892655832348,0.20564963724946486,0.2027617972888309,0.11549289291724563
518,12.8514113884386,0.20260265991676252,0.25191635350873004,0.0878493501804769
519,5.9314423461156744,0.06883577085535847,0.07011998673658772,0.09030840918421745
520,1.5733619623616475,0.1262310539279996,0.12727956978199054,0.09387798514217138
521,9.059703661428514,0.05860057557614279,0.06646476258693494,0.09907359909266233
522,11.085338362854102,0.002393509766019066,0.10303445454578626,0.08815935300663114
523,11.440066797398233,0.3746727022190554,0.3886730362933167,0.09849578002467752
524,16.770673453312906,0.27207228511753606,0.2623531524581766,0.09445528406649828
525,5.523549637190398,0.05376468821714288,0.06436773690198098,0.14758578781038523
526,13.882433196660427,0.3638041597751174,0.3188732208201475,0.08535207016393542
527,35.48225255064227,0.27387976811205045,0.34466307099852383,0.09076744830235839
528,23.256269836790395,0.2998145238377906,0.3530143728153084,0.09234716510400176
529,28.065205662688527,0.2598325353027825,0.3524429703643152,0.12928307382389903
530,12.24956069044944,0.0696037777948888,0.13870112679200597,0.09553211880847812
531,12.72407662188177,0.12412291918338605,0.1705426065804138,0.12545459996908903
532,5.473208588232996,0.21683584495630884,0.22855038924672397,0.09123763022944331
533,16.3594657036302,0.1470613404919122,0.11923629774952695,0.0859113191254437
534,24.75533870270278,0.27702355090634495,0.24847290270140512,0.08669324312359095
535,18.076652963331007,0.2021567843645117,0.26122827399217985,0.13456062274053693
536,18.96582190816066,0.23342456237645035,0.31282806949224873,0.09058458032086492
537,12.147252534513619,0.32992327775793884,0.31295637039521046,0.09855466289445758
538,29.719883271767753,0.4077567747384287,0.45911704311702833,0.08790413709357381
539,13.180688858212417,0.2686004171549423,0.269509826857601,0.12843742314726114
540,25.972597293408448,0.26394660259886515,0.3013397657262193,0.09096029214560986
541,20.780038753155072,0.16392368721438666,0.27797087073123805,0.10174696100875735
542,11.23407234745831,0.26499108998637483,0.30289856592220576,0.09476924082264304
543,26.318305861935958,0.24501155623559537,0.3846688246982823,0.09155421704053879
544,12.189759127356654,0.06969650899128241,0.16643446823894176,0.0913599650375545
545,3.851535929818184,0.11250764977401591,0.11522476969428015,0.09009370813146234
546,30.47871221437482,0.2615586352657421,0.3071814788133379,0.09298942564055324
547,22.70658221511319,0.14693921549990246,0.22658069703343814,0.09205322992056608
548,7.010127594420525,0.04289493107419799,0.08004753677680393,0.16418973729014397
549,44.97498141481815,0.37274443342050195,0.42499016571833054,0.08994824904948473
550,13.016655836354044,0.27191281358799047,0.25318670049927194,0.09150550188496709
551,14.859143335809216,0.2042852960382625,0.27479247945258334,0.09140348806977272
552,18.700927563520015,0.17306342798835453,0.1295836286267315,0.08911938406527042
553,27.932541585747167,0.3111260127868225,0.4336370257275331,0.0909652216359973
554,14.138397827278114,0.1681515350126729,0.21271635836534078,0.08780726790428162
555,12.856461378231545,0.3547852986900035,0.3839242229842575,0.09358840715140104
556,19.787225594820487,0.1750530302405777,0.2346078376233976,0.09133320907130837
557,18.665038580172983,0.25631897891709504,0.22531302977301162,0.14757750509306788
558,24.896401603228817,0.27146612235717305,0.30655954035740723,0.09527713898569345
559,8.823748120019243,0.26133296153372065,0.3093349817237643,0.14787733787670732
560,8.377394078378746,0.2679676365640612,0.26328954002495447,0.08912114100530744
561,31.42165980430188,0.1943553006337297,0.3243954964437491,0.08977082930505276
562,13.114081815726454,0.23259728099465762,0.22279727003011288,0.0876189898699522
563,10.73829954267979,0.11006308764316936,0.06738149482527063,0.0934253828600049
564,13.88267899098706,0.2383533321273359,0.2642868243300325,0.08628484606742859
565,20.123289252078752,0.2750630730978751,0.2741247861866001,0.08604767778888345
566,16.31130644345608,0.26247308770127187,0.3205754851126293,0.09327951492741704
567,28.283313220475847,0.3939000066174782,0.5457834375325158,0.08841302804648876
568,10.989738396215722,0.22559181423113345,0.26965720532969917,0.13112071435898542
569,16.102696085432868,0.1177026658288505,0.15679319611871853,0.09612400690093637
570,24.560946015530277,0.2597470658671299,0.30688364426797893,0.09034612774848938
571,10.667838222796837,0.319699977345419,0.322604432357838,0.09188473084941506
572,4.76180123422229,0.02684352900628211,0.054436754813076145,0.1197479646652937
573,17.61665027638877,0.22435836304056028,0.2282758197487655,0.0887043746188283
574,25.160468626233488,0.4008885720340214,0.4256198013784402,0.09177633794024587
575,16.924261700551728,0.15397379670162423,0.18350165796455267,0.09603275172412395
576,43.538227258593196,0.3481781345669627,0.48498947346069604,0.08820497011765838
577,16.771113261772534,0.2022986550589957,0.2344263604474068,0.09197579696774483
578,0.3430246450924435,0.08097524743749523,0.08203253358279756,0.15466857701539993
579,24.0609948044988,0.18005068638798766,0.27842941519083686,0.08957707602530718
580,22.589899146307758,0.23967886639372296,0.23731475996394713,0.09066004306077957
581,22.937319263090625,0.09177515564766069,0.1320582030068362,0.09010373102501035
582,22.910017273647803,0.10636119443886845,0.18051518325943566,0.08534674299880862
583,16.431666102770713,0.04042593978486939,0.18824088912258455,0.0862946379929781
584,13.23326510703916,0.3177463819148828,0.3438060966802651,0.0903463433496654
585,59.430327591432565,0.6476239880300901,0.4543242360559516,0.08640896622091532
586,10.389502479148177,0.11254060048751718,0.131899573707574,0.09015649696812034
587,18.347675152655714,0.23863114349634745,0.25769755433137426,0.0952245257794857
588,13.698055879202506,0.13146226177373485,0.20811057374875577,0.09404331725090742
589,12.759886892467645,0.3030488279271633,0.26458480484225494,0.09234752133488655
590,0.22881754728416295,0.0019944600080048485,0.0027022542912556657,0.0899554961360991
591,3.373342887069986,0.18034055274033428,0.17513310410426577,0.0907487845979631
592,5.281168494007921,0.3239317427072163,0.3225717006949129,0.09477338893339038
593,21.100301971977373,0.35790164248212886,0.4025270233203792,0.08762195613235235
594,13.235785413170701,0.23090312041476285,0.26312108970760995,0.08950138883665204
595,6.2944153859213525,0.12923009961280557,0.14245999288662456,0.0843368386849761
596,10.404983539048704,0.26399376758701365,0.3253848900779858,0.0882292352616787
597,23.92909633387448,0.11232918220781576,0.17319611417170322,0.09069001721218228
598,41.28130640772737,0.3277165482038079,0.3123830994702281,0.10438272869214416
599,4.785472435450287,0.02138368965103641,0.04405906019763126,0.1360674942843616
600,9.282662297597657,0.3639654474616432,0.355283014079677,0.08764723222702742
601,24.488093325412013,0.32649222833437985,0.4115485698742795,0.09337931592017412
602,5.506633877813018,0.18767046337051102,0.18749864276538586,0.09672253904864192
603,7.745631973675559,0.4622226772341247,0.4435579792519173,0.0916683729737997
604,15.725841151573402,0.17060883162231766,0.24206978303696491,0.0877205841243267
605,16.62444449146443,0.10723962566369233,0.18680494070152037,0.08437782991677523
606,28.49158893558062,0.25618001067979146,0.3323128281785417,0.08373393677175045
607,26.101864521099525,0.3539313251486881,0.3800530376506128,0.09646324720233679
608,13.389521420229523,0.10018153500565356,0.1567096249951542,0.0879533551633358
609,17.668259625298205,0.23883021123520728,0.2649306057066049,0.09106029570102692
610,4.475567649972555,0.03651032900371505,0.057572708091916065,0.09136012615635991
611,8.663633307751446,0.3253322218501847,0.3246108617327028,0.1374834170565009
612,9.070742505285219,0.3077298980427022,0.34142170692078405,0.09034694917500019
613,20.977348766043296,0.18980633207679573,0.2687949387152687,0.0874465899541974
614,10.554794249389124,0.23079396342493894,0.2706692898526803,0.08783181896433234
615,2.8598586215625788,0.4245927495485408,0.43010417350584734,0.09347866382449865
616,33.87420627535876,0.4463458832821055,0.4757346056019412,0.09308705572038889
617,16.350616856731264,0.448411596054173,0.45750219109529544,0.10253586480394006
618,7.980941801586419,0.40794710066297485,0.38727061475049906,0.09024301404133439
619,9.971707748980096,0.13166759674286307,0.13867193385285256,0.09046640619635582
620,21.08581422767438,0.17391508733523375,0.19584233263317632,0.09107884531840682
621,13.46894293011628,0.29980845895537495,0.27250705037680845,0.0848029088228941
622,7.597904623649365,0.07120986323615697,0.09854658658193817,0.0951745230704546
623,15.325053908993967,0.20850253845981254,0.24361697522587655,0.08776809321716428
624,45.28540076807012,0.4984769291448314,0.2313864609006209,0.09826419875025749
625,17.283164598154922,0.17911441480099424,0.1626630774098263,0.08978439075872302
626,10.467787168801165,0.17224416475330417,0.20361224955873175,0.08974356902763247
627,143.15683673820485,0.8706433504731709,0.3668742249478695,0.09921989683061838
628,11.166335616095628,0.14777969097490917,0.12742467396310936,0.09511192189529538
629,47.056302222711444,0.4792400298499852,0.39994875631496235,0.08948381897062063
630,7.122737155258842,0.3768609771731804,0.41403678127520305,0.08554528560489416
631,13.10286317677095,0.35239697992235886,0.36088437762887915,0.09066961705684662
632,30.92861367383798,0.40490567553564266,0.49511399071988077,0.09381222072988749
633,1.1394439165534251,0.17003361506197545,0.17608052114742562,0.09248603507876396
634,0.26089177772943206,0.0040761311814470815,0.003592814015603973,0.09167214622721076
635,5.562900920334927,0.14467639743932598,0.11797187401773966,0.10402259230613708
636,39.42275870066507,0.3930967260434828,0.3826664359104141,0.09356204094365239
637,20.410669160175708,0.2657744382551238,0.3151980405427328,0.08871919522061944
638,20.037625095178214,0.15933855068246466,0.24829277792880988,0.0871140812523663
639,36.13077900394518,0.2970911060694295,0.42451465391636023,0.08609149558469653
640,29.030444237818358,0.5089135608034469,0.35056010444713126,0.09785276697948575
641,7.459177295733019,0.16062526409219552,0.13535558545274723,0.09080540528520942
642,1.1337707723114776,0.16286948599576076,0.15828255867343452,0.09546754788607359
643,3.597025882522539,0.18698664836371925,0.1760068940559365,0.09057273017242551
644,13.746929959231576,0.18789476296373228,0.19865705243664722,0.08505820715799928
645,26.70864561691161,0.3437258135004006,0.4024832921756276,0.11363501008599997
646,36.95329960550816,0.3241174457104706,0.3096373264113344,0.08958661556243896
647,2.859757484662152,0.037972897496098994,0.05028795094310503,0.09083501994609833
648,6.554031180217685,0.21348746279448566,0.1815310574569354,0.09122293815016747
649,25.897148248355577,0.3916855044880811,0.46685567825231983,0.09021069202572107
650,12.205656095407821,0.0819117433524033,0.11950985547770546,0.09207635838538408
651,4.1496587703795385,0.07943640392255176,0.07207104169409508,0.091108706779778
652,21.224452199540906,0.3109852686306622,0.3188767663046573,0.0933200721628964
653,20.078379173672307,0.4741600452581184,0.46446313847175585,0.0913288127630949
654,3.4041432775576195,0.4274300516421123,0.42508177811613906,0.10131689300760627
655,31.892215972794308,0.28517655091179905,0.37036429675626026,0.10013155499473214
656,7.296283099810972,0.3702369167161344,0.36252251544998254,0.090011368971318
657,11.902454336275976,0.21798737830305068,0.2598355664929958,0.09197528567165136
658,10.43519850233999,0.372037082818734,0.3783987098605615,0.10152943106368184
659,12.05897411601778,0.4836132352797466,0.5298405369544319,0.094579862896353
660,20.980769277801617,0.267645252512108,0.34712849439519644,0.08614806225523353
661,34.94610353052592,0.29457588846377125,0.3700824855573305,0.09100066311657429
662,15.530282869102443,0.25142896674329773,0.31365869982505945,0.08785028522834182
663,6.940603535065915,0.09208697255555094,0.10278526973351265,0.0932307643815875
664,7.803597049646963,0.18909360379943158,0.23095687382061875,0.0922122048214078
665,34.09384837411763,0.3815243232660083,0.4022669152042078,0.08942502783611417
666,52.44182442734049,0.6568246034883254,0.5149105959407421,0.09352875780314207
667,8.560328116548078,0.033378367400424526,0.07134227345330521,0.2193871191702783
668,8.903120491161081,0.04650266282506352,0.11736162939313625,0.09505129093304276
669,16.429222122319878,0.17663808050313037,0.23422720555150525,0.09420887799933553
670,14.61345773261795,0.16810590777839102,0.14923721994355954,0.0881652720272541
671,18.287695928187,0.11809171095402243,0.16929146667564138,0.09068191796541214
672,54.9550390464269,0.5208335523144004,0.5363882588102697,0.08529712678864598
673,23.948902579323487,0.22451954956631076,0.27607168092903933,0.0906123099848628
674,10.472593767425492,0.059320017120663204,0.07029501891919383,0.0886089182458818
675,22.45305343376274,0.25719564028378084,0.3111333237770754,0.08571563102304935
676,31.584109341382778,0.26002675389802116,0.3713412756936827,0.08562284614890814
677,6.452686792088866,0.284617553188892,0.2859850339913332,0.13170837331563234
678,10.24413991302367,0.22288128343305183,0.22912862328340958,0.09182314109057188
679,5.776887759037491,0.050070313074308,0.044424422519577116,0.10306533286347985
680,17.631007957614894,0.18600331054440034,0.2276278243395254,0.08869995828717947
681,35.948787769554684,0.7623897161421428,0.7274456825966155,0.09314536722376943
682,6.174118229175652,0.1863658566738037,0.20026753627630797,0.08389423787593842
683,8.127872078915543,0.18949814201279197,0.19472388468841081,0.08446158282458782
684,36.52844819960796,0.4307370435604492,0.3848626075757227,0.09035956114530563
685,10.726781840843616,0.38068951737825246,0.3696959040374801,0.0940637718886137
686,3.6548144743369733,0.013758937161195525,0.03736658546004648,0.08549622585996985
687,7.578208725086736,0.2598818105938532,0.28840863047325194,0.09474064223468304
688,15.884896608698353,0.2353123581601611,0.29221504484311656,0.13043563859537244
689,8.438323957601781,0.12644777545058275,0.1561159214061358,0.08705962495878339
690,19.011254382367508,0.2152616023756027,0.2168791225740226,0.09019345603883266
691,22.314132594721585,0.2930802278267817,0.24114804977421403,0.13825608370825648
692,5.301566921107019,0.2046549901935927,0.18872520681386748,0.1433678469620645
693,4.187595366356148,0.037312631703938684,0.035640196516783455,0.09421796025708318
694,41.22940564812814,0.49509218515005143,0.4240341094344692,0.08803398627787828
695,31.28359351334857,0.1751350771356424,0.35953939465132384,0.12778492225334048
696,25.73661566515445,0.3323843224947462,0.356448834909242,0.091066915076226
697,12.559494356787406,0.2063324109805327,0.23818078810743187,0.15324390213936567
698,20.706227152621878,0.27640214527609946,0.2795786873220759,0.08590845810249448
699,28.07310761036826,0.08139593821686744,0.16224411441592176,0.09662376204505563
700,10.984432435083237,0.23001553002266792,0.24511151932840436,0.09270999487489462
701,29.002959807708233,0.20079170181099978,0.2613126023068657,0.12247612001374364
702,16.12114311664541,0.23170844937362195,0.22728332213744215,0.09316464606672525
703,21.18987377625949,0.2724991061356608,0.34500968445702607,0.1336008319631219
704,13.789839361363045,0.05152418598111305,0.1415592508615136,0.09544102102518082
705,16.197946731793365,0.3456936569482743,0.4038518231885476,0.08946302765980363
706,0.8550155672908476,0.06527634783175984,0.06580269526115683,0.09578232700005174
707,10.730423726831912,0.2172789771511648,0.22569475943129563,0.0935329282656312
708,27.88654471163586,0.3109786015195056,0.33878633257077934,0.09302703104913235
709,31.48794977706028,0.32023484023929605,0.35474603468762683,0.10253285197541118
710,50.36201512689874,0.45343037716269186,0.5914911053300729,0.12485332693904638
711,9.799635542829026,0.38618726237996426,0.3367518689513116,0.0981815098784864
712,30.358754507426855,0.375948597254942,0.3870515820521764,0.11667138338088989
713,35.4730507557151,0.18774317158742307,0.34308081472477114,0.08462287997826934
714,4.333698041015934,0.28041564007269976,0.28056524105384384,0.09163905726745725
715,6.477390078574316,0.3358006203501727,0.3293918646112767,0.12912916718050838
716,3.6813124526688386,0.17962203957543926,0.17757604742736102,0.09477304108440876
717,29.230929337532732,0.16938113297970117,0.17942253749785328,0.09323529386892915
718,19.650910614929,0.2666938976377206,0.2221609721839869,0.09140979405492544
719,6.664518856221284,0.32770998469489987,0.3283180778967373,0.11918356968089938
720,4.846827855122417,0.19542409469366173,0.206911621336778,0.09895108081400394
721,19.21420652051708,0.12155166437006938,0.20769994742247663,0.0907787443138659
722,10.52669519371813,0.07750066621058335,0.0911678513145724,0.09206145908683538
723,13.610591882300767,0.295928387621519,0.3322481379417981,0.08760085701942444
724,18.30930747807726,0.3697405921567803,0.4098197081742155,0.09197159996256232
725,19.642189811620543,0.11115262941900259,0.16965647049196517,0.08918824791908264
726,20.636479280079225,0.3212564458550443,0.31392757471689436,0.09503561491146684
727,2.1967938599177423,0.2216059996446422,0.22476972017499192,0.09600130701437593
728,173.24604467435563,0.705980476426953,0.7798161001319903,0.10364404181018472
729,24.196536453962466,0.17534337458905036,0.2894189095577491,0.13692269707098603
730,6.8549056905070405,0.19636822911424762,0.2264410382126627,0.0880983117967844
731,21.683364544427334,0.08736182895926485,0.19059821938379135,0.09035066282376647
732,55.12488804150646,0.4673425938560518,0.23048817772220004,0.08855489129200578
733,15.884381984782248,0.2604935114381955,0.3184338680771252,0.089772405102849
734,24.24508964139301,0.2945810406211747,0.27522069954407563,0.08547207480296493
735,26.795443279402843,0.3256216970658233,0.3123104154682722,0.09273117268458009
736,18.80528295943937,0.26692273609199263,0.36536800773427924,0.12960260966792703
737,14.649992709557731,0.1188945978627237,0.1684041438816291,0.09012785274535418
738,9.714572047394734,0.26815055391141485,0.2759672796655326,0.14754955004900694
739,36.16283378898617,0.34526379844692245,0.32685190375285983,0.13182179676368833
740,10.075631742876146,0.11410602904106078,0.12346366383979787,0.12735584983602166
741,14.896872399304845,0.3572717800359161,0.3690381954189817,0.09186348086223006
742,7.648518624815775,0.11119071213933067,0.14161468465119176,0.08601751085370779
743,46.1569573852597,0.32836282989178817,0.481785818651239,0.09280547313392162
744,18.912974871694175,0.3078052397030453,0.16631237534412074,0.1295842919498682
745,36.67360000590883,0.3898556672282375,0.33546078630586185,0.08644838677719235
746,2.857210720818004,0.35334226100054716,0.33735622360277495,0.13428404787555337
747,6.46387180705671,0.08798392169844459,0.10502514585799769,0.0896531818434596
748,13.600682046337013,0.036309586192727485,0.1724454288261871,0.09928014921024442
749,14.519348887015536,0.3001586914171639,0.23888534505792883,0.09003098402172327
750,16.136788450610258,0.13376311625965012,0.22119394587718233,0.08647022629156709
751,162.513148534878,1.0968121769480732,0.3071037216110925,0.0955705801025033
752,25.97539654988829,0.3965126326974816,0.39750851438897206,0.08629483403638005
753,2.2225798533600383,0.3679449876842833,0.3719590540042113,0.09398309886455536
754,9.749479087688858,0.19236825996176335,0.1973718309290645,0.08889393834397197
755,12.416639047858498,0.295907242432289,0.28271938427677024,0.08637026231735945
756,15.96955968369694,0.19916036718450061,0.23205742457341463,0.09822331834584475
757,12.334491915647387,0.3152013110716918,0.33864058690389404,0.08995665702968836
758,14.83211630379339,0.2670001661224791,0.3222117895640585,0.1333910278044641
759,7.370295423077074,0.3198781393574561,0.3275236758473415,0.09129701694473624
760,3.3477948166496407,0.1568956083367238,0.1618236885806982,0.09548198664560914
761,5.030797514382162,0.13340539758888137,0.168364444615318,0.09262936096638441
762,10.055883323871134,0.295706900847026,0.30641655417224917,0.15113989636301994
763,3.843538494567015,0.3005083524488569,0.30703969570021533,0.12933761859312654
764,15.125922165749339,0.2387969423280535,0.3104753844562337,0.09214178519323468
765,14.416096107326236,0.16367675063414341,0.17359397530230475,0.13475676579400897
766,30.303058891655176,0.4952332205749407,0.39262996244533993,0.08869622787460685
767,17.778838055975985,0.2290121301192427,0.22626688145355928,0.0878263651393354
768,9.188646675182243,0.17074678099624693,0.17722553765190538,0.14721350884065032
769,20.604782653392718,0.18834252866009493,0.25348436292498117,0.08754059625789523
770,17.6066378889387,0.25186930247201833,0.30220468147264573,0.09379105875268579
771,14.60407992901589,0.15694837931617986,0.16507585719910692,0.09147275611758232
772,35.873389219418804,0.33959009961035125,0.24787764346026148,0.08838680386543274
773,29.425049466848524,0.20735724284293877,0.19215065482484517,0.09268985595554113
774,25.83360249979132,0.3395020714493359,0.3506148013867742,0.089816820807755
775,25.70165038140162,0.28858830259079704,0.2417873808058526,0.09411324188113213
776,37.0911299864209,0.4699109017571141,0.4628114536573867,0.09001717017963529
777,15.597881774674246,0.3322463545676605,0.35710912884624596,0.0904961102642119
778,11.44592175658736,0.13763819698037075,0.20161437923329623,0.1573675931431353
779,24.48476576712803,0.2673225629486331,0.35371096013211895,0.13160657323896885
780,7.713961685961513,0.060447813208008475,0.0849247087975057,0.08845291892066598
781,41.659082135718506,0.27873001939516207,0.4095583696758436,0.09097622893750668
782,37.15779982535418,0.23114470128830306,0.377069597296998,0.08788291411474347
783,12.8654417839723,0.45705341158096874,0.4445863238917746,0.09993818309158087
784,28.88105496432954,0.3568956183333155,0.48714058470764665,0.08893194375559688
785,13.00117179900624,0.3420150543070541,0.39487478066724147,0.11218990292400122
786,13.170469581167307,0.43594353464253666,0.4518003796975654,0.14590150630101562
787,14.874629244875806,0.26123954653380044,0.27012856509975375,0.09182726964354515
788,7.316274462178893,0.06328901651908377,0.1068653482543097,0.1304487599991262
789,3.084842438997347,0.21418992361039346,0.20090376576815772,0.10187564976513386
790,25.04172269642501,0.20851890991645033,0.3306991078231132,0.09574419213458896
791,27.568066029290737,0.206476569294557,0.28354228984324703,0.09307828918099403
792,4.781051107333816,0.06760648601518407,0.08995614868848166,0.08976932521909475
793,5.84108435254468,0.20626905641572252,0.20365664327589392,0.15265756100416183
794,66.99435218479508,0.3310490630977891,0.5899461654765936,0.1275896281003952
795,21.557393450954322,0.2136016672362817,0.20652619145852338,0.14670353336259723
796,5.272498692013082,0.24681736392076728,0.2501067299929527,0.09243931109085679
797,15.566463904004573,0.32063716047674284,0.21509840556098733,0.08889248175546527
798,13.696255519508586,0.24265615687221972,0.25724460969451307,0.15254268934950233
799,5.08622074378975,0.24270536418832306,0.25896961427383464,0.09960904205217957
800,4.828351685072645,0.32215189488695695,0.33542284776593834,0.09225205611437559
801,21.533961911225244,0.36525928430686666,0.37197277846285,0.09010950708761811
802,23.106534304551875,0.360591773892101,0.43864828255319854,0.1512962239794433
803,18.5390332074325,0.195104866282772,0.2872669217197804,0.08867780491709709
804,16.81381510012843,0.2593549828910523,0.2936084053452801,0.08822601800784469
805,12.017126024190812,0.2342056918515741,0.23321776964064142,0.09386506024748087
806,24.41709006424059,0.17064693851631393,0.3212129418671182,0.14429789083078504
807,13.790792150725562,0.14091821840478977,0.15183601466879332,0.0917927548289299
808,1.2127296283339357,0.013079450111499837,0.020164609260567106,0.0936016347259283
809,9.067937467121853,0.2931717126303684,0.3115832601355621,0.09298611991107464
810,11.827161947171504,0.07678251980195513,0.1417659673753392,0.09079931303858757
811,14.83470704227005,0.31143269166469406,0.2638560714429105,0.09007335966452956
812,7.967378059743479,0.09610092558228332,0.11578854182746935,0.08783974498510361
813,38.127542264966934,0.3237665705341888,0.18501642828911882,0.09662017691880465
814,6.492131317709304,0.06861187260604559,0.08152819011345742,0.15293952682986856
815,18.438886612092308,0.08344196241996792,0.17760449777020104,0.08964946074411273
816,6.261647095991818,0.1837395606321796,0.18827234359920966,0.08536426490172744
817,9.233128600082166,0.0815751387924092,0.08428695145507148,0.14563638716936111
818,12.635787030765652,0.2725513959659467,0.27887707074395135,0.09582559997215867
819,16.19275810085843,0.38622381034889297,0.39347584805150393,0.09398617828264832
820,5.041109858065935,0.04312889911291996,0.04959636188957753,0.09285045601427555
821,44.02409260847137,0.33164872226582126,0.4500433051185102,0.09104671282693744
822,0.862851295362367,0.12986208447833741,0.1285599322491179,0.09269935917109251
823,54.383623590344776,0.5073416703263519,0.46987664041277505,0.09264654386788607
824,6.544318220484291,0.22085793145209362,0.20189479115775602,0.09324210416525602
825,23.477823651375846,0.3808192316930543,0.4343893726943398,0.1055108392611146
826,53.06236506216374,0.5776224553825945,0.5097731582097337,0.1274488940834999
827,4.293226730104619,0.1443066473889925,0.16804060512606334,0.08528102189302444
828,5.759096015552348,0.23013283470952808,0.23941753772477267,0.08982123481109738
829,20.534089224631416,0.35819270931400665,0.35788399520217107,0.0885686301626265
830,14.400079495086645,0.3880628710605003,0.470762873939726,0.09616066887974739
831,13.027483620019613,0.09133496499032157,0.13698309354198368,0.08578418800607324
832,23.340014502148424,0.10104035504839932,0.2286638633859798,0.13369101285934448
833,33.4471356170744,0.3238225082954288,0.4534020138362758,0.09321442898362875
834,19.057599608006257,0.1231905290268419,0.23718311755850727,0.0874350918456912
835,7.733324885223886,0.08652380434446026,0.0900342727870672,0.09225621307268739
836,23.86730162103228,0.37877812438872405,0.5163009276277759,0.08897013124078512
837,14.276848720162963,0.3034281451202396,0.24920130361438023,0.09508230583742261
838,15.011104338923825,0.2701378081154334,0.3438778406888832,0.08718015998601913
839,35.86530754473016,0.3006245906393959,0.37614767197514387,0.08730528596788645
840,11.53646715143273,0.3338372136605949,0.35332324345439414,0.08546224795281887
841,17.413668618951302,0.25816023125200027,0.23407109016402472,0.1267801378853619
842,1.1462670700760522,0.004598515926058475,0.011852702716964305,0.09639596892520785
843,5.746819600619445,0.15735383165445144,0.15189214885139748,0.10312024084851146
844,25.423569524023883,0.3188110978357521,0.4608307307072053,0.09662754600867629
845,9.842972175237849,0.09942686910383113,0.1368355991168458,0.1458530048839748
846,28.101790745414576,0.3621786455546635,0.3920020557841576,0.1503138984553516
847,13.678817219188147,0.20963104970517532,0.22818251032201517,0.08896451164036989
848,8.37516640886024,0.13725298615360115,0.1596689239284843,0.0900425510481
849,25.666481539952034,0.21413298564679997,0.3982325626756133,0.14669356308877468
850,37.941707714717154,0.40840233041421303,0.4271301038753396,0.0860619293525815
851,9.585208150915967,0.22050227554466967,0.2637724190522899,0.1291089248843491
852,26.564405896475584,0.4586950859596109,0.5133628174023436,0.09063297975808382
853,71.32660873608319,0.5008169974265091,0.3834695605900086,0.10575601411983371
854,1.3859970420505137,0.07152609454135095,0.0742849874838239,0.09411612898111343
855,24.912125950010587,0.248960761649834,0.3693512896123226,0.08714454527944326
856,11.230788553473493,0.142926592122727,0.12007465940678935,0.09391158912330866
857,3.498153499920235,0.12607544110003002,0.13227884801040907,0.08699108567088842
858,13.874727116729856,0.299109582874643,0.3325103596848712,0.08747916994616389
859,4.681056554092864,0.12154551174919973,0.10901751237410735,0.15216276701539755
860,26.891715111233875,0.290451127754385,0.3151820805457434,0.09249868104234338
861,24.91285802250302,0.4336352124912649,0.48636340068059797,0.09318914311006665
862,41.71822010440963,0.45634748171011463,0.4272818312239603,0.09110463038086891
863,11.808468368468372,0.035019642376627295,0.14401972071725336,0.14369687903672457
864,16.110305310379527,0.3180341748007643,0.29963483168881044,0.09263879107311368
865,6.389120500306919,0.059619679826148665,0.07992246240977832,0.09443759312853217
866,7.479237803774682,0.08818648526651736,0.09203732377726627,0.08560166321694851
867,8.353245295766122,0.1502709236434409,0.1643809445389629,0.09333599079400301
868,30.110532390539376,0.23800831609589782,0.23843654021165486,0.09762006998062134
869,10.13238661472517,0.17886900556569013,0.18969141082786622,0.12738348403945565
870,2.598703729354803,0.1600438189076866,0.15476999940972352,0.13102651108056307
871,13.99681350834407,0.2673406270068512,0.23663640661921326,0.08956665731966496
872,12.457922344411752,0.13761261647203304,0.1677221647687098,0.0916192727163434
873,18.647080730667096,0.3108626734588529,0.3663023833525808,0.0855888300575316
874,10.328278605410672,0.03149604202166323,0.11564205463171408,0.09601041115820408
875,21.381447137979865,0.18067674426929073,0.2628106165613106,0.14509527757763863
876,20.787856954371733,0.10386879603000239,0.17187195484646844,0.09080053400248289
877,4.159700622651676,0.49068961067243433,0.4857346662722266,0.09327586181461811
878,13.096301905325943,0.0493525650167579,0.08699340132206487,0.09054939402267337
879,3.882469794243597,0.23166771068092298,0.2414929830466669,0.08982276823371649
880,15.328272629429323,0.27483174956327777,0.31193353217641345,0.09257339779287577
881,11.932593809351605,0.21060655544603998,0.20603072729030508,0.08928137924522161
882,13.874720879252823,0.39926346621535846,0.4129234637086896,0.13208336103707552
883,8.179149761862128,0.2890173649943681,0.3067700507413795,0.08751260302960873
884,26.027769017861754,0.17386846471460365,0.298039429424364,0.13634182419627905
885,4.501681225368678,0.19833719817293743,0.2060157393876179,0.10613209009170532
886,4.0283968765535105,0.3408680131723852,0.3497317512591414,0.09403460705652833
887,13.820169122945652,0.24023181057843918,0.2598973275560116,0.0876120082102716
888,5.8533356680141475,0.2719487673715601,0.30982540431667305,0.09373056888580322
889,25.87417555577901,0.07516585756778653,0.2496371594746132,0.08959178533405066
890,19.98999820402073,0.3872484529963687,0.43843181380536317,0.09266286203637719
891,9.642738527520624,0.23217764678778127,0.2799450260004096,0.09251127392053604
892,17.936769088231863,0.13199180000635738,0.2422825650817734,0.08862017001956701
893,43.14596226255685,0.46540339188082935,0.6981794287269729,0.08905763318762183
894,5.428023084678561,0.014818162461358145,0.05276163083039409,0.09518112288787961
895,15.66074765206759,0.17706575879882963,0.18546850901816203,0.09121970180422068
896,1.1750135778630584,0.06041375855013105,0.054628337510910924,0.09225389501079917
897,12.58915804959092,0.20411697671580348,0.2435492053798167,0.09311658563092351
898,10.376397476544351,0.13493146705133247,0.16432047511559503,0.12792318779975176
899,6.2428461600343015,0.28862528521308456,0.31190536663120483,0.10150866536423564
900,27.70596075595524,0.24339356628153255,0.25761779910756927,0.09248052863404155
901,19.230550307798293,0.30713889563148206,0.243178415945641,0.10003499872982502
902,19.348679606933178,0.4386144399134741,0.4757080628668436,0.10362903727218509
903,20.14587257214083,0.23210364493675079,0.25063881548866285,0.1292638056911528
904,24.90636876867156,0.2779946480022006,0.3554732439232904,0.08784756110981107
905,3.2826744221415116,0.15856361214827502,0.16459206500983475,0.09250050596892834
906,31.0596462646543,0.4375486434208334,0.40687753656365117,0.08891536481678486
907,27.036651424669024,0.3574759078917355,0.3482922453025121,0.08817621786147356
908,6.214777693214024,0.3388313048650001,0.32504043165271257,0.14801986701786518
909,8.010991016630406,0.05377862188202261,0.10044501834601464,0.09608083497732878
910,19.960702447564167,0.34842008761931603,0.42159089715258935,0.08545157499611378
911,7.717602166862558,0.18971701956582634,0.1860990123122554,0.13512888411059976
912,39.178202285220365,0.4083784473603311,0.40636200507983533,0.15285079088062048
913,9.230565786380888,0.28734369907144836,0.3723270288061346,0.09332742588594556
914,17.362206307273592,0.19448405524750048,0.271602065999685,0.128481469117105
915,10.778961414251334,0.04997612400047002,0.10695903350415899,0.08896496100351214
916,53.83349437910702,0.5789539218262117,0.49519336607997316,0.08626344380900264
917,2.578698337142174,0.42474325022158627,0.42121059903679486,0.09195248922333121
918,31.466185494357603,0.17617281165455986,0.31135462515207846,0.09539863932877779
919,1.7257995728270772,0.11754467787656944,0.127780104238229,0.0901939389295876
920,11.453162924209892,0.11250125979098688,0.13925961524283154,0.09447165997698903
921,15.511712127041157,0.08246530003898879,0.14402094216523245,0.14973360113799572
922,13.974996316144107,0.2002107040444657,0.16021334406227486,0.0909713408909738
923,17.420012026242347,0.22109738523711736,0.24672094879169268,0.09024743409827352
924,3.337533351637415,0.06856585061906834,0.06245748913508563,0.10223031183704734
925,6.9506353739986135,0.30378949435877634,0.31968912751483786,0.11506482120603323
926,23.041570342906617,0.27059561998630727,0.2757821039938964,0.09069165773689747
927,9.364814312328873,0.05296751270182031,0.11544787701775464,0.12940673530101776
928,15.54858669530346,0.1664798794953374,0.23769788726410082,0.09336786670610309
929,10.874167414462091,0.20233795044511133,0.2817903044737713,0.09255386609584093
930,33.46684682590159,0.16828413519508792,0.3710669657638591,0.0848602089099586
931,21.15393369455193,0.3223104181090733,0.32617452293437393,0.09439548570662737
932,24.99514296878333,0.09938396130644855,0.15806075682640408,0.08860475802794099
933,7.077044140254897,0.23891000367368426,0.2778770141349438,0.09367190534248948
934,16.962552749749385,0.19230605378100457,0.19459508305793666,0.08613270008936524
935,29.12162823749072,0.1376425233889109,0.1953957787878759,0.09104015585035086
936,8.568763625224264,0.14351518182498976,0.14879475258010838,0.09869301784783602
937,18.778831229286535,0.3535403033465556,0.3287658337207842,0.09531320771202445
938,7.539835025742425,0.19517508969734942,0.20965968694061776,0.0966831250116229
939,31.51940501461254,0.22512466418260188,0.33682806434742724,0.08739927690476179
940,8.958659763521046,0.14952711435686583,0.16709262719059786,0.08624236797913909
941,21.648172553760205,0.15387521065738308,0.2805025462039322,0.08724990114569664
942,14.192086162585294,0.21527944712682445,0.16293858766398736,0.08737008087337017
943,13.22001406496562,0.12101792819476008,0.14321639654761417,0.09022074192762375
944,17.1043364544206,0.22548326317248227,0.20983993415172544,0.14591626357287169
945,11.485976950874985,0.3617050647365427,0.41956523079120245,0.08755866205319762
946,15.574177088850526,0.22101818335926884,0.22195766655018395,0.09168000426143408
947,14.708621553188685,0.30093422289406485,0.2947128309045315,0.09470407012850046
948,10.058102769529713,0.3007700038664372,0.3250915653573797,0.09023384191095829
949,15.329880547053758,0.24259082642913532,0.25761810711015676,0.09377945540472865
950,16.760012090218005,0.23346826314419605,0.30159486256820517,0.09138763695955276
951,3.019458615069621,0.08073825051940664,0.07604177894234633,0.08936093701049685
952,11.12899063891743,0.23331270180796235,0.26188922471657256,0.09744192101061344
953,38.85891850712087,0.28297725235511995,0.39877710484905204,0.0898931729607284
954,19.728721045956885,0.20395292428132658,0.2606678269046826,0.08634892199188471
955,18.25362835297642,0.3928148341160684,0.3688435661731809,0.09227920509874821
956,13.69738070939627,0.1897681657308515,0.19972479927670325,0.09080616803839803
957,43.602231205919345,0.42755496028816714,0.270408367404435,0.09059203928336501
958,31.94404968749729,0.3832864563371362,0.3895493582056539,0.14474268117919564
959,2.1026013604761276,0.048057066848041535,0.0487817283084757,0.089384984690696
960,22.547215165225243,0.24698520315221226,0.2945433195672725,0.100215386133641
961,9.285321288533558,0.1424113738508221,0.16653407909638132,0.14634519163519144
962,0.21051395598249548,0.2667132236219979,0.26635650668010286,0.0968305435962975
963,1.395531055038451,0.13363552826230266,0.14071484786451982,0.08736398164182901
964,2.270699102981186,0.19552203012604663,0.19547263707785234,0.1509037888608873
965,13.590064132651397,0.35862929196990767,0.38441788396233884,0.14066646806895733
966,44.44090937511627,0.6109259391832452,0.6496154842307539,0.09015904692932963
967,17.145323879322518,0.1720044061000095,0.2075429657876552,0.1082450938411057
968,27.05115706703151,0.301468690714295,0.26632582694943707,0.08857365697622299
969,6.342393494050467,0.08643924564373971,0.11594714882875784,0.0938853700645268
970,31.687309904200003,0.26801051333694764,0.464924666415878,0.08761496795341372
971,33.11170961387411,0.28703882498184974,0.40732272391371355,0.08702793112024665
972,7.14982660100061,0.20373815932437775,0.20625789397532027,0.09458202589303255
973,11.317933795476186,0.14555750371602427,0.15837050460211385,0.1338784541003406
974,6.592256251173062,0.09479087575958804,0.11189967510212699,0.09422347694635391
975,23.541445525285845,0.2195192852139327,0.30015096127409163,0.09095927188172936
976,12.168064228194384,0.4648647253754498,0.5579112784460195,0.09526005201041698
977,6.1415457411401055,0.07839256526246226,0.0967043263497839,0.09298840118572116
978,10.37076733257874,0.2943292541868089,0.3547345344562273,0.09010764537379146
979,13.21448663440683,0.22847636256646864,0.22991945956858936,0.08579317387193441
980,1.1390053744397326,0.06442562012314144,0.0677910746114218,0.08706616703420877
981,3.716515731106706,0.21061924373304783,0.2218202523215026,0.09053143579512835
982,17.568389428436173,0.24918077424383384,0.2573597276134364,0.08808569982647896
983,18.790670556164184,0.329247206808326,0.3179979685912752,0.1563908620737493
984,4.876232171835127,0.058731618520201506,0.07025140227910652,0.09315032791346312
985,21.417359751162284,0.21249014520898835,0.2852390870227153,0.08790193684399128
986,21.201472644493833,0.15514805305139345,0.2707542188545018,0.08607215294614434
987,27.712973163728517,0.44493997709923144,0.48908880681796874,0.09430116694420576
988,26.481955824749647,0.38855596880756105,0.3810944356418683,0.08671336807310581
989,5.071090825063875,0.055709954673357195,0.07838112282501404,0.09532856522127986
990,6.980667377489494,0.16590988821581854,0.1394328738542341,0.12848495272919536
991,0.3848192511803219,0.0032069227949013688,0.005157931867132882,0.13628735905513167
992,8.402484198299284,0.10840853315482436,0.12195151975022017,0.12315455265343189
993,15.443129416733894,0.07185838606169218,0.12660812962999057,0.08691619616001844
994,25.673000634482328,0.3116554497244346,0.3400373918735712,0.08799281204119325
995,20.179916195416258,0.12720307845476453,0.20958148703598192,0.0922924061305821
996,12.386181336059346,0.16600669052695372,0.17761353027305077,0.13214249117299914
997,16.5167575786624,0.28139994173770577,0.33103842071167944,0.13042837008833885
998,17.467790666390595,0.23971118867588462,0.29830796356592365,0.13910363614559174
999,5.9047040734625265,0.06495700315080617,0.08300287997950576,0.09329764172434807
1000,2.4592083582951885,0.3403316277312148,0.33230298485412907,0.09180532302707434
1001,23.286689360343093,0.31144230525146843,0.358291872047059,0.09183360263705254
1002,8.299029731963701,0.11532232180879091,0.15442083357821523,0.08760048262774944
1003,9.321124562099504,0.1476278466852947,0.1730459568708584,0.09101370023563504
1004,24.37395371796469,0.17498998628955634,0.2230895506548733,0.0888420189730823
1005,1.5397339040106666,0.20621123454080917,0.2097788735636645,0.09744260087609291
1006,27.470824825671937,0.22208597165667623,0.1777327335142839,0.08697044476866722
1007,23.979910372713086,0.23690458564534705,0.28759637064329024,0.09243846498429775
1008,9.879152928575671,0.22869520416720446,0.26467142657869414,0.09450238244608045
1009,10.572799778808701,0.1421242457410849,0.1499692774923324,0.0895248600281775
1010,8.962005428870253,0.16041771378973274,0.170614024836577,0.1356958351098001
1011,11.547445730591704,0.28253366407329156,0.3337520101274858,0.08797860890626907
1012,20.42855421690637,0.21170025029435338,0.23000174791784003,0.09390412829816341
1013,17.190598947667628,0.33875553106426054,0.31766495798533684,0.09084118902683258
1014,76.03249560001626,0.9058376507189689,0.5883578873570483,0.09266922902315855
1015,13.046569734324398,0.26441596794953237,0.20892447122712665,0.09506284724920988
1016,9.783087059535719,0.13130553949612173,0.16177077398951745,0.09297281317412853
1017,21.93690675693998,0.16605672553650105,0.20296479915204507,0.09524304885417223
1018,6.358400458443055,0.08465112262023484,0.061962900311516585,0.09160635573789477
1019,1.4709609636369079,0.288224154827997,0.2887067115053642,0.09369725780561566
1020,13.527798578253469,0.277546604029339,0.22280720593862094,0.08939444180577993
1021,21.521132407749434,0.28914080371025547,0.43219553925263693,0.09122321708127856
1022,18.384017946583846,0.19493078828415505,0.26897510806862795,0.10300419619306922
1023,30.8418442826739,0.27723983921775364,0.15899094660881977,0.13572026090696454
1024,15.631852364675291,0.10046728055942682,0.17295189839133437,0.1005478878505528
1025,7.73334338338387,0.12061288348608402,0.1352971825724758,0.108262341003865
1026,20.852948779002173,0.1984096761575708,0.27170015886778665,0.09070161497220397
1027,6.894682746597958,0.28263468369878736,0.25315566195385664,0.11594217596575618
1028,2.5200021692135834,0.031234044195115204,0.05296315112991993,0.09692657412961125
1029,8.323614432607858,0.18738109906831954,0.24495477153609602,0.09070771699771285
1030,8.311914077161171,0.18479856761553942,0.20684273720196755,0.09270202601328492
1031,2.0762681647072063,0.27133449656325137,0.2764574254435499,0.09006373304873705
1032,4.6568741924746755,0.050472684130855566,0.06589469493117273,0.1313649951480329
1033,20.49991142367643,0.3887960865592858,0.31282560569579176,0.09354104520753026
1034,5.324970126926753,0.370204015047279,0.3885911773700956,0.09332811273634434
1035,22.692908654278188,0.23359084645441686,0.28690069945309815,0.09069981938228011
1036,4.994283666133631,0.12000302088195434,0.1345047837243785,0.09155099233612418
1037,92.46897446910668,0.744404154114494,0.19969560820708543,0.16748561104759574
1038,39.5834085636582,0.45329625991237354,0.36289027651415234,0.09157346840947866
1039,10.010193650446036,0.27339981763964755,0.36272503512739673,0.09361108718439937
1040,20.98969501015975,0.22696495435093092,0.23854773015648773,0.09234348684549332
1041,12.78503371647318,0.30739887959874074,0.25499453528439503,0.12800485780462623
1042,5.4062941954613555,0.33684883656830517,0.33143428760890564,0.0881734499707818
1043,29.360185030754437,0.415968744963977,0.40882252964270593,0.12553602317348123
1044,5.204050191534319,0.009307518462118828,0.059693692099732666,0.08918014913797379
1045,8.169741599114465,0.16460000093204621,0.19780534993232893,0.14486482180655003
1046,11.199994647118492,0.2845817441248448,0.30978723647935036,0.08832756895571947
1047,19.186205058322805,0.09844272289173858,0.19817660609208107,0.12569324485957623
1048,36.141774482953494,0.3458397782333274,0.39387245126611947,0.0886085806414485
1049,19.926216429198764,0.11922694430375023,0.2138510583515805,0.09255749173462391
1050,5.585362907996624,0.19658388986433847,0.20385324019030324,0.09434170415624976
1051,6.374813808958616,0.33025253595825,0.3321492212045741,0.09732426190748811
1052,11.716201168861355,0.3161889907009538,0.3336646030581537,0.12869904190301895
1053,16.383213374181135,0.22492069061539166,0.2551502450711348,0.09143165778368711
1054,32.24231849864311,0.2900250018395079,0.4204120202488915,0.08755121007561684
1055,18.186561277901927,0.38799345948574565,0.28257308436336315,0.09689589682966471
1056,5.922794950218851,0.09569951230202019,0.0989451146564463,0.09170196810737252
1057,17.21443016084276,0.4728804579749427,0.5122566675308066,0.09229028224945068
1058,15.854591535136052,0.1576763693562747,0.1565412153544082,0.14935556193813682
1059,12.240395665643309,0.12174348489682389,0.13484091618989505,0.09671237412840128
1060,20.222773548263103,0.3476467977789391,0.43760313504029763,0.08994911331683397
1061,12.448068470891366,0.42432175397031874,0.4627642182099796,0.0875861318781972
1062,1.8394565459964645,0.20611873771320133,0.19634363376493755,0.09372555324807763
1063,32.14278003571847,0.5255691533557834,0.4369582166860054,0.09548374405130744
1064,21.245125408009482,0.1972879094796154,0.3171941044185833,0.10558373387902975
1065,5.0881506949491495,0.18032934921511087,0.1901131205849211,0.09427762404084206
1066,14.032228722531343,0.3720754978530366,0.3883082634043901,0.08922232873737812
1067,10.81673092023724,0.13197748828410752,0.1762293125876494,0.14788029436022043
1068,10.318127620087424,0.09954927070196395,0.1774132395777923,0.09245778573676944
1069,5.39192341212002,0.11589540242916989,0.11115658275470768,0.0880396799184382
1070,47.59067757081463,0.5652531449266265,0.3804922856374642,0.1281379838474095
1071,51.85305272405825,0.4805798310658376,0.42194383077031755,0.13777807774022222
1072,22.649127357827197,0.3206490547600724,0.3010081075840941,0.09808427607640624
1073,2.498697938100661,0.0989318328809524,0.09541770509652034,0.09546130802482367
1074,1.5992912252721636,0.01967194647395727,0.026327657342222758,0.09373737871646881
1075,33.07196800137343,0.16899486043441792,0.3350597398232213,0.09238362591713667
1076,16.103090227129506,0.14840310222826988,0.2117976035474816,0.08527657482773066
1077,14.55333879214404,0.4154519708976843,0.429772240943443,0.1287009548395872
1078,20.478116857278007,0.20390115245672308,0.24243826777038377,0.09874804830178618
1079,11.439182522135052,0.31685084755382,0.31869998915017905,0.09017652040347457
1080,10.667326826619767,0.25297549000251285,0.23303255752319485,0.10328179458156228
1081,2.698318351231144,0.3301428286584266,0.3305379762388223,0.09309295704588294
1082,18.28050107056449,0.15033601601251265,0.12498843132001534,0.49548562802374363
1083,3.9366387066488433,0.26797566900184233,0.26331983075937127,0.16544994479045272
1084,15.277176719444906,0.21692747039100818,0.2531106733875952,0.12827960075810552
1085,5.718612655008956,0.022636890312584028,0.022166642604702733,0.10161024332046509
1086,15.619311468857404,0.03202480759654008,0.17876024848534866,0.08802761416882277
1087,29.3281251869774,0.35682539866887375,0.1976930156515546,0.0885439240373671
1088,25.579113803861503,0.18941288038424547,0.17920880896693359,0.08737597009167075
1089,0.36895473130295,0.004780910681637762,0.003801547478058692,0.09644350036978722
1090,1.727349648621361,0.1612722774000322,0.16237420966575697,0.09509311616420746
1091,8.606200004022709,0.07166183825521467,0.09086955596152965,0.09054148895666003
1092,18.03934770764248,0.296012850562281,0.31448698892371096,0.09426848497241735
1093,6.651047008310678,0.18114177329376807,0.20804300690596703,0.09248860832303762
1094,26.284341692673145,0.22745206867790024,0.2877195124722345,0.09611217305064201
1095,12.731183032123049,0.2161041997380415,0.2600207389188724,0.08792949933558702
1096,11.232285812695105,0.18511869770400488,0.19174945448291972,0.0922936792485416
1097,19.036818321055545,0.23364193026539162,0.37135734563528555,0.08789170207455754
1098,1.5922256629108427,0.05255499275452376,0.05409139251279559,0.1424003941938281
1099,24.704791741630324,0.35420169648948313,0.35021046510354803,0.09869310911744833
1100,14.06921123223547,0.19484063908093038,0.17084124455600802,0.10696072597056627
1101,24.16142321955165,0.3113143341474726,0.42344638773773935,0.10914851911365986
1102,23.49026696986427,0.11234434465572249,0.2325024025032115,0.12186526507139206
1103,7.528192007061747,0.06023616837775052,0.054236840267264705,0.1252894550561905
1104,2.166113259392041,0.02858644891515277,0.02319928608958185,0.11257010977715254
1105,5.323085466900119,0.07835764308918021,0.09622107367732516,0.11281580477952957
1106,11.764262588627858,0.2962410950725301,0.3311774215580707,0.08944130782037973
1107,27.6161025228992,0.37428807624139115,0.48239047528218365,0.08872199058532715
1108,39.640966996628535,0.3554442384265544,0.3157777604630121,0.09387040603905916
1109,24.593697743998487,0.2875824564190063,0.34890620428182045,0.10061678616330028
1110,8.534461453713947,0.11203385914760591,0.1280885566758715,0.09429658902809024
1111,6.062529474791371,0.400846500945121,0.411495313496772,0.09893492376431823
1112,9.943633796586946,0.10600654035430013,0.13571323891523235,0.13727724319323897
1113,13.842045948196983,0.06073546039391177,0.13696577625302103,0.14158751210197806
1114,5.625178083049804,0.24580305195828883,0.22995701835014046,0.09854733105748892
1115,6.173772837493914,0.1373056891500904,0.14208880333488066,0.09875771962106228
1116,17.576610171484596,0.13227045109168226,0.17123017256096995,0.09546471573412418
1117,14.680648612138098,0.09696704108156061,0.1435343310696735,0.09821833716705441
1118,16.181259997696056,0.35003744839491785,0.3936865399013181,0.09894369961693883
1119,9.79817303232314,0.37821615550669935,0.38882099869303954,0.10052428394556046
1120,9.600039423976972,0.17374505869808912,0.1889934565270505,0.10655124485492706
1121,8.30467516056505,0.20367216623263568,0.19948590899509716,0.10223290184512734
1122,11.36423620851845,0.17976636054946646,0.20290123352317188,0.11268003936856985
1123,16.783997988698786,0.28902716690076374,0.3798770110937504,0.1064878860488534
1124,15.29831826947349,0.4080762457104088,0.4689971237827546,0.13584654545411468
1125,30.69854727982738,0.30291597012501037,0.2769515573350855,0.08580892300233245
1126,29.637698742584053,0.20042839899188605,0.363408363364536,0.16133926529437304
1127,34.306237802665294,0.3893919509174325,0.3209122571746431,0.11893858388066292
1128,8.789905145089744,0.22163440359867856,0.23219725881363806,0.109762960113585
1129,24.426476900881937,0.10055158572545178,0.2908222136987082,0.12539502885192633
1130,15.762558319370694,0.35835249175685224,0.3523556471168446,0.0870783431455493
1131,5.370455453399039,0.269532535840689,0.2529195725271242,0.09453950822353363
1132,3.607171796036895,0.346548737320326,0.3308528724769436,0.08882102370262146
1133,1.8482401552366567,0.36715497988132273,0.3699608713795207,0.10582658555358648
1134,12.56960920003832,0.26104817866500407,0.30382215698804205,0.1272670179605484
1135,8.740746797966937,0.13159378946715042,0.13059584784690245,0.09245628397911787
1136,2.9247574678841866,0.15750970576373918,0.16163711048093368,0.14725681114941835
1137,10.810406521432883,0.2156445809849315,0.1554086520640085,0.10129167605191469
1138,19.537447541790772,0.19913402709814496,0.24638458870622712,0.10382114490494132
1139,8.539147692082258,0.2915633238902788,0.29201635057100706,0.11523064691573381
1140,14.018552725994413,0.21938334232948284,0.23116524161595423,0.10507039818912745
1141,7.214118911057042,0.14653325495866923,0.14693722326943617,0.10972177563235164
1142,40.04169503497669,0.4518963594637559,0.3704199261583246,0.10372214810922742
1143,32.48448576131816,0.5330778132340948,0.4429155657477904,0.10842512082308531
1144,171.16858195380425,0.9750970389236445,0.28276514621512916,0.1664628922007978
1145,19.505638697558524,0.42776193448406236,0.4775475755297346,0.12320075696334243
1146,7.467880009206354,0.26967267317423566,0.2846539682928824,0.11410363530740142
1147,5.301093934229314,0.2192547397092273,0.21897632236090367,0.16355488682165742
1148,15.555879049963723,0.24755171540304466,0.2691527841959894,0.1292893229983747
1149,26.972337277269435,0.21596859898857698,0.2675874391931828,0.15696251671761274
1150,30.479520532773822,0.26623799861317454,0.24173791037240108,0.14892284525558352
1151,15.42547515593871,0.1632509678126913,0.19700732135558277,0.0904389969073236
1152,39.78311105626284,0.0841390018643056,0.4176151265385932,0.13248523091897368
1153,6.699402977895775,0.3943865033708121,0.40018991658029035,0.09478179318830371
1154,9.591017434938083,0.0987084791870794,0.15230144058912928,0.08744012285023928
1155,18.483422758551526,0.2048523729085945,0.14763317296930945,0.08738207118585706
1156,1.6156652425125415,0.3366600330780718,0.3352584650354851,0.16263628099113703
1157,13.927572898220816,0.3999387305815291,0.4278339590337845,0.10560670681297779
1158,20.327904466712603,0.24141639139265317,0.2885489214974935,0.11055773217231035
1159,11.27710146346168,0.18136920953960248,0.18361306212068979,0.10750670218840241
1160,4.407014671771517,0.06165912138406092,0.0756750268400008,0.1055916347540915
1161,22.689267059428076,0.34092635469056565,0.25796780666344293,0.111819202080369
1162,7.975812579500473,0.041005205481736605,0.06830457818912605,0.11199309211224318
1163,23.104931827490116,0.30667705933219197,0.36453598450213526,0.11463153269141912
1164,24.81565322313718,0.3561273473484484,0.4063206788286236,0.08874759916216135
1165,4.655159649543589,0.08394822380523391,0.09213262196197324,0.16136888228356838
1166,24.79978476674469,0.33455368286583187,0.39427536509150857,0.10576578602194786
1167,26.023515840410006,0.41056232216504984,0.36745119513548613,0.10706655215471983
1168,20.36201618932161,0.2608577670555811,0.2958094703033108,0.1121406159363687
1169,16.813961891453193,0.3247091533565971,0.33500739921429656,0.10653168894350529
1170,43.2554664121477,0.20631205765231506,0.4219725317709647,0.10693672811612487
1171,13.19330178544151,0.3760950414948605,0.3464528585687144,0.11132386093959212
1172,15.746565311629748,0.24645361371220773,0.30061923978314115,0.15823219809681177
1173,15.750457521195823,0.2989881269813505,0.29456015051800505,0.10710874106734991
1174,41.63219357754177,0.4336931942525167,0.3344266608115401,0.11399975093081594
1175,17.85135752488248,0.1780361251771147,0.1913953052472459,0.13319440791383386
1176,1.131847112368186,0.10975348341063308,0.11646664222548539,0.09081846987828612
1177,29.699106189335442,0.1516270440186496,0.3157565255679078,0.09673144901171327
1178,31.616339441262536,0.1651179660662529,0.3717912242759285,0.10259042121469975
1179,8.877223703037073,0.10548617484225903,0.14894880140099778,0.13757458608597517
1180,24.706135226451053,0.2247283564915255,0.26696688372633404,0.08400706527754664
1181,13.968481636515719,0.3969126563457489,0.402995823379747,0.08524910733103752
1182,12.701949690922552,0.29340015909013206,0.2888032145199219,0.0942712058313191
1183,34.124375476064884,0.4103869755002757,0.4205095189902463,0.16319127194583416
1184,1.206783626777403,0.3110280027643606,0.30897192915682375,0.11186050716787577
1185,15.986540637174246,0.33803334913925254,0.3078994102347311,0.12671150686219335
1186,4.485413063329126,0.20629158038810722,0.20895731889786906,0.13289441680535674
1187,13.466283326639335,0.19937532855348278,0.26055062950053276,0.08823760319501162
1188,42.44942192032308,0.4777992315144858,0.3558388446016597,0.08919866476207972
1189,11.480920353063082,0.10064505413386113,0.15349972186451738,0.16142774187028408
1190,4.6482992857772265,0.18377027622688197,0.18801217577843016,0.10439183376729488
1191,13.52323951787,0.22911615389574114,0.30756391276647704,0.10973964771255851
1192,11.140470257637725,0.17540405995154434,0.2308667527320491,0.13382322015240788
1193,45.63940762947859,0.47511349937535435,0.23608293400853514,0.09624194586649537
1194,4.422159328678924,0.2106435209371409,0.1798416227805145,0.09516051597893238
1195,21.61152186924754,0.11925972718787313,0.17509136429836755,0.1588823487982154
1196,39.89561681934947,0.40651044638175887,0.36971720518737733,0.10306534729897976
1197,35.17795617108503,0.29560431443329666,0.22945913908897256,0.10518059274181724
1198,18.114465211204294,0.5688459888267482,0.47200180477234355,0.10984482057392597
1199,8.590679325197097,0.15758920640074667,0.1683574714755531,0.10762017779052258
1200,12.692631865732782,0.061912771828985594,0.18397802216512843,0.173148016911
1201,15.618006744196968,0.289087966058565,0.33630778639599573,0.10925843799486756
1202,21.06768337808437,0.15693116032855886,0.2564163982772295,0.10829524742439389
1203,7.410925603295274,0.2281642667487559,0.24372100455521287,0.11093327403068542
1204,33.11999569982823,0.392786734686026,0.4253148879684748,0.13810860086232424
1205,21.058161851333832,0.30722608894454706,0.41076255302423675,0.08744974108412862
1206,30.72089492850742,0.09882070986478411,0.29415067971045955,0.0899344589561224
1207,12.099976450303615,0.2682200163668401,0.3237208544041064,0.16408744966611266
1208,14.00554388414105,0.21319555704423787,0.21938969761378682,0.10897004418075085
1209,26.59014617297881,0.2859840897319864,0.2717755645552441,0.1082476251758635
1210,41.14158427467205,0.5364819320642418,0.35709984706446984,0.10040770098567009
1211,9.213695496275186,0.3731707056238616,0.35097263064004874,0.10572215029969811
1212,30.24146000283787,0.37871522493276644,0.4323434148424611,0.10804732842370868
1213,9.835687409513552,0.17185231534833972,0.15212916934970291,0.10499464208260179
1214,26.96496377387742,0.2918054429478293,0.32458614196742597,0.10189627762883902
1215,14.080051676048232,0.22778463148072006,0.202566654363335,0.13263579970225692
1216,31.51119723809493,0.28942332292407985,0.2760952389707601,0.08979575103148818
1217,5.920804714544381,0.03903892421731766,0.05609498349912812,0.09366770694032311
1218,17.91776434410766,0.08476746037643762,0.13262134854342678,0.09020676417276263
1219,5.778337596357046,0.08035402033847149,0.08267430273377746,0.1620605168864131
1220,18.339189796005467,0.7239560663807231,0.5951719154508637,0.1745062149129808
1221,22.514342237277788,0.591778695347415,0.5709663908382158,0.08392479596659541
1222,5.098604388987605,0.3335199126791839,0.33854353402320086,0.09510242100805044
1223,1.8574197381769246,0.45424719194536234,0.45015695064632955,0.08943841373547912
1224,30.51237232370036,0.2584447612746636,0.2791976137381281,0.09163151914253831
1225,16.618106236346154,0.28908726262969164,0.2893335717667692,0.10105199413374066
1226,14.757644537637809,0.10615724224886923,0.17687320343231316,0.10477905673906207
1227,43.42473899640864,0.47845480515247535,0.46713429314038857,0.15879274113103747
1228,8.108416024934678,0.08466810367049012,0.12094703744036868,0.10477375099435449
1229,13.241241629130533,0.27054587605948094,0.31185807933712323,0.10426079900935292
1230,5.149322528247717,0.16113306435061137,0.16377309392725306,0.09465374983847141
1231,22.291425917925118,0.2587773285080617,0.3569363383336569,0.09794515604153275
1232,46.99126509102033,0.4395924388250515,0.3094893465720488,0.10518617322668433
1233,35.362981091054365,0.5240803331763695,0.5492670703782837,0.10615290608257055
1234,9.415831093953644,0.2981220521228209,0.31661093740177465,0.10379716521129012
1235,21.149901225461935,0.24637822090333986,0.3140449507491209,0.10701999813318253
1236,8.33184816675572,0.34067570913820233,0.3510890379003735,0.11143895890563726
1237,31.334174564979964,0.37584021588793753,0.40905408843482527,0.10965117393061519
1238,22.163256836421542,0.32755074263481526,0.3526988569644111,0.1737370379269123
1239,15.593601879555903,0.3730724977279153,0.4181343471353928,0.11637999722734094
1240,15.63855173609255,0.34019565541067753,0.38377990444789456,0.13379203481599689
1241,1.0882211975561653,0.010820125569133728,0.010625415418330236,0.15898284502327442
1242,25.015683339900527,0.20836361463153535,0.2945165328281384,0.11067756172269583
1243,21.747527439587014,0.24464451454478173,0.2547225209331949,0.10589667316526175
1244,10.830078462272182,0.15455751930664358,0.18726806780660493,0.13518238393589854
1245,7.669105605038168,0.21731788592139517,0.24745730187210843,0.08866241713985801
1246,12.828021255128565,0.10017403902451415,0.1545944511899149,0.09693308966234326
1247,27.034477356539032,0.35871392185103745,0.3237680721967485,0.09530491335317492
1248,34.217129263867484,0.334102519567483,0.382712367670034,0.11516564898192883
1249,21.057900517562256,0.29022842764281626,0.27170536804998413,0.08807779289782047
1250,89.52712080214643,0.5899422998122563,0.19467697193657288,0.09902274888008833
1251,4.624597330291241,0.283494585237613,0.2906429159355165,0.09586726687848568
1252,10.499437630049206,0.1441512954262845,0.18109440971964044,0.08984560612589121
1253,19.124332393436372,0.21400468710654602,0.28545520206277947,0.10606692917644978
1254,28.87439727910742,0.3370183153284517,0.2875510721397775,0.13262216886505485
1255,13.25995437169143,0.20442147326947577,0.1968732533881134,0.08900153776630759
1256,11.85200475403398,0.16584315808200867,0.16829615564090353,0.09110293025150895
1257,2.0794392499246896,0.3920333554776938,0.38550138967389236,0.15227470779791474
1258,8.798205243065897,0.19144640071304256,0.208378290433954,0.10860063508152962
1259,4.220681065083811,0.08072305012791829,0.0873932004244183,0.11284538824111223
1260,6.865367115476989,0.2576925536876755,0.25930353302576076,0.11108381301164627
1261,20.02550578372335,0.13202386653047607,0.1917330557738713,0.10599148785695434
1262,18.057874767548633,0.2774934870442399,0.3220515713182955,0.1324639800004661
1263,3.518153098154294,0.26207196001728833,0.26118154956184214,0.0900624543428421
1264,26.01616339568185,0.2510340781655297,0.32434781925394196,0.08694967487826943
1265,23.302606179966823,0.2843150927875063,0.32467027832760825,0.10484760999679565
1266,175.98031442237314,0.7750112411722945,0.38347358572084295,0.10437930887565017
1267,12.636853867274704,0.3738992592332089,0.40231501753862603,0.09371497388929129
1268,25.395420829635004,0.25096772223413555,0.37438574403438635,0.086026756092906
1269,30.369911095365183,0.3591516962277746,0.37384188802026336,0.09064179472625256
1270,2.2237769305283335,0.09565138020479076,0.09072568376187176,0.1010862672701478
1271,5.382585074952296,0.1365184439221152,0.1496829757955657,0.10079958196729422
1272,28.458197425569843,0.14075166938069644,0.1458431777338302,0.1044739349745214
1273,9.664207932622011,0.284185363511881,0.2501016368299396,0.16020885994657874
1274,19.96799620379262,0.4670702997381989,0.39420920003408183,0.09938012529164553
1275,9.051774205291123,0.11897891420900669,0.09833366058013135,0.10871625086292624
1276,9.90952421935173,0.12239480295727119,0.12046325788257996,0.1075303596444428
1277,10.127055254438622,0.07518364972888246,0.15628239558758714,0.0994503409601748
1278,6.674019553027786,0.06853429606082485,0.09644310197727415,0.12819101801142097
1279,25.287416129434607,0.21849099237902778,0.3343102068646441,0.13613354321569204
1280,14.6019678483889,0.3418829982450138,0.3440472091825592,0.14805617416277528
1281,7.585015499245356,0.2908069050976265,0.3219011441694906,0.12327282410115004
1282,16.77838294094308,0.1889587383729572,0.14971575558183894,0.1662286981008947
1283,17.3718226151766,0.2223402237764115,0.2683908479124819,0.10708247777074575
1284,15.58785983535636,0.18872988399216015,0.20281314254635988,0.1068620691075921
1285,11.104821365592503,0.2529692817205163,0.2500522356015996,0.11149033484980464
1286,15.371758912233078,0.27097788813247364,0.3124306928232891,0.1087013422511518
1287,53.061801083006465,0.4625621691213207,0.5487755027538921,0.1303641269914806
1288,29.704026309064027,0.23535115647742144,0.31545715835864746,0.08848003624007106
1289,3.1290343554915165,0.23251369540281122,0.22499704793849326,0.09255085699260235
1290,2.1839474379395503,0.3357768393140779,0.3274589793628338,0.08719533495604992
1291,8.934507386652719,0.26093436723030583,0.26475372944406284,0.14872932713478804
1292,26.40433487336191,0.24696002113250012,0.27550641422132005,0.10708885779604316
1293,8.573386536085376,0.28446938485136697,0.29307146633791414,0.13709669094532728
1294,0.9367860812083633,0.35709285989545103,0.3639215963688309,0.13752142433077097
1295,24.33716690911803,0.48959502854564513,0.463688650499035,0.09892457583919168
1296,14.996677516678057,0.07884667314139421,0.15143557422566795,0.08789998199790716
1297,4.684009946585331,0.2338719998688926,0.22749953120410477,0.08771050302311778
1298,38.037287172959196,0.4529193311659266,0.4599597602051266,0.15170173812657595
1299,37.69387787109174,0.3339351211012165,0.46099215603544574,0.1035958081483841
1300,3.852974731367881,0.015330997558459722,0.03763302166924894,0.10938011109828949
1301,28.545932334977117,0.4220559959322843,0.4386980170512078,0.10047431197017431
1302,21.975886069999866,0.21380651472582077,0.35924100619688637,0.12125370325520635
1303,5.952076385250531,0.25588966938984803,0.25176591067833987,0.14067158289253712
1304,37.67594768503124,0.32203740761433397,0.4452252253805242,0.08599566342309117
1305,13.544134096487017,0.1360127396643741,0.15875836557194623,0.08416520105674863
1306,26.557686386144603,0.47922287360018695,0.4281426084883284,0.16955482587218285
1307,10.500670899312826,0.1400953880289926,0.16803927529110807,0.10043018404394388
1308,4.065793597077676,0.04137368056469447,0.04606253820464507,0.0998994680121541
1309,9.305158291712724,0.18050311794478438,0.12417330903294166,0.1061039692722261
1310,26.524177379644094,0.3252287805817034,0.33798203001679167,0.10435809195041656
1311,10.629155305286991,0.07365098634169359,0.12433335430004203,0.13293018424883485
1312,16.302232235905322,0.13078910802585475,0.20017178183133458,0.09123574523255229
1313,48.648727452878624,0.33382923668422254,0.5623784699796376,0.09098452469334006
1314,33.1932328799355,0.3461053687249401,0.3552140409991578,0.09704588586464524
1315,39.75199848988603,0.3215528532054417,0.2860596571251152,0.13521162420511246
1316,22.958934199348036,0.05264276983544206,0.22784799639295233,0.09320974908769131
1317,17.442206073689317,0.31450768055735,0.34789774248916094,0.09288704907521605
1318,20.902089221858226,0.08146543915180503,0.20897318835848255,0.09151499485597014
1319,18.302749998368338,0.12102356674553541,0.1619106849921222,0.14911159500479698
1320,43.35576767729621,0.4272645325683972,0.5248041376344655,0.1065274877473712
1321,1.3896163548696847,0.10046561198887764,0.10821231025037295,0.10294752102345228
1322,177.98715479128307,1.0491768144737303,0.3915960161346236,0.11373630212619901
1323,5.256244803820139,0.12223333751483821,0.13977383798973694,0.10117996903136373
1324,35.616849923519304,0.4108631938578812,0.5499943718490694,0.10645223455503583
1325,14.039446186772102,0.1174226704004149,0.15146016171478058,0.11178648611530662
1326,15.402312478931451,0.21333896572348887,0.2669850952545392,0.11820295685902238
1327,13.328268518680403,0.17456252587170115,0.1800342904723713,0.09198668273165822
1328,22.67623358129707,0.2217744606050616,0.21382670206763346,0.09630147693678737
1329,3.5692998673781533,0.17732882647164852,0.1882261810031829,0.12123168865218759
1330,6.9162499346408515,0.0476970566930643,0.08121389151272188,0.14693047804757953
1331,14.975645550915441,0.20933270903599438,0.2608221279144789,0.10546872206032276
1332,14.700897157137476,0.042838675622150935,0.14475792899156048,0.10506489872932434
1333,6.973759494395825,0.08453677838337614,0.08958219155955631,0.13673966191709042
1334,39.165938207328885,0.28026766729667674,0.44601537392127405,0.09029465029016137
1335,1.636377247120205,0.21362882679663744,0.21610706555948903,0.09615409793332219
1336,26.85538599443726,0.4539654639876235,0.3861171756828575,0.18051106994971633
1337,0.14869477330673112,0.021503351754160724,0.021397228415449738,0.11948726512491703
1338,25.530644038487406,0.19967014097355154,0.30549118528673186,0.10151675436645746
1339,17.36410823023641,0.2055060216618995,0.23254660798925328,0.1115718581713736
1340,2.6763946241855194,0.025202300854044693,0.02724671766939222,0.10002266708761454
1341,29.356637175744186,0.28907065310605395,0.4720394155781971,0.08883445523679256
1342,11.537258925395758,0.10325010221514412,0.11650022855024968,0.09861181303858757
1343,3.8506811109203354,0.45254780741042533,0.43582814681912635,0.10502258082851768
1344,2.8120355267173456,0.2059733559420774,0.21013225975647584,0.13103211391717196
1345,8.080846899202372,0.29788329414285003,0.2828880718849545,0.08784561417996883
1346,12.754670717828638,0.12179877120129867,0.15618700767156898,0.15050071198493242
1347,18.555472236800174,0.16497574027375292,0.326205826938237,0.10942012630403042
1348,1.5724278555225504,0.31449311322199336,0.31365761082269905,0.10287567973136902
1349,9.858775781017194,0.1543681767636227,0.17334506237179975,0.11297456501051784
1350,17.615475972508662,0.19586597205789166,0.23737132537211406,0.10480080405250192
1351,4.525862035225958,0.3193038427860211,0.31256830363517,0.10919702611863613
1352,11.969803547859957,0.12704681176635202,0.1493956803480789,0.12838755501434207
1353,20.873416426580338,0.1989979688817971,0.24561081275414837,0.09162364713847637
1354,8.081956860012763,0.10076129220845988,0.14362451771181872,0.09737410815432668
1355,11.675646268741321,0.13818961359862172,0.15794406656025367,0.08749337634071708
1356,35.324068685196124,0.43786571408256264,0.3835852808071419,0.1330942651256919
1357,15.086814586411824,0.06838902389126518,0.17133550707088777,0.09466595994308591
1358,33.00631468277921,0.4297573499806699,0.39232108953327954,0.12935210997238755
1359,12.215221674553094,0.17512140938956497,0.19845216375741045,0.15835773572325706
1360,18.687525718836568,0.1873472432342949,0.19288548250337526,0.08760338230058551
1361,10.356412980461231,0.2958717750660547,0.28596845417787226,0.14639372192323208
1362,19.43061999320937,0.18835440634356815,0.21891599437491116,0.14342295844107866
1363,26.08818128799746,0.19122716190289835,0.20150835206763584,0.11679992312565446
1364,7.5633762747975375,0.30997491643543384,0.32557535601270726,0.12005505617707968
1365,7.99559703163654,0.024779430813245816,0.07071673348872644,0.10006689094007015
1366,7.510041403429789,0.11140439868298069,0.13113048911056366,0.09157006070017815
1367,16.86399100505049,0.14429386100452288,0.18725322607670591,0.09278403175994754
1368,14.558269533053972,0.302665578642247,0.2817958491756941,0.09034960716962814
1369,2.260754101505701,0.1451993203694938,0.14362817943193204,0.09455223334953189
1370,6.969194913849391,0.20053829504281787,0.2055304983874371,0.10799800511449575
1371,27.926880190641704,0.25161559305678705,0.2421594752638287,0.12994765304028988
1372,28.266676932420214,0.39144067510846037,0.4454983315501692,0.09914707578718662
1373,9.224162399755343,0.1595809785644075,0.1762159591318946,0.09153489535674453
1374,40.74458470062156,0.317294732281549,0.3300726313637744,0.09491545706987381
1375,7.818341240677835,0.09586671009634319,0.10761249682954192,0.09113996708765626
1376,17.758197673888375,0.21592491238126238,0.21968882587985597,0.08823941787704825
1377,2.4623166851660896,0.15171725598520802,0.1453551497405005,0.16177478525787592
1378,14.505957243963353,0.1691677341903257,0.19765254908890376,0.10048142215237021
1379,20.532289029674644,0.2654943449780623,0.2343817157439777,0.10410807700827718
1380,5.528203187813923,0.03909094155418556,0.05136614563895772,0.10373875591903925
1381,84.63019954531724,0.8181327972772127,0.5367680455261199,0.10841963393613696
1382,3.5887447886415615,0.2788465352281712,0.26660794186636916,0.10739850020036101
1383,10.0042575581369,0.05957346662378984,0.08122380276805265,0.10854923818260431
1384,38.487806643858754,0.458543399222959,0.47099749874505253,0.10464257001876831
1385,4.894175550411647,0.1055346618618517,0.1024024158262073,0.10114583419635892
1386,23.00699431578211,0.3091282680647906,0.39594717768673476,0.10277848830446601
1387,15.654924230468213,0.3454318966113582,0.41511894882514244,0.13983318489044905
1388,3.295270597817363,0.03614014099322757,0.051654116598731224,0.09215263370424509
1389,9.766267614357815,0.3942436502391087,0.39890798839701314,0.09436429105699062
1390,14.036806165058549,0.061774374025515034,0.09031352613470843,0.16080476203933358
1391,11.086916840415139,0.11254970044617643,0.1420334414662284,0.11822912702336907
1392,20.466062930117026,0.3519801337560841,0.38035853944351333,0.1262148329988122
1393,32.43240282180072,0.26913981488609484,0.25434521590562753,0.08734186599031091
1394,25.96565718954164,0.32193103164422865,0.34458312498308397,0.11832118639722466
1395,27.196545293214033,0.26181796472327584,0.25248434302871875,0.08942930959165096
1396,10.725500802114622,0.23254813673057692,0.20295514310290516,0.09265875816345215
1397,24.24375956721102,0.43725312104964176,0.4017032630451588,0.08499356405809522
1398,26.25914122765286,0.26807099670421064,0.24532286000631381,0.12010253313928843
1399,2.5927527159025345,0.27126039084113934,0.2619558409179103,0.08851061575114727
1400,0.08665295384804957,0.001843680019117788,0.0019847248556791115,0.10224686283618212
1401,12.47999204643648,0.20004750153515108,0.2945828556602835,0.08764714375138283
1402,5.309947586891979,0.09229621111698949,0.10678524157392132,0.09398036170750856
1403,6.958559492707934,0.05103485724089699,0.06789257103984311,0.09929603384807706
1404,16.77507086909079,0.3504328054364013,0.40832355651704805,0.09616722771897912
1405,10.54701998987372,0.40628648662833156,0.3804879370359284,0.10341302398592234
1406,3.1655075851113383,0.011345638695821494,0.038571183407499474,0.17637936770915985
1407,12.130687019915111,0.19971069871597433,0.20912346763008485,0.10742412321269512
1408,9.075998601540922,0.23265956985400368,0.2580099974211676,0.10219256393611431
1409,15.344061182818546,0.21381664759450064,0.2400777781085791,0.109321563038975
1410,14.153630966118197,0.18926362466911065,0.22354552484216986,0.11204839590936899
1411,12.919715587549721,0.20026714610734303,0.22581772210500212,0.112145921215415
1412,27.5040893495955,0.14682099226727618,0.2504703792284463,0.17812740709632635
1413,176.08356312010264,0.9441048105126909,0.28908131683036853,0.135236328933388
1414,8.375337631987751,0.2478146893741901,0.2666675703651612,0.09924225928261876
1415,4.729161054252046,0.2072886999403925,0.19915077888225396,0.09896003222092986
1416,2.1908040924196674,0.09861746600397792,0.09869210971350474,0.10041279997676611
1417,42.34621552219914,0.26219851126085075,0.4323332665344499,0.09095375519245863
1418,4.5512187784038005,0.09477465197178646,0.08357422434386025,0.09753673430532217
1419,5.649287206154823,0.1273055752770782,0.1352001301875043,0.14423755835741758
1420,33.280534586644805,0.39473294613353865,0.4440928265492803,0.08776747807860374
1421,18.1492776544547,0.47782105038756495,0.3951553320242404,0.08784327935427427
1422,14.115347885812232,0.23136137377979832,0.2528710302917454,0.14053516369313002
1423,33.90200748228725,0.4140954863468921,0.4078435662162247,0.1003116169013083
1424,10.868011483953797,0.09118928647314538,0.12165525880621542,0.10012095421552658
1425,1.9681491014795665,0.11795839709961971,0.12287127687063967,0.10226490581408143
1426,47.49991356522968,0.5960187066465762,0.6463240696420888,0.10568650905042887
1427,2.3780821546239994,0.17848119980053453,0.18134780772884757,0.10429177666082978
1428,21.63831968871245,0.2126143841363008,0.3151553444598708,0.11822665203362703
1429,33.64155539028399,0.5082794934881225,0.427474496664063,0.12797163799405098
1430,33.508348982026206,0.4141692818937652,0.349277369572968,0.1591099500656128
1431,5.968627268342047,0.20908303716910165,0.20749187956263299,0.11190840974450111
1432,18.777872005297283,0.04413674165755283,0.13829000553379517,0.11225545592606068
1433,34.04817120810942,0.2723803781676219,0.34559108795243365,0.11124890297651291
1434,1.93337696417096,0.280231703363782,0.27998554985471574,0.11300202831625938
1435,15.656957133897652,0.3759641584950188,0.2835083826264589,0.15485882200300694
1436,16.089827220939778,0.39763936511559156,0.41631166256513,0.10647271340712905
1437,22.224479842692205,0.30448114103559065,0.23094126987513897,0.10592212295159698
1438,20.89473558151919,0.4219709314883389,0.32031573544071307,0.10257398802787066
1439,19.897635911751788,0.10315109561114873,0.14429866255348792,0.10285094194114208
1440,4.728173238741575,0.21831648348662205,0.2254985324241785,0.10419920785352588
1441,6.952280733372278,0.19351080492149456,0.18463752088711516,0.13251224113628268
1442,33.19008623729668,0.42976613068067754,0.39363559677794,0.08835152722895145
1443,44.650972280979175,0.4961179768965957,0.6443435313108775,0.096473703160882
1444,21.371830387884444,0.4380387405832617,0.4743587525843888,0.1097816857509315
1445,7.567378505845577,0.21837873070016617,0.21804580725325748,0.09160066721960902
1446,3.1003644055851214,0.07645572556386537,0.07706026809662482,0.1674135671928525
1447,34.043466429579354,0.32212671910099056,0.25593735780672944,0.10596422897651792
1448,7.467846376968383,0.21144960489067852,0.2105718757655584,0.10587054397910833
1449,28.16152709894615,0.2717625277071137,0.3671927099160946,0.1025650748051703
1450,36.17367555421059,0.2681497033158212,0.3835669518354645,0.10160836158320308
1451,21.768419433051996,0.28083543545843637,0.348364307678833,0.1019689291715622
1452,27.56860029889956,0.4213988846042273,0.4279000763449701,0.09814770426601171
1453,7.384421697064008,0.30793394644813243,0.3159581331834019,0.10505401901900768
1454,25.000672919124764,0.22856699778455522,0.2976464975693493,0.11700360383838415
1455,5.815978638768316,0.34215142742612664,0.34204536063200053,0.10710962116718292
1456,5.720023118290055,0.36044562232585037,0.3603567627824252,0.09264620719477534
1457,10.787946083800607,0.37428717839750114,0.3356411276714516,0.16576889203861356
1458,25.46087192214097,0.3789253129897814,0.44305663471660817,0.10673469910398126
1459,15.585552088240675,0.31263322968067503,0.3151494311966397,0.10525083960965276
1460,0.9241335571286579,0.031635335379958496,0.027459249424792494,0.11086993711069226
1461,21.81880284322666,0.22552623792844304,0.2809702198931996,0.11479998985305429
1462,18.499851723917516,0.11035630106253673,0.18598523805706005,0.1412333371117711
1463,3.0198235289708317,0.2918405914552044,0.27795068795662337,0.09268870390951633
1464,16.118600145880112,0.31463055551439245,0.3725509652827957,0.09263161709532142
1465,12.01734279331764,0.23415656929936798,0.18427399529387675,0.08916194317862391
1466,19.31694506036943,0.28009840677876774,0.2806834435293326,0.0924053299240768
1467,31.57528904236647,0.16874092383589434,0.22951990655929938,0.09790749289095402
1468,8.485873671342251,0.31692478739872576,0.3001665101258358,0.11332763405516744
1469,25.939329502749647,0.2250015353594104,0.3538529432458633,0.09308534720912576
1470,23.06776410073363,0.24895701829975941,0.1895267863603931,0.09944663010537624
1471,26.046865754390495,0.29490553216354115,0.3692018616831595,0.08828177209943533
1472,5.1696767965583925,0.05586816869923364,0.05535782362773184,0.1565245073288679
1473,18.584467446500327,0.18568818281977095,0.25145494844021987,0.1063904226757586
1474,2.7973554244056977,0.23659222630582757,0.25509967456588084,0.14009804325178266
1475,7.140832399159036,0.23444665267421042,0.21303279769866404,0.09385400218889117
1476,2.6456852495068492,0.014014988219410902,0.030781782078634953,0.10587981902062893
1477,21.11345904882606,0.21547299056469862,0.22182639353518574,0.09498051507398486
1478,8.45324060336715,0.07257328136827243,0.1188823061812189,0.13830654602497816
1479,13.322627748145507,0.34014324014450587,0.43920061927584325,0.09169178921729326
1480,19.17137914757992,0.36696301822788824,0.3670853822915405,0.087236437946558
1481,33.925730157067235,0.4321143171413296,0.4327983305824898,0.08732636598870158
1482,14.237961885940711,0.4465945290516464,0.4541574836629195,0.11335714999586344
1483,27.524320172850906,0.23559835064779927,0.33422494282669335,0.08235372602939606
1484,26.09723349202464,0.2711230569887898,0.3247683012898894,0.10183100681751966
1485,9.281928799534091,0.47029649612982416,0.47239279976841686,0.1633878219872713
1486,16.524837343490113,0.20138705173632082,0.20030280970445316,0.09899239800870419
1487,9.176870480282,0.24926570870332837,0.276788263279252,0.10408633202314377
1488,34.180002408157435,0.2771574374443139,0.3801977163384099,0.13256947696208954
1489,9.008010481858484,0.18612435308719194,0.18869412181217965,0.13384602311998606
1490,13.049231731583987,0.3056689247355568,0.2830247696692078,0.08309311186894774
1491,8.195306039080089,0.3763846846726232,0.3881478329536176,0.0955804348923266
1492,16.724983552856806,0.3745208062880969,0.3945597425133396,0.12046239199116826
1493,10.982589614204425,0.20566940723505683,0.18993781436338314,0.09118517395108938
1494,12.602912778763883,0.17706835768091012,0.16187763525528626,0.09281701315194368
1495,18.629268228041113,0.21761391137182182,0.2270217697026429,0.15717681497335434
1496,33.506688747590104,0.27024176697698377,0.23752469980052884,0.10773201379925013
1497,15.370625407994698,0.17319410068704358,0.23905672485877344,0.10624578688293695
1498,29.136050438746633,0.2786986258623741,0.15453181340866826,0.11059095663949847
1499,9.866191787770862,0.24550326069222814,0.26088790026173975,0.10186273464933038
1500,12.190312715052395,0.2631564054011013,0.24864017914959405,0.11193707911297679
1501,17.07713312520823,0.32293814906891644,0.390754514091895,0.09645263198763132
1502,130.5153307539279,1.0199016816908772,0.2686668772777262,0.1431922148913145
1503,24.416565304824857,0.1687481456872258,0.3441647408084951,0.0910183060914278
1504,33.16952398378498,0.2807591519644531,0.39221718362333696,0.08653741190209985
1505,26.52549926924663,0.4229176681076255,0.41434952077907605,0.08428885787725449
1506,35.15097970267645,0.34385599100359315,0.40043064943706785,0.15522936778143048
1507,13.946585816481349,0.15311041340584775,0.21912666332436065,0.10315427090972662
1508,17.42279051493031,0.11806074576333632,0.12903825936161786,0.10153324296697974
1509,24.283731039633274,0.2683188803127366,0.4158384586214458,0.10156506998464465
1510,4.8440375549429335,0.22205291220931447,0.2521017988975028,0.10451995814219117
1511,17.167724712345397,0.2946871621903083,0.3027494460787438,0.10859521105885506
1512,10.336198931757426,0.20743060426846624,0.23712713720303433,0.10851706704124808
1513,4.943791625992042,0.38643724241017163,0.3798009431686938,0.11454135132953525
1514,48.46509562546405,0.4182319389929176,0.4696631021458363,0.12966196704655886
1515,6.396363058414689,0.3447315043138002,0.34682273904575905,0.09864865196868777
1516,38.81092190270845,0.30445954822866894,0.41288270588803655,0.08703688718378544
1517,25.669581835516052,0.3617592465143659,0.4101648648092832,0.08678241400048137
1518,24.33132567457808,0.3353813649456108,0.47100524623520323,0.09848299622535706
1519,16.44477511997805,0.14381278888767168,0.2270839530384922,0.17517241835594177
1520,26.646247621815817,0.2644049692671811,0.2663460008479097,0.09924616292119026
1521,9.244441889251792,0.4125803761291384,0.3947207986067305,0.137020505964756
1522,20.332758539387374,0.2263337801398029,0.1791155987238792,0.08820328116416931
1523,13.969473275733764,0.08752961348514164,0.14937012789853044,0.11548061901703477
1524,15.720647194244632,0.1758022424197665,0.208539832224032,0.09077499387785792
1525,97.27027569344521,0.687514200118186,0.26206626188693993,0.10140159633010626
1526,6.050091705734994,0.19550621403573124,0.16832144925989245,0.09255076432600617
1527,25.745472881666235,0.34356185622055463,0.37378434965454166,0.16976320510730147
1528,7.777665689307086,0.09411335840115385,0.1000755165848676,0.1020132340490818
1529,9.880947647071489,0.2072307485143861,0.18616179528886218,0.12732255412265658
1530,10.382391672011792,0.2427506283429549,0.25810624342483013,0.16024587396532297
1531,22.57928236626476,0.12376318161447405,0.23545243283504005,0.11894765216857195
1532,5.555037755819573,0.2568550394436946,0.2412006606751492,0.10501199588179588
1533,22.507976383585323,0.236780172734628,0.3077039319032512,0.10697559313848615
1534,12.202743043585198,0.21775067394449987,0.2603825769015544,0.12224659090861678
1535,9.396561558868147,0.2336883668573173,0.22315810891604335,0.16213179100304842
1536,27.437629246044597,0.2516837017962152,0.3340754050413597,0.1033958438783884
1537,21.272827253069465,0.22874630067799864,0.27601982945523257,0.10315529210492969
1538,9.580522858345134,0.09247818630923452,0.0940304604519451,0.10401588259264827
1539,104.15629565523294,0.7088291659807614,0.23506521518120047,0.12515200907364488
1540,14.599653224996596,0.24973301086283162,0.21636443839279854,0.0965811931528151
1541,10.389003837376467,0.049307454185133825,0.08745294036832586,0.09617718495428562
1542,5.77533793944177,0.15023850339381858,0.11627807391265987,0.11604160303249955
1543,18.37700542581777,0.1839259883383383,0.28904550623054087,0.09927106089890003
1544,12.630718580017904,0.32882488954117345,0.34560260138124377,0.09396025026217103
1545,5.468686552884412,0.03832808331088944,0.07161806016822207,0.15354436682537198
1546,15.621738626366534,0.2637720456152979,0.28363703665185686,0.09718513209372759
1547,9.37384418651691,0.13424095658014074,0.15923705202509075,0.11622589081525803
1548,38.96692491674135,0.274733405137801,0.41814894249489387,0.10876101208850741
1549,26.337409894922015,0.4069482299907941,0.38469617025885794,0.12921747099608183
1550,5.111050375658728,0.30595020037758036,0.3028129028046104,0.09295366192236543
1551,21.285917290543154,0.30866444124157916,0.38031710983425665,0.10524630267173052
1552,15.472915955875953,0.2511911943617993,0.2761449414042268,0.13010695902630687
1553,33.97039541991812,0.5451853566418742,0.5614724825569036,0.14640797162428498
1554,9.26762050095641,0.14933497313209734,0.16497012083859514,0.0999596961773932
1555,19.996573407711235,0.2724667357776484,0.2364816513674114,0.10096095176413655
1556,6.594654930510389,0.0621579504025614,0.09307920410494586,0.09705590503290296
1557,38.92790767554866,0.4096880145386594,0.4918861742113395,0.098500348161906
1558,12.865521848977915,0.23363271455468823,0.13655006370815995,0.09793245093896985
1559,9.85602491748674,0.18111328650506983,0.2031583282299566,0.10941658681258559
1560,17.09642538333461,0.31160456698799927,0.3666497184317544,0.10058087110519409
1561,37.79617038858487,0.45086923347725993,0.5164919485009116,0.10065425001084805
1562,4.513310824368504,0.1363635906419851,0.13635971612263675,0.10189392790198326
1563,9.862440723905236,0.026950161238131237,0.07043838738016649,0.1274923700839281
1564,29.293030515314946,0.33956355933465393,0.4013054420451751,0.13354934472590685
1565,53.373024392440875,0.513232829127505,0.5019265655637182,0.0904963999055326
1566,2.8687626624180584,0.37503305022808214,0.373659092153673,0.08855952089652419
1567,18.586675560186322,0.11855513295023748,0.2010675450529954,0.0887195379473269
1568,13.52111680582272,0.3381261821756483,0.3512846512111732,0.09601673297584057
1569,13.792061212414387,0.3093813644157208,0.35553867687833857,0.1632553031668067
1570,11.690746116810303,0.08223236574867504,0.12928077923339554,0.11037775408476591
1571,20.538146927038035,0.2295045377594873,0.26032916732944594,0.1078936979174614
1572,9.211781105397042,0.08784827990556947,0.12691726079110624,0.10290185594931245
1573,3.0959642680420254,0.26328433204012247,0.27832703902164935,0.11323086824268103
1574,31.939084435577126,0.4485400206550956,0.5178505959507818,0.11053957510739565
1575,38.65400021288239,0.5048404979490454,0.5871680358688129,0.09286910481750965
1576,6.0604916088244885,0.4816271078629823,0.4845808193402849,0.10287403175607324
1577,29.133432487463327,0.11338865831559647,0.3200926785063331,0.13300084369257092
1578,9.164711376266466,0.32570426624119764,0.367982787440494,0.10033939080312848
1579,7.025650963676659,0.14913201363507847,0.19356960184112157,0.08610361488536
1580,11.243306409651684,0.025715998193817525,0.1111575246833922,0.08873540814965963
1581,17.946531693185737,0.1253449698313937,0.2070411558119836,0.1635860688984394
1582,3.799446381875115,0.18092801550476015,0.15814491278233192,0.1300637391395867
1583,37.25860693387144,0.419309868693417,0.3590654508683003,0.09340007789433002
1584,19.16355291356629,0.355122365478849,0.38642245315508106,0.1333934562280774
1585,6.718060148229385,0.2669686658921788,0.27504613853164517,0.08804353419691324
1586,4.229041206940881,0.146236957721833,0.15112976807651624,0.15246619377285242
1587,64.20126930726025,0.8533918748491159,0.7779176297861877,0.10305092204362154
1588,12.534666880000202,0.18839890181772187,0.24001268556160865,0.10411238810047507
1589,13.354691345365335,0.18419653674407677,0.22386932519729077,0.11085287993773818
1590,12.251490852015836,0.11370404474287844,0.1766988515957495,0.11765834270045161
1591,2.9601482530155305,0.24654132614328714,0.24693791550847036,0.11326597817242146
1592,14.206366271239759,0.30980190271971425,0.2852004294572423,0.1853929879143834
1593,15.201898086970656,0.23799528353306826,0.30525798641309143,0.10184935899451375
1594,17.118666662622356,0.09392030489066097,0.20549119630501642,0.13176565198227763
1595,57.41343406268496,0.6512853455065072,0.2262771105667292,0.09648455586284399
1596,22.60091272597017,0.25666256120200226,0.32987323666738844,0.08718411810696125
1597,19.6718560346219,0.4580908075525073,0.5267001400124646,0.08974704006686807
1598,15.492676352214078,0.37557873342254816,0.3129307071635004,0.09210976213216782
1599,0.379033305514331,0.005939759217268048,0.005296057850856998,0.132665884681046
1600,27.233555485169365,0.2732988371246392,0.35189294362253704,0.0941052888520062
1601,12.083334642439883,0.1666115942376366,0.2301280750358153,0.1458968105725944
1602,10.939208490035076,0.24002246274507352,0.2455672741239121,0.10281263198703527
1603,22.631921126073127,0.1827943404112729,0.29098061776081413,0.09781760582700372
1604,15.779947941492077,0.28601088813421144,0.2550200614427343,0.09962121909484267
1605,5.601984219952539,0.35021925625596256,0.36210205506574444,0.10445566195994616
1606,1.6521191431595845,0.22849144869950136,0.2295622036705055,0.10843739518895745
1607,18.683799936615795,0.07737982738531557,0.1775742509453165,0.10475319810211658
1608,12.500943833542479,0.35589187836214164,0.3359456530738833,0.1129756337031722
1609,7.617568465139997,0.18307219450980916,0.17048857360850925,0.13336831191554666
1610,8.572173645289356,0.3231390361005818,0.31131566160709084,0.11336829094216228
1611,4.719516136253098,0.10325476584987013,0.10705852259258812,0.08995685586705804
1612,0.6010023741261502,0.11698853042387836,0.1161763947545402,0.09829543484374881
1613,29.00083832932777,0.2762498311551324,0.19208652781567062,0.09614415001124144
1614,27.11740544250746,0.3735095747931513,0.3383510704996327,0.08916218299418688
1615,28.128675609424313,0.29991839608267995,0.32892705556169916,0.08694519102573395
1616,10.520525181256088,0.2824037361961069,0.27431920728388465,0.10242456709966063
1617,5.814794044703153,0.028292226752432346,0.0661253799717954,0.09339263988658786
1618,13.0841971916253,0.32632711997066566,0.30865994369373106,0.10270974598824978
1619,26.824665705818944,0.28538071349107974,0.21662070151579407,0.0944090192206204
1620,13.193477818060504,0.1527348743389282,0.22102841765279904,0.1307665091007948
1621,26.19227507300875,0.2931681801768508,0.2642483726229243,0.15450902981683612
1622,11.35926828378388,0.12482412956064659,0.15047596081920567,0.11294024111703038
1623,35.801382628061,0.21920850146326992,0.21228573902370926,0.10661183809861541
1624,8.084539612920707,0.18673209329704235,0.18163789139514727,0.11478809826076031
1625,8.620833390843208,0.133587583801875,0.09217971973550149,0.09688218170776963
1626,15.906541271889594,0.16058529617143993,0.19795536822096238,0.15815378306433558
1627,3.9905616201410354,0.05510665260873719,0.05695916780929118,0.1406020917929709
1628,35.5609525211197,0.3987355755664496,0.47518292006184737,0.09221456293016672
1629,18.05700022525897,0.05434772871030034,0.17683243925250408,0.1637512370944023
1630,14.59089733188607,0.1937755895346722,0.23539403002250614,0.09998249914497137
1631,16.62271609571481,0.14480317795809503,0.19875364878145993,0.10151886101812124
1632,8.885501700051428,0.2984014722065927,0.3341434642642246,0.10952087119221687
1633,28.06880508093203,0.1952961216753318,0.23055101414115375,0.10040609585121274
1634,11.361680491737841,0.11770771923676464,0.15784552015612272,0.1451192917302251
1635,23.288191510635013,0.15388590181074166,0.2672324597583282,0.08533302508294582
1636,36.897495475562785,0.42671978874484556,0.43691869298439123,0.09474704414606094
1637,32.10918178760053,0.33618611466072895,0.20421032181274243,0.1308202357031405
1638,4.878981526989154,0.1332176792435832,0.14958705939288444,0.09922157507389784
1639,19.05070510728548,0.3398490974462728,0.38802858205413704,0.09219336789101362
1640,32.86859820226128,0.31811937147363445,0.35332954343245815,0.09040435962378979
1641,21.600752161907156,0.3197355521639126,0.3105226022509985,0.16230887733399868
1642,6.919754622818559,0.3156645697644258,0.3189066942629302,0.11585303582251072
1643,12.28355984812331,0.09510954717904832,0.10909957969410315,0.1263763657771051
1644,14.803071759896573,0.3484284491471202,0.35687962812858987,0.09245690703392029
1645,17.939854837944115,0.15168473782740127,0.2307931698834217,0.15903132408857346
1646,8.515413781128895,0.3091294745660515,0.3004711535321335,0.10485526127740741
1647,20.475210764141842,0.2719222142307124,0.30368789592025813,0.10738177271559834
1648,19.46510269319931,0.21625905043601887,0.224068921481623,0.10673780320212245
1649,2.0605600838059885,0.16624665228542237,0.16232424072710058,0.11978936800733209
1650,15.048545046709943,0.44649930081954514,0.5376392470190849,0.10727090202271938
1651,40.141407786705514,0.3281937501222333,0.354212376107522,0.17396526923403144
1652,11.474602626256925,0.15311096817416245,0.22013575526677728,0.10628014709800482
1653,37.5037633165295,0.42183149795958363,0.45725420612575696,0.10291312402114272
1654,10.434808381427816,0.06948947888559057,0.12554359400872303,0.11005625408142805
1655,11.312613746962137,0.1509767623824048,0.1613652435259621,0.16269980603829026
1656,14.185780540838897,0.2770360033240655,0.2993098929725848,0.1088688699528575
1657,11.406021884361753,0.23888199023276088,0.25992634062056846,0.10282238898798823
1658,10.958480046238256,0.121770901493459,0.1565117347475395,0.1033091489225626
1659,9.685657144737418,0.15107016777658938,0.1501379614394589,0.10171056305989623
1660,13.963458877579047,0.2610364677466126,0.29668818137979214,0.12949259486049414
1661,17.919749850269255,0.04520475840351259,0.200116600480033,0.0915534570813179
1662,6.8375531061305415,0.0782897479299404,0.11573063864940575,0.14956226479262114
1663,33.2360772642212,0.28301770018264893,0.27841043671741506,0.08841315424069762
1664,14.782548450948616,0.06977714360220875,0.15050312962785026,0.08732127863913774
1665,4.753729494545151,0.28768734273040075,0.29511902217715824,0.14888194808736444
1666,18.36987750313492,0.23228797383745872,0.3135443281260205,0.10533116105943918
1667,15.75341395211067,0.2831508056700508,0.26043977596727075,0.10325993690639734
1668,12.2295104325179,0.12716577130248108,0.18035338193263567,0.13186332071200013
1669,14.95628797813263,0.27574968300910724,0.2866488150227774,0.17773077823221684
1670,8.959778089123898,0.19213158335914807,0.21388678620132107,0.11858331318944693
1671,25.19564631516584,0.3220135866107844,0.4331602745290388,0.1010682238265872
1672,3.7750190128713257,0.06318833751598346,0.07601122193214307,0.1377036296762526
1673,35.761196392364766,0.5634671441826588,0.39056097847260757,0.1645897999405861
1674,22.755246414700117,0.2628305331297808,0.32634735353051225,0.13599707977846265
1675,12.631984668564016,0.34853316648944627,0.39681738719873877,0.13667457411065698
1676,46.532690081695726,0.4276587155141163,0.28352029825176317,0.10496079782024026
1677,7.813277722852468,0.09016410933375071,0.10800386020537003,0.10243911109864712
1678,14.010121822993263,0.48466355774528147,0.4905393611653834,0.10464733792468905
1679,16.052813618789152,0.19143520243990952,0.15917784162041163,0.09819231694564223
1680,8.938137754734553,0.26707604087767955,0.26315299478283216,0.12969815405085683
1681,151.9480055368477,0.8571423439686975,0.25039893958051335,0.11188961984589696
1682,3.217545335165051,0.1908138945993546,0.20072935977998863,0.09063149383291602
1683,21.019229989932153,0.14415860299590433,0.25327042974043945,0.08751680888235569
1684,4.173631692472506,0.15076909675939318,0.1486983813872392,0.1009505158290267
1685,16.46522405811768,0.18876181924553712,0.21797714113571,0.13139400305226445
1686,15.699141976610631,0.20166257608506424,0.2503967883988927,0.14843064080923796
1687,16.659492172123684,0.3795148128354501,0.36637785949729285,0.1062286770902574
1688,11.70582019172532,0.2663545312379879,0.29069789450569783,0.10264060599729419
1689,2.420638350624548,0.05354372784191373,0.05192211459432964,0.1028098869137466
1690,45.29251110203574,0.45226786956920967,0.3965052743763007,0.11322483420372009
1691,5.285090430788676,0.30636885208208064,0.32583924306618195,0.12995313806459308
1692,48.03604527215581,0.46482090087037636,0.4079816556148856,0.09160327492281795
1693,6.270582026138778,0.2470709677068354,0.28191580719865517,0.08932792488485575
1694,23.987185527844435,0.09881626733108853,0.16622094324672607,0.13768276292830706
1695,24.850590404187034,0.3989021257910797,0.444886294016562,0.12113291118294
1696,19.110229344113126,0.1724004798982877,0.191673496154185,0.11676243832334876
1697,16.6422791264642,0.11052329342105012,0.15917971565137015,0.10592200700193644
1698,14.557098483064628,0.28129798761334457,0.2959453026081168,0.14326544618234038
1699,7.7777537675435635,0.10570317701929828,0.1330698793366149,0.08929571183398366
1700,14.87387373184711,0.12388136904656233,0.16563866932835564,0.09137583058327436
1701,7.018498502116676,0.09154196977515895,0.09312162089758366,0.09293783782050014
1702,3.2865702514667086,0.2481455815635975,0.25178444310189324,0.15648020105436444
1703,13.054457454647164,0.36524259270997056,0.3545760260374626,0.11365290684625506
1704,13.089426170440547,0.3301980074503397,0.34206085215601206,0.09690591087564826
1705,17.85531314179252,0.2282114120427647,0.2664406148984922,0.10127297602593899
1706,12.277716222052371,0.14130691333172668,0.16630323708456485,0.09903176268562675
1707,23.250600413539345,0.29741172895637785,0.2716747801417178,0.10097888996824622
1708,20.957927683916882,0.08382314688979986,0.2201160976406072,0.09470194485038519
1709,7.31483218611435,0.14969917212645395,0.16177633195820693,0.10192508716136217
1710,15.799813052299813,0.1355464899696181,0.14554598095384294,0.10114104580134153
1711,21.48946045031613,0.2899052312486778,0.3137195932790055,0.11877163825556636
1712,9.934828290372021,0.19627792529845486,0.2392975190258004,0.11163107817992568
1713,9.820658107066793,0.19455532694806263,0.20946218658523097,0.13449567882344127
1714,20.42529508149075,0.39388013038190167,0.39727730542137735,0.09006157889962196
1715,17.6818232243537,0.18417184981497572,0.21830108431847453,0.0997701920568943
1716,30.88300464851748,0.264678261506362,0.3571643155996428,0.10414117574691772
1717,8.910981114697206,0.3417334570290537,0.3083310447294231,0.08933969214558601
1718,7.8685305661272835,0.18796067166573246,0.20894010081560518,0.08522068103775382
1719,9.34494001859823,0.09990568410823619,0.13612670907405783,0.1613900838419795
1720,4.815703633856945,0.18559521701986845,0.192390790338054,0.13321659481152892
1721,37.62284488940834,0.42689337386896,0.43281858494050107,0.14063780242577195
1722,1.4398464729752085,0.06808101913988387,0.06287540246236611,0.09867368917912245
1723,31.102622679259206,0.20543742609093923,0.30045038184368167,0.09092419408261776
1724,36.37754646631126,0.32990878544344376,0.2964221279956437,0.08814395917579532
1725,3.839610656945653,0.4745940994746702,0.46672337259134783,0.09105486422777176
1726,83.94148692289967,0.5423153841526464,0.18752397879895766,0.09738620929419994
1727,16.264982827609042,0.47216211963399285,0.4519383877451002,0.09393387287855148
1728,5.091195207418572,0.15850961451050952,0.16496156917322086,0.17004954209551215
1729,14.93610892919576,0.16928767139263323,0.20005917621544353,0.09600853966549039
1730,37.81457599762534,0.32449545063869883,0.42146629151068815,0.10291168931871653
1731,13.859089780505945,0.2826500123546931,0.29641508017172186,0.10371490707620978
1732,17.23645674099885,0.2214628423162952,0.2889296988071648,0.1237542126327753
1733,3.7458581742306802,0.019984465400397944,0.0378377380662065,0.11514441529288888
1734,12.950280417508015,0.027575361511980995,0.16771163953955717,0.09435924794524908
1735,6.331763513182026,0.2699175884737337,0.27630740680592175,0.1439777729101479
1736,10.816255527674327,0.03405594332448204,0.105620338951708,0.08881636429578066
1737,2.6216653427590586,0.010478459455902358,0.03155562371821414,0.08609017031267285
1738,2.8768883710224658,0.16648143311310326,0.16549891653558613,0.0892616780474782
1739,26.094611694885266,0.3854124543955804,0.42500353457929907,0.6633231658488512
1740,8.937367435469476,0.3766012175906243,0.3646411198194253,2.2228909879922867
1741,12.596331294289078,0.2687946170434106,0.2649171255776981,0.3843113500624895
1742,1.2779673034223613,0.29165506059437946,0.29114876063164413,0.10403258912265301
1743,12.081269318807665,0.255822287475934,0.3408466238326547,0.14176483592018485
1744,16.305661385949286,0.1126956838928347,0.20988689868787505,0.09596900129690766
1745,34.5250192852363,0.4819255354209706,0.2426154638484948,0.09548592008650303
1746,12.644804166472493,0.10872498029218171,0.1542820016128164,0.09319373592734337
1747,6.2503496030810055,0.21991596931603657,0.21520096298250596,0.08724205708131194
1748,5.378976389087518,0.32794651735193175,0.3324154927853026,0.12951817736029625
1749,2.3318624463338047,0.22629375278405764,0.22738164600904495,0.09553975379094481
1750,14.41353189274114,0.2120971566735741,0.21208056617274437,0.13347415393218398
1751,0.28651699875213776,0.1395021438450201,0.13919036688450448,0.10323607223108411
1752,17.57733437444742,0.30868244339945733,0.24549877062374487,0.08936438988894224
1753,25.52681520281664,0.0708120127041662,0.1275125190326254,0.15089481882750988
1754,3.903161131051432,0.25616149489758444,0.25795495778137656,0.13544041896238923
1755,12.77425874524726,0.19168560216968564,0.22196262270942366,0.0921080089174211
1756,24.27236911805606,0.12007748898413045,0.29219848996010594,0.13334185257554054
1757,5.586614953945469,0.2751644497869397,0.2823421435555949,0.1606591991148889
1758,23.015029763537324,0.041058528693675475,0.24580659646287426,0.09106667200103402
1759,39.847307589365535,0.3187832203166809,0.17216312683967785,0.13820641674101353
1760,18.190915809788194,0.12446863885397733,0.11333913971558454,0.09968478325754404
1761,20.708415121288322,0.2187778446911462,0.26552379648850577,0.08814285276457667
1762,26.672643655070924,0.16380630579846028,0.26766492147045245,0.1387507482431829
1763,18.37855693705994,0.3206107090719276,0.39652458751636616,0.09116367297247052
1764,16.88728465041318,0.2102624123391361,0.2523971899008014,0.09347389312461019
1765,172.91850360965583,0.8084668063974999,0.5348064756030608,0.10207454627379775
1766,29.36665741992344,0.4299458105033855,0.46026166666025237,0.09112983103841543
1767,42.224156823043884,0.2872589229907295,0.26832152487950184,0.09453258803114295
1768,12.104992250858395,0.2914139054823592,0.3438462645307562,0.0900773131288588
1769,7.38355418261392,0.3135886851567931,0.32716775231869927,0.08591319993138313
1770,6.496273033299693,0.2513703963368609,0.23500937076475034,0.09218809474259615
1771,25.215295104980047,0.45189373950076933,0.47584939431446294,0.08612546371296048
1772,22.049199613584303,0.2736783046119131,0.3388545456100121,0.09472618764266372
1773,32.90028630608614,0.292538139139829,0.23106977818906346,0.09463797695934772
1774,18.334446364246116,0.17181156047040616,0.264390246237112,0.09282164089381695
1775,32.05057547145778,0.2774216722666691,0.29308654211785246,0.09446570882573724
1776,8.63295639583529,0.2947007632935817,0.31800547836990295,0.08612017706036568
1777,4.246911512526123,0.17564833809764646,0.17416404504911934,0.09656739700585604
1778,23.07244572734566,0.23847436517391535,0.321039498412597,0.09067132417112589
1779,5.241008535571181,0.3823445062229742,0.37061188120851946,0.09284353582188487
1780,16.92728790218103,0.19280340097750043,0.23902982556515745,0.09589948132634163
1781,21.028231832743952,0.4150495451886353,0.47045941861753926,0.09053859999403358
1782,17.289836347014898,0.11352930538885984,0.17862743256467722,0.09253047872334719
1783,13.99651973922949,0.11436096705301228,0.1134565913677488,0.08951176377013326
1784,27.27649996656387,0.13340047420434872,0.313648424907758,0.09668920701369643
1785,174.55755815064896,0.5612864893592111,0.45841204759868825,0.10138922603800893
1786,25.66446284537973,0.41917759578963676,0.4352895267202379,0.09263666998595
1787,25.409447957569032,0.3328461606924396,0.3273392491238389,0.09254965605214238
1788,91.33585724158814,0.4880087885783033,0.34093623309144294,0.09936443483456969
1789,42.62121959623313,0.4411990129593808,0.4303392746701653,0.09425242990255356
1790,19.70489505577696,0.16543561365257933,0.24012599919537245,0.08925707079470158
1791,10.094421291347132,0.06716968029448575,0.1092544044710464,0.08841473376378417
1792,0.7056121742120129,0.08062501313484023,0.0833406772347189,0.09295622073113918
1793,20.846104564525366,0.465404648126827,0.39255240331867064,0.09662491409108043
1794,24.10590110150394,0.3163659087259411,0.36977972803957243,0.11302501522004604
1795,20.155759695224702,0.3062047277309906,0.316739688475126,0.09895536815747619
1796,22.282483703931653,0.44855307078674006,0.30411251684569085,0.0900221518240869
1797,7.140513982464584,0.11030508435285617,0.14441813470509804,0.08820261806249619
1798,26.547224310996985,0.39621744498301004,0.42385608180120515,0.086787860840559
1799,3.701202740132936,0.2454726517401124,0.23718872132541965,0.08849380817264318
1800,64.8640651851173,0.6277685319339582,0.5141889240592219,0.090188292786479
1801,27.015233546406,0.5563717062855987,0.5394101946539468,0.08879058575257659
1802,22.014451979050268,0.15029548886365174,0.20868369270605586,0.08928331779316068
1803,7.572131533735658,0.1501632689191642,0.16766497364023783,0.09379301499575377
1804,3.4197407011700793,0.03873779912493707,0.04496425627127815,0.11896588699892163
1805,17.11073644180771,0.28251778326998617,0.189131327473114,0.09422186715528369
1806,19.941217196252747,0.4334931137609126,0.3982878536545007,0.09689055196940899
1807,25.686330050871426,0.26159705159200464,0.20239528512223906,0.1380382371135056
1808,26.014895271984155,0.3691019353195599,0.39472339651756505,0.14665323728695512
1809,18.870472968189457,0.2917356816594827,0.24852893736491496,0.13126256316900253
1810,14.89249452712619,0.3607818384654289,0.3084581093320301,0.09596994705498219
1811,27.658743471478225,0.3256596696649717,0.3345836668950894,0.08632153319194913
1812,45.1789081781106,0.4449750354290637,0.3544484746815422,0.08775582071393728
1813,3.5303055245410166,0.08958998372800202,0.09395595405556854,0.09132569702342153
1814,22.51009296284358,0.15273288829648984,0.2802019190092292,0.09428114304319024
1815,16.28566795554631,0.18829134286564173,0.16506445559621635,0.0869499291293323
1816,11.210813783780818,0.15288926045762558,0.12564127212867068,0.10107771074399352
1817,10.338147973265048,0.35090577110107957,0.34695337691756645,0.09525287384167314
1818,15.549485341404806,0.11167991813778115,0.1853016539732593,0.09416126180440187
1819,20.653697022801122,0.2755487652878587,0.3607759832690148,0.10639891307801008
1820,4.812059211162421,0.3255385912163753,0.3066604563391125,0.13118480006232858
1821,18.808259325556826,0.15458084379153633,0.256478650087391,0.08906999416649342
1822,8.07021592830999,0.3394871058333647,0.3104821872491777,0.08936265110969543
1823,53.45280705254553,0.589834656554274,0.3176834471107914,0.10644899867475033
1824,20.27054742593422,0.12898850501443768,0.20271149629686158,0.08905331511050463
1825,5.7117523452593755,0.2173310192777126,0.24083394065878216,0.08638686593621969
1826,8.590564218729858,0.09346223082704228,0.15805224857190878,0.09305194299668074
1827,20.998891298975895,0.26502363175710425,0.3128428600545817,0.14415980782359838
1828,31.04932241764579,0.23923132768809344,0.2606283076932369,0.09484771499410272
1829,25.1786114213491,0.19186226191302466,0.3137285031305908,0.09272418171167374
1830,5.940921600952958,0.4280841488237518,0.45340636206511437,0.08754911506548524
1831,18.247226484316847,0.21914673961503922,0.26649079551134625,0.0944729303009808
1832,24.651238486795613,0.2607618665590128,0.31570906676794364,0.08949294593185186
1833,12.316174584987563,0.2505754253703076,0.2741642889587,0.09136516274884343
1834,30.763643830313956,0.47230225320037605,0.5219142945646742,0.09502749238163233
1835,12.296652348219732,0.108375527507397,0.15065463636872736,0.1480964059010148
1836,17.4139591996802,0.1573667462091925,0.2077374622764201,0.13508855504915118
1837,14.77719268729541,0.09793106689016143,0.16657537282747287,0.142525274772197
1838,36.053147431538655,0.35729581224339596,0.3794478941362371,0.0937807890586555
1839,19.120025631935913,0.21852776546844088,0.25244358424351443,0.11337488982826471
1840,31.418287912112113,0.41649180840769456,0.5756061509631875,0.09819620614871383
1841,31.29138284416759,0.3412827846907481,0.43425615431332915,0.10188932064920664
1842,0.718725414310289,0.008482617910953874,0.014202109157019641,0.09339068131521344
1843,4.033681297406295,0.444108124898945,0.43091275868455425,0.09349173726513982
1844,0.16294258836217237,0.002249354265347697,0.0033489467089614236,0.09631049120798707
1845,36.590127182380144,0.5097379369804397,0.4860690035601892,0.15011563431471586
1846,24.951540521480158,0.39651528199135994,0.49888324786701116,0.1289236769080162
1847,21.0505451833239,0.18454626618959832,0.30222249791702993,0.0934252250008285
1848,1.663370163815329,0.25446067682183865,0.25633821645887456,0.08879651967436075
1849,31.775450201783332,0.21945352973434587,0.3049000419406715,0.08902459964156151
1850,11.15397640012584,0.3918759480996613,0.3905900454360046,0.09375122096389532
1851,12.88803266591853,0.43015946033046965,0.415277061732811,0.13104933314025402
1852,10.054451895023089,0.3350788009717842,0.3492880880607817,0.0895012877881527
1853,6.976327059344963,0.5994305846327433,0.6250742254598947,0.1035342663526535
1854,28.23416491858939,0.14240991190591484,0.32089664373411136,0.08699452131986618
1855,8.76887914674315,0.1037656592194981,0.1459630993749112,0.09652196802198887
1856,12.617645107083353,0.0824535005051863,0.17949304913682604,0.1382345398887992
1857,15.100647030376498,0.19131136438695126,0.2927897567818135,0.13501627603545785
1858,8.868089425430258,0.16775403111285644,0.1337539026491712,0.10343568585813046
1859,5.957284472516831,0.13833052983839156,0.12852514480994107,0.09389557130634785
1860,37.05313665436712,0.30507377426039217,0.3650180938488564,0.09462047275155783
1861,9.74536207736651,0.38538054977163444,0.42973831083399416,0.09035781491547823
1862,15.673580003414632,0.3081509517701315,0.3028255778611426,0.08605473767966032
1863,6.631975961747853,0.44803196155621045,0.4416356123885679,0.09821536671370268
1864,5.188733675798751,0.05055286040012577,0.07577795243337625,0.09239171259105206
1865,20.71052868108333,0.16393088087038296,0.21364292903112217,0.1440027761273086
1866,2.609809268579552,0.33216961700939324,0.3509445533552624,0.13331523584201932
1867,29.19337519868819,0.3416586393570384,0.35790076884916394,0.09273128304630518
1868,18.073888805196336,0.572197071057479,0.4805980259534472,0.09362848103046417
1869,1.3255339138639068,0.07879209695841294,0.07406300459532263,0.14332675701007247
1870,61.693108040861254,0.6380631718419503,0.532343530582621,0.09108815621584654
1871,35.81530001266976,0.4643681694217185,0.29884241940478606,0.09095845930278301
1872,17.825328100972794,0.2569982238908338,0.2738722216337997,0.09378460515290499
1873,4.658465408484496,0.33524870453718036,0.34742516186473293,0.08525075484067202
1874,20.40064746336777,0.515351336799711,0.45753967063667983,0.08867675065994263
1875,14.415181738370451,0.16989707904670787,0.20763183952105618,0.11378460424020886
1876,7.293840948976064,0.20957162945747224,0.2198932974238104,0.1310674292035401
1877,8.951433212399927,0.16961663542117267,0.18885655690443534,0.09342562593519688
1878,0.9178345693923508,0.05884630487087191,0.05818557710396587,0.08700300566852093
1879,32.613175877672525,0.3665833329012302,0.4171136848747991,0.1297272709198296
1880,14.414703786853611,0.1509712947401019,0.22307282455743338,0.13502122880890965
1881,21.266256320718565,0.2641093514369272,0.3415081295832002,0.0924212820827961
1882,28.406085936269783,0.48648901700033526,0.45428410472332736,0.0909756482578814
1883,8.1724361693045,0.0996011933347237,0.12452503333218332,0.14978397311642766
1884,9.122918248694177,0.14979817655211328,0.19625264068436954,0.1034961505793035
1885,4.511283326860984,0.2873316475945248,0.28518107104843476,0.09018513886258006
1886,5.01955329304767,0.12413710443023439,0.15357415408673045,0.09391977591440082
1887,26.248092854202795,0.3185278301624393,0.43032709697443233,0.08748279185965657
1888,17.7555033593736,0.15865458417128409,0.24376917651375277,0.09108805702999234
1889,5.834418473961283,0.14700745163048412,0.15109560119196982,0.13192147016525269
1890,23.42453535412082,0.3740383525311465,0.43897744826930496,0.09522611228749156
1891,47.73021251509272,0.4931342864435701,0.5530202508144637,0.14783001318573952
1892,13.379570407713809,0.11611958347254761,0.1506351172306272,0.0863561537116766
1893,6.046473043367818,0.23858589585865664,0.23606627748876724,0.0941049512475729
1894,18.03449831353025,0.24003820767742046,0.31762230557245996,0.09312167298048735
1895,16.830498677357543,0.10174236295223862,0.2607131401559347,0.0920437821187079
1896,17.674684391859905,0.3460013017637419,0.36771672984445697,0.09184631099924445
1897,9.364912581406939,0.10531193836285413,0.08369354838331886,0.09080187417566776
1898,41.573531244416415,0.23675347163697144,0.3898162522866077,0.08943034987896681
1899,13.18142335712557,0.25741215292971026,0.23251600153719051,0.09640606492757797
1900,29.654267548990866,0.5097366974189744,0.4333274668021475,0.14644253766164184
1901,9.687181268005757,0.11091248033352345,0.12659683289561632,0.08679212490096688
1902,13.941771494678811,0.17567308348951396,0.22052788327340583,0.09134588856250048
1903,29.27903472419404,0.2773309933070444,0.2888530207959545,0.08842343185096979
1904,29.812787100696475,0.3006529800759466,0.38083597836963123,0.09388769324868917
1905,15.811106150271412,0.24812085240774828,0.2592838870346533,0.09463474340736866
1906,25.920039297469607,0.3251909688879301,0.38678412834856096,0.1471969448029995
1907,24.935831454408824,0.5074403245875573,0.3965839614467,0.0914521599188447
1908,34.717456949517945,0.2695190212704225,0.30301384066739,0.12753478903323412
1909,20.04133240387955,0.1494382409930781,0.21660795787571202,0.08934041485190392
1910,6.783197232435119,0.10437048795495008,0.10995985665889521,0.09253093972802162
1911,22.529301436092325,0.3609566753754219,0.34321421222332704,0.08866421692073345
1912,7.165753624182794,0.06477929914999905,0.08448283752000942,0.12702815094962716
1913,173.36095603273512,1.2321199725205512,0.2510640905392134,0.11778435297310352
1914,7.410631784244784,0.47141477851436375,0.4853508449044047,0.11607206333428621
1915,3.3788706396861725,0.025109686433259604,0.03385560783355277,0.09106104308739305
1916,39.35905331761304,0.3524941118236972,0.4566503765551762,0.09157926961779594
1917,6.320892305269247,0.13092465553766708,0.15534611086151856,0.09364829212427139
1918,21.093130249782885,0.38920047286417364,0.37408730584393357,0.08893253793939948
1919,179.75682684230367,0.9737382357323597,0.17716185808634868,0.1161895771510899
1920,1.878258848459316,0.019066905210150118,0.02846825987226256,0.09239900298416615
1921,11.145210355465588,0.10702006815172786,0.13840270329562987,0.08803130406886339
1922,14.264103908188323,0.23655899415974177,0.2371985630625213,0.08982281992211938
1923,26.480666168003772,0.3962642385891116,0.40854056861721316,0.1361494637094438
1924,7.434467190531654,0.06051164046705872,0.10072089936244046,0.09380463231354952
1925,14.062446381168431,0.2205197133016931,0.30062425132587683,0.09116674493998289
1926,11.349678537908902,0.1932819543383025,0.26966018824453375,0.09303555497899652
1927,8.712081408824359,0.29309931808621675,0.2871041598025055,0.10320278676226735
1928,1.3574085971532226,0.30391033693234226,0.3011733185867985,0.09483569581061602
1929,8.33934844116908,0.20264222631059797,0.23722475286012126,0.0963377533480525
1930,7.249171627194978,0.38053358046061525,0.3661319300558793,0.09299107315018773
1931,15.290439593170646,0.21933592191166795,0.20964961140283267,0.14159416500478983
1932,2.221755876514883,0.3017124143230539,0.30472188506905923,0.1518607810139656
1933,23.008102962385028,0.18499763122550025,0.35086336289780673,0.09746156400069594
1934,8.123179021469564,0.3582626879424161,0.3803672998453581,0.12585245119407773
1935,2.6588284654747354,0.12280133563967552,0.12757751370476939,0.09119861805811524
1936,6.087891154722594,0.23453395809728966,0.23482397819640552,0.09279130399227142
1937,5.7095503064013915,0.3045587585527574,0.3459689263986833,0.0919546247459948
1938,11.96008199431449,0.3111677678603369,0.28975732782882374,0.09356609592214227
1939,26.90206730263655,0.28365404500283553,0.28952887907579045,0.08938902523368597
1940,0.8307050894577133,0.020895123484682417,0.0246625610457829,0.09556802082806826
1941,0.9162233933949854,0.07730887942746063,0.07992508846256198,0.09223991306498647
1942,11.565416672814646,0.18122120145464843,0.19614376610931913,0.08755545178428292
1943,11.072611915847713,0.46166570188096584,0.5017220583988957,0.13882783986628056
1944,41.31138901774008,0.3162664265342453,0.4311790151750113,0.08787898300215602
1945,5.41289178398738,0.10572656304573902,0.10508236191471558,0.08681963616982102
1946,28.52694528904973,0.2674249143058856,0.2538568639602448,0.09994203085079789
1947,1.9820502455679452,0.31638298197961984,0.3171477381853452,0.09891634806990623
1948,25.68104383999997,0.11038115568890941,0.24143533453739507,0.08576321694999933
1949,29.540242772206124,0.28350781170067046,0.39034413907474474,0.08964654989540577
1950,4.699070792973485,0.13594494693969988,0.14238045663292848,0.08717105677351356
1951,17.432716817392613,0.1268081667375917,0.19161804479116465,0.1277282820083201
1952,7.4463667952114925,0.3417135400920333,0.35514611825996767,0.0900924731977284
1953,22.7720850370169,0.2394726166521092,0.268061466854541,0.11746843624860048
1954,4.763905068099261,0.16032279617534553,0.15007012509026238,0.14931460283696651
1955,19.08730769836682,0.30590893276301556,0.33552963397614094,0.09973749611526728
1956,14.400687370048058,0.2321399719488768,0.26450857256988025,0.08981805993244052
1957,28.52765344640951,0.3235999210173404,0.3515658794589222,0.09825165802612901
1958,6.962239608915634,0.35157138704660695,0.3455289817536549,0.08943164581432939
1959,2.0351505245667183,0.39690852781711106,0.3973230078693774,0.09530325094237924
1960,28.10717333179727,0.3364449282639083,0.41603186127303105,0.09088973607867956
1961,15.510209396122637,0.18418030411923608,0.2434753192847481,0.13193921884521842
1962,7.201127707132631,0.11228936231735583,0.10284642459152132,0.152195876929909
1963,35.86519565149358,0.35158830361274934,0.434730981402904,0.08631106885150075
1964,33.026826656673585,0.31485315429020455,0.4048685479922501,0.13018519803881645
1965,7.745783097896595,0.07235577773313971,0.07538148743112959,0.14713594783097506
1966,10.461306315918028,0.21043206056298402,0.20144754601169362,0.10976362461224198
1967,32.898912665103886,0.3658178049477495,0.31931181188981556,0.09301091311499476
1968,2.877294798625533,0.24951695160090076,0.2504281871938321,0.08810035604983568
1969,15.270563263162463,0.3645308688895567,0.363384727283161,0.08607029309496284
1970,15.692729025025287,0.21258610893633015,0.2907400468049195,0.08833241928368807
1971,12.922934016711855,0.30274643003951124,0.30651677211661715,0.09019937459379435
1972,14.421237187711874,0.26372097928624927,0.29637082782285873,0.1284056669101119
1973,11.869611904795867,0.0793697734193813,0.1346101757561923,0.09193576499819756
1974,35.767710599849224,0.3266143818498282,0.4058724888129314,0.09466250101104379
1975,15.240027128459094,0.3207528286150932,0.34427741060111205,0.09030789090320468
1976,7.907022099309566,0.3825385689189376,0.3431182664760587,0.09071486676111817
1977,17.237211725731026,0.2708684724348702,0.3478245047118317,0.10194484330713749
1978,15.796061031987637,0.3475615183906741,0.34986268818838334,0.09289386123418808
1979,31.950637401221258,0.2413461257344666,0.33119765560875764,0.08316081808879972
1980,0.8774827543909185,0.12977425521691327,0.13374302925777584,0.087977834045887
1981,5.79775517976887,0.054951395509278356,0.08036933622103033,0.09476258186623454
1982,28.085325838895777,0.3425009938179944,0.3986678022848599,0.09768416685983539
1983,18.06710517609239,0.11791735102944297,0.15023091570565444,0.09261347306892276
1984,5.513988487653891,0.19785360726269846,0.2046741782776999,0.09325977088883519
1985,4.459095785829912,0.24372623896132034,0.2526210874496281,0.09024532185867429
1986,7.2213813735972465,0.21378993536656885,0.21432016889432082,0.10647084983065724
1987,13.1192253189751,0.37335260386938784,0.29326841171343665,0.0933811399154365
1988,6.996123401249364,0.11609201097833008,0.119270080709138,0.08873389195650816
1989,9.610576171325512,0.16956017180959032,0.22694043445508177,0.09456580830737948
1990,12.929906256520502,0.32870614276520543,0.3012681514298531,0.0923994006589055
1991,4.146379674935616,0.3624706910573895,0.3611467348981537,0.09089003317058086
1992,30.75189687736658,0.27482544255419344,0.27652078154763793,0.14925390994176269
1993,25.377640253300005,0.3511156171089616,0.44104877463996034,0.08994884416460991
1994,20.731704721818108,0.27047694651251347,0.2778829562330142,0.09282697923481464
1995,14.118494171527459,0.2862861160648583,0.23414100782957847,0.13839511387050152
1996,11.954365932607665,0.12095630304886247,0.1599672103662286,0.08422274002805352
1997,1.4004038577266156,0.31020059829204116,0.30251035769713563,0.09525208408012986
1998,15.052320663865201,0.11423114742806467,0.14974075855262894,0.12853945419192314
1999,20.295675464544992,0.2712176806387379,0.3101996326406036,0.13479279819875956
2000,3.6893573567258686,0.08633204874280546,0.08849357607053943,0.09149168664589524
2001,12.27355626740674,0.15165586352946944,0.16911856497870523,0.09101034887135029
2002,18.53892274215567,0.2630344034521115,0.2935973898344342,0.08485484588891268
2003,2.6381471293906644,0.2366065631754073,0.24962542768008394,0.0899232099764049
2004,18.75084791807442,0.3335305363370283,0.33852662820111434,0.0966800688765943
2005,29.14254201617047,0.188357805454532,0.36159742842657966,0.13422886794432998
2006,17.174643698062628,0.10570151443805759,0.1957610315195549,0.08577696373686194
2007,16.729452713620432,0.22680453383981627,0.2796702864074484,0.09006395563483238
2008,16.484142203820124,0.1311939039121835,0.1534859914478673,0.09052515821531415
2009,25.49223988364587,0.2544298059979897,0.2785875053125945,0.08973667304962873
2010,7.44938316133682,0.14779319614988792,0.15771101773918011,0.08509975299239159
2011,25.768297376954855,0.22104669762839801,0.2511195927866488,0.09039896493777633
2012,3.4311848212026916,0.1517516084284443,0.13927662564992987,0.088618746958673
2013,27.34935622441309,0.13273056525547236,0.2742257686551354,0.08858388382941484
2014,1.2239469336961628,0.3252891437653539,0.32926525496960896,0.08720260998234153
2015,34.70960442207658,0.416107065117104,0.4364205436459241,0.1266444968059659
2016,10.729818828807144,0.14231491778526462,0.17996030000784888,0.0921271457336843
2017,26.910502862235937,0.28411605722417016,0.3201970457467255,0.09860637364909053
2018,5.3496953344491756,0.06967831634201309,0.09126247557030044,0.09682100778445601
2019,4.947238264224659,0.24934831418622916,0.26460157932270106,0.09705181792378426
2020,17.217106210147566,0.16923758362903504,0.22058798846820807,0.08929134625941515
2021,15.346896049008175,0.21233377420341748,0.2665796406949837,0.093081618193537
2022,10.058209383435731,0.31850315671736656,0.3466318302575814,0.08977916603907943
2023,21.812279987834373,0.3606687321654934,0.4060011508509592,0.09082074603065848
2024,23.091642285034798,0.29649111542992096,0.26041289840667825,0.08662613714113832
2025,17.280417356790284,0.13853153024340448,0.18241776626075082,0.08743478218093514
2026,128.4863363990233,0.7415807449676833,0.24258306387112022,0.10472506796941161
2027,1.2028103832875878,0.19877589481729002,0.19662285392474105,0.15232110023498535
2028,6.747174013679194,0.10445619799700381,0.11963178088723131,0.08874088013544679
2029,4.456202927166319,0.05722033619241808,0.07739107860904397,0.13548965519294143
2030,6.234627090651525,0.2049939891916108,0.18457233277020832,0.10040141781792045
2031,4.852641316367848,0.039526692921795496,0.05153216821438525,0.13252257509157062
2032,16.18137516957675,0.137412330205334,0.21748552039725377,0.08821914996951818
2033,24.138580461208583,0.14832147420015526,0.2743934499992279,0.0887825209647417
2034,16.1807251272833,0.055767305049498124,0.1851820264257863,0.0922888838686049
2035,10.731900451006936,0.12697439045598183,0.1752986750437954,0.11389493895694613
2036,1.5126027999920657,0.1044846635345859,0.11493106888310944,0.0921881110407412
2037,10.92061826915416,0.04216016486666935,0.12238182080498941,0.09641790390014648
2038,17.349188482381376,0.18733818999557988,0.2473724960655137,0.09123005578294396
2039,24.901584907240725,0.1152008519859496,0.18965807637565688,0.09327492816373706
2040,17.48962233363803,0.19600054947110218,0.21037041420624567,0.1382077829912305
2041,11.876503602867441,0.2890116533689812,0.2838760484333469,0.09244794305413961
2042,178.37729131195505,0.9588794786864152,0.3553588613795108,0.15577717404812574
2043,6.532702405760413,0.13636808213052967,0.14235478578690466,0.09222235670313239
2044,9.54977137939766,0.1958129153363642,0.20311947577501338,0.12914611911401153
2045,38.77495709786991,0.45450913922784675,0.3730473262743475,0.08843755116686225
2046,10.671683531131027,0.26004690961105487,0.2924603893420146,0.09570760559290648
2047,30.930989893828567,0.45822597671901716,0.5332617396489612,0.09367148298770189
2048,36.27807587766425,0.47487907168348154,0.35564203013735035,0.088427125941962
2049,15.846992358820145,0.11945620439423753,0.17692059458759668,0.09050578204914927
2050,3.700267744690367,0.24132540210700448,0.23089328878073218,0.09778681490570307
2051,23.2012355400891,0.4506441732890674,0.27895878373641975,0.09248445183038712
2052,1.4215996009271963,0.25053168581251145,0.25589336280217484,0.09064900502562523
2053,4.404588427699599,0.04423345616316093,0.034490923128396626,0.10004696389660239
2054,41.979379164207764,0.4760209037498947,0.43416453313384284,0.14045744808390737
2055,50.04346818178197,0.38375588112820624,0.5530094727448224,0.08954614540562034
2056,13.855935672671762,0.04535688883532216,0.13259521790594442,0.08871891302987933
2057,23.043377275097836,0.19010304374655737,0.25916033454242543,0.09222069382667542
2058,21.053086688745818,0.2246460847876432,0.26464619725916533,0.09067398216575384
2059,5.062458369243928,0.0478911095392241,0.0763609237211528,0.09469135431572795
2060,12.870113328891014,0.226387599089167,0.21705776165907195,0.09377027908340096
2061,12.210481205695212,0.1854848340288807,0.16565753427749916,0.08806675532832742
2062,17.77239376797962,0.32778197906271106,0.32944403114895476,0.0890650493092835
2063,26.551893875992384,0.294303107941335,0.27987241183445444,0.15532252984121442
2064,13.788827022179722,0.15729764837658794,0.24636355295062198,0.0924892108887434
2065,1.7778451317844717,0.3532767572465854,0.3502838150997974,0.13159738294780254
2066,20.642071180811367,0.3262836257164463,0.2834783821239691,0.08607052871957421
2067,13.025816888735928,0.24638303196586223,0.21174794324296475,0.0938997589983046
2068,10.200059733814628,0.07715920721553123,0.09906985790665278,0.09092620899900794
2069,14.05000700526423,0.18120309389019168,0.18207599642811687,0.09139605006203055
2070,18.73686138278875,0.1720387421502415,0.24141277762771118,0.0926721808500588
2071,17.4733422954773,0.23617454454449477,0.2872631165777106,0.09229086618870497
2072,77.09050647596943,0.7814587473944358,0.3911008534768404,0.09372607804834843
2073,16.50629439048145,0.23746714276846909,0.290959616522977,0.08764433208853006
2074,44.78794713933033,0.29178287954072446,0.3311547764594931,0.09001706214621663
2075,1.0217777734997084,0.2091079471887306,0.20607913364680372,0.08512182487174869
2076,14.641784559825865,0.21888030201652517,0.21133721720829135,0.0922120800241828
2077,3.606664943367151,0.47297838601452125,0.4876848744026906,0.09317360864952207
2078,9.623445533240545,0.1882687536229695,0.19716664350563579,0.1430287230759859
2079,172.3912725885385,0.8195196347599311,0.26863352950418246,0.10451165027916431
2080,14.361811429964638,0.3530706041635737,0.32100065667273825,0.08653502818197012
2081,5.023709853903172,0.02371475866691687,0.060694528827833605,0.09335532318800688
2082,21.801519650647364,0.2751473122150088,0.31000118094240764,0.09259620727971196
2083,11.509131469404343,0.05936871368956121,0.1438106431651272,0.09465971169993281
2084,13.853496955227712,0.24755658895169166,0.2529652243379436,0.13526151422411203
2085,9.214151356412218,0.4398907334316468,0.4592518733086137,0.0927421459928155
2086,36.31795828352804,0.14692590741224512,0.3336417827952572,0.09262585267424583
2087,21.58563918807529,0.2517189569001576,0.2402530238392888,0.09055915102362633
2088,26.469302899714894,0.30283905576339465,0.34368796940402874,0.08750408934429288
2089,16.810106407556315,0.44133955638718936,0.45364072375500325,0.09215298341587186
2090,45.557489835967424,0.3799009726440346,0.2762619428549023,0.09255298599600792
2091,20.14383051696652,0.26963053741684084,0.2598771185313664,0.0903141237795353
2092,23.622262046030276,0.08596518919898409,0.1606940440835244,0.08777354285120964
2093,5.699344914612101,0.04119026541604357,0.072220584619382,0.11556374095380306
2094,14.41493569019699,0.20362145970561643,0.22724763056504163,0.08542552497237921
2095,6.483714377346716,0.061576467638882124,0.0843397901802053,0.09014940494671464
2096,0.9698088817169154,0.07278735747608929,0.07510736218486039,0.09885960957035422
2097,12.621653948031424,0.16963600219264652,0.19354257147392398,0.09556784108281136
2098,19.073376408327952,0.2276090631233941,0.2062863827530118,0.0870772609487176
2099,56.541613512550576,0.4599195128018792,0.5743691925446146,0.08767658891156316
2100,3.1543477967612494,0.18466691334787852,0.19311339432131158,0.09380188770592213
2101,14.109318735822352,0.1911707705462777,0.17634690666467992,0.09078059578314424
2102,21.95208205281139,0.2681322324497011,0.3097486784408664,0.08585306303575635
2103,12.965154118574768,0.38790179920494355,0.3950770314537607,0.09306413121521473
2104,22.338501134503005,0.12272364151471468,0.23671482570571614,0.09147394308820367
2105,6.617995232267841,0.39240774181287785,0.3947179369718131,0.09260773193091154
2106,17.45194871656571,0.20544217434489878,0.23631120756772708,0.09598441608250141
2107,11.748410859280153,0.3000096178709686,0.3094505318735377,0.09184939274564385
2108,9.553010265502571,0.2269581992597597,0.25285449086143597,0.10000281594693661
2109,33.152518736211896,0.1330034894429055,0.36205282334449873,0.1326986481435597
2110,27.396538978634815,0.3481613885059503,0.4449151062564961,0.0833493322134018
2111,2.433745777769052,0.16842352534098656,0.16806054438762089,0.09455694956704974
2112,5.847074196736728,0.27706058364085856,0.2867839206769342,0.09714752389118075
2113,22.861981576273436,0.32889950662950324,0.320792068255773,0.09297961229458451
2114,4.487542216310725,0.21164322534295926,0.21478479385644805,0.0938618159852922
2115,77.81009804220025,0.8384491202218459,0.5209623285059677,0.09362976206466556
2116,2.0219267996160823,0.14028683905326383,0.14272361525634117,0.11555061023682356
2117,7.3855351055628855,0.4056949975633784,0.4393682591736051,0.08713386300951242
2118,24.516538540639466,0.4308635533759865,0.4531109015675423,0.08585059083998203
2119,29.90328705948468,0.5429870154384658,0.46947719732025456,0.08570758393034339
2120,29.336410066098807,0.33357962247590656,0.3958844418252254,0.1304553491063416
2121,10.636647078072254,0.15645069992578675,0.18085307588231753,0.08744511706754565
2122,36.164565889771005,0.3186128754259282,0.45837364939524117,0.08987668482586741
2123,21.112627266655064,0.1461276056625514,0.18593818441129445,0.0903140059672296
2124,28.192025393346505,0.2724172145478639,0.3699945750096703,0.08773897215723991
2125,9.106446242148628,0.141401134871936,0.17607966275009262,0.1278563691303134
2126,26.642839621211166,0.20624583020528553,0.39803455457545195,0.12953684525564313
2127,15.526686236301572,0.3558942467735767,0.4094961559293994,0.08916564797982574
2128,27.021267431668175,0.22175909679507363,0.29971709070825336,0.11504825903102756
2129,4.08952707239227,0.04959421223582151,0.04143312825998917,0.08934401487931609
2130,22.49548375089402,0.2836527137347808,0.1834078327776693,0.09161804709583521
2131,9.136497916055884,0.41795400463945553,0.4773106436488858,0.08692136686295271
2132,23.56000063943634,0.2459762842435818,0.3108549486896115,0.0956386779434979
2133,10.163013697836668,0.06994580312548317,0.10224437007729736,0.1456483150832355
2134,2.5216416371313484,0.5136032444847514,0.5219659365916333,0.13037981186062098
2135,7.573495064376224,0.0393605262459443,0.07044850240638935,0.14281280990689993
2136,7.941119028206827,0.2711580472007305,0.2687686876353363,0.09014713205397129
2137,17.064113582558356,0.3287324849773463,0.3901445935568346,0.10997159359976649
2138,21.74282385479821,0.16926339136988675,0.20120150980445625,0.09214618196710944
2139,2.531468103556724,0.0604863519143852,0.07191647225932996,0.09312688000500202
2140,12.56417522028802,0.015765562101731682,0.11955332395513726,0.09100318420678377
2141,8.723044722051931,0.29049612009616876,0.3148184184147522,0.13197313994169235
2142,22.36671048270819,0.39701387808409067,0.4117548450921067,0.09073640126734972
2143,7.4449511286001755,0.1500183470652193,0.12571015863998894,0.0899069900624454
2144,4.9688230590055085,0.30889724106150857,0.31901935255895375,0.08580428501591086
2145,6.763291905078556,0.29744668873608965,0.3071668996451941,0.14951376104727387
2146,22.24125391638971,0.2632436203330796,0.2891301421007139,0.08570101205259562
2147,21.063952222607885,0.13897064069252954,0.16664055006977277,0.08583746431395411
