pair,rre,rte,rmse,time
0,1.0602761944651222,0.00829831959631545,0.00904365971145237,0.09490219503641129
1,0.537190169992701,0.0023266545081995532,0.003420552132207639,0.07221420994028449
2,0.5462803392819655,0.004770990567717721,0.0060539264767678755,0.07061466109007597
3,0.9222366746426646,0.0019284829472398367,0.0048990119124343295,0.06746808206662536
4,0.8341235309799029,0.009225559092121454,0.010945610003134428,0.06649312889203429
5,1.25625249629052,0.011045289423818919,0.009276108843855976,0.10507956333458424
6,0.5019155562896811,0.005753983081571411,0.007338454443859576,0.08479919377714396
7,0.20892132735620633,0.004509557906191743,0.0036928592081030107,0.07738968171179295
8,0.5261509843658477,0.010396595977631732,0.011308187180449902,0.06596082774922252
9,1.4017932312800594,0.016258190074651808,0.01224322638204559,0.0685721761547029
10,0.9982480650065276,0.01342590681179176,0.011958175400207454,0.07276187418028712
11,0.6556460712353195,0.005727562970694121,0.009898006381671756,0.05466482508927584
12,1.1162461062366895,0.011925685333735529,0.0074923531663331055,0.16939110914245248
13,1.2248014447707416,0.018755420218461962,0.015868614320829654,0.06842638971284032
14,2.5296891372397505,0.02919076224316705,0.01702381538638512,0.06811535963788629
15,1.0415205053464287,0.00921063024513823,0.007890355520641733,0.10257710888981819
16,4.994137834183393,0.018644812572716687,0.05058243954485317,0.056885985657572746
17,2.2086773615135,0.0060782397935885335,0.017979769933791658,0.06808786420151591
18,1.5707082042518503,0.002108223264483986,0.011604887665028492,0.07621002709493041
19,2.9945712095626535,0.025285006020566467,0.020728408675162027,0.07230659388005733
20,0.8716266631986592,0.008135101643606256,0.008282476144826382,0.07571983803063631
21,1.1737016427592326,0.004106231727927072,0.0118716739780615,0.0802802569232881
22,0.3874020711684477,0.0046360241361578704,0.00426555086444314,0.09854038711637259
23,3.5432058056312936,0.011655160463946896,0.03147939020304441,0.05255055706948042
24,6.84506411267534,0.04244742370753049,0.02384889826946968,0.0716164717450738
25,0.24622567936643516,0.005067175344244323,0.005334135003829571,0.106114586815238
26,0.8455234476743276,0.008480676711309192,0.005490008875555962,0.08442343724891543
27,1.6136974261481862,0.01737435178910491,0.014889174757362377,0.06067771418020129
28,0.2239225984413932,0.006459921554415105,0.007176635308012089,0.07826464110985398
29,0.966749834517599,0.004587900046093623,0.008952902251182808,0.10997085133567452
30,1.4105116758382303,0.012718266175400323,0.00956700677488253,0.06819570576772094
31,0.8110128124712486,0.021163291524820178,0.022325069532898163,0.05557514913380146
32,0.6105785448440991,0.003629591075065985,0.007448721256643873,0.10724268900230527
33,1.51801086871819,0.005546735506298545,0.019601402475261702,0.0477455360814929
34,0.6060539850389232,0.009858559110926429,0.008922664618094074,0.07157838018611073
35,0.37810373937288927,0.004815439037989189,0.003892181703310983,0.10731937270611525
36,0.6053076675160727,0.005464701246443304,0.005521192472362355,0.07367254514247179
37,0.5116283226629591,0.0029688203686880337,0.005220124041857612,0.07970615196973085
38,0.6294074029930546,0.012599581553567026,0.013870535302586976,0.06826952192932367
39,1.160874998819609,0.004080240872519951,0.010274708828779539,0.06360790925100446
40,0.1523978533069713,0.0019176052492597445,0.002302768789505144,0.09652619203552604
41,0.9340056692096312,0.015047736496712748,0.009401938184223644,0.08491807710379362
42,0.7501952680638714,0.0015558751754350638,0.006514020808534566,0.07512556202709675
43,0.47770867868587175,0.009196059198566465,0.010136671890663812,0.05254916287958622
44,0.44865295590239596,0.0009861741380715215,0.003916596636671553,0.06250383798032999
45,1.5651787869343563,0.020950915140756338,0.016151404988131324,0.06635692715644836
46,0.3476485207250098,0.004454473340628444,0.0036911957981796907,0.09052517591044307
47,0.8138098760680437,0.009041288339764772,0.009641031287971155,0.0692704077810049
48,0.6494310165591699,0.003112451596413705,0.008391305119626234,0.0835253531113267
49,2.794048311648493,0.0235380214063403,0.021139799118049196,0.05427206074818969
50,0.46739198406299526,0.002931680082603623,0.0034866505175788994,0.07510393625125289
51,0.3979005475303691,0.004499493136748644,0.006495773605969448,0.053072286769747734
52,0.27751608938410827,0.011760019916393903,0.013058330911557984,0.0656501678749919
53,0.8152627565444565,0.00479687369784539,0.008648117913720008,0.08225008705630898
54,0.31568755630664613,0.0034914231383513634,0.005299901269361647,0.059932162053883076
55,0.1773569800837359,0.006332226654577318,0.00585756994514451,0.07569586811587214
56,0.6780347983958145,0.002345984848675431,0.008733507999013297,0.06395964790135622
57,0.971205097058628,0.011129150623889304,0.014425098695766669,0.059260881040245295
58,0.3442603826315216,0.007544735204656859,0.00823067648084107,0.07007907703518867
59,1.2308574706884907,0.010305613305598588,0.008121195730035152,0.1421117032878101
60,0.851834744386746,0.006953851272043399,0.0072515585375236965,0.1524954568594694
61,0.45104390716857995,0.003865157428488364,0.006279742633047324,0.06680963514372706
62,0.557290466114815,0.006511170206373267,0.008549913732080127,0.05498616769909859
63,0.8465023283508742,0.014111593620421038,0.015229859172264552,0.0677147307433188
64,0.6486607469780725,0.002657241766492328,0.007286313121435253,0.07623298978433013
65,1.7048393486769058,0.006672842994906679,0.013396896833443021,0.0675451303832233
66,1.0799201562069316,0.006323731386966897,0.009325885432109372,0.08320774789899588
67,1.105084182969103,0.006008397433500975,0.01576927881384451,0.05997816100716591
68,0.9883928596697356,0.01983340821989237,0.018463369655369002,0.07000562502071261
69,1.0026943619839104,0.0059954039936346935,0.009733310038697054,0.0967255556024611
70,0.7690391617711627,0.005159096499483733,0.009578441751858494,0.053981196135282516
71,0.9987807887863444,0.011603531833604437,0.007270422096214702,0.08043904881924391
72,0.6590706598252819,0.0041790044719915015,0.006313704200990077,0.07475027721375227
73,0.22266032389191387,0.00424772001982845,0.0043053732319068005,0.07452935725450516
74,0.6829623124589461,0.014205341596722943,0.01186610432642006,0.059856918174773455
75,3.0815473643507136,0.027346758742665945,0.01185597020837829,0.07676139893010259
76,0.9399922375534397,0.012947137916862026,0.006764383570001467,0.10467696096748114
77,0.9506993211926972,0.01063880484336705,0.009225775784562225,0.07749448111280799
78,1.9387253297705542,0.017413951266477528,0.00898923381619369,0.08548906492069364
79,0.6745881486843415,0.00982254314206685,0.007580327255713397,0.07978850975632668
80,1.1483848502595602,0.011107547925928862,0.01528131118251082,0.06772609706968069
81,1.010610167091182,0.0010767610916112837,0.009183171907431766,0.08275477681308985
82,0.5658954231080364,0.005650457539875387,0.005635403450209657,0.07104628905653954
83,0.6769737730293277,0.004369405691316858,0.005557254354964694,0.07194585027173162
84,1.1547951041670852,0.014889407179567887,0.007273173138043427,0.13739202404394746
85,0.901238672480504,0.00669818834548788,0.009860748726899819,0.047931174747645855
86,1.2387184418645472,0.011172699439370564,0.009824348117662635,0.0855738171376288
87,0.36423792283991696,0.009100283452255949,0.013376194692945596,0.06242150207981467
88,0.7181037244049524,0.00820475359510896,0.005667186973312809,0.07013360690325499
89,1.4806103509813757,0.018206583291461898,0.01076238095274417,0.07854965887963772
90,0.8718045523248006,0.01003926717922476,0.007732979815673643,0.0830179094336927
91,2.146274293466446,0.01497875944184852,0.01754330849617943,0.11924924096092582
92,0.25802693983982117,0.004855615597263262,0.0040757401652477465,0.06359276687726378
93,2.4116484466450543,0.02472504588619078,0.017874705844252315,0.0902596260420978
94,0.9092450772448954,0.005450716455756991,0.008389293574426778,0.07800571015104651
95,1.8360048711900616,0.012583646914657876,0.008606018797223797,0.07715540286153555
96,1.0045307820715448,0.006314040599938982,0.006933213100287356,0.08736946899443865
97,0.9907642697164201,0.01376962374149285,0.012277793825622284,0.08042391389608383
98,1.0251448522181787,0.011429710401678256,0.01187697738990151,0.05453377589583397
99,1.3613024231631325,0.013138937597283329,0.009677753464840901,0.06541037326678634
100,2.071786581688256,0.028044231661001555,0.01601026754552521,0.07232522591948509
101,1.0585515351863513,0.011590679968124754,0.01221968969613315,0.07476398209109902
102,0.3038468384265828,0.005325388901972769,0.005632317309387137,0.07166597992181778
103,1.2681714908815982,0.0035285643641749013,0.006140268369251508,0.062185853254050016
104,1.252889436632205,0.012445927871222751,0.016946607390580442,0.06453178031370044
105,0.6761354036560896,0.01217857333106261,0.009659878099895968,0.08981572976335883
106,0.3586958838718137,0.007008972740816096,0.008472985793764098,0.07800778793171048
107,0.38358709422674675,0.007773099153784402,0.006619679623836009,0.0760397408157587
108,0.347914859043595,0.005395549715592973,0.006803448688739535,0.19941284088417888
109,3.8150417878214444,0.0332518509812288,0.019462895843592135,0.0740514318458736
110,0.5177343019837026,0.004501025190449598,0.006873452872588992,0.07115800818428397
111,0.5865641334504397,0.00742594882927498,0.006493153155297252,0.13381313206627965
112,0.8218502425092804,0.0031927644612455425,0.005484288917444499,0.07698870403692126
113,3.1306176214863095,0.02688999882685158,0.017389370527624667,0.07347061624750495
114,0.6425183382477833,0.009344071362350596,0.009745121809572559,0.0700053651817143
115,0.07929652409806869,0.003293717807207218,0.0033109291776791286,0.08248099219053984
116,2.5192188171951333,0.02157690833081874,0.01678282206106723,0.07277859374880791
117,1.3895662189849682,0.009473484164200562,0.01126448139607599,0.07848503068089485
118,1.0356247567309107,0.009992687517836163,0.007588493812873663,0.06341561814770103
119,165.04144908212533,0.4844388147181534,0.21189548441450173,0.056712097954005
120,1.4493182922480712,0.007683580570587341,0.014948215646148929,0.07766794599592686
121,2.6750718937799784,0.015784162320974127,0.009949814376863283,0.08432609215378761
122,0.7729067669470425,0.005538603232768002,0.0073198974173564555,0.07698912592604756
123,8.379642710915485,0.08610374359727728,0.10508053385234938,0.06064070714637637
124,1.2253295674793465,0.006966608526675891,0.007588037768913251,0.06249971827492118
125,0.4117837924280549,0.005465585848257808,0.004943826143549825,0.05432098498567939
126,2.0182184885288406,0.01859799972574993,0.02146359113519919,0.0695492378436029
127,0.5434514021847971,0.006192328090521393,0.006674027976886112,0.07427134923636913
128,0.4857900335735817,0.0143813108145359,0.012906858692560818,0.06890255538746715
129,0.2834444823586738,0.007086093767612926,0.004617672918409731,0.09546678606420755
130,0.504091432809442,0.007928871550725415,0.008060966011885036,0.058047082740813494
131,1.304153307454229,0.012870650621269963,0.008792730824461876,0.07965998910367489
132,0.6515561745671051,0.002230571441648845,0.005534951479220436,0.07633083313703537
133,0.46813237691485377,0.0025185486911600717,0.002955682930645091,0.10238368809223175
134,0.9265848430543547,0.013737764151876887,0.011334420068708396,0.05257670721039176
135,0.5307056808386104,0.00691385117868569,0.005549336618758081,0.08170793484896421
136,0.30892142314445187,0.0036116463575085445,0.004003910116446941,0.0731546189635992
137,1.2988500063680117,0.005493422642512074,0.010244806807589074,0.07722529908642173
138,0.7083582826367156,0.011424663198911816,0.007918974552534937,0.07568929204717278
139,2.8020746024961247,0.030677935746148303,0.022596761593766786,0.06906632706522942
140,0.5205461159039433,0.008995743712480318,0.006540882043755703,0.07946216221898794
141,0.9365238154740837,0.011861368918389816,0.019917589452985055,0.07443720335140824
142,1.4287244625381341,0.0145836273938297,0.012542741326328972,0.06471455655992031
143,0.7171164616306879,0.00551699011988959,0.006540022776148421,0.11112679028883576
144,0.9240540578061431,0.004631222152125959,0.009808917275696275,0.058666429948061705
145,0.863386511705287,0.021225545832489704,0.01786473780636958,0.06364108994603157
146,10.424530740378975,0.07363064954048537,0.05997597978000071,0.07798438612371683
147,0.419881574882168,0.003576126077280994,0.005036219453861959,0.1032999879680574
148,0.7433118273458867,0.007314005938091792,0.006151779080476748,0.1303605088032782
149,1.8181275708880245,0.02240956407290064,0.02398163789927043,0.04958321899175644
150,0.8232685270922017,0.003696576929534734,0.006219940820879829,0.06715189712122083
151,1.5463134144415438,0.03558956425395189,0.03255035244187101,0.060992877930402756
152,0.6399925967589469,0.0019689508589842038,0.005453225879773516,0.0740258521400392
153,0.3098651631182582,0.004246739693790629,0.006217070629932943,0.08225488616153598
154,0.8512251587920517,0.007882319981459197,0.0084469818644446,0.07166354823857546
155,0.5362649689005197,0.004166547674355725,0.005880732606664698,0.06289308099076152
156,2.0231733698686685,0.024674718006464324,0.018180935709810633,0.06948010204359889
157,0.4795054871741161,0.0026333987496342547,0.004769144443092496,0.08135871728882194
158,0.7511703015210045,0.002869728362417575,0.005275843828296846,0.12975648418068886
159,1.6370137926817645,0.01131983156840138,0.02036094466848764,0.06453468557447195
160,0.4112835563300331,0.004046961774627542,0.005179382365201923,0.12084068823605776
161,2.3646184272194217,0.021483335863834625,0.01100054322000999,0.07124395715072751
162,0.8885726469853408,0.0027302489612363,0.008232079280143006,0.08114904491230845
163,0.1384861826562727,0.00406106651736871,0.004025991458589357,0.08611811837181449
164,1.764245638891509,0.016145414552604744,0.017616897384420814,0.06053095404058695
165,1.0408093413815118,0.006543104533509758,0.010584842335126582,0.09859362058341503
166,0.7452187174733695,0.006153828416543955,0.007720726567156258,0.08598363399505615
167,0.5701162284426099,0.011433156251645317,0.008604947153410954,0.08734976127743721
168,1.7868897099288437,0.014832610616174321,0.008946185354406659,0.06906252400949597
169,0.2014844550491967,0.007024755162175398,0.00655221876666388,0.08078054385259748
170,0.4448540577042376,0.006853399991372494,0.007030437056591864,0.09624521061778069
171,0.4199225268479771,0.009063222195505538,0.007369939113302067,0.044574351981282234
172,0.4206132679545371,0.0024536321226586353,0.006234667714389356,0.08427259000018239
173,0.55881211672227,0.006861507273316369,0.006832363978631392,0.0676794471219182
174,0.42508515015309956,0.007326813043787947,0.005538417989936627,0.08096980396658182
175,0.7845577071718717,0.004605087897887044,0.00863024355769479,0.09177830209955573
176,0.48739226765639193,0.007208389155816947,0.006127508621964476,0.07283837022259831
177,0.782535046241623,0.00403796403860122,0.004858167164186915,0.0790197541937232
178,1.4479491035699181,0.024763376570699124,0.019650944618199044,0.06950727198272943
179,3.4348587554054753,0.04346378777394563,0.05184540398959718,0.05408510798588395
180,0.32601892916725966,0.003596824146598421,0.0038344776913169596,0.09105177689343691
181,1.077473464336836,0.009741498399943599,0.006973208366139224,0.0750640882179141
182,0.7953586258800747,0.012046819033371561,0.02006653776732876,0.0823143320158124
183,150.3726539766039,0.6843208741556961,0.7055285636888404,0.04871053295210004
184,1.3149995696980208,0.008301626798834205,0.009454186469286406,0.07008955115452409
185,0.7741376522574221,0.003024727619794645,0.0053522428484323314,0.07539669331163168
186,1.3283342663654443,0.006568112600403737,0.01115650422043493,0.09370414493605494
187,0.34692306203252543,0.0051333761021235425,0.0062267251164927215,0.07177289901301265
188,0.7250499417633679,0.003806323879687191,0.008216734581606183,0.07106402004137635
189,0.6726423510897193,0.0028273916098774513,0.007346712755838238,0.06750959996134043
190,0.9461740271966053,0.007340411326958266,0.010582262770194981,0.07729656202718616
191,1.2567146705120058,0.026599212468447708,0.021147053039504277,0.05109219392761588
192,1.42489587486465,0.007944119652134138,0.014019677570450044,0.07596203498542309
193,0.7447423430004971,0.018748864162293613,0.014434051876623883,0.0768445092253387
194,0.9871454696085467,0.016570481846952388,0.015018815370080842,0.0722673749551177
195,0.6380766836659101,0.00607004714186411,0.005260196496792037,0.07699430827051401
196,0.501242527706829,0.004598037077893144,0.005607071270565384,0.06255723582580686
197,0.3955888108326448,0.007855840589132771,0.006445043197417479,0.07159049203619361
198,1.117019008538983,0.00936797804338987,0.012289115653081547,0.07064303988590837
199,0.5616676234251163,0.005329875101138349,0.006048694653849875,0.05790721392259002
200,0.7597245449402652,0.004384823892069846,0.009058445798250924,0.07520542992278934
201,0.21462997421292918,0.005256628218974308,0.004760173500369215,0.1189803103916347
202,0.7309411283520136,0.015919835453942134,0.012476486393589,0.053537235129624605
203,0.7710333594822629,0.001455001927507545,0.00944918228410847,0.0602102461270988
204,179.72825866831622,1.3607134497129245,1.068882674900043,0.0654192310757935
205,0.6447486719153566,0.0021205799590091985,0.005563330014755102,0.08728050580248237
206,1.0822681221613173,0.009968666598153897,0.015509181616476958,0.09842517226934433
207,0.21347432307832248,0.00365585766236424,0.0036548429472684726,0.17240726202726364
208,2.562246987038057,0.026730766475698813,0.021161328946544117,0.052078727167099714
209,0.3428480037645459,0.0052435659668047105,0.005595218532762617,0.08237701002508402
210,0.533657453179965,0.003795449179448444,0.006924743603449499,0.08225192641839385
211,1.2335978683242992,0.014138926359753555,0.012208773513479524,0.06899604806676507
212,174.16392039183367,1.0247092783488567,1.0772015612008043,0.05677090073004365
213,0.5441336451939502,0.012920878496629309,0.014329051806519796,0.058934742119163275
214,1.2106577057697292,0.008344834128855162,0.007955309258483222,0.08512264862656593
215,0.710544388326961,0.006225248809214976,0.005595863054930143,0.06165229994803667
216,0.6668827492345099,0.0070688371500146506,0.009740069607881133,0.0778074637055397
217,0.9813469109453176,0.011259345661482833,0.010858462964181286,0.07790696388110518
218,0.2780942968500291,0.003241922935532626,0.0032032211431075176,0.08334972290322185
219,0.342971353061012,0.005385776861836589,0.003838547518393008,0.06537794694304466
220,1.5727926623679054,0.008710316507506092,0.011982005556552213,0.06673355819657445
221,0.466538829089915,0.009472046688410543,0.010857107418470907,0.058783110696822405
222,0.7725741465853145,0.010748402081312643,0.012684486032404896,0.06484580785036087
223,1.9419686325288887,0.02727035852444479,0.016980010482566834,0.05657466361299157
224,0.44279052565562166,0.01352386296013419,0.012059842779297636,0.08265516115352511
225,0.7230643762453751,0.0025498505204335077,0.00834202546554198,0.0805227872915566
226,1.9634146737476863,0.022634566015634155,0.019468319805528416,0.07976606022566557
227,0.2947232035152168,0.003000540603699277,0.002669955528425323,0.077191730029881
228,1.0239190076450742,0.013706922436786204,0.016223146436983978,0.07762606488540769
229,0.2992793524312662,0.004146874807456409,0.004758464277057343,0.08020800910890102
230,1.5128490106595038,0.017787468846229934,0.012588936308619118,0.08152297185733914
231,3.184810788758029,0.015973569609751104,0.03518751687670607,0.06210380094125867
232,0.7941143567818512,0.004546195956179977,0.004913647067608327,0.07820005435496569
233,0.7092851082639392,0.00641486823745043,0.009157335808102816,0.06458488898351789
234,1.3155412958554031,0.007670144968983965,0.012168212953680455,0.06741013191640377
235,0.651611209974387,0.0213732784299107,0.025794788334146397,0.06132540013641119
236,0.16929795534351366,0.006529850146676198,0.005707598009023288,0.07573938881978393
237,0.23383091114022922,0.007423939599802262,0.00756903216787764,0.06661855708807707
238,2.698269595643404,0.028739955104558335,0.017197612230299926,0.07386344810947776
239,0.4918201364051679,0.0021303187458334987,0.004096263679166148,0.08130257297307253
240,10.615574990137164,0.08126483683654791,0.047138477003228,0.09427286498248577
241,1.933594270655118,0.019702211226432374,0.021910564608861767,0.061709745321422815
242,0.6978057788666101,0.008491972207718008,0.0114644570607658,0.08969309227541089
243,0.377140990925789,0.003075954593056245,0.004882786756562402,0.049625645857304335
244,0.33327954147715394,0.0008703869662397201,0.004605562760846359,0.07481247931718826
245,0.8884768097037713,0.005823967735724542,0.007611441956066578,0.06304195336997509
246,0.5561203939104857,0.011480481897181965,0.008477051423854586,0.08430795092135668
247,0.183980642508974,0.008124268905785473,0.008160234359876256,0.0646227109245956
248,1.7488477630506212,0.026098755604032783,0.018258235991374015,0.06253129383549094
249,1.7304451677634594,0.010812074585616244,0.011796453224671703,0.07689922768622637
250,1.3533078047330267,0.008549170645216812,0.015821280931198025,0.07145413337275386
251,0.5757644630947667,0.003969171945414264,0.005595419287232558,0.06965528801083565
252,0.861085191708063,0.002397078783923246,0.006400326505845276,0.11781976418569684
253,0.6368433120725355,0.006951946607684895,0.007712980496751768,0.0788499228656292
254,0.49447687586504085,0.007967263669401705,0.007134080250463088,0.07010468421503901
255,0.2710630634072369,0.0036990763529010065,0.004496327284936847,0.06781733687967062
256,1.3430703056667412,0.013181151146846863,0.012087336662203721,0.060106480959802866
257,0.4777728090669534,0.01481407608134931,0.011418110345619155,0.07068224623799324
258,1.5913535230442837,0.01119076720670336,0.012458117774216291,0.1235223263502121
259,0.0982458732511407,0.003297942757518237,0.0036270863995185166,0.09674233198165894
260,0.6864540742180166,0.014045086438008596,0.010641864996989207,0.10155769903212786
261,0.8155131663858144,0.005304858066727809,0.009237179036896281,0.06649134634062648
262,0.9588234383178815,0.01618500740883099,0.011469669171020184,0.07839409587904811
263,0.2619970049309408,0.004564178122921254,0.005730112920150205,0.13165729818865657
264,1.438197925449848,0.01818093895771706,0.010647432737777206,0.0967031023465097
265,0.35243528408627683,0.008164400755560216,0.007637468711906894,0.1010591839440167
266,0.8457398436934577,0.004927124390581557,0.006982911129727956,0.07558258017525077
267,1.7572808301908607,0.019728297502701057,0.012591116560743609,0.08417495293542743
268,1.019648120709019,0.004916019536622839,0.00883872434425679,0.06908995937556028
269,0.9335899838161974,0.017362424360154,0.012905891066783207,0.05216346215456724
270,0.895208701978494,0.010361666846504955,0.008075158942611307,0.07008395111188293
271,8.82541426435244,0.014931275687694087,0.059767211695279134,0.058452035300433636
272,1.0836914729141505,0.007634716745404135,0.009216935948942429,0.06413359893485904
273,1.4093792091880144,0.022628704929736863,0.023988403442127992,0.06217413814738393
274,0.7249768412431281,0.011220077514514409,0.006666541366468258,0.10007570683956146
275,1.3496424965685374,0.007489278979472275,0.009495760517430474,0.08211237285286188
276,2.945704727956414,0.03361408755204628,0.021082510195457548,0.07092443434521556
277,0.5179942568768932,0.006763835800462137,0.006235798998737366,0.09007009537890553
278,1.4550785524768375,0.00693104771878695,0.011088125668597954,0.06293541379272938
279,0.37018790652692407,0.01145344493390097,0.009652837977327387,0.07266053184866905
280,0.8307301416207938,0.008473770377754824,0.007847840014417736,0.07745718117803335
281,0.3511051633580795,0.0015760162023791772,0.0041066111055663625,0.09838216099888086
282,1.0015857558476513,0.012222197564148203,0.009645570071447859,0.050860574934631586
283,1.312751936670327,0.011343033870018122,0.011982394831458206,0.06327484315261245
284,0.8477561569432469,0.01004099269184513,0.004393293071240738,0.07894840929657221
285,1.3737094523517153,0.005267461979842128,0.0062701641159895165,0.09208315098658204
286,0.6061661467161144,0.004982903414755628,0.004912029614980124,0.08548639202490449
287,0.6605930672760653,0.016391572945800157,0.01859517509960862,0.07960592117160559
288,1.1154799232126769,0.010698724202571504,0.008618345124105531,0.08087137807160616
289,4.646226918136938,0.04017271002021617,0.02734214838624468,0.06422803970053792
290,0.40555951774703264,0.005793656560858962,0.003500878711288675,0.051137098111212254
291,0.3395884600884851,0.004035475594921703,0.004723252286768923,0.07104043290019035
292,1.3889762471914453,0.0107666789074209,0.01136455425983654,0.07489687902852893
293,0.2035777750979005,0.003582654833805231,0.002880733152298407,0.0731623568572104
294,0.3708013112531866,0.003497530756141838,0.004736721728148704,0.060476722195744514
295,0.8963132583724851,0.007113648489319473,0.008619778443266477,0.07823046296834946
296,0.7303906175157193,0.01809242915949199,0.01660697934427613,0.052750317845493555
297,0.6894020495800207,0.0081738122084198,0.009603786634428447,0.06956287985667586
298,0.22897625192438278,0.0038487560314320116,0.004589280110600685,0.07667923578992486
299,0.7801779387384249,0.019973965949946593,0.01433408766682868,0.061974490992724895
300,1.0599350639578422,0.009014728640237885,0.010544708592480204,0.09314072225242853
301,0.5789023588914932,0.003632412039571143,0.0056536884237716216,0.054901118855923414
302,0.4454986900820067,0.00701889152518709,0.009032263090593025,0.06920873885974288
303,0.4127277152906016,0.003436698553140678,0.004257654163316173,0.047320364974439144
304,0.6253513868840208,0.01397803389033354,0.015021200307320964,0.06359892291948199
305,0.24097592470212958,0.00832828517010914,0.008621986621298393,0.07218486489728093
306,0.8567428258606173,0.015391373312055905,0.012503506165524477,0.0645024012774229
307,0.3037907361332976,0.0088921869023799,0.0063847171569622095,0.06202435679733753
308,1.157756750999769,0.023254767756404768,0.019092543143341946,0.0884325741790235
309,9.048808017429659,0.03882164351472418,0.02515196924669625,0.08450504904612899
310,2.0652107443660594,0.015859016641058214,0.019510564106358663,0.06808985210955143
311,0.3616801209284352,0.011035444889199272,0.010230502535223927,0.08418898470699787
312,0.44748488368422146,0.0034156988657298272,0.004433658909409805,0.09670968726277351
313,2.979579976391367,0.04109790998577226,0.043243122620019794,0.0443125469610095
314,0.8843635636487561,0.008264855383680705,0.009911405258622443,0.06623111525550485
315,0.4672985113893452,0.012599516259149526,0.010064630773154224,0.07099088421091437
316,0.5971774939084262,0.003482109669970242,0.008996408005447471,0.07121327426284552
317,0.7464831661405075,0.0018457988809764568,0.006726250885424528,0.07726194290444255
318,0.21944692738075422,0.0016306041697028704,0.002369287928723655,0.08391715819016099
319,0.7222441741601537,0.009658540452636796,0.0098098849710219,0.07165062893182039
320,0.9290582338877945,0.014142262688577672,0.012433897148666698,0.06981315510347486
321,0.8788241457113944,0.0025431669639443227,0.0072547567919716005,0.08440028224140406
322,0.2836219692633996,0.005149079661310962,0.006953024998389033,0.09531142981722951
323,0.3422379403060341,0.002267752958838801,0.0025799127787247715,0.09335406497120857
324,1.0541720555529621,0.021398199272184417,0.017286096804163067,0.08510300703346729
325,0.5112001096959857,0.005667567471080295,0.006060919832893978,0.0680642961524427
326,15.932121237473295,0.13499874136246892,0.03868828112894319,0.0827904362231493
327,0.4792538788432898,0.0065529037691343835,0.008300643920205554,0.05814335821196437
328,2.084940390991672,0.03140277371590373,0.021046424134402046,0.07887908117845654
329,0.41831084155213744,0.005667020428669301,0.006048721076953672,0.06733869202435017
330,1.8731158254650384,0.021903712138765772,0.016180012869403654,0.07426243415102363
331,2.136892784377445,0.027528258972627385,0.013352192836708977,0.06450319802388549
332,0.5938454236194626,0.012720579506212077,0.010392168244467238,0.08149449015036225
333,1.7333142255165364,0.010289420669846937,0.010761960897659658,0.06179933296516538
334,1.2363998299084813,0.006283800448427778,0.008084538759800173,0.07041247934103012
335,1.0659269775030185,0.006918766904748365,0.010511532215849695,0.061911157332360744
336,1.1348702326084077,0.00931668448625547,0.008334611100133674,0.13637033384293318
337,0.7868733986447376,0.010642140624443911,0.007568713079821343,0.11822814587503672
338,1.1838465538375598,0.00847255678012355,0.012586074058485715,0.06176870921626687
339,1.1049187791682962,0.009965630751780823,0.008421016536066242,0.08290844783186913
340,1.244199417559023,0.010199305638667442,0.014119276381791885,0.07583067426458001
341,0.47919134506749417,0.006091176624557892,0.0060653796074321056,0.08490424696356058
342,0.7773719527547577,0.004553843926101135,0.007703616743204788,0.056607244070619345
343,2.27425330658055,0.012096423489352833,0.012118427464301902,0.07325158827006817
344,2.6371757953185653,0.04119457052214738,0.04021302042314224,0.0621315180324018
345,0.2090120333994145,0.0017313662027510282,0.0025748311487745813,0.09932769788429141
346,0.9285499453547297,0.022240867875227173,0.01627963336845471,0.06187162734568119
347,0.34822944738919787,0.005941805886571388,0.006692345588231462,0.07704872079193592
348,1.5133610943732911,0.022993165465328275,0.017139977905218276,0.057295913342386484
349,0.6772716831310163,0.015066342691147495,0.01140575662230606,0.06627762923017144
350,0.47684337520884956,0.0048858624043654686,0.008913000665536817,0.07960446504876018
351,0.1291819354562989,0.003795058295804032,0.004331747367886528,0.06198803195729852
352,0.4255337210703746,0.00842295005244117,0.0058071531078292115,0.07849375903606415
353,0.5346336035102012,0.005057990397407792,0.00645688578206414,0.07585610914975405
354,0.8689002269198326,0.008909887611666235,0.007793387877996596,0.08049008715897799
355,0.3426696632840694,0.005830969468458093,0.006242780014118357,0.08803720586001873
356,0.6592860553000444,0.004722337297048245,0.00792927736268046,0.060327237006276846
357,0.6230925994785403,0.010233149096247549,0.008779568192021822,0.0692541622556746
358,178.66374054176927,0.6281298106382415,0.9612166369576306,0.04683901695534587
359,1.881424118934144,0.0036120713089882665,0.015645294330167356,0.07439772505313158
360,0.7303386898059294,0.00896571360087811,0.00660236980835151,0.07227940810844302
361,0.48493639269178646,0.007578053092986959,0.008179243841633188,0.06933201290667057
362,4.902352348928589,0.04044764239942996,0.018031646510888275,0.08951167529448867
363,1.1135518718927235,0.006373762944161652,0.0053512835470616435,0.05918392911553383
364,0.4960220954615184,0.008663847914636853,0.003730953057226086,0.08020503213629127
365,1.645665604501993,0.015044901706059726,0.019153621588921747,0.07431877497583628
366,0.552451052371663,0.00188902924619386,0.007403874806344576,0.049917181953787804
367,0.8625845029602397,0.0036868174566152163,0.008628743794253567,0.05373140377923846
368,1.2682641856278531,0.0047635335958187836,0.012133503156381212,0.0766630033031106
369,0.3448913864370667,0.012919430878771327,0.011197751710654784,0.08374278293922544
370,3.7432819216142614,0.04291761934575991,0.01732443990059434,0.0770079093053937
371,0.803713529012862,0.013368665970600635,0.012966866599845287,0.07157164206728339
372,0.6782064327616996,0.010135685313719766,0.006323362769536839,0.08288949029520154
373,0.7628620208816594,0.003151434163590519,0.008493623595563242,0.06940112868323922
374,0.7552529191525901,0.008000991879294154,0.005536667114597122,0.0713084489107132
375,0.7137560295083143,0.005309794649069143,0.006944760134584525,0.07526518683880568
376,0.36632633619540145,0.0038176249143956225,0.004048293873876059,0.0858125351369381
377,0.6953621175483011,0.008399968345508534,0.006679542674335053,0.0823208773508668
378,0.5678891562426459,0.004653256872098752,0.008403069958647784,0.11511508421972394
379,1.7419175622622913,0.013371189851741275,0.016970697621467745,0.07143939286470413
380,0.5135492539667437,0.00352880918921582,0.005490741553911861,0.09156965231522918
381,0.23674626689531736,0.008638837516183712,0.008859666403393772,0.07208839990198612
382,1.6764107840705276,0.014215715062824383,0.012954712384661459,0.08231699885800481
383,0.8047948537983923,0.008898655494293313,0.011336299880884856,0.08313113218173385
384,1.1682433211218544,0.012816079115333393,0.009149633883421762,0.05204131966456771
385,1.7674248855941364,0.011056063342754387,0.009098690682552858,0.05882143368944526
386,1.8381561163872706,0.02941150111991613,0.016827330454619194,0.05686407070606947
387,0.7949688358683614,0.007590333423287586,0.00867818796941524,0.051117722410708666
388,0.2367371378342693,0.003814675503372513,0.005151506134341273,0.07130435481667519
389,0.7692728332148968,0.02056878872677381,0.019238063856692706,0.08479861496016383
390,0.8593909679449869,0.005454972040494878,0.006946114476470035,0.08263365272432566
391,0.6640745604100307,0.0030465698503677596,0.006327323951645436,0.06774839293211699
392,0.8709245209981211,0.0030537067605403713,0.005833669458788495,0.10315656568855047
393,1.0420535543541127,0.008997497898041823,0.005366081677214152,0.08127817092463374
394,1.418365743580508,0.012954444930689932,0.015667301209680302,0.07272469298914075
395,1.8473391406076922,0.012052539221957976,0.011816062945582288,0.0544002722017467
396,0.5123559931435046,0.01311362490245537,0.009871069233057951,0.0639738142490387
397,0.7915062323787914,0.007704853122155193,0.010632849523839596,0.07065997691825032
398,0.18350957416276267,0.005072284898716597,0.004478826541545077,0.06042842101305723
399,1.4133193201261693,0.026830942522412606,0.016868235201022794,0.06567030306905508
400,0.5820305806114435,0.009779132845641502,0.007115416346211655,0.10561016807332635
401,0.6795312398203718,0.0035190927666265124,0.006354713176569558,0.07356093404814601
402,0.6427728205719637,0.009870602049030052,0.014130076327232531,0.0740284607745707
403,2.7433550257464328,0.013671214385311518,0.019125433356199324,0.05224047601222992
404,1.3253191548224343,0.024926034762702488,0.013629668279811715,0.07029254781082273
405,0.7065509096806889,0.010567128562327971,0.006704799298316615,0.09562760964035988
406,1.3916915524553668,0.01022765869769677,0.012319286966762355,0.062115793116390705
407,179.0831579447982,0.7886315994311848,1.1357575306959853,0.05554797500371933
408,0.9021785356265208,0.0012578538363240996,0.007713652002936597,0.08752814494073391
409,0.5375416251690531,0.005649508315710927,0.005906366268586977,0.09400350227952003
410,1.070802745124092,0.00906588609708208,0.008004964155458363,0.06777463899925351
411,0.9355623446410706,0.0013664098348542546,0.008312282082935895,0.06378328986465931
412,1.7219519313155272,0.009717106674131604,0.01532689899378297,0.0846420219168067
413,0.7929916437438492,0.0022063406859596005,0.004369407545983173,0.0906963050365448
414,0.7816426495898738,0.011156695832329925,0.011414360195157437,0.08171544875949621
415,0.8011516921658998,0.0025585435042089315,0.006812266156312945,0.07240024022758007
416,1.1942832316105498,0.012397546288930516,0.015877494684898713,0.06932621076703072
417,0.3041085159584414,0.003924477181198012,0.00501500426025095,0.07910077413544059
418,1.0385179542800664,0.013020233776989883,0.005699412947841673,0.12722953408956528
419,0.6938009967349383,0.0039541435332093545,0.007219594854126677,0.08276864094659686
420,0.33270122325784085,0.005305966728718318,0.0047461420336843505,0.10191460279747844
421,0.27902546116086874,0.008969846095771217,0.008184666439289438,0.07708153687417507
422,0.5479373671358153,0.0065321986013859605,0.005356059428038968,0.09872640762478113
423,0.5698529862436532,0.00453334581075767,0.008182387788123927,0.07093871897086501
424,0.6604815286147968,0.011459887408232382,0.013073993512000592,0.07493237592279911
425,0.660855930878023,0.006414398198728363,0.006229787223419729,0.07330694980919361
426,1.9200991251776631,0.007162284978194689,0.011536439500358577,0.081872652284801
427,0.4393036090849503,0.008614582911856208,0.007411933987813225,0.08289537578821182
428,1.0249792902238262,0.0067227369426829196,0.004685574911335146,0.060143638867884874
429,0.6892515798658648,0.008047345310911409,0.004622339830503764,0.07609380967915058
430,0.6423516053745701,0.010176116502674935,0.007709106349052082,0.08764471486210823
431,1.8932066253786104,0.03211391909783126,0.017662609076717933,0.07315988093614578
432,1.142456034765943,0.006732078664361787,0.01254730908197365,0.06563397822901607
433,0.5125025046876244,0.012017482822906208,0.008624985912438593,0.08845667773857713
434,0.47843143267293076,0.0031773810436225695,0.005067611981720044,0.13811424281448126
435,0.6590896669189227,0.008412370742463331,0.007254643664829652,0.08514116704463959
436,0.2903767921640405,0.007073872384290467,0.005816958840863918,0.12982257781550288
437,177.4429111927979,0.5522480930836267,0.950376262995403,0.04278611484915018
438,0.6399770740216573,0.006018727972907012,0.007049215885544581,0.08989135036244988
439,1.2229107883494101,0.006053288333287041,0.016336334719999467,0.055669923312962055
440,2.4193301560890776,0.014840826576278545,0.024771658387976472,0.059809412341564894
441,1.8017028702460012,0.011048408394268875,0.007947289387825346,0.08220921363681555
442,2.2693007649152337,0.2500441763922785,0.23936844169981453,0.06362021202221513
443,0.278384990513035,0.0026586886596815977,0.003181465460783655,0.07444117916747928
444,179.78411513652617,0.9265393188434691,0.8400957687879874,0.0553240473382175
445,1.1080415793484004,0.007534850871187801,0.010325300920145471,0.06484706327319145
446,0.7477095585990029,0.01288804254698076,0.014164236901837856,0.06257178587839007
447,0.5098871132559729,0.003490745580792027,0.0074912319618602365,0.08006107667461038
448,0.9823323276352957,0.0040175840902705205,0.009113523141568568,0.07707669725641608
449,1.0253452918564414,0.010582642204124922,0.008457620620291482,0.07986733969300985
450,0.6032850439862517,0.003810820535559596,0.006709954271125517,0.06367645924910903
451,1.1139495337745162,0.010471908066684228,0.012798871499748472,0.06648402800783515
452,1.670171838959537,0.008984604765529676,0.009877370714700209,0.08305506315082312
453,0.24344140215133056,0.0032819711669439533,0.004995865577535754,0.07832200638949871
454,1.0226631368817118,0.005849668927540991,0.008418893995543523,0.0676290332339704
455,1.0907657672388744,0.007525156813994143,0.01836257197498976,0.06357855582609773
456,2.9745837860562414,0.014746346837261545,0.018901798864476075,0.06815912807360291
457,0.8120034269908352,0.00827515261907987,0.008303781332159529,0.07239933824166656
458,1.0780094234721396,0.009295358934208887,0.010351773998782017,0.07703209202736616
459,1.3406127418252776,0.011209902826595598,0.01690601887700668,0.06808477593585849
460,0.9731561864167227,0.006024954682697858,0.008490693382152395,0.07684169383719563
461,1.3592091366098535,0.015130217296570145,0.01097305578593785,0.08627672679722309
462,1.2211475855881668,0.020395383650263953,0.017861490205028877,0.054155365098267794
463,0.9614811521459194,0.008697769566347211,0.008377960281616893,0.06835183408111334
464,0.08665428043634454,0.007502391138867477,0.00749530103090842,0.04847231926396489
465,0.5861739024329099,0.010360557669198318,0.011892396341460597,0.05664868699386716
466,6.8574387499787886,0.07959896907151623,0.027762466366005028,0.08316943421959877
467,1.4421750494821588,0.016178947533626756,0.013433076493072762,0.07024980382993817
468,2.4265716787375986,0.016849342919093208,0.010826608319493404,0.06727006565779448
469,0.22661889755786566,0.0011993871127615613,0.002635073198279356,0.0643475279211998
470,0.4876955614308595,0.008592282259239416,0.008729308805694393,0.06390904216095805
471,0.936779578334132,0.007182239460828821,0.009883665083534734,0.07047116616740823
472,0.7644352961630428,0.008157897406782424,0.010023426205233754,0.07832647114992142
473,0.393162034020982,0.005377470378999833,0.006439462175487725,0.068445960059762
474,0.8120263391799795,0.005393986987178671,0.010123155822202601,0.07520301965996623
475,0.4611736240228828,0.009507315356307652,0.007511403012011283,0.08040064992383122
476,1.1685392361912306,0.015499009487599908,0.026688286111773162,0.0578415566124022
477,1.1947462396054114,0.008000229235756115,0.010450956190444546,0.06136865587905049
478,1.5651404708910988,0.009770112748594606,0.010644749313125193,0.07579585304483771
479,1.1401495960973562,0.008948438696494929,0.01224633725148886,0.05360495997592807
480,0.48414243774826704,0.001779123737995615,0.0054685067411604305,0.07272869115695357
481,1.9083130956950773,0.00723110476403071,0.009431565894393123,0.0732981450855732
482,1.7356128832396167,0.00947758947977392,0.01657967425551867,0.06349324993789196
483,0.901077794788928,0.01649140611919774,0.01323332111546318,0.07268812600523233
484,2.844752469688036,0.018576404433961177,0.017121692931434934,0.06897949101403356
485,0.6933317060052313,0.004696000981566015,0.003916675647448635,0.08673582412302494
486,1.1905014065450712,0.019648840755716403,0.011854874876332789,0.0610377979464829
487,0.31934226410252625,0.002445934643451399,0.003942143626403921,0.08525489969179034
488,0.4110905176664301,0.007326372050337253,0.00566624816856095,0.064360277261585
489,0.905631704261539,0.004694739252028988,0.010321986459872598,0.07984938006848097
490,0.6357262104861217,0.008415746525615941,0.00812657783224193,0.09111596690490842
491,2.2991189299576917,0.017917000298393295,0.030790061484591864,0.06559110386297107
492,1.0172382629020744,0.013391425206339192,0.01529867092682706,0.06301667913794518
493,2.1862255586311328,0.008876975317954646,0.015335550787321685,0.07458867784589529
494,1.1834477951802256,0.005652210649350472,0.01190730083543401,0.07771339593455195
495,0.38729391281822384,0.0020374953280630124,0.004668496499681425,0.08266767021268606
496,1.1166216417372854,0.007811056499053162,0.009021932114187663,0.06637024832889438
497,0.5086631644350434,0.00397106561366455,0.0051903211474269685,0.09133356902748346
498,1.7210981731025259,0.011418288622039328,0.013167717213919015,0.06741216778755188
499,1.9110635285957505,0.017525584984616916,0.024040666067774594,0.06712570693343878
500,0.2349822775635947,0.003910664372342129,0.003395503347647139,0.15496858209371567
501,0.7609656439464049,0.0053232611926624105,0.006757942902961191,0.051253390964120626
502,0.8109031633020266,0.005513479576241324,0.006883378431404077,0.07355990912765265
503,0.7774410575568538,0.01602564568442416,0.016497275485911938,0.060338822193443775
504,1.3422097065584488,0.00940024929051471,0.00816318186006957,0.060413699131459
505,1.299397274690204,0.01476418605278363,0.013360944727145194,0.053523429203778505
506,0.4074173487390726,0.00777332745184291,0.008791127663487802,0.09355737734586
507,1.900167676763533,0.012992372491214283,0.017853441343048712,0.063545738812536
508,0.2911179554859851,0.006277754309203648,0.005219347712979629,0.0837414008565247
509,0.5518648683015794,0.002521673253553645,0.006741191928183049,0.06336812302470207
510,1.0227195436664185,0.0017038034350931018,0.004416015199453516,0.08433335740119219
511,0.5311440006512831,0.008349326986431184,0.010428846241622372,0.07027674419805408
512,0.276433263076103,0.0021850499569197046,0.00319430139191219,0.0924544702284038
513,1.2730088509641595,0.011256432657610447,0.00885888999225379,0.06424541026353836
514,1.1189250954098293,0.016123805096037766,0.012099427404849018,0.07709588436409831
515,0.40401417995280253,0.011045571174914158,0.010492700226871475,0.061432025860995054
516,0.7449458136181905,0.0095558012239998,0.006306901588731763,0.07534711714833975
517,0.8308685298120675,0.01021022487507619,0.009968500840676848,0.0686772451736033
518,4.291975263264001,0.03562689298166971,0.026458800036705074,0.06886959029361606
519,1.886634152904224,0.011432341650607913,0.015084340262486758,0.08337272424250841
520,0.3870100481585761,0.004246294432919,0.005215588013890209,0.07269074814394116
521,1.36279142374684,0.014280172879827687,0.008008400958731957,0.07015422312542796
522,1.1648183597778723,0.008867539045391932,0.013829445303327192,0.06757360091432929
523,0.7960720018432867,0.006441170461270456,0.009255017233986515,0.06296102795749903
524,0.9182643188586642,0.011732179443475474,0.009581828386326725,0.07359586097300053
525,165.70506804975446,1.0622635939620897,0.3320017622544553,0.05170759093016386
526,0.29219804592459186,0.0031475050604142024,0.004042684817853329,0.07191238179802895
527,0.6311303636027453,0.007011782902816503,0.0057225111385811826,0.07011889014393091
528,1.5760278597877608,0.010799111723203594,0.010950552489578234,0.07638176437467337
529,0.7220607356931137,0.004467592982136862,0.005780990287054408,0.07266860222443938
530,178.45832333064942,0.49771288504879246,0.9835852570726079,0.05714670196175575
531,0.571862576817224,0.00693580210148901,0.00539209919500086,0.09101636428385973
532,1.2800724968577009,0.007075766648138694,0.009751873452191409,0.08069726079702377
533,1.3423433030134226,0.009308274412571996,0.0075375686170298896,0.08462553191930056
534,0.2136555989255226,0.006203087831734343,0.005636671197916237,0.05852353107184172
535,1.6545651060512605,0.010335102972476579,0.0177833012605822,0.05871272599324584
536,0.815442900825023,0.0025136386831201506,0.005143596148840648,0.09474003408104181
537,1.628401528003051,0.008976634627340638,0.015753069698091288,0.046836200170218945
538,1.5923600490378351,0.010024457938195067,0.010343976926605889,0.07462587999179959
539,3.136277302056827,0.02757845599965282,0.03454733658921988,0.05610519414767623
540,0.8099095162226626,0.009012563929591934,0.010696269223295885,0.09226602828130126
541,0.6998941911106497,0.001282085897805766,0.006420189707785687,0.07226651906967163
542,0.19728880704955928,0.0050508314945733575,0.005233505707344291,0.08294611796736717
543,0.8299010576364884,0.004719304047743903,0.01019614038828067,0.05711257504299283
544,1.044113791533114,0.004668447003123179,0.010870925773206332,0.04784354520961642
545,0.8701266889057657,0.008834613496009657,0.009006640861355124,0.0820684009231627
546,2.6225571944233823,0.026468060042912734,0.029328414775447318,0.06260641431435943
547,0.17297584492741433,0.005760492858219859,0.007117913160191015,0.0736970598809421
548,0.7549825556654329,0.017169789603223004,0.017550970035874653,0.07391933305189013
549,1.4205942721312286,0.00538765129342053,0.010688737317335816,0.08760902285575867
550,0.9221851737626204,0.005944443039730585,0.010052851197727317,0.06876948103308678
551,0.9482672302408386,0.007319365281697645,0.010758822050644693,0.06947674276307225
552,0.3444130600310419,0.004512358127976293,0.004615837506232338,0.0907669379375875
553,0.3189013909315476,0.007863576593639465,0.009516633092247064,0.06732837203890085
554,1.0932768271979938,0.014739851438691682,0.013696268614023724,0.06324607692658901
555,0.4332524401449739,0.003740623171633826,0.004719938037175259,0.07788265915587544
556,0.5188686049734331,0.005469512133552358,0.0063538657253928744,0.08673865208402276
557,1.220598534010726,0.017295225885110253,0.013058053244701611,0.07187274005264044
558,2.3242927267820925,0.05610394461129019,0.05725098751110907,0.06354135507717729
559,0.32576317382331543,0.006945835999115942,0.004215374390575931,0.07443066779524088
560,0.5515719919501116,0.007735296068512769,0.007807251418764248,0.07975007966160774
561,1.2425396542216525,0.007172990775655647,0.013444575638507561,0.06487351329997182
562,0.7709436909404171,0.01020235432563447,0.008939569902599904,0.05205179704353213
563,1.6918521722871425,0.016246593682232732,0.007676945311732785,0.07721603894606233
564,0.4160329493802885,0.007338783864435729,0.009661349146551377,0.07369375508278608
565,0.6239694681194224,0.006227309248178044,0.0053638741218086546,0.09840146917849779
566,1.0115153186393697,0.012892124652312405,0.016251956422538533,0.0625217822380364
567,1.112792339474702,0.011165144103835643,0.009031151925590791,0.06384471338242292
568,1.1603429758859651,0.009448737788664023,0.011046484245236222,0.07998431520536542
569,0.7212319720170262,0.00873690815443467,0.006710786797106741,0.09696213901042938
570,0.6667351674945537,0.005774378266624226,0.008276567985836179,0.06093499902635813
571,0.7683734458098301,0.0026423146404618756,0.0071204163799903145,0.07341513130813837
572,1.4491059661398533,0.027967419513336155,0.018860132695545907,0.06549760792404413
573,0.7174830546198023,0.006499603884447362,0.008268033630110186,0.09383670287206769
574,0.7260840426354445,0.011477469287084294,0.009959670191841321,0.06671570800244808
575,2.520759657431915,0.01676955687605301,0.01640895086557964,0.07462178170681
576,0.4506342018707438,0.006935610466033879,0.007369916452148812,0.07201363518834114
577,0.6976942681418113,0.006843228270474288,0.007355651719246775,0.08474301965907216
578,1.2007757847570495,0.00888795529413204,0.010603916906597542,0.06011365680024028
579,0.8590543924571497,0.002816181066637708,0.007722436180476281,0.08425285201519728
580,0.9564962209394935,0.012263103773655928,0.011331110035538643,0.06875497289001942
581,4.314919618755572,0.018268829408865605,0.02063581677038922,0.08021909836679697
582,1.257824394147414,0.012829442878971857,0.012895605310582195,0.06932634022086859
583,0.30440280514942486,0.004516936933127526,0.004563262880925041,0.06510485615581274
584,0.3064803376915624,0.00796085353929805,0.00857924199909091,0.07933397684246302
585,0.6364487176243663,0.01348745062646465,0.013092556583789442,0.062216059770435095
586,0.36592769439686107,0.005990958110044633,0.005115224567497498,0.07638323400169611
587,1.356917731191243,0.031105551967330353,0.03697216446726243,0.050932904705405235
588,0.4042138989840884,0.005232077752607663,0.0066430699191501776,0.0821340479888022
589,0.6528968595474284,0.005934156043486652,0.007107770683945309,0.07875237613916397
590,1.2415086313418677,0.008768683583667941,0.013900138768954236,0.0722831510938704
591,0.4272124313587507,0.005908006946247751,0.007070589734803553,0.10826087417080998
592,0.7865839901267185,0.006742593260196866,0.007280459915683637,0.07132785907015204
593,0.6937226390772248,0.013695272882513763,0.009932545811747752,0.0718597681261599
594,0.8397567157753085,0.006715109168178103,0.006618861156136091,0.08652620296925306
595,0.571722557087688,0.004989944727891173,0.008678653442445177,0.07486068084836006
596,0.660423950685459,0.002980856988874609,0.006900764497963447,0.10288444301113486
597,1.2408722087523893,0.0073004464706470495,0.011252504902961183,0.06367462081834674
598,2.8226199554279248,0.00592219943060098,0.023748601269042522,0.07958862092345953
599,0.9875653327294999,0.003664629663869457,0.00876495629275767,0.06932775303721428
600,0.2608988476247413,0.005612538717426481,0.0071325488962680605,0.06759041175246239
601,1.2014017932691508,0.007090597434729897,0.01156686990264461,0.07109780702739954
602,1.8635390416576778,0.010948643501896789,0.019612786596661557,0.06922134943306446
603,0.5657074751241221,0.00895735849845719,0.006132831008345371,0.06530622905120254
604,0.39071071482831365,0.0038128045783763858,0.0037992800074923045,0.07870446937158704
605,0.5697266883226497,0.002710979612810105,0.0058174819781498036,0.09560607373714447
606,0.517786424218556,0.004195857797256555,0.006100393309282882,0.0704331980086863
607,0.6235838184955933,0.005263124196743299,0.005518391907646851,0.05818071588873863
608,0.708300658861092,0.002764317477591751,0.004542166436104496,0.08729745633900166
609,0.7646302921777575,0.014554564419340272,0.010433087779235206,0.060547318775206804
610,0.8047272942103346,0.010946273519971924,0.009296945242647969,0.058525959961116314
611,1.9003034906036997,0.020084473602405933,0.012585694227080765,0.06889238907024264
612,2.810596217591732,0.020226813797347268,0.01131572443026877,0.09475907497107983
613,1.4420451837094217,0.018798275886719274,0.018195178909811212,0.05427093291655183
614,1.464481668932756,0.009079360338179755,0.00953288592387227,0.09380548726767302
615,1.0579842151892138,0.005272608963992883,0.009163573903714712,0.07117519900202751
616,0.7766503746137745,0.009988066280424993,0.00867133569266846,0.08912917319685221
617,2.371462092367286,0.06305293269100672,0.05060769897518229,0.05228276131674647
618,0.8163411360449525,0.005859344599607293,0.006507776824132569,0.0696287751197815
619,0.7160775667098115,0.006122453529043335,0.011219540174324291,0.07809695601463318
620,1.3152379416660975,0.019532230919423577,0.01607294297203193,0.06945121427997947
621,0.4796336899472121,0.004190393285022037,0.005108300667625488,0.08012423804029822
622,1.631189544208326,0.012149934839107918,0.020749576391193934,0.060258185025304556
623,0.14254576823668424,0.004465197791592832,0.0036616676601242677,0.0817649899981916
624,1.113668912165318,0.017594243152401462,0.014044641072052996,0.07022355729714036
625,0.3371372120761904,0.011797073718836901,0.009798504007491174,0.08793536713346839
626,0.8078809436324143,0.010487743838123812,0.008801404516394879,0.055066054221242666
627,2.1043923503631983,0.019995074262030607,0.019667293782071674,0.07669329084455967
628,0.8055504497616347,0.006715755510380554,0.011443875033456613,0.08378142863512039
629,1.6097557532144608,0.01629287782764641,0.01167617673009687,0.05012585502117872
630,0.34435885194748506,0.004775073244115493,0.0034635159291190884,0.0881022890098393
631,1.0159249747663985,0.013360877024958388,0.012124539171637607,0.05273082107305527
632,0.9646719149723703,0.008221037673478836,0.008390061903636508,0.08087834110483527
633,1.3635358883039488,0.010972944787430225,0.011165771832706305,0.058571601286530495
634,1.6963048761860362,0.007843800173109613,0.013597626084618578,0.07441824907436967
635,1.4076419613430264,0.01811795301349294,0.02759973234342742,0.06455067964270711
636,1.0143934462246251,0.006224645943789876,0.007632008645875784,0.07418739283457398
637,0.4759480731416427,0.006256480778976658,0.006264798990699408,0.07858727313578129
638,0.4698387367219243,0.007253815794093358,0.005789321480225909,0.07320582820102572
639,0.4275012576111494,0.007728324837323323,0.008358141768191009,0.07476283702999353
640,2.0904483760925916,0.01703115321160367,0.008816874928969178,0.07944443821907043
641,2.5208476975382013,0.01661341028500096,0.010316924021956924,0.08295732690021396
642,0.48145147856705534,0.00813786297009851,0.00868966808714391,0.06660693092271686
643,2.4397821019842367,0.02051291289040539,0.0190245163009771,0.0677915420383215
644,0.9763975322004734,0.011064826649518569,0.007518597863287707,0.10458618635311723
645,2.5793197852760437,0.009940316154803933,0.02060268892781758,0.07571777701377869
646,0.6500572853777279,0.0047791523706240385,0.006560639008282581,0.09297200432047248
647,1.4765401534432023,0.010869486710713732,0.009761522768481329,0.08230822021141648
648,0.38279849451547604,0.004424594846210161,0.004309320540656372,0.14634174294769764
649,0.8719909592534391,0.01189955949385416,0.017817186965914236,0.0552738499827683
650,0.8077027112818722,0.005065581100034122,0.009343076465675169,0.0737249031662941
651,0.5020623671243754,0.003991831853195908,0.005802933949667614,0.06526465620845556
652,2.4763186897370795,0.02705956523936949,0.01584537579827709,0.08602805994451046
653,0.6411596962056173,0.003831366537581218,0.006466135359775983,0.05336384382098913
654,0.6600784701953692,0.007494591149553917,0.007909169559838983,0.06539461994543672
655,1.4848576458687421,0.015489163711751805,0.013837033231129368,0.05172572284936905
656,1.8723713528980082,0.012383395686119028,0.007732111502796722,0.08269114186987281
657,0.8805341245929412,0.0032196284875219607,0.00936769669980249,0.07854591961950064
658,0.5862415036762315,0.009519324025403389,0.007372728806960198,0.06439517717808485
659,1.1870716207742293,0.01950675904805992,0.019785966542950433,0.05671642115339637
660,0.3701388791219823,0.005606696163949912,0.0048412559207168925,0.07787749404087663
661,0.4962911533969933,0.008267710253103069,0.008444107453361402,0.053963401820510626
662,0.6106882889808549,0.00928444554079573,0.01170574252731532,0.06974209798499942
663,0.8953205235322478,0.011773478743793767,0.01167722021312548,0.0736894616857171
664,0.9657842240639751,0.009038605329425325,0.0042607865128280065,0.08195852488279343
665,0.8267178587584838,0.0049793876225958265,0.007251590625426892,0.07260729698464274
666,1.7064797030834604,0.015974220995967545,0.01860464729082225,0.05118362372741103
667,0.18229070533571196,0.0034224721661634135,0.0039564210011430985,0.11984995286911726
668,0.7812625653044188,0.004243426936553972,0.008297470092074714,0.06632641609758139
669,1.1443195257383674,0.019171320741076168,0.013076479446474588,0.06636578310281038
670,0.7098287876640431,0.002597685314421716,0.007767132841848197,0.09174906741827726
671,0.9994761214573006,0.004875501803067388,0.008824854678259044,0.06073761964216828
672,0.5463917195598148,0.0041653255059161025,0.00542468293042987,0.10368647705763578
673,0.5168132735989416,0.0053624361697592465,0.005577864603071571,0.0675978478975594
674,0.8564142427756745,0.011453724013599342,0.011311237727301271,0.06823470117524266
675,0.7794264864255651,0.013432090995114013,0.01136355419192143,0.07296971883624792
676,1.7678081384102127,0.03607653733367052,0.025395922122770125,0.07321594608947635
677,0.5882869645602002,0.004325825120254012,0.006970136221403255,0.06226986087858677
678,0.8483045731813934,0.010925874127536447,0.009964044437594454,0.08469456993043423
679,0.6383185186443352,0.006573524859966488,0.009559041301212594,0.07211139379069209
680,1.108417177420586,0.00958647117665355,0.00858223401747191,0.09095026599243283
681,1.4143281762685873,0.004052303092911423,0.006270209197136815,0.0561582250520587
682,1.112486022154051,0.0068886709822158585,0.012051305583892962,0.08447724906727672
683,0.5755211361933946,0.005064997885135856,0.007011132749586304,0.05519931809976697
684,0.5533067357715902,0.0033654734070452416,0.006061437038769375,0.10745175322517753
685,0.5822746335811179,0.00588451152782965,0.006623973203984601,0.05462132627144456
686,0.907941027043259,0.006686798176141313,0.010032536709385809,0.07335224840790033
687,0.8938685208525718,0.0031001933976747297,0.00878272626608382,0.06697044288739562
688,0.8259364322712213,0.00729725785939258,0.010021467637882333,0.08171722991392016
689,0.5567744709091235,0.003067668647951261,0.006427508177078307,0.06604303838685155
690,1.032178798060056,0.013675844205321029,0.009794601555055663,0.0764031121507287
691,0.6000783993346569,0.004439234101925179,0.007035664431144784,0.07995189679786563
692,0.7262077190680161,0.00964193151064262,0.009012664049441737,0.07578577799722552
693,0.9177923101588832,0.01139592132577516,0.00640316951743136,0.08183281635865569
694,2.5076559934489118,0.04347775945154438,0.025379764750973408,0.07255904888734221
695,0.5599594051302461,0.010741405746900145,0.008980955900135324,0.07460535131394863
696,0.6981436633952294,0.01766694102284656,0.016312963164067384,0.07514721201732755
697,4.575814481017485,0.033458507209151264,0.027287250206214794,0.054115437902510166
698,2.507877191259003,0.014503142326847348,0.01407787340828485,0.08309254888445139
699,4.431414729376273,0.01755517998955835,0.03014396577390658,0.06909650890156627
700,2.5396017376018203,0.01889753693296601,0.01616899790355673,0.09247318794950843
701,0.39944004807304184,0.002416179506698607,0.004021342964278597,0.06770939519628882
702,1.5634138023931097,0.01393751028383607,0.00822450036118936,0.07217081217095256
703,0.6695774328596771,0.008081464751390212,0.005551992921300545,0.10941688809543848
704,0.8766167958685139,0.006046604847587982,0.008736445787345608,0.06257326900959015
705,1.0907905461862915,0.015717427292780292,0.012273254754788297,0.0733997942879796
706,171.5173551933423,1.006877663253598,0.22568866445726374,0.06040370278060436
707,0.15381167906671622,0.012785437263500924,0.013304352234039307,0.06572587182745337
708,0.5675894419510003,0.011657197076730368,0.009508185228553186,0.05315819010138512
709,0.8748576434130726,0.00378813668095443,0.010354571474099124,0.07179969269782305
710,0.8320825871991838,0.013800907359768003,0.014908208640188601,0.0698993168771267
711,1.0230571971854296,0.01698655795558029,0.012462361947036833,0.06911901198327541
712,0.7339653343019098,0.010235353653737603,0.011245685276480757,0.06828700192272663
713,1.3122462334131273,0.015320947289096706,0.01830590921266071,0.06368186138570309
714,0.4595976503890993,0.00877801894231651,0.008048049632862061,0.06990531226620078
715,0.3382053564670841,0.004293369778095266,0.005298721787170881,0.07289292803034186
716,2.8673150188165724,0.01988407520459857,0.02048663745049408,0.05326823377981782
717,8.641356966759934,0.04035070392330249,0.04239981123508127,0.06793939415365458
718,0.5074084177431457,0.00403572033388895,0.004091782066135287,0.08873000182211399
719,0.5807175429611501,0.0040852850720164875,0.005803581768089342,0.08285892708227038
720,1.7583787177691401,0.012921289314778567,0.014713580504814567,0.06918433820828795
721,0.2631923960136635,0.00471355285886708,0.004082739462365681,0.08621578477323055
722,0.7385884925163775,0.004683931979616595,0.005485050240296305,0.08530352590605617
723,0.19648840024333583,0.008491017998893768,0.006732334705068649,0.07903836481273174
724,0.920509798983553,0.01995411894486565,0.02740968472497543,0.059761741664260626
725,0.690517158412373,0.011427070046605124,0.011551060899099429,0.07967783603817225
726,0.49582600407306,0.007722807558217079,0.0070579290826630215,0.060841886792331934
727,0.494912132634571,0.0033670413125812754,0.006431143777252826,0.07657859660685062
728,4.078378559239212,0.033100959574830106,0.027686735647924034,0.06675598211586475
729,0.27443043319973737,0.004768782898360691,0.004094348927800539,0.059952798299491405
730,0.4058206172302981,0.004639457821783917,0.004086267142096869,0.06467510666698217
731,0.5032141621981776,0.0025707382601451124,0.004898326044490993,0.08555597485974431
732,1.3114761916194462,0.01600299108352424,0.008339466044478227,0.05691405665129423
733,0.6210985805132075,0.006972873819751902,0.009365701968091606,0.08951918175444007
734,0.5971936844946936,0.00881540580416609,0.006922180232500154,0.07639090623706579
735,1.7857611151690964,0.014941713909992155,0.015605341506482176,0.07355064200237393
736,0.4734505654737873,0.010839853641765217,0.0073538593676564954,0.07511802297085524
737,0.6329186556261609,0.006055437517450194,0.008890070131355681,0.06387568265199661
738,0.4827825176737055,0.0020109426633995644,0.005004961436652527,0.08393259905278683
739,0.9326034381409583,0.011156555811768772,0.01474819382815284,0.06533373426645994
740,0.5299554768066065,0.007181116558935561,0.005510156488452125,0.06825059279799461
741,1.9793602662705805,0.0038295545681620697,0.016641443394177287,0.0642662113532424
742,0.9677665924076256,0.005958283494158395,0.010390168797181583,0.11319996137171984
743,0.31207142732686904,0.00818177296533156,0.007329792982926132,0.06740568578243256
744,0.45002511856403876,0.008187482324899272,0.004763882086727752,0.0868546012789011
745,0.8069430814643621,0.009066948364000838,0.010044318051105918,0.07626766199246049
746,0.6083600821326152,0.004201254399074723,0.0071045689918681045,0.06928927777335048
747,1.0109617020468207,0.010442536365255474,0.013368269373572444,0.07531252223998308
748,0.38489259086590394,0.012159231349554756,0.010827725120954017,0.07041207095608115
749,0.8186332464015675,0.0034153933370728736,0.007268991956827212,0.06841101590543985
750,0.9315026980102952,0.004907887095964752,0.00923953283619136,0.052662129048258066
751,1.4671458615007442,0.009336829875249609,0.013472284947904345,0.0737578272819519
752,5.114735614657465,0.05813841297454771,0.031058530363496987,0.07889658771455288
753,2.066447676025356,0.0337894256382341,0.021145753726976774,0.05672039836645126
754,1.170247470336467,0.008359681228325358,0.009779316949664042,0.07276702672243118
755,0.9410622926021293,0.0043974746757601555,0.007942129122730374,0.0716179539449513
756,0.5865026650537913,0.010402783245158292,0.007917441700409008,0.07562741311267018
757,1.886740943046365,0.008297667394457139,0.00975989508774584,0.07232201285660267
758,0.6707629020993093,0.0050937581898273035,0.005624096524232593,0.06228624004870653
759,0.724941808817367,0.010043372437767295,0.012570918478663397,0.07401253329589963
760,0.878787864351621,0.0070573881823763965,0.009459479054476954,0.08188162324950099
761,1.1445325561334665,0.0076593199778922354,0.012134450423224074,0.06530326697975397
762,0.6013247228927062,0.0034647800600782924,0.006705064911678688,0.08727386919781566
763,0.5565216190171249,0.008731490075860222,0.005913285427722734,0.061458713840693235
764,0.4761441681178659,0.002431644522482375,0.005927630878381401,0.08469788217917085
765,0.3412394824313642,0.0033066874889568316,0.0030996853103958232,0.09126610402017832
766,0.4003346083813768,0.0031838406880627065,0.004025430291996293,0.09329625219106674
767,0.5533071438784463,0.00839116101462129,0.008113157573267537,0.061585540883243084
768,0.9713344102991093,0.00937786798077445,0.008729661257943097,0.0750593263655901
769,1.3807275678681972,0.014426807576276792,0.017924940954161774,0.07024754583835602
770,0.5819879253023379,0.006792465955242013,0.006341560701826069,0.07230560667812824
771,0.43955336345887847,0.0030755175282955673,0.00550768730926746,0.06965492619201541
772,3.3652626062635402,0.024137260752958807,0.020089366305289638,0.06345382099971175
773,0.8273084204450631,0.002520222364087873,0.006924128227570834,0.08898479817435145
774,1.4853368090011878,0.013716270573625977,0.020185908947674712,0.05778245674446225
775,0.5614167126442089,0.009997984841989643,0.005810063316159391,0.07145548705011606
776,0.8082064957547285,0.016949455113139947,0.01023409988526829,0.065260523930192
777,0.8542168198489909,0.010087260307270873,0.007093534846391645,0.08014459582045674
778,1.5862724885905286,0.008520597448355148,0.008847708060650702,0.07110311929136515
779,0.2907785943666263,0.0066954562602974015,0.005710476484754747,0.07496878411620855
780,1.7081095781165145,0.003858347578089296,0.0219334759160103,0.05755127500742674
781,1.538179398283951,0.007782426337532087,0.014075731091488838,0.07707750331610441
782,0.5908180769396065,0.004645743051587785,0.007591128647609423,0.07770889578387141
783,0.2819665850213987,0.005728182133142776,0.004718073654118214,0.06316165393218398
784,0.7060110874450044,0.004532356477372754,0.010276795577443376,0.06706131901592016
785,1.1208332024788854,0.014321378892227466,0.013904637266744074,0.05734791001304984
786,1.9406791341642005,0.013527131504253321,0.01190324345764848,0.07165942201390862
787,0.6177689111366056,0.011981193113837302,0.009929245050169547,0.07596020121127367
788,0.44987662124347233,0.007390312231158582,0.0060744300024490605,0.06809678627178073
789,0.8676809137745092,0.008873000807274921,0.009358311121108968,0.05780558101832867
790,1.1483382188698175,0.0052924395895003465,0.013332518349891484,0.08494261791929603
791,0.41249501783679926,0.006699719138824489,0.007479595399123792,0.07954478031024337
792,1.161706040371242,0.0038249490881395345,0.010659182199750586,0.08822237094864249
793,146.84116821715418,0.3147678962452411,0.19307991462186241,0.06994702108204365
794,1.998493528541901,0.016141842680349638,0.01603806673590296,0.056897365022450686
795,0.7247741408376597,0.009051463439748346,0.007152858905193319,0.08066944032907486
796,0.2795632712611846,0.00548275244528322,0.005687677115067707,0.09281775681301951
797,2.444736354208942,0.02929507371023365,0.03970919644734271,0.05701108695939183
798,0.6656756305171863,0.0031899596041704043,0.008485271864325518,0.11606834316626191
799,172.32619605514125,0.6788972821917467,0.8763788139650314,0.05060239601880312
800,0.9059726172063788,0.005005864461972866,0.006386432176843411,0.07287037605419755
801,0.9132471985560249,0.02227256080542283,0.014937703354210827,0.0649344832636416
802,1.881356818503578,0.018770778845258983,0.014620839035723952,0.07336747972294688
803,0.7290355678131173,0.006692743960963888,0.00565373383738428,0.07205019099637866
804,0.2760814470892756,0.008078254290580445,0.008285210624898938,0.05755804292857647
805,0.9652216111163698,0.004295524572710911,0.008790799435704957,0.06490058498457074
806,0.10013867480680483,0.005547320603356031,0.005111668571375347,0.08194812526926398
807,0.22727363059316658,0.005622955750711421,0.004620206132771765,0.055810175370424986
808,1.4779127099817841,0.013164519720566268,0.015726158260617743,0.057606077287346125
809,0.5827304075212936,0.0039642382671229645,0.005917439769873631,0.07462466275319457
810,0.303002165044394,0.0022709886652899315,0.00337540637795569,0.08558633364737034
811,0.800451823465246,0.0096792666890221,0.0057603132627571385,0.055127298925071955
812,0.13964778287803006,0.0034880086912827354,0.004277404021329486,0.08767717191949487
813,0.6624915826978975,0.004250454422561871,0.005704858908314278,0.06956070102751255
814,0.5520937428102504,0.006471815824833599,0.005314991971401267,0.06308398582041264
815,0.3047295202003398,0.0074180124519343735,0.008519907783822467,0.07948980387300253
816,1.0184025807600305,0.004032521076796539,0.00749070892627735,0.09044490894302726
817,0.3389379086867314,0.006067562104390556,0.006043791609765852,0.07024073833599687
818,1.6760455793895437,0.029664803619891326,0.018544663816893264,0.06660704081878066
819,179.96808807682933,0.7928994240188997,1.0121441635908361,0.0547933503985405
820,1.7780819927201834,0.01609612705249517,0.016737778374652228,0.05285292072221637
821,0.44774264264808666,0.005417996128193453,0.006850450931625371,0.08618049928918481
822,0.6392801924996732,0.007686556024784169,0.005691112260994917,0.08100797515362501
823,0.958708948073059,0.010935990616297662,0.01027556731196468,0.08491059159860015
824,0.8606239650390294,0.005529494306973221,0.009037378950442067,0.06658635614439845
825,3.6629579853062832,0.06266550012678436,0.04702473887069914,0.057539240922778845
826,0.3977292814124088,0.007452173910639057,0.007114040253614825,0.0642175106331706
827,0.40626934955632926,0.00391452436470527,0.0054892542792838745,0.09043512307107449
828,0.38204061071075324,0.0009916244891986872,0.00383502758456438,0.10035303514450788
829,1.6748821065129107,0.0031852108234473797,0.00942477642431413,0.06724204402416945
830,1.4159403705842861,0.015497235460702228,0.008213842846969315,0.06762285996228456
831,0.47400286365231564,0.010034378285805208,0.008556993812461161,0.06983857788145542
832,0.4180624875383549,0.002541421889332099,0.004229716098140864,0.07969692489132285
833,0.5522266466138522,0.0029266336212914494,0.004980291878479437,0.06498520029708743
834,0.3388232918452076,0.0067127689479759365,0.007872959102546985,0.08358326274901628
835,0.8460491676527939,0.0034230090102445113,0.00605046441162501,0.06748568825423717
836,0.9690884577566636,0.006091792698714812,0.011251093744306195,0.09231005143374205
837,0.38429485201348146,0.00553893265049678,0.0067144531574531326,0.06764272507280111
838,0.2852572523684548,0.001825439936880987,0.003817973465110907,0.09008261794224381
839,0.5503672092540807,0.00671846821894428,0.006253501407279771,0.06289082579314709
840,0.4354484221068014,0.001892376709121101,0.00457111125752557,0.08236992824822664
841,0.5619819117210315,0.00849468079931068,0.005736822154889385,0.07574299862608314
842,0.2748357621666858,0.006503984863442712,0.0069754755243068975,0.0793910906650126
843,0.6496818056235643,0.018279283750132543,0.012542755059057494,0.09800568781793118
844,0.33636543564289095,0.006377283222823953,0.006670198012507869,0.05846374295651913
845,0.7207991373926338,0.005483501820717096,0.009101988734672682,0.06323648430407047
846,1.195074552536508,0.004221382919620527,0.010073710266502627,0.06221331702545285
847,1.1620598856513555,0.0018850977691192,0.009334311195115946,0.08624147577211261
848,2.157745860228865,0.006150919208920559,0.011700265925081409,0.08827116806060076
849,0.4385079818921599,0.005156252417428579,0.00589674948506993,0.0738468999043107
850,0.5043033628164498,0.005341085075997089,0.006180208919821552,0.064763851929456
851,0.6116542512349088,0.0042175494751202,0.00676181530205974,0.07241867715492845
852,0.8368759286186526,0.00655848569870378,0.008402394330059642,0.06878608418628573
853,2.9774283196553974,0.02747925149803465,0.020658117138204958,0.06674514478072524
854,0.7325043609465735,0.002566617379430278,0.004818702697991443,0.08571581309661269
855,0.18452778033742268,0.013824184252261269,0.014088891969466466,0.06489967228844762
856,1.6288185484184123,0.012778900969479987,0.010755657670928606,0.0662064179778099
857,0.4273155724228867,0.005648445512353388,0.005527392124012502,0.10349809098988771
858,1.1214216917299396,0.0014475662228585736,0.010081407791751394,0.07154018199071288
859,1.0548550120201832,0.014115454376021202,0.011869305870181906,0.0696035330183804
860,1.2871045513568318,0.010372418087465645,0.014766577072111011,0.08508649095892906
861,1.748255245065276,0.010594019685616077,0.010037451638760377,0.07938819425180554
862,1.5987702887025999,0.0073626287652669535,0.011435273488161804,0.06710823392495513
863,0.47217181239052525,0.006018776275803917,0.008065763748195379,0.06174991140142083
864,0.39552200760128303,0.005074527762749253,0.007484288994487458,0.06378634786233306
865,0.6841060767296476,0.006258325767083578,0.007066715107347293,0.11165755707770586
866,2.0702496406248283,0.017412314643423646,0.01493908620936903,0.05575935589149594
867,1.2640635130739362,0.008762531756513384,0.011104564430566526,0.07665162580087781
868,1.4050807668330958,0.005984898114486471,0.010911560510678575,0.08990985993295908
869,1.230195746252357,0.011306579423462648,0.00920669209677574,0.12442914210259914
870,0.7893757074777334,0.013859035725779402,0.009182269650375541,0.05852470500394702
871,0.24701074476282392,0.0011159335159140514,0.002160149058581334,0.08361073955893517
872,0.8521251570077051,0.004837359120202757,0.006886313581677397,0.07979403622448444
873,0.22038999915562463,0.008634562205939828,0.0075212093947622455,0.07385544804856181
874,0.13534210889131743,0.007608748642352812,0.006940640214542093,0.07727540377527475
875,0.4766921150090677,0.004877829756305049,0.006100942988382329,0.10287253418937325
876,0.4106695946064103,0.003311282879208755,0.004825517845747122,0.08303341595456004
877,0.8117527568080294,0.004764141629675019,0.006598867714067804,0.067764594219625
878,1.3500203826601969,0.008432458251486318,0.01042377950225465,0.0753224529325962
879,0.33246128769805555,0.005085137406969215,0.003927533080480575,0.06686583207920194
880,0.6187201287488356,0.0045106316453962765,0.006244378601269318,0.06901723518967628
881,1.357402592646714,0.00509031981101656,0.01025808190758314,0.08363245893269777
882,2.6597898251731036,0.024335299868994482,0.027022659137803506,0.05969492392614484
883,1.8792716369417017,0.01781659940072814,0.013133583924244956,0.06663110898807645
884,0.365980426981509,0.008687921890987622,0.008317532921771089,0.07973227230831981
885,179.12401942777683,1.3540515003511542,0.441073826563247,0.06276801135390997
886,0.2967474839434832,0.0021517405136813753,0.004791707393223793,0.07596610207110643
887,0.6858613769784748,0.0029145583107607,0.009127358236599967,0.05499257007613778
888,1.8941761272626385,0.020709071006497864,0.017215596821968358,0.06836309423670173
889,0.916304565157241,0.008317984829471332,0.011663297929837077,0.0720367468893528
890,1.2610479799518581,0.006183666389871454,0.011446668583343329,0.07725477311760187
891,0.5848359636972876,0.0068037923984226095,0.0057578500047306275,0.11420210916548967
892,2.2313425212987505,0.016215434746025808,0.021437043701604794,0.08433336345478892
893,0.4570828228763694,0.006317062034678018,0.003585523966686088,0.05676842015236616
894,0.571368492890002,0.0009878577853407707,0.006043552067513494,0.05968115199357271
895,0.7681117345912907,0.012517182487599591,0.008773942667753571,0.10582607798278332
896,2.656272809203672,0.016593356817247995,0.03157220720598177,0.05712631903588772
897,0.4569660492993593,0.007787610031384822,0.006887611476154508,0.10476754000410438
898,1.115947226873479,0.013776095103432423,0.019611703654527857,0.06378479255363345
899,0.9296127795432575,0.011095610896329775,0.007469114357774443,0.08333623502403498
900,0.5337948165928107,0.004402628814434282,0.003499384397461487,0.12250768905505538
901,178.21119975108482,1.0074414851075317,0.219101150330285,0.06484522810205817
902,1.2153786792020786,0.026086142865151686,0.021935057112872827,0.059858583845198154
903,0.8629479969303652,0.009856751763244808,0.007781648349818035,0.10334606096148491
904,0.9886469677062205,0.018408837119189767,0.01166548757839861,0.0720282020047307
905,0.6980753970846294,0.0046375302288356405,0.008581350578959453,0.05603128718212247
906,0.4620968663102593,0.0067880875252314555,0.006262766226256332,0.061540656723082066
907,0.7137110000133146,0.008817733535485142,0.007266526548896405,0.10386111913248897
908,0.6591798440460649,0.008845469129947886,0.009441194438491828,0.05032463185489178
909,0.8942014520556952,0.007190623291898879,0.007296397854737528,0.08740383107215166
910,0.3967594214809938,0.004569231747948517,0.004317994732331433,0.07398129533976316
911,3.404186993401281,0.02697984369056601,0.022112482710155233,0.053676809184253216
912,1.3747341869079532,0.006031698062801951,0.008263871334628619,0.06436132080852985
913,0.9622766705689918,0.01180448059631758,0.007749342928028193,0.05403118208050728
914,0.3868024905629475,0.0067358624798742614,0.00940993851279646,0.07265632599592209
915,1.0593557313523931,0.018920542450073078,0.01873272274025962,0.06895928317680955
916,0.6855430886193107,0.004199967912813121,0.006878901522076364,0.07034720992669463
917,0.5553501915735403,0.007754970360183273,0.00509744624299973,0.0808712700381875
918,0.8020188777091836,0.014347051693955008,0.012980079972785705,0.06571353878825903
919,0.2120351336001166,0.005570335927073644,0.004879073586507654,0.0775143182836473
920,0.8930925246703982,0.006852718099954428,0.00939042027042491,0.06278055300936103
921,0.6439330398465706,0.005798618754963179,0.005387050920865517,0.09227599203586578
922,0.24380998560074685,0.010847346621475707,0.01047162664927085,0.06836776807904243
923,0.654333497256721,0.005330095984721644,0.00788419583757185,0.07836613897234201
924,1.540609044334665,0.01783860030169041,0.009226168433693484,0.07229305896908045
925,2.2284966320519413,0.01671796561203191,0.01432262177286332,0.04609733307734132
926,1.2077729882241495,0.0095992291467541,0.014213043209455045,0.06665616715326905
927,0.781375449230388,0.007774730279364572,0.009197904973145715,0.09958049189299345
928,0.7475757252991976,0.0013640461314024977,0.006483282480363935,0.0841811909340322
929,1.6636427858622866,0.011242703945384755,0.010971257707617308,0.06766502093523741
930,1.192175449775183,0.019087213274420475,0.014511203515432254,0.06890161475166678
931,0.6664173985764205,0.0027156914848406044,0.008008128504259339,0.0777625422924757
932,0.9331793725767323,0.006257080502161172,0.005865343365850714,0.07350316597148776
933,0.4872963454608099,0.012850636856225603,0.01552913146139461,0.061525977682322264
934,1.5067470043426516,0.01717525299358496,0.009980211429643532,0.08235336281359196
935,3.997486955608369,0.006990284348989015,0.02393654647350916,0.07832785975188017
936,0.9730791170051938,0.010548053267298843,0.012658823856820264,0.05041904095560312
937,0.6637369757687995,0.006987458409548906,0.005967372471847096,0.07857602322474122
938,0.916974353412228,0.01173124901838904,0.006850954133482895,0.04152581887319684
939,0.5166228588018938,0.006278517255736007,0.0053707354945827755,0.08797024888917804
940,0.8292280789929309,0.008809714823771277,0.008854018252677794,0.0759190903045237
941,0.7172556180662099,0.004560080032405697,0.007384637898032707,0.07083638105541468
942,1.0164318327716722,0.014185432305279137,0.008727397934614923,0.08716861298307776
943,1.4942045544557805,0.009752528856992683,0.011771665434039907,0.06610356690362096
944,1.515764279925737,0.00621034298213754,0.018923004067246736,0.06014913506805897
945,0.6153351410828933,0.007484188547358574,0.006284332821688435,0.06929435906931758
946,4.390120424556495,0.015317386744188732,0.04087687793497874,0.07950420305132866
947,0.48586556613722925,0.010500055004685586,0.009529875514459829,0.05453722784295678
948,1.5462974445509952,0.012224168832777355,0.010479785555720055,0.0956907463259995
949,0.4632678681177308,0.004811313129081433,0.004352100512510446,0.0663963002152741
950,0.3263055406131264,0.0060116777626504,0.006827637410138501,0.072311881929636
951,0.7413692839786096,0.01068553982435278,0.012469309877787165,0.046708894427865744
952,0.5639672008134191,0.015450909230149096,0.015396040898724643,0.05440049897879362
953,1.189863308963939,0.020652894226396032,0.019791862060892056,0.0732496720738709
954,0.9510032699892418,0.01019659818225777,0.012626017243634081,0.06211010506376624
955,0.5446617544868757,0.008508774033682368,0.01084920256743212,0.05857137590646744
956,0.5753467131039698,0.006094161284554035,0.006327629038244519,0.08896205620840192
957,2.345308342004489,0.016093650031238204,0.015390526492250646,0.07637290330603719
958,0.2569434645522897,0.003131878832498826,0.00223184592675398,0.06109462585300207
959,0.7409546574289654,0.006686899027141066,0.008906345228800424,0.06534934788942337
960,1.990118539088278,0.01724635218684715,0.023090874162989567,0.06052576284855604
961,0.4906627816021815,0.0033650710748404657,0.005325359798259084,0.08971729874610901
962,0.8178772319794664,0.007591505293164482,0.009157346561714725,0.09013923490419984
963,0.5318611590655906,0.0032987385931139987,0.005687839791990347,0.09429932804778218
964,0.39912492262125915,0.004770524821365673,0.00498286997249005,0.0817992938682437
965,0.53618190594688,0.008618737316984046,0.009453463858724729,0.07310585491359234
966,0.8420148737143995,0.017400880105575358,0.012812632909569362,0.07813662104308605
967,175.6895673888058,0.1396233547332273,0.621799428334708,0.0703676687553525
968,1.6914593005035117,0.015556513465725216,0.01493412647952015,0.06767385266721249
969,0.45493175604955166,0.004463767503026792,0.005226183581862592,0.07058200798928738
970,0.8583327104333784,0.011228369458905152,0.009475463877605303,0.07889111386612058
971,2.1004872688547875,0.025636242991286532,0.019913058134707878,0.07646790705621243
972,4.827489286286699,0.01800928529140491,0.021234306142110783,0.06985359499230981
973,0.35770201343103103,0.005401678394246001,0.00799478464649229,0.07215523440390825
974,0.3291071653166429,0.008383086633282565,0.006904909079033935,0.08394718123599887
975,0.2405067099335966,0.005210124381220428,0.004700570201278657,0.07183554582297802
976,1.2226863665627226,0.007297756669070553,0.010323791558918776,0.08090673806145787
977,2.434189538586118,0.016232546139801997,0.018980437303250546,0.08076251298189163
978,0.3147212858765924,0.01341267578701769,0.015868729576432716,0.06911302218213677
979,1.0973628502782176,0.0052431081342718825,0.011023329534352068,0.07598717091605067
980,0.5174194971404708,0.0012461562355544505,0.005072621480448939,0.094817946664989
981,0.4008140830280204,0.005571923552951824,0.007783163104537434,0.0559930601157248
982,0.6168744630521285,0.009820144065512855,0.009772647316996147,0.06703515909612179
983,1.6957236087633631,0.012452854473812827,0.011732926658567181,0.07031229510903358
984,1.1846459600613166,0.01235236614867543,0.01046051570642985,0.06394464010372758
985,0.6512601408836922,0.005172069248040521,0.007373737447114064,0.07207722589373589
986,1.3663221166683357,0.003346119148821247,0.013699654520257955,0.07458346895873547
987,0.25721530802493053,0.011212834018228085,0.009893315246744899,0.06876008491963148
988,1.5893750608267259,0.012771771858709858,0.010634814422827092,0.07080827699974179
989,0.8090769993094121,0.009908047826041618,0.008185227370646458,0.07619094476103783
990,1.106420955875025,0.011011302217478789,0.018725327181248995,0.07068441575393081
991,0.36563755179183827,0.008421935711799236,0.009748549343173452,0.06920323614031076
992,0.7984777891644427,0.004998951325918396,0.006987438339336074,0.10825410392135382
993,0.5847963678120712,0.006473683886030362,0.005682578564406241,0.06953298393636942
994,0.8181339680719917,0.011022208010754389,0.01107547572033368,0.07861804682761431
995,0.67013279021769,0.011029545683376805,0.008300925716645379,0.05774826416745782
996,0.9306492592724311,0.018092971453055055,0.017443575287501248,0.07054003793746233
997,1.6621780702039057,0.01106971200597357,0.01722648563933951,0.06469854479655623
998,0.5546866919973609,0.009032482858653997,0.011597678764688642,0.08021578704938293
999,0.7888345023183232,0.006493910801379745,0.009795407804635744,0.05325396312400699
1000,0.6084978966906456,0.0069623693813409705,0.008523346668617607,0.05498090712353587
1001,0.5490704824263649,0.005015107236757333,0.008068996548037189,0.07920557865872979
1002,0.5817534607715411,0.004383547138559305,0.007547684889966742,0.07223882200196385
1003,0.9836611615924796,0.007105765605120134,0.013284778903313612,0.06886297417804599
1004,0.7721548572431056,0.0018170142247642162,0.00913050206206162,0.06449344800785184
1005,178.86281962537302,0.9045714182576245,1.069735208382571,0.04429958062246442
1006,0.774034457161114,0.004107335247082705,0.008954859422793709,0.0954267829656601
1007,0.3392460355015858,0.004773214530472392,0.004015578886443681,0.08735321601852775
1008,1.6966635339123963,0.008133336852897462,0.01306955624572847,0.056085753720253706
1009,0.21502405042388328,0.006283231101614603,0.0064815662760619435,0.0783101050183177
1010,1.0843240612076968,0.004620720363592203,0.009189946618316448,0.07397105917334557
1011,0.7520175265453364,0.01631173931111023,0.01653267813563266,0.06489177187904716
1012,1.3050853560597686,0.01391175283129639,0.008729006023600943,0.05868168734014034
1013,1.0804042664141724,0.00589950354684196,0.008153767909980753,0.10875123785808682
1014,0.939699583182573,0.0116041847242532,0.012055651424827018,0.05697990721091628
1015,0.9634420225195431,0.011060020400075754,0.01505668134049714,0.051829969976097345
1016,0.7775718117900282,0.006216749925409154,0.011932896714013047,0.07379082031548023
1017,1.1379049484119907,0.013934633445353775,0.013558660273238597,0.07129038032144308
1018,2.251707887050287,0.004602362584706509,0.017304855201938665,0.057446242310106754
1019,1.7155360970128575,0.02588385623267756,0.016157748786247646,0.06708231661468744
1020,0.47661221504709134,0.016774962023613494,0.0172942053727877,0.07801751093938947
1021,2.231560843345572,0.018274635877515884,0.016890389628086252,0.0607846318744123
1022,2.66107613175264,0.007524774726633964,0.02118993773374381,0.08526677312329412
1023,2.3817386132922196,0.02730400009305682,0.014268965833576971,0.07652611285448074
1024,0.841934775935609,0.009192274025798391,0.011204466765012026,0.06189726805314422
1025,175.6601276738779,0.5736374048494794,0.20290032542671552,0.06873888988047838
1026,1.5292076137918962,0.008108344220566584,0.010026899705361076,0.08477344783023
1027,1.1662714218882164,0.02184670323509044,0.015098316185631216,0.07508340198546648
1028,1.5644107679164136,0.004781535629857421,0.014560273588552256,0.05183024611324072
1029,0.37289752411047794,0.0073466746762386815,0.005854568079334404,0.06181158684194088
1030,0.6296899977468198,0.0064623430186787675,0.004292152727706149,0.08421803032979369
1031,0.24585355097925737,0.001696566581846605,0.0030224215054994582,0.06565117556601763
1032,0.6358442504975451,0.009706374466337722,0.00895646431987316,0.06042808201164007
1033,2.547679896417799,0.01883512421080676,0.02849610618242923,0.07678486313670874
1034,0.5043220091076678,0.007450880119004127,0.005200952276333039,0.07034662226215005
1035,0.5399193301140506,0.004127322961147622,0.008720258594105365,0.08818220579996705
1036,1.5207861560917648,0.008657226376229865,0.005710357663393957,0.0802256129682064
1037,178.19058744480816,0.8244042366970517,0.2080757565744405,0.07069459883496165
1038,0.8479799851737374,0.007529700182244418,0.010970383324945722,0.079924285877496
1039,1.3132426256195677,0.009763160290777931,0.010530101770793244,0.08683387888595462
1040,1.0637353322423992,0.009022460058287086,0.010232607954214512,0.08479362772777677
1041,0.8025031024850661,0.008419371135748569,0.010059732592557977,0.08933724788948894
1042,1.490898687522474,0.014542035460548207,0.016307005959530954,0.06387723330408335
1043,0.47588001069190117,0.011758512074151076,0.006590358073875398,0.09974626824259758
1044,5.55471192950519,0.027597851078339196,0.02543831307210992,0.059830090031027794
1045,0.5696035920393427,0.008232883779739282,0.009479607106796066,0.07554998761042953
1046,0.763084792486538,0.005026915820753306,0.006816702763956836,0.11529163597151637
1047,0.5635952014540478,0.010565290867495502,0.010076068119528592,0.06581722386181355
1048,1.2239984950833744,0.014013255995522923,0.010298291635711993,0.11171515006572008
1049,0.2851670991452677,0.0036656287476603,0.003621411725197921,0.09315767325460911
1050,0.7877489187431195,0.0042091621548061,0.0077006443303877115,0.07560308696702123
1051,0.9051868509599679,0.006305364870368052,0.007087172064885977,0.19406077871099114
1052,1.0938966673530763,0.012676681445443597,0.008930771568187983,0.06660083308815956
1053,2.1262331664630216,0.016133072510569772,0.014543761957093523,0.0656638341024518
1054,0.3037257648431064,0.0056036431770302205,0.004362161272033377,0.07833936903625727
1055,0.4680289523539257,0.006487098197161614,0.0042545110290405,0.10159496171399951
1056,2.0457830978042453,0.018704226799858018,0.011821607042149105,0.10410141991451383
1057,1.137398786288943,0.018827637575570016,0.012163700650847646,0.05150998895987868
1058,0.6985261941599792,0.0031348127624902414,0.004534806874333685,0.09368672175332904
1059,3.2281069455346816,0.035334972287452894,0.013827022631364504,0.05936170322820544
1060,0.7966177553102713,0.012991284184962029,0.008327718110617378,0.1003385717049241
1061,3.231253626268301,0.03649778364168207,0.025904187374798708,0.05974091310054064
1062,2.2520706857403794,0.02066620066897571,0.009185096275791938,0.062173834070563316
1063,1.5088001351210987,0.01593847448397314,0.012144459711077239,0.08666251692920923
1064,1.468997980045207,0.01017535974435327,0.013886209597771669,0.061492012813687325
1065,1.8775522208556559,0.00954753208476345,0.012275964099137105,0.07641842821612954
1066,0.8124210052446939,0.007094717001550769,0.00828163498481295,0.09269275981932878
1067,1.0890779057936435,0.016309599996187935,0.016112074163886103,0.05251451721414924
1068,0.4314238164149916,0.011010378576786049,0.008528127576569419,0.0803648279979825
1069,0.4076440280717685,0.00667329285731325,0.0061009021213041205,0.08063616883009672
1070,1.099417848810853,0.004452388854559006,0.007909629127840155,0.08016724605113268
1071,0.6619697985727557,0.004987918560196571,0.006606378059440443,0.06929489690810442
1072,0.24050299589755597,0.004142379178445322,0.006160719828394362,0.11011732323095202
1073,174.79796796907613,0.5787604295029022,0.9864369876059282,0.04682383360341191
1074,1.244068277925094,0.02059554447323932,0.019789867933452672,0.06718333484604955
1075,0.9674031493351803,0.01195965825924345,0.012255397383865073,0.08236700994893909
1076,0.6578218338575595,0.0028319333923816775,0.006708508743823833,0.07498894678428769
1077,0.87402054762505,0.011915681380260272,0.00990276212221387,0.0660873418673873
1078,1.9099289499982481,0.022957708122362815,0.012155743799540566,0.07853688485920429
1079,0.6256360035154839,0.0027000875569760277,0.00621141493092396,0.08068461390212178
1080,0.2671158357801461,0.009000856849832095,0.0085528773428403,0.06280721491202712
1081,0.5631453401913671,0.008171815300568286,0.006383666380156675,0.06489198235794902
1082,0.4138173643005662,0.0025816889493957508,0.0048178226452069,0.1533210021443665
1083,0.2747214263352866,0.004411731975014539,0.002817978963014467,0.057904116809368134
1084,1.7244950318691132,0.002693255178159913,0.010705022203413794,0.1237215087749064
1085,0.5614890289212928,0.009649722555259853,0.010354760162328183,0.060501729138195515
1086,0.8822468664608974,0.006641346560854018,0.009352745140679063,0.07560778595507145
1087,4.213896246893257,0.030247090361706894,0.03804098087554442,0.08749265503138304
1088,0.8276371522436962,0.007726514217152957,0.007297242398871907,0.05885661393404007
1089,0.7007192650167451,0.011966784181254169,0.0060315681443582495,0.07256201887503266
1090,0.8777541745524985,0.005807445502405114,0.01090388728457423,0.07148868637159467
1091,1.6433431174110964,0.014524296517613836,0.01496132523628132,0.10061309626325965
1092,2.953279789394049,0.04165510830183853,0.03029195955028014,0.07130074081942439
1093,1.4006175648184405,0.006822715248756672,0.012810876932398668,0.07144211325794458
1094,1.0117836200812236,0.0032388313098744644,0.005731244465100898,0.0849909819662571
1095,0.30125791672441754,0.010439084797626293,0.01029164454326187,0.07965538511052728
1096,178.41017470389158,0.4064282681641922,1.1414270043804151,0.05321014206856489
1097,0.6849659176029882,0.007671961682432843,0.008406209741986782,0.07203569170087576
1098,0.5203666264343091,0.005737995476173343,0.004787543337881472,0.06318062311038375
1099,10.934044208112375,0.052737415728366654,0.0584074401834857,0.08527461811900139
1100,0.6486665713176659,0.005826949305143129,0.00409983557612125,0.09232457028701901
1101,0.7510276747079304,0.006472402801877132,0.009063712995612143,0.07296722615137696
1102,1.049666193386703,0.007215993835250991,0.010553617987350062,0.06814821437001228
1103,0.6404770046354227,0.008340664453311811,0.005041379830517671,0.08236314821988344
1104,1.662658567054345,0.00883292955661587,0.016602724406617763,0.0779832131229341
1105,0.9621461854301472,0.009882773972151988,0.00968480115064562,0.047734956722706556
1106,0.7674321305965021,0.002960743829992085,0.009442711377074845,0.08042048709467053
1107,0.47674796981941403,0.006797428989110932,0.005912999469787169,0.06215346371755004
1108,0.9067014354339509,0.010582659276776261,0.008150919007456807,0.07377959787845612
1109,0.5786099188709252,0.006340077814132156,0.005699768573472868,0.09661169815808535
1110,0.4337034384941419,0.006193086951646693,0.006174286063753433,0.06759314006194472
1111,6.2506944287776856,0.032830577243455075,0.019857476033213108,0.08489524899050593
1112,1.1492909435220042,0.00642241965374001,0.012708145091247219,0.06796364719048142
1113,1.596369154684981,0.010851910262739252,0.009901525373458087,0.0827571121044457
1114,0.6283467826733007,0.010213386442475821,0.009291804633274106,0.063114273827523
1115,1.3983450763196932,0.010558573201100676,0.015735515323585084,0.0814972179941833
1116,0.2636596625357113,0.005591048775615866,0.007229538876085894,0.0903801447711885
1117,1.0027601220315947,0.00628551328710268,0.00944256169514648,0.06054042186588049
1118,1.0909660838595423,0.022770707108116663,0.014609280482462137,0.07504581799730659
1119,0.45946982939725756,0.008346472878578655,0.006013094278864797,0.09134011901915073
1120,0.5176841048227242,0.0059913373942086946,0.006574623859726018,0.0700683631002903
1121,1.3470008934369573,0.013703573423238326,0.012865755940120651,0.06487631425261497
1122,0.49432281427579466,0.005785127110853664,0.004784578413842182,0.06672536116093397
1123,0.5643140756258376,0.004051711235256489,0.005835074470365669,0.06289710476994514
1124,1.3709769177798226,0.016828357359920547,0.015910880260755475,0.06136259017512202
1125,0.18978558948990493,0.0027310853127885037,0.0033693292628972043,0.07989897625520825
1126,0.7218243515282825,0.014361242776444676,0.012634397035880545,0.06733354786410928
1127,0.5018195559309921,0.006960090661210917,0.010098641053475865,0.07122817821800709
1128,1.5684727280977784,0.011906686713455699,0.01662753413537733,0.06909865979105234
1129,0.9199848259539374,0.015041208347648357,0.015344344994177387,0.07321869814768434
1130,0.64355779731774,0.008290176852762402,0.0059055863072027,0.14683565218001604
1131,0.550417381938762,0.002602968329356638,0.005184534751274951,0.0631907400675118
1132,0.558116027413466,0.008577570628080436,0.009808944819045073,0.06667473912239075
1133,0.2393194240868577,0.002222771802683983,0.0023764198438463646,0.0970952631905675
1134,0.6787837169645446,0.0044748486266614675,0.009136675965918639,0.06568830413743854
1135,0.7913500511009102,0.006219526927308391,0.006956253704244603,0.06918502505868673
1136,179.00093366420472,0.6433351213628098,1.0243139552477305,0.04878867790102959
1137,1.96232014614294,0.027037180507041184,0.017997382841381568,0.060224075336009264
1138,0.37331898251131723,0.004398451455808482,0.00555879826550362,0.11374004976823926
1139,179.0720063631126,0.9877432575400186,0.6903277316375175,0.050191993825137615
1140,0.637505885701846,0.007652098400424569,0.008634466530648376,0.05699702212586999
1141,0.46204332183103475,0.004537919445707364,0.004355779930464164,0.07092688186094165
1142,1.2028261310470858,0.02035717702567137,0.015207407797241295,0.06986627820879221
1143,0.2341859961573096,0.0062251911031632485,0.005615490610074929,0.1009629531763494
1144,0.7212288392040488,0.006738169436508644,0.00701549365347151,0.06299862219020724
1145,0.7345493003453135,0.0062756845754041845,0.008840666089917223,0.07846570201218128
1146,2.9381424422051596,0.011540168681821988,0.013901843697004534,0.06340675801038742
1147,0.4727238640715958,0.009908123872207087,0.008343005995752157,0.0700538419187069
1148,0.6746170104725944,0.009995581621931949,0.00897530510587588,0.09570580115541816
1149,0.7483348485729925,0.005565084651293453,0.007257421908125988,0.08731038821861148
1150,3.3357748373961393,0.02739474394670252,0.01401386651781338,0.07857928797602654
1151,0.7303285408650257,0.008258878058107514,0.010312234039863363,0.07435179688036442
1152,1.260064485493737,0.00530289601585578,0.014010140245360302,0.054331205785274506
1153,0.8256444848197039,0.0070273906230728855,0.009543089729017703,0.05456358194351196
1154,1.5275230996219633,0.005310196301994593,0.013067520991733498,0.06887433491647243
1155,0.8202289817802537,0.007974112234769888,0.008318000015437855,0.09794486314058304
1156,3.194545549035489,0.02116772726139006,0.02376731937697041,0.06591053679585457
1157,0.4695411551005551,0.001493659029747344,0.006320852670415012,0.09944409085437655
1158,0.4091861956726373,0.005107912276734107,0.006623044036439624,0.06614542938768864
1159,0.8664084245518489,0.009705713578147727,0.009249091604174815,0.07070018025115132
1160,0.36732619946459893,0.004309258258030155,0.005315801725494288,0.0737129133194685
1161,0.8947391489081158,0.010461513181288885,0.014285905473761126,0.07267973944544792
1162,1.1748397319135349,0.011663854440436399,0.009610530269348442,0.07677957974374294
1163,1.2196581404445732,0.0065597643150166985,0.010775559765049784,0.07235443405807018
1164,1.462180843864361,0.0120190145958115,0.02283034545375657,0.056957527063786983
1165,0.5035901054679912,0.006696862864532567,0.00851509345446674,0.0652584619820118
1166,0.9194625336147842,0.009504812083315693,0.009104027937077536,0.07198886992409825
1167,1.5145182506759451,0.015672628134201904,0.011085602310143551,0.07617252692580223
1168,1.3194520316259994,0.01218742201643339,0.008570377051628495,0.07896059984341264
1169,0.5603103715222438,0.007214158913022094,0.008744729936148835,0.07033309899270535
1170,1.3374508564954286,0.00460699802322918,0.011958164012170423,0.061065373942255974
1171,0.4286629998771515,0.0081290619432781,0.005381624713303375,0.07881021685898304
1172,0.5588593637405862,0.00795079479794399,0.006878245480844762,0.08112046541646123
1173,0.7080567540588755,0.016906542017253456,0.015811035522957276,0.07875907188281417
1174,1.8028502530300534,0.035438799746754006,0.022474975649069716,0.06866106018424034
1175,0.4318810738311427,0.009894650518255785,0.006818138269185863,0.07414288213476539
1176,1.6202502370977503,0.011181993361879472,0.008113110361157201,0.07232933910563588
1177,2.5895699350927037,0.011139665963658637,0.020175026277135084,0.07201281283050776
1178,0.5208610374500916,0.006294107591334497,0.006225879443100548,0.07311095111072063
1179,0.8162001957049002,0.006877640755204756,0.008293901902366665,0.08950180979445577
1180,0.275602179483519,0.009240354913820305,0.010240204986054604,0.07646269770339131
1181,0.5403917878843691,0.008898246812899371,0.012477158535414399,0.055029542185366154
1182,2.38789173775978,0.02778317565135985,0.016444130747399685,0.08464807504788041
1183,0.4330007699759252,0.005705062262836653,0.006009099591770789,0.08136906381696463
1184,0.7603022699159873,0.011835969023110909,0.012318650587855971,0.05864298716187477
1185,0.31337870033616166,0.0030633486406279505,0.0030452085264873296,0.07925227610394359
1186,0.4116727915571163,0.006816935698377558,0.007728871901193538,0.06592220813035965
1187,0.8861208141540585,0.001980671390713688,0.009865081788146985,0.07066847011446953
1188,2.0175938665242503,0.006920445020070535,0.021328868529840846,0.05534616718068719
1189,2.6369436400665105,0.037483358913795325,0.02157871455916406,0.07678182888776064
1190,1.7663234866881292,0.007670522528300476,0.010226794269034752,0.08540582610294223
1191,1.5493869962728586,0.01881217822143315,0.011828207281742713,0.05517367832362652
1192,1.2634701350270885,0.008926710082832539,0.007304590905242959,0.09674715204164386
1193,0.8180633402446124,0.008542986340647126,0.0038017085480773058,0.07705079298466444
1194,1.6672554410468925,0.01930316515157363,0.012999757765933786,0.073226158041507
1195,1.1640097904031816,0.006330710434098455,0.015492684797017715,0.06955801695585251
1196,1.643584579384746,0.019220637038201475,0.012053427280791762,0.07430461421608925
1197,0.5489039112918354,0.009949200256996056,0.008780196232950954,0.06528693996369839
1198,2.969305546290938,0.029638936218183854,0.010838594358683635,0.06135748187080026
1199,0.8770813230116038,0.01344666512303194,0.011826677183334007,0.06414293311536312
1200,1.8933480446720898,0.0195591224053398,0.014511317238382105,0.05825402121990919
1201,1.4364082581170974,0.00667060140860378,0.012810467705657162,0.05931855086237192
1202,1.4063529311514487,0.007697516321413544,0.01310486813345199,0.0735802361741662
1203,0.5974676914563343,0.007689871273025321,0.008827239600560928,0.06290132831782103
1204,0.7926952331702385,0.01182458787049308,0.009873227286826295,0.08688639523461461
1205,2.114641362305299,0.02309568609864382,0.020469117551081002,0.05128779402002692
1206,0.994809306332617,0.018385101537048018,0.01782718414626817,0.0723448502831161
1207,1.4746210639236448,0.014007974248964947,0.015365227291462655,0.06813097093254328
1208,10.183477828847613,0.056876282126804144,0.05708056716712108,0.07435595290735364
1209,0.9901465384216279,0.00716224589812961,0.011644699578879612,0.0675388309173286
1210,1.339174001649884,0.018711797018840366,0.011629467867967471,0.08926361193880439
1211,1.1242254927163216,0.007758125666350328,0.009834061170960647,0.07371756620705128
1212,0.7386791984008099,0.007418317680522546,0.008087224260948784,0.07283643493428826
1213,0.70369530848996,0.010379970506289868,0.008277923570824396,0.07546255690976977
1214,0.6546526299651853,0.009188121830412116,0.00748731296510219,0.055350201204419136
1215,0.4590624016491384,0.00865684384303973,0.006352948136033085,0.0825184560380876
1216,0.3329599019903795,0.006164745393176601,0.006082698947461375,0.08532906090840697
1217,2.509035300850053,0.012297437847948059,0.018473152094973907,0.0765092670917511
1218,0.841762766525555,0.004448683086982911,0.005153719851214211,0.07828321401029825
1219,177.3169868704716,0.7752021982246396,0.22493208692087116,0.053421612828969955
1220,1.435275355019306,0.012372820469347316,0.010621019201356958,0.07632942404597998
1221,0.39237853476086004,0.007301025008063498,0.005550359624562603,0.07568567339330912
1222,1.1678851735275018,0.012659837005229583,0.01451750055534555,0.06852460466325283
1223,3.0000134569304846,0.0401956700648501,0.029606820629033644,0.06276262970641255
1224,1.3262805862717353,0.013070178936489074,0.008441207446429646,0.07257523387670517
1225,0.627501595086273,0.009063604439163363,0.007168497208301664,0.08835820108652115
1226,2.1713662073223414,0.019071299735114483,0.0242803804487095,0.06226436700671911
1227,1.9261737765471318,0.02776569562723289,0.02533318094658742,0.07626850111410022
1228,3.880202528883751,0.024873384232423017,0.050225490808962325,0.054161795880645514
1229,2.1772732668822776,0.025444231751358723,0.028205665991869945,0.07108502415940166
1230,0.7515661208560728,0.006564264293646705,0.007673497280737394,0.07125929603353143
1231,0.9178770009292827,0.006805078003505725,0.00838516496919927,0.06867636600509286
1232,16.47641741287488,0.1451114083548337,0.09396399820814519,0.08665970107540488
1233,0.5970735649188464,0.008888193432748683,0.0055028090180990604,0.07142871990799904
1234,0.43651628152054084,0.008460658107894786,0.008546591162000055,0.06977027095854282
1235,2.0041234098459593,0.015860883138114575,0.01840140756032473,0.06952559808269143
1236,0.4749793183685906,0.004522644608625775,0.005223108564297103,0.07503541465848684
1237,0.8741520782278812,0.01555059554339961,0.008913982154823178,0.06258030002936721
1238,0.8907579089790707,0.015562597101747682,0.01280732421523533,0.06126583181321621
1239,2.273797366200269,0.010485049568863987,0.008817704865055452,0.09225312154740095
1240,0.6528078180715016,0.008126620331879011,0.00664400459732098,0.088717854116112
1241,2.894493513424997,0.02143658926127848,0.011687179009328625,0.05110637890174985
1242,1.6258846907198843,0.02130861063324692,0.016193687979367006,0.07530548935756087
1243,1.1527647363786246,0.007918122926028186,0.014385594197702831,0.07893694890663028
1244,1.363749193299813,0.004753234488109904,0.011466783674702583,0.0745749301277101
1245,0.5665929480607879,0.003914612842638731,0.004380423109790474,0.06025789910927415
1246,0.2805866164489765,0.004972953428184458,0.005732348585012306,0.054493874311447144
1247,1.2604424051083465,0.015263415741187348,0.009291721302387508,0.06848922185599804
1248,1.3625375802014417,0.016212025644886403,0.013405729430298654,0.06745433202013373
1249,1.4556785315016203,0.020851800804613834,0.00994107988985703,0.0590000101365149
1250,1.5235821927914137,0.00646070816641669,0.011647654371017484,0.07430307008326054
1251,161.00116899646025,1.012028298864172,0.9916848911745452,0.05836205091327429
1252,1.3321392203736864,0.016180389728117115,0.015624623532824181,0.0785963456146419
1253,0.40349109362699365,0.0074838568566063645,0.008392795600919807,0.053384266793727875
1254,1.521961655543697,0.020133256778600547,0.009425157911822891,0.09307856298983097
1255,0.5344083080087235,0.013639662611265133,0.01132022156131456,0.06236567907035351
1256,1.4370379802685918,0.02107199085367886,0.012702902278159102,0.07810049317777157
1257,2.2808902226714154,0.028042018544232945,0.024566555850658905,0.07939780596643686
1258,0.3587492439103813,0.006280867948027401,0.004406602813798904,0.09681566897779703
1259,1.6324517595981884,0.019145399828427865,0.014186201229396487,0.0667538302950561
1260,0.9896974913946451,0.0030026578455982196,0.00986889904140766,0.059148428961634636
1261,1.1585600022356095,0.007561699547326356,0.0165247660530208,0.09085489297285676
1262,0.4228497810002173,0.004476727526227779,0.0066642373805605,0.08657219493761659
1263,0.3086123536533584,0.002980128016562633,0.003626359096004958,0.1053733960725367
1264,0.35620703059735975,0.0057865914895876,0.006095014288818525,0.06672250386327505
1265,0.7970822281568345,0.011333819782033887,0.01294065783249383,0.060320430900901556
1266,6.1873328779935965,0.040579024568895984,0.015835701856664237,0.07047038897871971
1267,0.8319382171752666,0.013828852819391257,0.012508280434004702,0.060238203033804893
1268,1.6534177382704385,0.02250906864562586,0.01410490165467726,0.07533956971019506
1269,0.43388449950139046,0.011982578442025467,0.009911485775054074,0.06318939803168178
1270,1.3423236929938036,0.01861284409303891,0.020846646530165748,0.05438233399763703
1271,0.4640667220844871,0.006608840086082803,0.006224131240330058,0.07655806420370936
1272,2.5030468610008025,0.008671345808270253,0.014416139275296662,0.0657410491257906
1273,0.8538275021763567,0.010117363944633345,0.010173280873769485,0.08318076143041253
1274,0.5009307790509503,0.006970940943167469,0.007031835042832491,0.07339847879484296
1275,2.113781233436854,0.030479975506288084,0.0219336706194897,0.06192235089838505
1276,1.2336475485304206,0.003314236712289916,0.01099099007491776,0.07079453719779849
1277,1.0937589557561709,0.014794702033232385,0.01067997320732891,0.07567468285560608
1278,0.7280966902446956,0.008727226999898308,0.008192440308782314,0.06378590827807784
1279,1.083683569022738,0.00920501819696024,0.010669356830779972,0.07455082098022103
1280,0.5721581950451866,0.0032835786257792887,0.008036820056111218,0.0691498932428658
1281,0.9572815200101064,0.046999807588299615,0.04608484705723372,0.05442685820162296
1282,0.305548914673042,0.004473786080412589,0.006076253716870951,0.09050229517742991
1283,0.8138811962112296,0.005020630361746595,0.00684694241751559,0.0965079739689827
1284,1.1954905324132872,0.006584043145748464,0.009055847410176213,0.06717517040669918
1285,0.7119802399657866,0.008163310635598964,0.008774202428667315,0.07971020275726914
1286,0.7544409768906948,0.008472513958508428,0.008372399920050927,0.0660496219061315
1287,0.7329222049777439,0.006513538840368561,0.007656423652063578,0.07573824282735586
1288,1.7953694556461122,0.009941717130416921,0.02198543320131908,0.06151459226384759
1289,0.9716739044213536,0.014904297167405678,0.013201749674702386,0.07379193231463432
1290,0.7107535106867475,0.006636919429549591,0.00525791120562889,0.0757902218028903
1291,0.6146361266348638,0.005484185461879809,0.008581943563356603,0.06935403635725379
1292,1.026516579622396,0.012766073306760951,0.011296562426763046,0.07949120411649346
1293,1.3025863896611587,0.019115547798888573,0.015590693565568308,0.07537329802289605
1294,0.27685696883511385,0.002008405058968063,0.003934387622918942,0.07920327596366405
1295,1.2519330976738596,0.005450437356759892,0.014790766873609239,0.06848635198548436
1296,0.6958017963012215,0.007343857146300545,0.007813491506430199,0.09780540503561497
1297,0.20879196643359654,0.007279201175526767,0.00856033530316132,0.08784622373059392
1298,0.3475629444647859,0.005017227302395127,0.007655104927974301,0.0704911989159882
1299,0.7697179360035985,0.004102557244124461,0.008976755284539681,0.0705797872506082
1300,0.5579818611843487,0.0046516328808419,0.006489848851591096,0.09131312370300293
1301,0.788438982768934,0.014482222578639783,0.010044657884289161,0.07286115270107985
1302,0.8162019567760025,0.005324975645133056,0.007203254387951781,0.07444912614300847
1303,0.6943537092746328,0.015330820237035196,0.0161383205885618,0.055383475963026285
1304,0.7673940392590328,0.009641397288381101,0.007066376162683961,0.09186804993078113
1305,0.7740372558986223,0.01696094908095656,0.013741557798114023,0.06101006595417857
1306,0.5015700870029945,0.013776385312387745,0.012127953601620242,0.06757174897938967
1307,1.9246120361657815,0.019044727753483995,0.008875703374775001,0.0762542481534183
1308,0.6294296086527976,0.01031650491396872,0.010339252988400913,0.057842846028506756
1309,0.44093931985549034,0.007800159403855936,0.004189274541656141,0.0824926090426743
1310,1.5738076099171219,0.010930416020135225,0.01248029601340417,0.06390633806586266
1311,0.5982512589430143,0.004384550321092212,0.006415733651866921,0.05267147487029433
1312,1.7354443492355884,0.009396578952525018,0.01712916867307988,0.06084131309762597
1313,3.5361999203151067,0.0341359859595895,0.02198733363153544,0.07153660617768764
1314,0.5470128496083249,0.0047278988506152435,0.005020361669717937,0.09946097573265433
1315,6.7053962819824875,0.04855214464064067,0.02785290248599466,0.07630882924422622
1316,0.6204100195452139,0.007026476921971097,0.007591368402925778,0.09093888709321618
1317,1.1400154406189025,0.011343994834575762,0.01150798483045654,0.07567608822137117
1318,2.1909656187033906,0.015778288324468072,0.02488808978641062,0.06292162602767348
1319,1.5539177556197064,0.010974252320071749,0.017992153768886774,0.06665087910369039
1320,4.961674329139704,0.025101736781399337,0.0642608676264385,0.04913293290883303
1321,0.36992584206215023,0.003920106959930252,0.00475890201289808,0.08385868230834603
1322,4.6151618895917705,0.0264791384722978,0.013853406979815927,0.07459948491305113
1323,0.9054230819223654,0.005567168583056614,0.007996232660934499,0.0853407010436058
1324,0.27277417041032537,0.0039058858480531386,0.005032870649425354,0.06612098403275013
1325,1.4325050002093318,0.003940157075027928,0.012065370757227798,0.09064916707575321
1326,0.9070667037052931,0.008855138470099675,0.011515841523929956,0.048623804934322834
1327,2.257348313931564,0.02180156556381625,0.019842417986444667,0.07040801318362355
1328,0.8139733487283143,0.011567717826122512,0.011059374682660451,0.06762407207861543
1329,1.3877686288939932,0.0124102976722907,0.008141663886716657,0.08466905495151877
1330,1.25098173307759,0.010032213543655103,0.012811222995250749,0.06352030904963613
1331,0.8958325754374279,0.021483606981116683,0.014521037529129945,0.06436246307566762
1332,1.1123495910620256,0.006425939800543587,0.011055485353178398,0.0715895313769579
1333,0.6676517606971119,0.0061217601438604725,0.006050766137564949,0.1335206418298185
1334,7.832860619397822,0.05426153359812545,0.05389739062429863,0.05931042833253741
1335,0.34245719495550747,0.001895696265966191,0.0036757746639789843,0.112047063652426
1336,0.9078675542731424,0.010803928605814545,0.007592317837250165,0.09062983095645905
1337,0.8334040570360687,0.003952023372847828,0.005163522730887282,0.0776670309714973
1338,0.7393631311263371,0.004070016823110193,0.006948987419450256,0.07731086807325482
1339,1.6527044239251423,0.008501590415828762,0.019008564828864954,0.07705199019983411
1340,0.6934042878503567,0.0072500067271161,0.007066618930877377,0.06430275598540902
1341,0.3408855784872222,0.005182038169270703,0.005687014870756199,0.07731154887005687
1342,1.0339060673385247,0.008397681307099709,0.009426642548674128,0.06610370613634586
1343,1.7649935783829027,0.02033479760222241,0.007833760749561866,0.09704532567411661
1344,0.6145699492727477,0.010054002511293719,0.006990311053256057,0.07562849204987288
1345,1.150841371000428,0.002483317679747703,0.0076739839557943895,0.06022826815024018
1346,0.6425536156356294,0.005222681840348168,0.006655107645055441,0.11233318876475096
1347,0.3386355603925796,0.0036136616616681337,0.004282126351496397,0.06720558973029256
1348,0.9448656355844752,0.013142488610339578,0.010570892387519225,0.08660993725061417
1349,0.8714808863227366,0.007917974669815699,0.008530548344352039,0.052988993003964424
1350,0.8304387377034049,0.009128794263931527,0.007835416141302842,0.09527760930359364
1351,0.4910820842990856,0.005321012003694437,0.006849277448620877,0.06011086516082287
1352,1.025859741080741,0.0039026730991159643,0.007950020154130195,0.07560731982812285
1353,0.7410704973913848,0.00424188895086789,0.008838153066131544,0.0742309489287436
1354,3.13767415071782,0.02836040617241456,0.018461640739355505,0.06523138284683228
1355,0.3904738523824434,0.005295330051970583,0.005338068122442858,0.07874034624546766
1356,1.7175457622681702,0.01664883561654868,0.01505125349937235,0.08153046388179064
1357,0.6700422271672445,0.013504983627717036,0.01434873975257985,0.07331451121717691
1358,2.0276196018160646,0.02090226022574005,0.015421303478156921,0.07572328392416239
1359,0.08664322355316174,0.004368612541126076,0.004749921830367731,0.11584631586447358
1360,0.6244086035629681,0.0035151395993949556,0.004722171898946357,0.1661392981186509
1361,0.11865314781782113,0.0045195415601932964,0.005000446039003137,0.08956004027277231
1362,0.37695783204037064,0.0041338119892685475,0.006587745224444534,0.056422633584588766
1363,0.6030327434245414,0.011129221287683028,0.010550032144614724,0.07374219037592411
1364,1.3715888804137564,0.009920054140854454,0.009207461971791146,0.06569455889984965
1365,1.577446057303765,0.006571694605342895,0.015408618258847866,0.0670387246645987
1366,2.5019534736409823,0.01765591292317053,0.013785203338460134,0.07810585433617234
1367,0.5132543500032394,0.007732730328047356,0.008629941741753393,0.0647367611527443
1368,1.7358961456229132,0.013770052724466473,0.00877741052402962,0.07943385001271963
1369,1.207379427039935,0.009377896422415937,0.011884895406890344,0.07290314417332411
1370,3.8024612121309347,0.013919107173546236,0.033281574822391156,0.06900840299203992
1371,3.8391695081222603,0.049056499796882425,0.03332327081533561,0.08902925811707973
1372,0.6202129525279251,0.002949468986874263,0.006415157836275773,0.07645882666110992
1373,1.0362712635135536,0.008756854390682202,0.007742367456087017,0.09655301133170724
1374,1.386889853445949,0.015784733766995553,0.014328094107395337,0.0587990409694612
1375,1.0070463122177995,0.00809385424386456,0.010300252947442192,0.07716559804975986
1376,0.6315155569736257,0.006862477488632977,0.010469938261346599,0.0848933239467442
1377,2.6717799241834754,0.014028416658514547,0.022113506794503045,0.06549970991909504
1378,0.6616240913775625,0.00646960785598165,0.006445487998938507,0.09043517895042896
1379,0.6789154441319367,0.011049705695087318,0.01076250240103334,0.07295891270041466
1380,1.4167830729633486,0.014260001373309222,0.01537652189718015,0.06661384785547853
1381,0.2408149642352194,0.008895703520956926,0.007962403989483348,0.0756989368237555
1382,0.7765221521907454,0.0068866720088714955,0.007934364667059641,0.07011581305414438
1383,1.1991971529097063,0.010476575713582239,0.012888670831600115,0.08230996318161488
1384,1.0146971701491305,0.0035841464903878413,0.00960101096783285,0.07522256299853325
1385,0.5009301191097415,0.005067895521484323,0.008708042504666814,0.075251670088619
1386,0.9800072123236553,0.010238530115023707,0.008569340952586647,0.06923758704215288
1387,0.582957232782619,0.007012407263300589,0.007500906873733776,0.06296435138210654
1388,2.0826731420960196,0.015830193520062354,0.009653144776805721,0.07447879808023572
1389,0.36437517206435843,0.011837699878550562,0.012268297990225097,0.0513053759932518
1390,0.8623441656477435,0.005978421423477197,0.00854700224673175,0.07272035907953978
1391,0.6736178516486622,0.008962793247401077,0.009424257149360297,0.09888636227697134
1392,0.8506303538681794,0.019783156182290863,0.0174596632954741,0.05040424410253763
1393,0.7205724089496154,0.005670036587032645,0.005512286411149346,0.07358795311301947
1394,0.8831611824242153,0.010176989759791168,0.011589324735622008,0.06813714699819684
1395,0.9759648256629547,0.011153172975295781,0.007231096455787183,0.08564645005390048
1396,1.7874581269912184,0.021185079325021085,0.010542251519519173,0.08518683072179556
1397,0.5259725033076573,0.00552772808541182,0.006878937936772074,0.09239286789670587
1398,4.310683187212216,0.028913835404416534,0.028905352893995744,0.07165833935141563
1399,1.1718403205632721,0.022014133588174827,0.020492350355666482,0.06335368705913424
1400,0.20987657589272776,0.004405146791273444,0.004977414144052351,0.08532554470002651
1401,1.0158106142106815,0.008324126325090305,0.008381588545497105,0.0651928810402751
1402,0.3544756706024822,0.004926229380961846,0.0062664817666178785,0.05955582996830344
1403,1.1215291441197606,0.006367568381323591,0.011178157964157059,0.06488531734794378
1404,1.8167205799434858,0.007113385875216721,0.017716514298675896,0.057674328330904245
1405,0.9327449122477754,0.008480804015282024,0.00917322107000874,0.05938476882874966
1406,1.5139257112974642,0.004428978983993196,0.016177192008490222,0.05666603986173868
1407,1.7109573184679032,0.0066822242770418665,0.018390696973388874,0.06412498187273741
1408,1.4143328968978928,0.008238000071539525,0.010571478659999578,0.07191509287804365
1409,1.0378132285863173,0.010378083182615747,0.008463642861064116,0.07378344004973769
1410,3.4551790972011296,0.02409080891934073,0.010454515535922653,0.06410570302978158
1411,0.7154017792382005,0.005342715908066785,0.007702152630649127,0.07239562971517444
1412,0.7966499829785245,0.003337300725317225,0.00846029798396081,0.06028958782553673
1413,3.1724504374660487,0.01111809801477226,0.0224713136485289,0.07188652316108346
1414,179.88624062279186,0.593840012273433,0.7244408498724912,0.051020353101193905
1415,0.6402999995230427,0.00701489308426284,0.005694374784378689,0.06123858969658613
1416,1.6313833235128565,0.016757446196493903,0.020625495496561286,0.06685109436511993
1417,0.5486922247927978,0.010740530882010775,0.011732419271007068,0.06236768513917923
1418,2.2501326473401146,0.011690252722032567,0.016350240641648767,0.07421690504997969
1419,0.3689609829461481,0.01072906820268796,0.009098262750552815,0.07290980499237776
1420,0.8383137675554512,0.004296731576114802,0.00950359474541322,0.06699816090986133
1421,1.9378004277587577,0.0344272966078069,0.02261549589453401,0.07568962313234806
1422,0.7730828561592591,0.006651959235608091,0.009481007184574296,0.07139881793409586
1423,1.0883973778941591,0.006337078670598839,0.011110207726686338,0.06504843709990382
1424,0.7539232272534071,0.0063233515848980905,0.006441873078350735,0.07374882930889726
1425,1.3137168062781166,0.010625315726250228,0.011008324481992923,0.080776188056916
1426,1.1805814708628721,0.007315706083691854,0.00893335875902036,0.06553693395107985
1427,2.151136756892193,0.014036469613682531,0.013580794092447977,0.07188685610890388
1428,0.2712859980179904,0.008873756534020694,0.00863564486309039,0.06837487313896418
1429,1.14530720783938,0.01704483853911862,0.011365092272300528,0.06771809328347445
1430,1.3020185771016575,0.012115348024543034,0.009129288004647218,0.07911139819771051
1431,1.0265531416941536,0.00672406741584395,0.011180526646216535,0.06586135691031814
1432,1.622515283506723,0.006862650015560371,0.012971167141919041,0.06712694512680173
1433,1.1632332030234058,0.01710716956476314,0.014618097316663525,0.07814223738387227
1434,1.739404798998432,0.009067146449133366,0.015672202584722194,0.05993846571072936
1435,1.0971678224723695,0.0084685433859581,0.007127799339690376,0.09724843595176935
1436,3.475977907774293,0.030568443365676448,0.037026686584901145,0.058936514891684055
1437,0.922067284920616,0.008178299347193715,0.005745012825470026,0.07699859282001853
1438,1.3712872624239367,0.01220107164284515,0.009361947570017234,0.07132661994546652
1439,16.753416635465378,0.12519224786837724,0.08840285366358842,0.0878624371252954
1440,0.6046569154614807,0.0056843408644719545,0.007130741546753976,0.05482198903337121
1441,0.5982712903868951,0.007926313142013672,0.0067664514777445225,0.0829210071824491
1442,1.279844699227561,0.016014834250170584,0.013773769464691232,0.06651104986667633
1443,0.6241557996658407,0.0079053793473219,0.006029076767289596,0.09198676096275449
1444,1.6024974146131643,0.008600927658788187,0.00895488676336132,0.06532314186915755
1445,0.4414357010882996,0.004836204441017146,0.004417910898035427,0.1177567234262824
1446,0.4757633358186573,0.0010189267614089928,0.004618292436477034,0.11719458503648639
1447,0.8324651936186307,0.0065384257952340406,0.007265051666885039,0.07528086891397834
1448,1.8302292327620324,0.01331128801382313,0.01681988692899788,0.05585238989442587
1449,0.4331087496756865,0.0024950231033542096,0.004743887850153452,0.08138107229024172
1450,0.7707843532388129,0.011557029410608047,0.011782280476951108,0.0657764389179647
1451,0.2096977404636289,0.012027049892500884,0.010991188548108738,0.07347735343500972
1452,0.498716276232746,0.005483895545457354,0.004846066529881492,0.13925505010411143
1453,1.7121569391514428,0.009364049225333952,0.020413912832226263,0.05615964066237211
1454,1.1906550474257638,0.009203206275167592,0.010282716962222957,0.0865369401872158
1455,0.6075685185201315,0.00398655921799896,0.005514281420645313,0.08124854601919651
1456,3.791042119906832,0.04149513936958229,0.021911432066193257,0.07310379482805729
1457,0.48814205507147884,0.009467405693513124,0.009271629392408252,0.053683958016335964
1458,0.7585303337346584,0.004677423250241236,0.006963490580974486,0.07001649402081966
1459,1.5378708161861188,0.014081789049234902,0.0091916404536787,0.07676554098725319
1460,0.5162850987346246,0.006769564548693572,0.006828147837184082,0.053149599116295576
1461,0.4178092376921763,0.002592288228833587,0.004674318099497396,0.08746476983651519
1462,1.5185836419503715,0.0030475769346586363,0.016402367459912987,0.0720109362155199
1463,0.26754257427045497,0.0035074890715187045,0.005164721701325328,0.08720042463392019
1464,0.2662455472920207,0.02828529144790214,0.02709204266472122,0.06832378217950463
1465,0.9767040385431205,0.009721084819105441,0.0063877636569501135,0.08915804466232657
1466,0.8776860400882367,0.004338733012922282,0.009388681422567373,0.07635608175769448
1467,3.419087589313094,0.020655853210125398,0.027674876987558907,0.06393671687692404
1468,0.6468969228960916,0.0063487270295910945,0.005663928951260152,0.06705966405570507
1469,0.5145579935528708,0.0082172437052284,0.006151270965682094,0.07595119113102555
1470,1.6375429742582104,0.020145957067942456,0.007712127677627662,0.07861889014020562
1471,0.646522427948534,0.004277812315815144,0.006022734053496368,0.08648805785924196
1472,0.3814188875885972,0.006913781459389978,0.004963105049078664,0.05438679410144687
1473,0.9978252827312988,0.008152248096968854,0.010558831432518888,0.0757169839926064
1474,11.967818302838431,0.09145351008898707,0.07028291235826101,0.04647442884743214
1475,0.73573356544225,0.0024778895182055887,0.007157198166059256,0.08899682573974133
1476,1.429052878729383,0.02229591608916633,0.016700365071424684,0.06039073783904314
1477,0.19146946938333193,0.0013927811540138148,0.0015500337225954313,0.08861622586846352
1478,1.634158513573488,0.007080332763603858,0.015360534268137018,0.0573693891055882
1479,1.9283333101867783,0.06362896284837957,0.0492646127378041,0.06304493034258485
1480,1.4393583239459549,0.01173986885947131,0.009736177869030714,0.07863260572776198
1481,1.0287013867262789,0.005893195064996678,0.0095719303958935,0.07010007230564952
1482,0.7398947264006664,0.00828755404866059,0.007875976938031982,0.058160606771707535
1483,0.26107086486702963,0.0018229721936608922,0.0029239369812399537,0.10138551099225879
1484,0.8575311111054045,0.010383509780766288,0.00911228842079065,0.06692084996029735
1485,0.7674452272067154,0.010675072121422989,0.012944013236801432,0.050511523615568876
1486,0.4888779917424601,0.005727733244626594,0.005188010703935518,0.0824885256588459
1487,0.5005886690430275,0.012374423891796205,0.008854758362275221,0.061204508412629366
1488,0.48009139694517305,0.009446131194693846,0.007391236488520198,0.06804948300123215
1489,0.774609201628877,0.009647344154014574,0.008766670642910557,0.06950760306790471
1490,1.488645370381068,0.018377226476851714,0.013015401662766622,0.1043738080188632
1491,0.7377610344177045,0.016185138319219125,0.012045750214872572,0.048835852183401585
1492,0.6028000769282253,0.011406873650070645,0.010145210004032977,0.05472424579784274
1493,0.7611048111258774,0.009389432472146266,0.014727951124961697,0.06726320181041956
1494,1.150132394549988,0.009006543557265715,0.007489234029858175,0.07037527207285166
1495,0.3410756741087906,0.0052769624819870515,0.005859254290201907,0.07561090495437384
1496,0.9163572773158909,0.003252944127166702,0.00591652687815823,0.06823060614988208
1497,0.40005201469322293,0.0031781618690705244,0.004456178210765267,0.08429455664008856
1498,1.9406448338796736,0.005741753918326112,0.014008162574114165,0.0611911010928452
1499,0.9072426387142889,0.01490543584036143,0.012138846135797075,0.08976029185578227
1500,1.4898688656980716,0.0030947489419339397,0.011446112759251621,0.08948637219145894
1501,0.3360309314325612,0.008514990911091916,0.008211246977079487,0.06667383760213852
1502,0.3780624036244217,0.013161778294375268,0.014553506778553339,0.06698563043028116
1503,1.256677586394103,0.007469146449850586,0.009213812816508212,0.0606336509808898
1504,2.3956990890376044,0.034284231811936156,0.019054765190263803,0.079120809212327
1505,0.5194313502530995,0.009320657894000876,0.010103341014898072,0.06705269310623407
1506,0.4183920262566967,0.0035915831223243522,0.004390985175034801,0.08467723382636905
1507,0.6966684681724734,0.008066057609534954,0.008143445735589849,0.1017208551056683
1508,1.0402448696800057,0.0031979809264951206,0.0074707086746525824,0.09697526600211859
1509,0.7292597341262579,0.010918432277226919,0.007429374297157987,0.12463826173916459
1510,0.9857078790554245,0.007972129238155374,0.009806272922809913,0.05333945108577609
1511,0.6490195907150519,0.007674725475647658,0.00844964208069493,0.14418594492599368
1512,0.5920300751078474,0.003094921304417399,0.004527308145409016,0.0906256609596312
1513,2.7855581406937975,0.028390353008452492,0.025305123906226832,0.05102291004732251
1514,1.3555097729012486,0.009847684169936421,0.01063662190349093,0.08353269612416625
1515,1.6531200774254486,0.02239411174272825,0.03459342057998768,0.04371634405106306
1516,0.5962369665284069,0.004875015698133966,0.007151261396901297,0.06247807200998068
1517,0.6867329281276982,0.008885735702331959,0.007670929965346496,0.08288673916831613
1518,0.8548900248050477,0.004798201552060252,0.007898591614530123,0.051830224227160215
1519,0.8564844622467137,0.007426310433845633,0.011444316045340096,0.09927835175767541
1520,0.4972632991193082,0.010613854219172415,0.008473675441906732,0.07858173688873649
1521,0.4274816357326259,0.004357612738432213,0.0036004054710336904,0.06400931812822819
1522,0.8621645705892261,0.010829602343883821,0.007955381687806318,0.10525295091792941
1523,1.0080670529139286,0.004292225523564111,0.008925866717375587,0.054569332860410213
1524,4.928000868731464,0.041376086293625,0.022752668248165603,0.08290486829355359
1525,1.4161091233264556,0.016078802369481497,0.015420755252840613,0.07309453887864947
1526,0.19740948075981868,0.001881466526619333,0.0034160652929915406,0.06056117406114936
1527,0.5433557775981307,0.0047634443898535985,0.006569653871562375,0.04961313959211111
1528,0.8382352831254892,0.005648149464086075,0.006098933185934073,0.06960551394149661
1529,0.3499911394284128,0.006711335788925923,0.006704833784154674,0.10188924055546522
1530,0.578955075547732,0.008603956202700755,0.008101554883139775,0.047200511675328016
1531,0.6724664923821249,0.011241162633773661,0.010181408667814331,0.05382456909865141
1532,1.2744971371554992,0.009487487891939508,0.008641199015646018,0.07871171180158854
1533,1.478127136808181,0.01013008890105821,0.010523259733237087,0.06449362868443131
1534,0.4424817810471171,0.003340914598873923,0.0036987177817464113,0.07322940696030855
1535,0.7907082718889944,0.00910515416342457,0.00885210516063558,0.04991459334269166
1536,1.1510659221893393,0.007629628573756636,0.008797707502046793,0.10497292969375849
1537,1.321944519436453,0.01470293121137588,0.009367034907926649,0.06604177504777908
1538,2.1667973452539706,0.012329710864305572,0.011558534715508675,0.054211282171308994
1539,2.511568673480221,0.017755215533658136,0.005173090926359768,0.07580563891679049
1540,0.48599347007876464,0.004182864711105378,0.0070361254305764676,0.07271072920411825
1541,1.4959946019414485,0.011497961527857297,0.014550899906089928,0.06316439481452107
1542,1.7031837870457862,0.017862962418043967,0.01114176902768037,0.09354309318587184
1543,0.586538403404615,0.008598889866087513,0.00827800427405153,0.06473808968439698
1544,0.7456363248782569,0.007646392334630469,0.008068794273565733,0.06729240622371435
1545,1.4159724365145996,0.008752200889254932,0.013168259756723626,0.0703975367359817
1546,0.7087430509200747,0.010714318024297129,0.007574473280902015,0.11220628628507257
1547,0.7897466096321302,0.0073857391133378076,0.008940229309361872,0.05903624789789319
1548,1.0714107539134186,0.010283819548049078,0.011259554424277039,0.056864521000534296
1549,0.6103785867252517,0.001647633921468913,0.008041285739224888,0.09326627617701888
1550,0.7070564790224414,0.0026979094292779397,0.005969917434781718,0.06572852097451687
1551,0.37067856788625186,0.01004274066126331,0.007374349528641978,0.07628413010388613
1552,0.7326642088975123,0.003266975863560375,0.006090633603527876,0.10978743061423302
1553,0.7084726878286417,0.005247652227977204,0.0053051083244641155,0.06409225473180413
1554,1.3049123051880904,0.008368827640541802,0.013530328661207422,0.06330827809870243
1555,1.4901818709273622,0.014694622329582562,0.007719601172919781,0.07850099727511406
1556,0.3810781056725642,0.004455531727223187,0.004542174051552899,0.1544455080293119
1557,1.527896208782698,0.016236629341142426,0.013354381239802452,0.06373364571481943
1558,0.7052321836896351,0.004603591140087632,0.008671834109368002,0.0708166710101068
1559,0.4303946910407225,0.008343815432690985,0.005750221760205361,0.08368269400671124
1560,1.174421166674979,0.009296069558194484,0.010693200342636112,0.05423399480059743
1561,1.148487116955821,0.013594579263983853,0.011541631078962116,0.06703429110348225
1562,1.5542027930379378,0.019038040637109066,0.012091742798346435,0.08393071498721838
1563,1.0302911345896186,0.005531279656263129,0.00466577139019471,0.06449750857427716
1564,0.6355380199759236,0.006101348678003913,0.0060460013371998805,0.07080086413770914
1565,0.9244724289101903,0.008399471241728362,0.008940143916895455,0.06111954990774393
1566,0.6351509100199599,0.004910464745271819,0.00676096572846661,0.0622710813768208
1567,0.737570151501782,0.009620929762694064,0.008704203079517216,0.05725788325071335
1568,0.7430958664157206,0.006735865628874874,0.006830554783884026,0.09329346613958478
1569,1.1106179260672282,0.010955003330337302,0.0076828141335223464,0.04681657999753952
1570,0.4861832353869995,0.003743950626863409,0.006460763281430785,0.08118270803242922
1571,0.8081022021245731,0.009075391023151242,0.0077846042031754804,0.07874815398827195
1572,1.6043890027410048,0.011915420483835718,0.013955966457394307,0.08793712593615055
1573,0.39492714876654555,0.0033145050196239025,0.007623987318773376,0.06970031186938286
1574,2.6172473024887837,0.02028344513274204,0.01841798147719313,0.08330731792375445
1575,0.28711350882461484,0.005206693124094817,0.005891286497599965,0.056244518142193556
1576,179.3359629796459,1.081331937055231,1.1146672947660514,0.06172090908512473
1577,0.6837732379642776,0.004707559295414934,0.007522628686848195,0.0787985478527844
1578,0.8928083762361521,0.01730138378980536,0.021370960187817204,0.05167366797104478
1579,0.6549092294099109,0.011646629114487647,0.012285248314162972,0.07124480092898011
1580,0.9311451553920332,0.002843141730378144,0.007593699754840726,0.11015338590368629
1581,0.7106668575479458,0.008569420903573407,0.008347447598802163,0.08169431472197175
1582,0.7008814952586716,0.0051434002252771045,0.007146409634426046,0.062338365241885185
1583,1.7603557749440222,0.014441100099262943,0.012893305279584355,0.06352718221023679
1584,0.5477921630878427,0.007183177811120499,0.0044614046401939495,0.09506561886519194
1585,0.4622192129215063,0.005274656485028016,0.006747918651871771,0.06816375628113747
1586,3.6079055770890958,0.020070398256106868,0.03187343242272486,0.05027411412447691
1587,0.36794585441993855,0.0058094551570285835,0.003902201436413072,0.06839107302948833
1588,1.016814806372017,0.015233146833160691,0.011723422580289732,0.07182243280112743
1589,1.0214457327743638,0.005653482488881147,0.008155706223119995,0.05953517323359847
1590,0.2636740945071011,0.005362839505704781,0.0055533844561696435,0.07542394986376166
1591,1.4903248671632863,0.016161838780664763,0.012358400882889484,0.06504420703276992
1592,3.6841225919039853,0.010563223850552944,0.021629371171077896,0.06665289495140314
1593,1.4558236249011287,0.01215915425618425,0.007559046258226636,0.10720024397596717
1594,0.4071331815751881,0.008244782985345341,0.007665552114657593,0.08130770269781351
1595,1.891872045305904,0.02679844461131301,0.012765249372416998,0.06487045716494322
1596,0.8115354068176084,0.006795044346140017,0.006555872081055923,0.08866892382502556
1597,0.8115190781455397,0.00856004973352077,0.010171963721275941,0.07014118786901236
1598,1.5758568920440927,0.015907471608278538,0.009406293750333031,0.06647355016320944
1599,0.6655154816317778,0.007564576704606284,0.006631199289481841,0.07470031781122088
1600,2.172009219889875,0.00801550029344592,0.013573393391875372,0.08207257697358727
1601,0.5835785960179346,0.00758322573244413,0.010964030403862492,0.0675824680365622
1602,2.896935953035774,0.04718486702668731,0.037156102797498265,0.052419931162148714
1603,2.631344387835755,0.028344702635462474,0.02151381042094185,0.07105859369039536
1604,0.22800771626317828,0.0017683888619591513,0.0023865846690623986,0.08488514320924878
1605,1.4664664266027234,0.010890611985424587,0.011652216038594947,0.06530743511393666
1606,2.502484224774647,0.02164797389544005,0.016197860808246603,0.06043099891394377
1607,2.034908651533727,0.0015780301072049602,0.012690207489629861,0.09724669391289353
1608,0.28166683474324256,0.005950955571611536,0.003779504735055671,0.06562735326588154
1609,1.2473831809274858,0.025321111933351598,0.014958986290604414,0.07822199119254947
1610,0.7894121408521441,0.012309152156161112,0.010818340307872872,0.06620286172255874
1611,1.303086919337087,0.00863850730000588,0.012576911392165557,0.05275807809084654
1612,0.43232568546256606,0.004057289747063876,0.005878067714674424,0.08360948693007231
1613,1.2517409678213305,0.0066400162481851065,0.006854459495361696,0.06350510427728295
1614,0.6163738410534787,0.011138990826756075,0.0092311779979181,0.06064127804711461
1615,1.276218144210018,0.02346244983623763,0.016583195959927452,0.08003577031195164
1616,0.737746731279943,0.007545309332824598,0.009652123551786029,0.07051105424761772
1617,0.295156593381542,0.0032888912181682143,0.004561391899120542,0.08112083189189434
1618,0.8611984937603189,0.0077452580201850365,0.012393076343417976,0.09080160595476627
1619,0.5556397886009645,0.0061044935703964695,0.008385251338844362,0.0640920652076602
1620,0.31571970506264174,0.004315821395820076,0.006527317003452918,0.06133423885330558
1621,0.36487204690690395,0.005526292840395964,0.006692278496927945,0.10280659701675177
1622,2.6682992312935085,0.011866704141060029,0.017486444961492435,0.08066897094249725
1623,1.4300236953735814,0.01028417221102823,0.013574759984824937,0.0710616260766983
1624,2.413771353794046,0.014201904955677344,0.007924277381936531,0.08238619286566973
1625,4.021117530067352,0.05984337452826651,0.05023389149524809,0.05197725025936961
1626,1.103740265117217,0.007042368373968715,0.009932684202600682,0.05937066022306681
1627,0.7112639579219565,0.008206047498884756,0.009890343985213863,0.08050759276375175
1628,0.43175955564710666,0.002486356258854293,0.004318651905027149,0.053399823140352964
1629,0.9137231299532507,0.005911720927960672,0.008909560378012445,0.06582809379324317
1630,0.31261823426062796,0.005855769286844796,0.006466439176402185,0.060758897103369236
1631,0.4050088208824344,0.0035353611026374262,0.005587487692503516,0.10324575286358595
1632,0.23950557040948758,0.007040135452913559,0.006830852922800655,0.053883244283497334
1633,0.7321676624508942,0.008329648919801013,0.00813282185586309,0.08887225203216076
1634,0.5878416610506809,0.005989794000515393,0.006588838746507992,0.10480524133890867
1635,0.6420142883761385,0.010182719734213384,0.009433278880714345,0.06366960005834699
1636,0.6482751410058263,0.011574203990871466,0.008593513775389222,0.06755475886166096
1637,1.1775207164646777,0.00447280903970003,0.009380284001327514,0.07679947186261415
1638,162.44524908241263,0.7641865567139228,0.15925993113643103,0.05967182060703635
1639,2.0988435633846945,0.02158927878708004,0.01573259066227495,0.07065558899194002
1640,0.5849858071408018,0.011631674007165301,0.008135122486854027,0.06047939881682396
1641,0.9511227955123754,0.013224365069054573,0.010231600456206585,0.0718579818494618
1642,14.649922918884531,0.2768737155456824,0.21432159873267217,0.0704336161725223
1643,0.8474535093889652,0.003635874372241304,0.008761332432695473,0.07767895609140396
1644,0.4335850318870363,0.016060562109442483,0.014100741644217487,0.060417944099754095
1645,0.1780605620657739,0.0041152208154232196,0.004884802444553592,0.114268000703305
1646,1.0496325529882116,0.004150678421349845,0.007187024685214698,0.07025480270385742
1647,0.2828454153395637,0.004993038487550832,0.0045350243085620105,0.07737332722172141
1648,0.42369816692934614,0.004563679831549205,0.004687926428593042,0.0611326671205461
1649,0.5024655580704855,0.009218798590117037,0.008030322425933711,0.0631995340809226
1650,0.15643665829041026,0.021434363026678685,0.019916593259530848,0.050686340779066086
1651,4.428332177059254,0.03535152014352706,0.030108063443192612,0.08140476606786251
1652,0.6582264767256061,0.020121774112458836,0.017153135737885034,0.0616204128600657
1653,1.0456589244674142,0.008273989224378546,0.008542118424602198,0.08573734993115067
1654,0.6517348947412386,0.007675299256597057,0.00965486619943438,0.05733010312542319
1655,0.9452872824239696,0.008605398863314111,0.009680571855145035,0.0850884229876101
1656,0.36902798156432914,0.0037370778921660555,0.005678717124283861,0.09242407605051994
1657,0.1839438933086255,0.0031412787076875864,0.003976417843087392,0.07839636411517859
1658,0.8570504158247738,0.009030768811248154,0.01227726091668762,0.10879251314327121
1659,0.32286385172842524,0.003058143372513947,0.0033874758868359415,0.06526231300085783
1660,2.305635349972785,0.025239709286524515,0.014146684422405034,0.08172677084803581
1661,0.8710149511456563,0.00909971148058774,0.01077695907888886,0.06112130871042609
1662,2.4406876650327693,0.014473870916746522,0.01960130235681767,0.06990078510716558
1663,0.9296461347392115,0.018484970087787617,0.01374152189900488,0.07803021930158138
1664,0.40047658149863224,0.009083371703788593,0.007740384645750968,0.05978803290054202
1665,2.020600839645578,0.013749740799472237,0.011649898302245122,0.07876013172790408
1666,0.6779598489461763,0.007906031022681071,0.0097524392754248,0.05394321959465742
1667,0.3659820604160025,0.011663374859468542,0.008731907103187875,0.06260175164788961
1668,1.2820297217519772,0.004089768327636445,0.007683552598144347,0.09507560636848211
1669,0.6651425191549556,0.006433143473299559,0.0041937518375232555,0.07373758219182491
1670,1.7693598538152755,0.01884907717218255,0.01923626927253421,0.055317556951195
1671,1.4854269497174157,0.013218839966155261,0.013134927778187594,0.06799673428758979
1672,1.880959630197453,0.014892505371445437,0.011224475574602885,0.051147460006177425
1673,0.16883101762685854,0.005630320691163469,0.005532044112175893,0.07037849817425013
1674,0.805942761932701,0.0020782488535106606,0.007372488148974179,0.0790001293644309
1675,0.3794157130503824,0.009491764136958661,0.0071964542248346836,0.11189431790262461
1676,0.8489302274445912,0.011295599823147708,0.006909638520856873,0.09359671687707305
1677,1.571279358268688,0.01379998733502111,0.017272445625386407,0.06486088410019875
1678,0.5977244453626162,0.01808612073790393,0.01283464733970512,0.04897268256172538
1679,0.6810417238011908,0.013238493766430654,0.012908200024308243,0.07791626593098044
1680,0.7064916798484153,0.015563428713422367,0.020556425387086626,0.06633368879556656
1681,2.1676695954674026,0.028398127729360696,0.017716092888019168,0.07744426187127829
1682,0.6059424710370547,0.014177232313681908,0.01380797699490157,0.07067015394568443
1683,0.8834679335734411,0.0035628088982353457,0.008486240192417017,0.10839894507080317
1684,0.7775134312398413,0.01170359067200597,0.013776508423419265,0.06880833115428686
1685,1.0412457139885944,0.008401316561439004,0.014831564341222325,0.05647357972338796
1686,1.3755782868105644,0.02445451372294474,0.026518562807028474,0.05461858492344618
1687,0.6271309696548782,0.012693951566557289,0.01554635523626938,0.05854836292564869
1688,1.0335970991481036,0.0033033321715471246,0.007790980717624035,0.1267031324096024
1689,1.6236139868880854,0.013576628655853422,0.019151895642747017,0.05726836621761322
1690,0.2741222415553106,0.004146764506608073,0.004695470933983735,0.09426598204299808
1691,0.8495052995054146,0.007633528159883468,0.009407111642450049,0.07219443563371897
1692,1.562437292635712,0.01608546589993174,0.013638121308567723,0.08158456720411777
1693,0.7412893872669777,0.014207166174233668,0.009677332799303261,0.08412981126457453
1694,1.227873770787546,0.017705676524655944,0.014681838867954457,0.0760631151497364
1695,1.4990054557961012,0.038624027874453744,0.037149975658826814,0.06190335191786289
1696,1.2319493941928377,0.010448549463774548,0.009501750604111474,0.0930266841314733
1697,1.0458509973250596,0.00907393874617303,0.008045423531562242,0.06367658358067274
1698,0.4612455503757925,0.007902787552417013,0.007045440058733848,0.0885769366286695
1699,0.7622466425726312,0.008364193361137555,0.008144773507266813,0.08743260661140084
1700,0.8574154261422103,0.006389603822764905,0.008505387639847988,0.08780052000656724
1701,1.532295878880993,0.008242033385196844,0.011800674615448533,0.05953240999951959
1702,0.41566281691536433,0.011328274932020632,0.009830316952064974,0.10896470723673701
1703,1.3564326237907678,0.04069066746287689,0.042352287447437756,0.057099351193755865
1704,0.049336718890756776,0.005788412743531242,0.005507572042836828,0.08620946621522307
1705,0.7454016139337156,0.010709088441939935,0.009028329623140876,0.07855961984023452
1706,0.7170239938184904,0.01004610319914172,0.008049681505200489,0.05582766514271498
1707,0.6966712579697271,0.0015833393440089375,0.010825779376500496,0.06371195800602436
1708,0.43647060302026813,0.002587898928058907,0.004702560367749748,0.09452752815559506
1709,0.3403803326969979,0.004494703400154861,0.0036216261930160894,0.09878018498420715
1710,2.122919794233128,0.019453291095126543,0.013272538225724403,0.0736888418905437
1711,0.5702236452795048,0.003660633591949549,0.005229903522348989,0.0838984209112823
1712,1.4654436513979159,0.029042481335501476,0.025689699536175233,0.06736142421141267
1713,2.915978315120254,0.022641745417109064,0.03484249730609447,0.06247004400938749
1714,1.812643301498629,0.00977015068800458,0.01201524545042732,0.0580512173473835
1715,1.8118784743589997,0.013772218888411278,0.01247691677214867,0.05717775924131274
1716,0.839005661358028,0.01419509576024191,0.011531080269855536,0.07500624191015959
1717,0.7544007237785759,0.006464641502783403,0.0044774767557304645,0.08468175586313009
1718,0.8912455959805391,0.006657181726611235,0.010212618373239106,0.07964780693873763
1719,0.6588361169979641,0.0038577463526385672,0.007899447915106364,0.0684689492918551
1720,0.6816208102314836,0.006529471076099192,0.007299314459034076,0.09943445213139057
1721,1.1261067861812437,0.012284131913968276,0.01122414878785495,0.07992980116978288
1722,0.2773591349605103,0.006858385410335799,0.006109182338302244,0.07378265680745244
1723,0.8970913619431452,0.008976493279356745,0.010601404823721067,0.0723326918669045
1724,0.9852672760699247,0.012034339641999212,0.008659416383497553,0.06880748411640525
1725,1.2216892540588744,0.004825267340768362,0.009922641822392737,0.046042135916650295
1726,18.119303736596134,0.10959258567028633,0.045008392836633104,0.07469149678945541
1727,0.21697293515008917,0.007639290661810056,0.009816574967455532,0.07701675686985254
1728,0.5981859516689262,0.008199649475302585,0.009174784791387284,0.07935426197946072
1729,0.720959535683684,0.009603002616901463,0.010039432302906923,0.0613608960993588
1730,0.30148222863553203,0.0016514385172063104,0.003857100939221121,0.07948134792968631
1731,0.7086742531946779,0.00848858245904827,0.006642830845409832,0.06950570363551378
1732,0.971180197897959,0.01587322930622483,0.016234973520476866,0.063250289298594
1733,0.3492791393312384,0.0057087259062775534,0.006941456958023551,0.07353477133437991
1734,0.4849606009145139,0.006736292856908095,0.005671616479540098,0.07509092288091779
1735,2.4948315268511054,0.023242726822378882,0.0251953331450968,0.06431652791798115
1736,0.358629910790928,0.008181656241239635,0.007761157805232017,0.07355874823406339
1737,0.9170494566045521,0.003303954426028386,0.008019261237628219,0.07097745267674327
1738,0.9523805241377006,0.005670775599429286,0.007567074707732884,0.10415419796481729
1739,0.2483453920722487,0.003349399465837413,0.004510596270310341,0.08337476290762424
1740,1.5991242948351294,0.02134620501260281,0.020881942914476648,0.04458661423996091
1741,0.8671004583426709,0.007396179268594661,0.006703003738124955,0.06132742902263999
1742,0.426149587445516,0.007341689933874317,0.0061572045661776615,0.06633696286007762
1743,0.8266791493977973,0.006920420304802698,0.008708421308814742,0.0932432753033936
1744,0.8863945845931981,0.0081968182613313,0.013925739142877511,0.0471363952383399
1745,13.560948248775084,0.13818471271793747,0.06242452585148902,0.07284564338624477
1746,0.7358699918209465,0.004391931976807856,0.007469598013918433,0.10175065789371729
1747,1.2568892678502246,0.004449557285731401,0.013495481544078355,0.07173397205770016
1748,0.26418380464720276,0.0030848457863692845,0.0028485244844577025,0.07665312895551324
1749,0.9047594356589372,0.0061183319691981595,0.008071860802397622,0.07872695522382855
1750,1.071760704706165,0.009195192067887862,0.011383904653084474,0.05005339439958334
1751,0.5980509662846042,0.00597174142542366,0.007621759026841266,0.07015248108655214
1752,1.0487590426729,0.013455316478053134,0.011936765450710632,0.08196810772642493
1753,0.6960119036825544,0.0054345277202541035,0.006673495826320279,0.06545177567750216
1754,1.3120625711924667,0.003572511655956716,0.010441586929715191,0.08427900495007634
1755,0.5664542085836369,0.00648521305326096,0.006110053752347758,0.08648602291941643
1756,0.4496801163080627,0.022491642126521303,0.022822770790944656,0.06296703405678272
1757,1.1778529571770708,0.01052644583975863,0.009814545580654345,0.06647488102316856
1758,1.6864511389618442,0.011989300097249446,0.01837640828810476,0.06323489919304848
1759,2.8373382971047287,0.014214569017866831,0.013640462836322514,0.07486658915877342
1760,16.810675191644105,0.10041991071777051,0.07453149932137332,0.08641173085197806
1761,0.6308374702454552,0.0037184510679253834,0.008528609961991864,0.051912954077124596
1762,0.5213578924053185,0.0054841742882301,0.005638922373083106,0.09405137738212943
1763,0.5077979399486479,0.003512728521942438,0.006850301640897862,0.10961782280355692
1764,0.299293601801016,0.003778258431946373,0.0030607434852826876,0.0682294792495668
1765,4.289823859550248,0.034502035808120016,0.02016040590239771,0.0669674500823021
1766,0.6326407907167242,0.0051410119118037575,0.006477202229635836,0.06265293527394533
1767,1.4340571011917929,0.010879939368458975,0.010495352960925061,0.07152352668344975
1768,0.36384396483981474,0.006530456413791235,0.007399923181209932,0.08259038208052516
1769,1.3885524542152314,0.006870620857061826,0.011914211079007477,0.0740894889459014
1770,0.821184650304808,0.0035660187173370958,0.00938891983729039,0.06351358210667968
1771,0.18198413292350415,0.003432529800361201,0.002494049308916499,0.10412613581866026
1772,0.4005393638786035,0.00289825774896246,0.004529891976997152,0.056311404798179865
1773,0.7354550773140288,0.0014338151069225417,0.008912417992466061,0.07022473216056824
1774,0.6540875016851233,0.007549982731483397,0.009619316221592377,0.06860188208520412
1775,2.090444093046565,0.2551411760563551,0.25257568327709173,0.05499169277027249
1776,1.3522994343212802,0.013413432728002538,0.009421631656100625,0.07332088891416788
1777,1.0767620361370231,0.00631357470813379,0.007075601787866782,0.06856598006561399
1778,1.2725381353111325,0.009997824587997695,0.010918297571547317,0.0822754786349833
1779,0.5920181639390586,0.006289748100332743,0.005799314623841503,0.08507188502699137
1780,1.3922723432583741,0.020344855011044716,0.018122503451460548,0.06603367999196053
1781,0.3056103634976265,0.00451395468124459,0.00695237880748512,0.0719069680199027
1782,0.5898968759609083,0.008866840757126083,0.008419656679259008,0.05959524493664503
1783,1.7258393812995012,0.014076200647943972,0.011716298641256997,0.14589015720412135
1784,1.0330150176545234,0.013764730098249118,0.014114209582627192,0.05927663901820779
1785,3.6135532624845523,0.04051671966287127,0.03956527132140823,0.07032828591763973
1786,1.2266722497510305,0.01552077181294489,0.011886106492336776,0.06945395609363914
1787,0.5585939113878061,0.01118251185400008,0.005781078005383356,0.09847888303920627
1788,4.122586835364734,0.09155284642807587,0.09253973562944973,0.0668530697003007
1789,1.4505773426254878,0.008612785392151656,0.006846074774226895,0.08819297421723604
1790,0.4419871635065634,0.0028239663593488274,0.005323315837788875,0.07078058365732431
1791,3.071436209463202,0.020674220904812003,0.012555291817720709,0.07617041235789657
1792,2.295845348111624,0.023445329867322652,0.01132806978804246,0.06989349471405149
1793,7.2925052796057255,0.019396326285145232,0.07782106336383554,0.055494166910648346
1794,0.5990522061939911,0.00969327263896871,0.00612394170143518,0.07414982980117202
1795,4.4000021048425415,0.03354987472466875,0.015584117504596309,0.07223944831639528
1796,1.2442758207563498,0.013078266985315702,0.012560640690181136,0.07066846499219537
1797,0.6598955609346233,0.004436765103988474,0.006224755476836839,0.05885441182181239
1798,1.11732981703089,0.015195884465950073,0.012816180829188768,0.07244942896068096
1799,3.4144644511651334,0.023126032715489638,0.010955649924953051,0.0968232536688447
1800,1.3411093970380283,0.01361579468667569,0.01275281598064432,0.06318222405388951
1801,0.9792608389877654,0.010910589458029932,0.010881704202695875,0.04794587008655071
1802,0.6740028982284283,0.007409259268441774,0.006534897525608013,0.11436869762837887
1803,0.3025469539649549,0.004041357613678258,0.00446420097525481,0.0970827080309391
1804,0.7010598817560963,0.007770366369715518,0.009025965392326698,0.055179455783218145
1805,0.9271075969456811,0.008504903528937109,0.007072832079425891,0.09114312194287777
1806,0.6792392914598269,0.0073864085078117715,0.009071904066996978,0.07598872995004058
1807,0.5782317355445584,0.009087239900437638,0.006353813708098846,0.10280699888244271
1808,1.7429503282050263,0.03998419331280985,0.031158855899779243,0.05606593610718846
1809,0.40037946676533287,0.005682115024563422,0.004631685164159255,0.06038712244480848
1810,0.5595396839960836,0.004124255787951714,0.00483868502480645,0.09557257685810328
1811,0.450575602020931,0.004386998462121852,0.0033874559723694126,0.07245413213968277
1812,0.5256614962076259,0.005194233083969312,0.004413110003561601,0.09176028473302722
1813,0.21067394353402585,0.010774880427557637,0.010650747561334509,0.07066380186006427
1814,0.5629573917502997,0.009474271548506316,0.009021116016300068,0.08013349026441574
1815,1.2110169824931298,0.012514036050782391,0.011615327371536654,0.07098309881985188
1816,0.633255810143249,0.00919515613992869,0.007479962766577438,0.06322449399158359
1817,0.6801197527096206,0.007298980324320671,0.006650705437935411,0.06047507794573903
1818,0.5239253914235252,0.016775194678876334,0.018396952184117726,0.06853580800816417
1819,0.9137659348314622,0.011051293196157974,0.010156245649375211,0.06003768788650632
1820,0.3885717051618446,0.005576393039505758,0.00478709895669263,0.06684058671817183
1821,0.9234413258839608,0.0007717073804682011,0.0074673331243662105,0.07676555728539824
1822,0.5428937447164911,0.005195813291387348,0.006851947677515363,0.07709253625944257
1823,3.084256578104278,0.03213278259857738,0.019021571921268417,0.07465177914127707
1824,0.44444214991483716,0.0044269314372828135,0.00784821739112317,0.05574908712878823
1825,1.8498148005324297,0.011652866147770962,0.010062411045154476,0.06667546415701509
1826,0.37170863251177,0.009696389146027289,0.00757498101001381,0.0600552330724895
1827,0.8407546280523336,0.00956366920580537,0.008976428518182181,0.06339337211102247
1828,2.9853172662711787,0.02474952300011514,0.019320430849127403,0.08685194421559572
1829,2.9541844877485053,0.034855962960484516,0.042276958810744725,0.0580840609036386
1830,1.4561660670036987,0.009570347449115299,0.0108154601665592,0.07091455766931176
1831,1.0475715315538079,0.016742659734986665,0.01902779209700233,0.05653483094647527
1832,0.4142772785174363,0.008449007444886839,0.00781541835583761,0.08068774919956923
1833,1.0102646458956128,0.009934543154824593,0.01264341983146014,0.0721309850923717
1834,0.9807798575613387,0.011852572258705658,0.01107191206102734,0.0552485091611743
1835,0.8160262494766429,0.007554937998947212,0.007281967735188905,0.07532690092921257
1836,0.6811467598001462,0.010867925702273148,0.010689146490015192,0.061944399029016495
1837,1.0909094709406166,0.005743236256885926,0.009838999563008962,0.07825650880113244
1838,1.7954427596782612,0.015427483612349217,0.013013966061754399,0.06460183532908559
1839,1.3944650444361146,0.006801896110883669,0.010733871998199033,0.07063132990151644
1840,0.6165007963909234,0.006929949418486319,0.009102803225164999,0.06446521589532495
1841,1.6555179191201475,0.014969324512738873,0.012681079166442354,0.08115178206935525
1842,1.691129822706948,0.010119476654155826,0.01049672261846595,0.06346083618700504
1843,3.444328000490035,0.024393908803444362,0.010936509392608311,0.07334042200818658
1844,0.4017101114607371,0.002997789288547532,0.005077032389023615,0.08027435932308435
1845,1.9385585577471165,0.006128747305376128,0.010978658493101756,0.07404823508113623
1846,0.9094419642641977,0.011717734716521114,0.014673679542311918,0.07138909492641687
1847,0.4827911390147145,0.006187525277257085,0.007466977658872934,0.06837804382666945
1848,0.8664964737902336,0.011337306311839716,0.01138688322732165,0.06817424995824695
1849,0.30589409669576284,0.002774060339326729,0.004542934039712713,0.06073214998468757
1850,0.53531826517254,0.0035844487628450836,0.00473747527693973,0.11534082889556885
1851,2.643219629850089,0.03744751129963828,0.026478963311143956,0.05049032066017389
1852,1.4582095556827261,0.0075483205637282,0.005240266026357992,0.11267009610310197
1853,178.1994199359631,1.1737955348078803,0.29452619895187726,0.0555498581379652
1854,0.46816341573681236,0.0033709679574219246,0.007619795392603089,0.0827546170912683
1855,0.32851159336719316,0.008565574797399467,0.0091519061577434,0.0656983838416636
1856,0.12301795657736647,0.001562418791915106,0.0022019540632876563,0.12741993414238095
1857,1.4286794671000382,0.014292124356968323,0.009434982049218865,0.05095870420336723
1858,0.49318639502727823,0.0052293782454685715,0.0052818481804709355,0.07886461867019534
1859,0.9418012475940197,0.011709434543200784,0.011738261288166286,0.08889830531552434
1860,0.3408695577445494,0.009706644649877727,0.008923157286959285,0.07736655976623297
1861,0.7709916779055046,0.008166334058092315,0.007175234537638767,0.07898331386968493
1862,0.5241046758565124,0.0013116782940673438,0.00776533906915363,0.11560324113816023
1863,0.6649848373329793,0.01236219812346065,0.007565916452826979,0.055246171075850725
1864,0.4197135565998523,0.008105425567249719,0.007644337339386096,0.06376766692847013
1865,0.4671149948260558,0.004982717120876839,0.0041642985682790335,0.11120956484228373
1866,1.513268402446227,0.017984668432496936,0.014209865483667731,0.058675630018115044
1867,0.9407700283736664,0.004712077476995458,0.011441325756654455,0.0760506740771234
1868,0.22075967361899146,0.004162340442918838,0.003500724619486675,0.07136090984568
1869,7.21630427212332,0.03686776887924387,0.03183459197598353,0.045202501118183136
1870,0.51288750907199,0.0026810688736002867,0.005480327789425837,0.09457533899694681
1871,0.3975109807697893,0.007285403567188454,0.0050105838876912424,0.10389646189287305
1872,0.47402550355697975,0.00591467341524269,0.010003051570778913,0.06162875285372138
1873,0.624419363190765,0.00851636843260388,0.007785078000654245,0.06769039714708924
1874,0.7867677753123189,0.01480658885607558,0.020073587401990143,0.06833343021571636
1875,0.6765997070704705,0.005165145612067972,0.007959526645951152,0.07106561679393053
1876,1.2057928505727753,0.004810232105715006,0.011497953381221343,0.05845751101151109
1877,1.4284712844418885,0.021830920700314987,0.018304714146227672,0.06876382883638144
1878,0.7343002571475354,0.0041044650651726345,0.007159833694019026,0.07450272981077433
1879,0.6656692136248581,0.006468447224374354,0.006147272171338529,0.06846351828426123
1880,0.5221209072254619,0.006877737232071091,0.007148917432176731,0.06984946690499783
1881,1.462161624818241,0.01282870559302255,0.010227722657687132,0.09861990995705128
1882,1.8874205428444877,0.01916061103637961,0.014181105289463104,0.054688576608896255
1883,0.5841623192281088,0.005901294936370502,0.0074962692812430825,0.1500792158767581
1884,3.1196378866405583,0.012630917862901108,0.02363128318993342,0.0492080869153142
1885,1.139570953587178,0.008966047932128005,0.01248300716649421,0.06920753931626678
1886,3.2842670957079134,0.01887192675297663,0.01755052734857403,0.07487599598243833
1887,0.4514308305098794,0.0035781960280684222,0.004816883247757532,0.08317718096077442
1888,0.613987345902174,0.005190144050162909,0.006906932707560665,0.07929081609472632
1889,0.5043832754562766,0.003990074434396378,0.004227371750018254,0.05675774486735463
1890,0.5036113906121712,0.009327455765228808,0.01018000224228174,0.06344997882843018
1891,1.5824757777438851,0.01712733457164427,0.009297006713326431,0.10182977374643087
1892,1.2314943134837106,0.015135651775526405,0.014834518507324907,0.09114441415295005
1893,0.33460170501899045,0.007367936052673445,0.005477798684144824,0.09277523076161742
1894,1.1604560007690359,0.015587063995293996,0.017534653682971656,0.04913561837747693
1895,0.2187687511812833,0.0049439990759217525,0.00489380983768682,0.07362615410238504
1896,1.1402678222911309,0.025296843465007067,0.023997951713940764,0.07215130468830466
1897,15.490748722271976,0.10497474629555532,0.0592672771010425,0.07423282880336046
1898,0.7103517885638754,0.01462977777310782,0.012771765523474475,0.08428527088835835
1899,0.40479723065101897,0.003945899231369336,0.00486472613682551,0.06010157009586692
1900,0.3480131722681227,0.006576134784746354,0.008270130623427949,0.06421171501278877
1901,0.7920344606858656,0.007385872436458599,0.008558137483490887,0.07730912417173386
1902,0.5235324415955218,0.002925317936469192,0.005709521530769808,0.07270465139299631
1903,1.1241706896000676,0.011905705167538718,0.010843592077057726,0.07651383196935058
1904,0.7544824790949326,0.009959581358650188,0.007335181240649995,0.07546465890482068
1905,0.7976541585789635,0.005190936124728552,0.0054920455042410145,0.06994883716106415
1906,0.6009657783368012,0.009162425231307626,0.008386327964292178,0.06074105715379119
1907,0.4601175592492777,0.005092424677049604,0.004149197220206697,0.07432886911556125
1908,0.8053237393625343,0.018636058909856718,0.013193977073313792,0.049050701316446066
1909,0.21217547963823719,0.0039628177949641115,0.004201451018477967,0.0740646650083363
1910,0.4664572078105188,0.00620557360998465,0.0059353653303030295,0.08718460705131292
1911,0.9530218833736118,0.006927077234675255,0.005804419749044466,0.10561738815158606
1912,1.3668418373253428,0.02521573688730956,0.02765675357060867,0.04642143286764622
1913,4.527713727495652,0.02865982373628081,0.04799632485068559,0.06819824874401093
1914,5.998600389919853,0.05410682656368062,0.03292564656662322,0.07660376885905862
1915,1.430141278091682,0.008913268313490187,0.012606090062994292,0.06160270608961582
1916,0.2722464177715808,0.005415729908727391,0.005636521508512235,0.0802130769006908
1917,0.8122587559745706,0.004476646735557505,0.0056253806247250895,0.12138601299375296
1918,0.24391507694822157,0.006094224785398031,0.005432256059666068,0.06240893714129925
1919,1.1006860286436926,0.02302876238963824,0.028062006421936105,0.06580181093886495
1920,0.1921465417587378,0.002743463841641133,0.0031301205375396193,0.1303589642047882
1921,0.6224631450262136,0.006337860071970583,0.0077552908330835515,0.06634818436577916
1922,1.206533869601898,0.0034583095170756003,0.008266425119968916,0.14428713312372565
1923,4.529133339869828,0.0017303632718046872,0.022412563174657896,0.07139254780486226
1924,0.22895287909243114,0.0016185823741423973,0.0026078478387973262,0.09937334386631846
1925,0.6267951984541641,0.010322548592549744,0.007111532979854699,0.06296990299597383
1926,0.9661189535663747,0.007913783265545546,0.011530610171944174,0.09430568479001522
1927,2.0029164945849485,0.015961630725214594,0.01784669587807085,0.06761765480041504
1928,3.3674232066150536,0.015452059025452027,0.025142178187931928,0.047217144165188074
1929,0.19134500615563962,0.0025802401128907806,0.0026054688026778314,0.12108262907713652
1930,1.0923769477761822,0.0037307468179103714,0.011055533774457232,0.08550653420388699
1931,1.0306547549431244,0.011043833590955569,0.010604047127906961,0.07691527809947729
1932,1.1622115886804174,0.011726270442977256,0.008537976146013001,0.05840548826381564
1933,0.8586674108107403,0.004231131221045576,0.007736805983534022,0.08415262727066875
1934,0.26729937487938693,0.0040377445933498166,0.005964574392456523,0.10765891103073955
1935,0.7144918827187737,0.006537637396493452,0.006740178889185226,0.09070982364937663
1936,0.1229631322754911,0.0035988098299634627,0.004260096831322998,0.09046099800616503
1937,1.506482507103122,0.010294440021154642,0.013056494442307524,0.06422064080834389
1938,0.1626544958062426,0.0036143966303433055,0.004550052936467811,0.06885654898360372
1939,1.4180162038821367,0.0057893238692405015,0.008845945298663255,0.07265218626707792
1940,0.7153924789770697,0.002848014039277468,0.005806116772202597,0.11608248203992844
1941,0.6955896594417511,0.0025771515383006473,0.006176650514796592,0.058950887992978096
1942,0.9795302646031896,0.0020060026514890587,0.008336812220969518,0.06365107465535402
1943,4.822691233786647,0.01871359201196174,0.03024638837029173,0.050708613358438015
1944,0.7849644710829435,0.01045784729800857,0.009879972119201327,0.06035101739689708
1945,0.5831364470881125,0.00621428710586152,0.004825592424448478,0.0919870468787849
1946,1.4470669192518704,0.013362139223959823,0.016284494019908495,0.0678917751647532
1947,1.84842347777435,0.013742589480844917,0.01340874035360122,0.04488086421042681
1948,0.7149317130778363,0.00562003027545364,0.008400194633699164,0.07337537640705705
1949,0.49307968213952513,0.004341125568786058,0.005726906607844951,0.09323455486446619
1950,1.574973850833966,0.0038025749478545223,0.013794132397073262,0.07085709739476442
1951,0.2768052164145612,0.0027454399092783827,0.004243154270678736,0.05620837025344372
1952,0.43906001752830487,0.002696924976348365,0.005532837047084794,0.07277136435732245
1953,0.5565207623444324,0.018970861385261627,0.016751988411471963,0.07174498168751597
1954,0.8396871859951618,0.00907566543969594,0.006392237700838638,0.0697961961850524
1955,1.0678696031569377,0.009568673368237302,0.012380313025365613,0.07091265404596925
1956,0.3863248474749259,0.005974575509566234,0.005311888643411334,0.055444116704165936
1957,1.0121465542399046,0.003696344837825486,0.008807522396085819,0.07288261596113443
1958,2.0169102671003447,0.024812000192421305,0.02073689082983702,0.06197978137061
1959,0.575907287228988,0.0177295926147539,0.01345407305652195,0.05964670376852155
1960,0.9886742856490841,0.015723843662090363,0.019101915148527236,0.07347620790824294
1961,0.7897125281474824,0.00977487228516225,0.008184590343847423,0.0879216049797833
1962,1.596486331588737,0.009664835082318874,0.010855439553041841,0.07101252535358071
1963,0.4473230092120352,0.003602183740241692,0.004688676583036434,0.09676215285435319
1964,0.2904016705608479,0.005960747977422576,0.005206352726453498,0.07532110717147589
1965,0.917708467072761,0.013797244735716016,0.01061020271363421,0.05140927108004689
1966,1.414509373442367,0.007933264942719924,0.0065823234609700375,0.07002767361700535
1967,1.0096621410186783,0.014194693065222353,0.010278971036423569,0.06220555491745472
1968,0.8497743711844331,0.013012033867046057,0.010401886496827632,0.05741109233349562
1969,0.23754223600283014,0.004304905425052087,0.004142628441940613,0.06324420217424631
1970,0.5207855834046115,0.008409900591458132,0.008597703439005535,0.0740794432349503
1971,0.7803638245385252,0.008023011386841498,0.005760528029736694,0.07831052504479885
1972,0.7912492672623399,0.008197339821719885,0.005004120861046906,0.07474670791998506
1973,0.9917209484851424,0.007958138333141547,0.012805937510847493,0.052344833966344595
1974,1.7200050689879598,0.01244435083275977,0.015653627028770413,0.06778584979474545
1975,0.9556136455971546,0.013075472853331686,0.01287797638804576,0.06580583704635501
1976,0.5199022442151192,0.007012382836107609,0.005641947601801424,0.06353305885568261
1977,1.3386829847407553,0.015635821147135673,0.012878422770750837,0.059387790970504284
1978,4.528399585743214,0.009794709582454384,0.027268239145204702,0.08642768627032638
1979,0.3942940079978544,0.005370227125890307,0.0051178713406844385,0.0719311386346817
1980,0.5668331487215597,0.011755935627678637,0.01396244958681743,0.051707073114812374
1981,1.6118634724728735,0.012042343323771406,0.01820709015280857,0.061830854043364525
1982,0.2647782299920073,0.008691133204273737,0.009666052348150026,0.06275700218975544
1983,0.46075830539478596,0.008721663186713342,0.00806209616801528,0.06979699386283755
1984,0.06283092696645823,0.0015884269459480365,0.0018502668796993337,0.07062482228502631
1985,0.2487025509017183,0.001726635838761226,0.0030435799939188394,0.12465203600004315
1986,0.8115066715565983,0.010273156507433013,0.010466652534113536,0.08406518027186394
1987,0.4486713865972147,0.007666479997287812,0.0069984235456122265,0.07571365125477314
1988,1.2866483911761055,0.010924672158402525,0.008079937407522325,0.08457778580486774
1989,94.77525150564412,0.6259018840240659,0.35577504965194257,0.05737491091713309
1990,0.8029746182754423,0.0008161900748257086,0.0049672058296843895,0.1304198419675231
1991,1.2965232292834592,0.015616778229955013,0.015540216007354397,0.061889483127743006
1992,0.3057134626743318,0.008861958260953973,0.008399355825096624,0.07482887106016278
1993,1.937646540406867,0.013652052506421323,0.030625374884822375,0.06244034506380558
1994,0.5481950992051569,0.006116177169516723,0.007542418022935725,0.10017334716394544
1995,1.221261582813032,0.019056922532039958,0.00837877794181904,0.08148647705093026
1996,0.3382058430944565,0.00255261166716321,0.002836508614212977,0.0999664650298655
1997,2.7467804369677884,0.04883890480585249,0.03434989805008517,0.0439489739947021
1998,1.1299922690703357,0.009200470114392274,0.013458496931633424,0.07438788237050176
1999,0.8889224251615874,0.0175966553692776,0.01496609772903306,0.048622445203363895
2000,2.337841562033699,0.009255023492010399,0.009075227388163448,0.0755700496956706
2001,0.5040507088151276,0.002867740761070755,0.005259298933706565,0.1460126480087638
2002,0.7798149188711726,0.0057030766211040584,0.007182222874232272,0.07465342106297612
2003,0.3917838894967341,0.004219041411124405,0.007587640253060706,0.058388507924973965
2004,3.4066225938910994,0.055129046864995854,0.04781373917778832,0.07672516582533717
2005,0.7762636442772638,0.00914297237085486,0.009079952248949032,0.06933667371049523
2006,0.2242262681979378,0.002011649117672942,0.0031734351664987406,0.06901592994108796
2007,0.7735166832294944,0.0033343703018306682,0.00667623319151876,0.05764112714678049
2008,1.1625868868152718,0.010372500257865572,0.007698714266131907,0.07755008526146412
2009,0.5818647644120578,0.011733705291111542,0.010347388108681334,0.08050516387447715
2010,0.265098583318953,0.004100159212606725,0.005857649472799358,0.08689609123393893
2011,0.424011935124679,0.007167782864649845,0.007974911507647012,0.05037844320759177
2012,1.0308203220575434,0.009538198466563374,0.010428230538786658,0.08826238196343184
2013,0.41243282264819514,0.005885822628986394,0.007831393450519785,0.07803303701803088
2014,0.6055639377891492,0.009237436845505823,0.008282458310384164,0.07239660294726491
2015,0.8270336702884186,0.007808021890993848,0.008616900889070437,0.06601337483152747
2016,0.688734459267583,0.005919742004376415,0.008899497530788612,0.08441744185984135
2017,0.7097571168743613,0.005376360967496156,0.005812345419315521,0.106699971947819
2018,2.1318569940383445,0.012056153306498962,0.013740410847414727,0.0592929576523602
2019,0.7881033856492979,0.012249389663839027,0.008684347978823826,0.0631603398360312
2020,1.4319590770732897,0.021795155150544237,0.017866778778829858,0.06969515513628721
2021,3.448959481164959,0.017717925703728127,0.03082067724586208,0.07324961572885513
2022,0.8942742716822696,0.004154995214607701,0.008557780581141058,0.11102320533245802
2023,0.6619927275830185,0.0058376355806700215,0.00813618953829673,0.07126788096502423
2024,0.23803775871588495,0.0028928511402480286,0.004727294131962995,0.06664451397955418
2025,1.0960302294486737,0.003177865388797392,0.010639955895007332,0.09170398721471429
2026,3.099674150590302,0.0348151367064248,0.01838684094145383,0.07531181676313281
2027,1.4937223777481636,0.018586135922400375,0.013924655088323358,0.05479074036702514
2028,0.6768462643682421,0.010891920377677073,0.011597468563919165,0.061806160025298595
2029,1.4225860316948282,0.0028450794191726874,0.013499490825717247,0.05880142142996192
2030,0.9219621031635247,0.011639466013078288,0.013528348391315377,0.04949484393000603
2031,0.4356523089796537,0.002775515947647057,0.006121220152550599,0.06621044222265482
2032,0.7554745816989297,0.01376678603440539,0.018481195080372284,0.06470689969137311
2033,1.2363153220901861,0.0058514265777157145,0.00909653748724168,0.08138384576886892
2034,0.7137079484078662,0.007288084057133736,0.007300909985882463,0.09206480532884598
2035,0.17593366455440018,0.005022634112809569,0.004348599255514745,0.07420267770066857
2036,0.5421657120468362,0.011881889458037746,0.008874956386926692,0.07590171508491039
2037,1.2068236697624801,0.0038385884666446942,0.009793984655382913,0.08209824515506625
2038,1.246750828552684,0.013063502406240617,0.013660886060138825,0.054965277668088675
2039,1.6585379954591117,0.008308753864768294,0.016494679982729993,0.07174537889659405
2040,0.68940313603056,0.005085165182294007,0.005094399930798633,0.1597728170454502
2041,1.3173955315775405,0.01745216343518524,0.015735695411066192,0.07290093507617712
2042,1.7593324836506563,0.007891206503395172,0.011335762158552688,0.07876671710982919
2043,1.6149773511224181,0.012527048409351538,0.01169367635541523,0.11973773315548897
2044,0.7032205428716019,0.006119032091680415,0.0063858340042486144,0.07446590205654502
2045,0.1257783669191733,0.002928554345936931,0.002459054865980243,0.07800168497487903
2046,2.359993212827763,0.01928373953213081,0.01575208179122117,0.06679903715848923
2047,2.3870264505897616,0.01798296448944045,0.013004960793714748,0.07601059600710869
2048,1.189372401077321,0.007381349372155349,0.0066408717559069165,0.06289702001959085
2049,1.0822868002340935,0.01325688172886839,0.014562976642316022,0.0684624221175909
2050,1.1694667914994474,0.006266367024828275,0.01074704241099401,0.05789268668740988
2051,3.8725667100629746,0.04715554689833762,0.028762517351288555,0.06367168109863997
2052,2.6878364898491736,0.02150053048605054,0.020311188610243745,0.06488076318055391
2053,5.028235902266766,0.04003741756297411,0.03423967909716028,0.07374663976952434
2054,0.803922587864158,0.006405692751476944,0.011515760655689471,0.07787199784070253
2055,0.8627570515882051,0.006655068177461257,0.009772766875071988,0.08109516091644764
2056,0.5537911173356588,0.005951926487430701,0.0066617594695397905,0.10605695098638535
2057,0.42524969364757165,0.004405217798637438,0.006444905059196524,0.07979400223121047
2058,0.5598327195279724,0.0026235977674225483,0.006017335237094914,0.07340259337797761
2059,0.5371630170955841,0.005024727772875823,0.008276178154357007,0.0742923216894269
2060,1.111241796407912,0.016132411477235726,0.014480536926809942,0.06274651689454913
2061,2.2057691886209243,0.02510578087926298,0.014833884009351208,0.053820948116481304
2062,0.5791823871345709,0.008411188587403676,0.006551410037228119,0.05946504231542349
2063,0.560338224117557,0.011769716443271187,0.009916812195824347,0.0677568637765944
2064,0.9179347955840451,0.009248287107096152,0.008865600473278475,0.06284180702641606
2065,0.6971019462419888,0.003561952481886037,0.007452013957217057,0.08595073595643044
2066,0.60734744314316,0.007461913197053165,0.010165988681096359,0.07807241287082434
2067,3.8376550819843023,0.018079765754179345,0.026313220327435802,0.05768502503633499
2068,0.8697256237020997,0.012262806002387744,0.015062653710814397,0.06804250320419669
2069,0.49334707247360526,0.005671630858796021,0.006629964221306422,0.09924506628885865
2070,0.44970716835181285,0.005910718518831566,0.007234551884299237,0.055674980860203505
2071,0.7812390553751646,0.010924250309304615,0.010043718893144676,0.07898209290578961
2072,0.39115984884357013,0.004427805077273796,0.0055968905685278925,0.05989466095343232
2073,1.7702943387716263,0.017407172194817674,0.011323638665305573,0.08761643338948488
2074,0.42782996624024067,0.011365646706926216,0.010076425993782508,0.08221185905858874
2075,1.2790233399187563,0.024066521814258286,0.017978483641338396,0.07591546140611172
2076,0.7041561426546125,0.008678399906630824,0.011256411506024454,0.06851109489798546
2077,0.5078923675812707,0.007966655617201916,0.010142407306858144,0.05706126010045409
2078,0.4094320388608083,0.0074435168250312775,0.008513085598242398,0.07729196827858686
2079,2.7733643952389904,0.026708102604826357,0.012218440756202998,0.07364135421812534
2080,1.230607323781833,0.005278053800285893,0.017351433498375732,0.07076559960842133
2081,1.8933632684178874,0.0018769148785852477,0.014626393751745551,0.0624533761292696
2082,1.3719345068291826,0.015967737892162957,0.009257178696046331,0.07715331204235554
2083,1.0558388400896328,0.006649162565487204,0.007580889844035752,0.10845294501632452
2084,0.5441121083879078,0.004091170832647792,0.0056028526667312156,0.06300049973651767
2085,1.4346581042959432,0.031903861031505276,0.02705103680631119,0.0707651930861175
2086,0.4226745898499917,0.005764061072043625,0.005848052671021847,0.07048793975263834
2087,0.48307112192337776,0.0038773081277738673,0.0038725327460546314,0.09755313210189342
2088,0.624988197098533,0.004172017133961813,0.006333871267968869,0.05928861815482378
2089,0.5732810612132024,0.0030462181072819,0.004277556299889,0.09284421103075147
2090,0.8654580820447952,0.006565102361524936,0.006530365978261955,0.06070975586771965
2091,1.3989397724585046,0.011004334527683646,0.012225018437007202,0.0745692360214889
2092,0.06652348927615512,0.002497476792001455,0.0028549745621527156,0.07430710596963763
2093,0.6704308846512675,0.010633315214394586,0.01193815519373445,0.10126154636964202
2094,0.1657111676830991,0.0016506231664343309,0.002950181009396252,0.17709363298490644
2095,0.3064258327496088,0.004116568917846091,0.006199310624308283,0.04937418084591627
2096,1.3577450634801984,0.006451686258935165,0.008153430404921955,0.07281653489917517
2097,0.82724673017787,0.013994067340793006,0.01571888516693619,0.08165642712265253
2098,1.756683061220428,0.006634866595169242,0.014185503839438836,0.08400358306244016
2099,1.6822152875081493,0.014275238415152111,0.012779425867355853,0.061781955882906914
2100,0.15473323709942477,0.007450315720395584,0.007535424903425124,0.07248144270852208
2101,1.8305426756578516,0.02838018629706513,0.02008314550690483,0.07262152293697
2102,0.4360573085710159,0.0035629410683724883,0.005075563330183931,0.06203083228319883
2103,0.8837866901825391,0.00620529485585016,0.00831504489712241,0.08345733489841223
2104,2.068246610526047,0.015481510782729408,0.019489408817613654,0.06628072913736105
2105,1.2082062030683705,0.00744110105258812,0.012192283656434813,0.05422953888773918
2106,0.6696181911796139,0.0029134991213472287,0.005512847166557718,0.0889907069504261
2107,1.2048801621720047,0.010300414578127547,0.008298243144146393,0.07727897306904197
2108,0.15339750009835185,0.003670063408186596,0.0043108771589465454,0.08097155997529626
2109,0.6253071624072875,0.010208252123331483,0.010181873645024002,0.06630285503342748
2110,0.4625485016685145,0.007168428092759085,0.007250808994680737,0.05142915062606335
2111,1.1860169849577762,0.005846269065355911,0.008319730419001288,0.06910467986017466
2112,0.7736981745637864,0.005531089230303964,0.009025001980050944,0.08601710014045238
2113,0.2379703338728088,0.021985547522668576,0.02251560894662016,0.054257732816040516
2114,0.7848653247920311,0.004343169569044547,0.009215873694384617,0.07075204188004136
2115,1.239654014113559,0.01381347738830788,0.007158273282413231,0.06931356806308031
2116,0.3953776265480509,0.004961929188854524,0.006053262288491608,0.09969355538487434
2117,0.7674926042961228,0.006209563567625454,0.008099359406285277,0.0725064892321825
2118,0.8058684491170481,0.009317260883715296,0.00861373227576223,0.07133233174681664
2119,1.9938115199355202,0.013554880929619808,0.02466103245951208,0.06095988629385829
2120,0.580851836146905,0.007629891193750526,0.00813176014442721,0.07704940671101213
2121,0.40006439609651656,0.013413974039660766,0.012922913949439802,0.06657076720148325
2122,0.34541199263701255,0.003974136163859953,0.0040766760514079434,0.07839876692742109
2123,3.413968314948886,0.019000033599153865,0.03933613308035656,0.07044597202911973
2124,1.3778611087807258,0.008463210390106909,0.008893557723163812,0.08678729506209493
2125,0.4384656508398717,0.004823902738013116,0.005725364738763466,0.08774186298251152
2126,1.2084934048337366,0.0216799448881842,0.01817653445760904,0.05675552785396576
2127,7.800016255978725,0.13241917454999005,0.11218761768706101,0.06057806313037872
2128,0.5403446443894733,0.004856370228958066,0.007496560818245474,0.08948829490691423
2129,1.5095052912642806,0.015414007261547031,0.007917934557556797,0.07852145982906222
2130,0.7965699789322936,0.008907694005318585,0.007243273632543006,0.049388496205210686
2131,2.49077553082538,0.029918615474632627,0.015062654946545078,0.07767220959067345
2132,1.8890340406607764,0.0242989850646683,0.021120898244225864,0.051053153816610575
2133,0.4711361031959187,0.0025329100748538546,0.004011294812243192,0.0958324377425015
2134,178.70042028383003,1.3374065704572284,1.0232174553003304,0.05330180888995528
2135,0.5283711378613339,0.006754579410796231,0.007299500594441165,0.09042265871539712
2136,1.022672911999384,0.004147954836756032,0.01176113594610535,0.07970776921138167
2137,0.7144436591740028,0.007690609286780369,0.00814513416901126,0.06939583504572511
2138,0.9957911460308773,0.010585262259052385,0.009022386039074768,0.07489633886143565
2139,0.5981493033718689,0.0061512861328737066,0.006771622921135149,0.08236026717349887
2140,0.5653848695641389,0.007263462771686521,0.008358353948209272,0.059107557870447636
2141,0.7463340561897504,0.004194771752943786,0.008604920633866685,0.07815770106390119
2142,0.4081870370794001,0.0029493080527607314,0.007192261008803159,0.07022314658388495
2143,1.946705529493239,0.1655250153974944,0.1584832750263022,0.06227365508675575
2144,0.458752280672811,0.0031721963186280805,0.003895862625903214,0.07840163866057992
2145,0.4686596930124338,0.007209666678447897,0.005387047245081316,0.09455245407298207
2146,1.693569729830869,0.0073464735223191,0.012967535001216527,0.05704725766554475
2147,1.1161860527780514,0.00549154133831899,0.009425656580874655,0.07661552680656314
